id,n,K,phase,center,mask_hex,canonical_key_hex,min_det,witness_xy,witness_orbits,witness_contain,size1_max_contain,size1_n_unique,size1_hist,size2_max_contain,size2_n_unique,size2_hist,size3_max_contain,size3_n_unique,size3_hist,board,size4_max_contain,size4_n_unique,size4_hist,size5_max_contain,size5_n_unique,size5_hist,size6_max_contain,size6_n_unique,size6_hist
0,6,11,all,0,0728280087,004b878810,3,"1,0;2,0;1,1","0,1;0,2;1,1",1,232,0,"{""94"":1,""118"":1,""125"":2,""140"":3,""151"":3,""232"":1}",94,0,"{""4"":1,""8"":1,""10"":1,""11"":1,""16"":2,""18"":1,""20"":2,""21"":2,""24"":2,""28"":1,""29"":1,""30"":2,""31"":1,""32"":1,""33"":1,""34"":2,""36"":4,""39"":1,""40"":2,""41"":3,""43"":1,""45"":1,""49"":2,""50"":1,""51"":1,""52"":1,""53"":1,""54"":1,""57"":1,""58"":1,""60"":2,""62"":1,""65"":1,""66"":1,""67"":1,""79"":2,""85"":1,""86"":1,""87"":1,""94"":1}",54,4,"{""1"":4,""2"":15,""3"":6,""4"":9,""5"":17,""6"":11,""7"":5,""8"":13,""9"":5,""10"":3,""11"":4,""12"":7,""13"":7,""14"":9,""15"":4,""16"":3,""17"":4,""18"":3,""19"":3,""20"":3,""22"":3,""23"":1,""24"":2,""25"":2,""26"":3,""27"":2,""28"":2,""30"":1,""31"":1,""34"":1,""35"":3,""36"":3,""37"":1,""38"":1,""41"":1,""42"":1,""44"":1,""54"":1}","XXX...
.X....
......
.X.X..
...X.X
..XXX.",,,,,,,,,
1,6,11,all,0,0851022907,01e4880461,4,"0,0;2,0;1,2;0,5","0,0;0,2;1,2;0,0",1,232,0,"{""118"":1,""125"":2,""140"":3,""151"":2,""232"":3}",102,0,"{""19"":1,""20"":2,""21"":2,""28"":1,""30"":1,""31"":1,""32"":2,""36"":2,""40"":3,""41"":2,""44"":1,""49"":1,""50"":3,""51"":1,""52"":1,""53"":1,""54"":2,""55"":2,""57"":2,""58"":2,""60"":5,""65"":1,""67"":1,""76"":3,""79"":2,""80"":1,""85"":2,""86"":2,""87"":2,""94"":1,""102"":2}",54,0,"{""4"":3,""5"":4,""6"":6,""7"":6,""8"":4,""9"":6,""10"":8,""11"":6,""12"":7,""13"":6,""14"":11,""15"":8,""16"":5,""17"":4,""18"":3,""19"":4,""20"":7,""21"":1,""22"":5,""23"":2,""24"":5,""25"":9,""26"":3,""27"":3,""28"":3,""29"":4,""30"":4,""31"":3,""32"":2,""33"":3,""34"":1,""35"":1,""36"":4,""37"":2,""38"":1,""40"":3,""41"":1,""42"":1,""44"":1,""45"":3,""54"":2}","XXX...
..X..X
.X...X
......
X...X.
X....X",31,3,"{""1"":3,""2"":30,""3"":35,""4"":45,""5"":37,""6"":28,""7"":34,""8"":16,""9"":19,""10"":13,""11"":17,""12"":8,""13"":2,""14"":5,""15"":5,""16"":3,""17"":3,""18"":6,""19"":4,""20"":2,""21"":2,""22"":3,""24"":5,""25"":2,""26"":1,""27"":1,""31"":1}",,,,,,
2,6,11,all,0,0a11022907,0162011278,4,"0,0;1,0;4,4;3,5","0,0;0,1;1,1;0,2",1,232,0,"{""118"":1,""125"":2,""140"":3,""151"":3,""232"":2}",94,0,"{""19"":1,""20"":3,""21"":2,""28"":1,""30"":1,""31"":1,""32"":3,""36"":3,""40"":4,""41"":2,""43"":1,""44"":1,""47"":1,""50"":3,""51"":1,""52"":1,""53"":1,""54"":1,""55"":2,""57"":2,""58"":1,""60"":4,""62"":1,""65"":2,""67"":2,""76"":2,""79"":1,""80"":1,""85"":2,""86"":2,""87"":1,""94"":1}",54,0,"{""3"":1,""4"":5,""5"":4,""6"":6,""7"":7,""8"":7,""9"":6,""10"":6,""11"":9,""12"":9,""13"":5,""14"":14,""15"":8,""16"":8,""17"":4,""18"":4,""19"":6,""20"":5,""21"":1,""22"":5,""23"":3,""24"":4,""25"":10,""26"":2,""27"":2,""28"":3,""29"":2,""30"":2,""31"":2,""32"":1,""33"":1,""34"":1,""35"":2,""36"":1,""37"":1,""38"":1,""40"":1,""41"":1,""42"":1,""44"":1,""45"":1,""54"":2}","XXX...
..X..X
.X...X
......
X...X.
...X.X",31,9,"{""1"":9,""2"":39,""3"":45,""4"":35,""5"":41,""6"":31,""7"":36,""8"":18,""9"":16,""10"":9,""11"":14,""12"":7,""13"":5,""14"":6,""15"":4,""16"":2,""17"":1,""18"":3,""19"":2,""20"":1,""21"":1,""24"":2,""25"":1,""26"":1,""31"":1}",,,,,,
3,6,11,all,0,0442034a07,01a4085461,3,"5,1;2,2;5,2","0,1;2,2;0,2",1,232,0,"{""94"":1,""118"":1,""125"":2,""140"":3,""151"":2,""232"":2}",102,0,"{""19"":2,""20"":1,""21"":3,""24"":1,""25"":1,""27"":1,""28"":1,""29"":1,""30"":1,""32"":2,""33"":1,""34"":1,""36"":2,""39"":1,""40"":2,""41"":2,""44"":1,""45"":1,""49"":2,""50"":1,""51"":1,""52"":2,""53"":1,""54"":2,""55"":2,""57"":2,""58"":1,""60"":3,""65"":1,""67"":1,""76"":2,""79"":2,""85"":1,""86"":2,""87"":2,""94"":1,""102"":1}",54,1,"{""1"":1,""3"":2,""4"":2,""5"":8,""6"":5,""7"":6,""8"":5,""9"":12,""10"":6,""11"":8,""12"":11,""13"":8,""14"":7,""15"":5,""16"":8,""17"":2,""18"":8,""19"":5,""20"":4,""21"":2,""22"":2,""23"":2,""24"":2,""25"":5,""26"":1,""27"":5,""28"":5,""29"":4,""30"":3,""31"":1,""32"":2,""33"":1,""34"":1,""36"":3,""37"":1,""38"":2,""40"":3,""41"":1,""42"":1,""44"":1,""45"":2,""54"":2}","XXX...
...X.X
..X.XX
......
.X....
X...X.",,,,,,,,,
4,6,11,all,0,0708280c07,0049878882,3,"0,0;5,1;3,3","0,0;0,1;2,2",1,232,0,"{""94"":1,""118"":1,""125"":2,""140"":3,""151"":3,""232"":1}",87,0,"{""4"":1,""8"":1,""15"":1,""16"":1,""19"":1,""20"":1,""21"":3,""24"":1,""28"":1,""29"":1,""30"":3,""31"":2,""32"":1,""33"":1,""34"":2,""36"":6,""39"":1,""40"":3,""41"":2,""43"":1,""45"":1,""49"":2,""50"":1,""53"":1,""54"":2,""57"":2,""58"":1,""60"":2,""62"":1,""65"":1,""66"":1,""67"":1,""76"":1,""79"":1,""85"":1,""86"":1,""87"":1}",42,3,"{""1"":3,""2"":11,""3"":5,""4"":11,""5"":17,""6"":6,""7"":6,""8"":10,""9"":4,""10"":4,""11"":6,""12"":10,""13"":6,""14"":7,""15"":4,""16"":9,""17"":6,""18"":3,""19"":7,""20"":3,""21"":2,""23"":3,""24"":3,""25"":5,""26"":2,""27"":2,""28"":1,""30"":1,""31"":1,""35"":3,""37"":2,""40"":1,""42"":1}","XXX...
....XX
......
.X.X..
...X..
..XXX.",,,,,,,,,
5,6,11,all,0,0c14068407,00ca8050b8,3,"0,0;4,1;4,4","0,0;1,1;1,1",1,232,0,"{""94"":1,""118"":2,""125"":1,""140"":2,""151"":3,""232"":2}",94,0,"{""4"":1,""11"":1,""15"":1,""19"":1,""20"":2,""21"":2,""27"":1,""28"":1,""30"":1,""31"":2,""32"":3,""33"":1,""34"":1,""36"":1,""37"":1,""38"":1,""40"":3,""41"":2,""44"":1,""47"":1,""49"":2,""50"":1,""52"":1,""53"":2,""54"":2,""55"":2,""58"":1,""60"":5,""62"":1,""65"":2,""67"":1,""79"":2,""80"":1,""85"":1,""87"":2,""94"":1}",45,4,"{""1"":4,""2"":6,""3"":5,""4"":5,""5"":11,""6"":9,""7"":6,""8"":5,""9"":7,""10"":4,""11"":5,""12"":8,""13"":9,""14"":11,""15"":6,""16"":6,""17"":3,""18"":5,""19"":10,""20"":6,""21"":1,""22"":4,""23"":5,""24"":5,""25"":2,""26"":3,""27"":4,""28"":1,""30"":2,""31"":1,""33"":1,""36"":1,""38"":2,""44"":1,""45"":1}","XXX...
....X.
...X.X
X.....
..X.X.
....XX",,,,,,,,,
6,6,11,all,0,0940c0288b,02e20b0025,5,"0,0;1,0;3,0;5,1;5,3","0,0;0,1;0,2;0,1;0,2",1,232,0,"{""118"":1,""125"":2,""140"":2,""151"":3,""232"":3}",102,0,"{""19"":2,""26"":1,""31"":1,""32"":1,""34"":1,""39"":2,""40"":1,""41"":2,""43"":1,""44"":1,""49"":2,""50"":2,""51"":1,""52"":1,""53"":1,""54"":2,""55"":1,""57"":2,""58"":3,""60"":4,""62"":1,""65"":4,""66"":1,""67"":2,""76"":2,""79"":2,""80"":1,""85"":2,""86"":2,""87"":3,""94"":1,""102"":2}",54,0,"{""4"":1,""5"":1,""6"":1,""7"":1,""8"":4,""9"":5,""10"":3,""11"":6,""12"":2,""13"":8,""14"":7,""15"":5,""16"":2,""17"":4,""18"":2,""19"":4,""20"":5,""21"":5,""22"":8,""23"":7,""24"":6,""25"":8,""26"":7,""27"":6,""28"":3,""29"":5,""30"":6,""31"":4,""32"":2,""33"":3,""34"":2,""35"":8,""36"":5,""37"":6,""38"":3,""40"":2,""41"":1,""42"":1,""44"":1,""45"":4,""54"":1}","XX.X..
.X...X
.X....
....XX
......
X.X..X",31,0,"{""2"":4,""3"":15,""4"":14,""5"":25,""6"":24,""7"":31,""8"":33,""9"":25,""10"":22,""11"":15,""12"":17,""13"":10,""14"":19,""15"":4,""16"":21,""17"":11,""18"":10,""19"":6,""20"":3,""21"":5,""22"":6,""23"":4,""24"":3,""25"":1,""27"":1,""31"":1}",20,6,"{""1"":6,""2"":53,""3"":79,""4"":69,""5"":64,""6"":59,""7"":40,""8"":29,""9"":18,""10"":17,""11"":6,""12"":9,""13"":4,""14"":2,""15"":2,""16"":1,""17"":2,""18"":1,""20"":1}",,,
7,6,11,all,0,094140288b,02e2090065,5,"0,0;1,0;3,0;5,1;0,4","0,0;0,1;0,2;0,1;0,1",1,232,0,"{""118"":1,""125"":2,""140"":3,""151"":2,""232"":3}",102,0,"{""19"":2,""26"":1,""31"":1,""32"":1,""34"":1,""39"":2,""40"":1,""41"":2,""44"":2,""49"":2,""50"":3,""51"":1,""52"":2,""54"":1,""55"":2,""57"":4,""58"":3,""60"":5,""62"":1,""65"":2,""66"":1,""67"":1,""76"":3,""79"":2,""80"":1,""85"":1,""86"":2,""87"":2,""94"":1,""102"":2}",54,0,"{""4"":1,""5"":1,""6"":1,""8"":4,""9"":4,""10"":3,""11"":6,""13"":9,""14"":6,""15"":6,""16"":3,""17"":2,""18"":3,""19"":8,""20"":10,""21"":3,""22"":11,""23"":7,""24"":7,""25"":8,""26"":7,""27"":4,""28"":6,""29"":7,""30"":6,""31"":4,""32"":3,""33"":2,""35"":7,""36"":3,""37"":6,""38"":1,""40"":3,""41"":1,""45"":1,""54"":1}","XX.X..
.X...X
.X....
....X.
X.....
X.X..X",25,0,"{""2"":3,""3"":9,""4"":14,""5"":25,""6"":24,""7"":38,""8"":29,""9"":26,""10"":29,""11"":26,""12"":21,""13"":12,""14"":21,""15"":3,""16"":15,""17"":10,""18"":9,""19"":5,""20"":2,""21"":2,""22"":3,""23"":2,""24"":1,""25"":1}",16,5,"{""1"":5,""2"":36,""3"":84,""4"":85,""5"":75,""6"":55,""7"":49,""8"":29,""9"":12,""10"":17,""11"":5,""12"":3,""13"":4,""14"":1,""15"":1,""16"":1}",,,
8,6,11,all,0,052c00508b,008188bc28,4,"0,0;1,0;3,0;2,2","0,0;0,1;0,2;2,2",1,232,0,"{""94"":1,""118"":1,""125"":2,""140"":3,""151"":3,""232"":1}",94,0,"{""10"":1,""16"":1,""18"":1,""20"":3,""24"":1,""25"":1,""29"":1,""30"":1,""31"":1,""32"":1,""33"":1,""34"":2,""36"":2,""37"":1,""38"":1,""39"":1,""40"":3,""41"":4,""43"":1,""44"":1,""45"":2,""47"":1,""49"":1,""50"":1,""51"":1,""52"":2,""54"":1,""57"":1,""58"":1,""60"":3,""62"":1,""65"":3,""66"":2,""67"":1,""79"":2,""86"":1,""87"":1,""94"":1}",54,0,"{""2"":1,""3"":3,""4"":5,""5"":7,""6"":6,""7"":8,""8"":10,""9"":4,""10"":8,""11"":6,""12"":6,""13"":12,""14"":7,""15"":5,""16"":8,""17"":5,""18"":6,""19"":7,""20"":7,""21"":6,""22"":5,""23"":4,""24"":4,""26"":1,""27"":5,""28"":3,""29"":1,""31"":2,""34"":2,""35"":2,""36"":4,""37"":1,""38"":2,""41"":1,""54"":1}","XX.X..
.X....
X.X...
......
..XX.X
..X.X.",26,11,"{""1"":11,""2"":39,""3"":51,""4"":49,""5"":32,""6"":29,""7"":19,""8"":22,""9"":17,""10"":10,""11"":6,""12"":7,""13"":9,""14"":6,""15"":6,""16"":4,""17"":3,""18"":5,""19"":3,""23"":1,""26"":1}",,,,,,
9,6,11,all,0,0065c0208b,0065c0208b,4,"0,0;0,4;2,4;5,4","0,0;0,1;1,2;0,1",1,232,0,"{""118"":1,""125"":3,""140"":3,""151"":2,""232"":2}",102,0,"{""14"":1,""18"":1,""19"":1,""20"":1,""21"":1,""26"":1,""30"":1,""31"":3,""34"":1,""36"":1,""39"":1,""40"":3,""41"":3,""43"":2,""44"":1,""49"":1,""50"":2,""51"":2,""52"":2,""53"":1,""54"":2,""55"":1,""57"":1,""58"":4,""60"":4,""65"":3,""66"":1,""76"":2,""79"":1,""85"":2,""86"":1,""87"":1,""94"":1,""102"":1}",54,0,"{""2"":2,""3"":3,""4"":3,""5"":7,""6"":4,""7"":5,""8"":5,""9"":4,""10"":6,""11"":3,""12"":4,""13"":11,""14"":6,""15"":9,""16"":4,""17"":6,""18"":4,""19"":4,""20"":6,""21"":5,""22"":8,""23"":6,""24"":8,""25"":3,""26"":1,""27"":2,""28"":3,""29"":4,""30"":3,""31"":5,""32"":1,""33"":2,""34"":2,""35"":3,""36"":3,""37"":4,""40"":1,""42"":1,""44"":1,""45"":2,""54"":1}","XX.X..
.X....
.X....
....XX
X.X..X
X.....",31,19,"{""1"":19,""2"":42,""3"":32,""4"":9,""5"":30,""6"":17,""7"":28,""8"":25,""9"":16,""10"":20,""11"":17,""12"":14,""13"":9,""14"":11,""15"":10,""16"":7,""17"":2,""18"":6,""19"":2,""20"":2,""21"":3,""22"":2,""24"":3,""25"":2,""27"":1,""31"":1}",,,,,,
10,6,11,all,0,0161c0208b,0161c0208b,4,"0,0;0,4;5,4;2,5","0,0;0,1;0,1;0,2",1,232,0,"{""118"":1,""125"":2,""140"":3,""151"":3,""232"":2}",102,0,"{""14"":1,""18"":1,""19"":1,""21"":1,""26"":1,""31"":1,""32"":1,""34"":1,""36"":1,""39"":2,""40"":3,""41"":3,""43"":1,""44"":1,""49"":2,""50"":1,""51"":1,""52"":1,""53"":1,""54"":2,""55"":1,""57"":2,""58"":3,""60"":4,""62"":1,""65"":4,""66"":2,""67"":1,""76"":2,""79"":1,""85"":2,""86"":1,""87"":2,""94"":1,""102"":1}",54,0,"{""2"":1,""3"":3,""4"":1,""5"":3,""6"":4,""7"":5,""8"":6,""9"":4,""10"":4,""11"":2,""12"":4,""13"":10,""14"":7,""15"":6,""16"":3,""17"":4,""18"":5,""19"":4,""20"":6,""21"":6,""22"":8,""23"":6,""24"":6,""25"":6,""26"":2,""27"":3,""28"":3,""29"":5,""30"":5,""31"":6,""32"":1,""33"":2,""34"":3,""35"":4,""36"":3,""37"":5,""38"":2,""40"":1,""42"":1,""44"":1,""45"":3,""54"":1}","XX.X..
.X....
.X....
....XX
X....X
X.X...",31,6,"{""1"":6,""2"":36,""3"":23,""4"":5,""5"":26,""6"":23,""7"":35,""8"":25,""9"":14,""10"":19,""11"":19,""12"":15,""13"":11,""14"":19,""15"":9,""16"":10,""17"":6,""18"":8,""19"":2,""20"":3,""21"":5,""22"":3,""23"":1,""24"":3,""25"":2,""27"":1,""31"":1}",,,,,,
11,6,11,all,0,0941c0208b,0144801e23,6,"0,0;1,1;1,2;5,3;0,4;5,5","0,0;1,1;1,2;0,2;0,1;0,0",1,232,0,"{""118"":1,""125"":2,""140"":2,""151"":3,""232"":3}",102,0,"{""19"":1,""26"":1,""31"":1,""32"":1,""34"":1,""39"":2,""40"":1,""41"":2,""43"":1,""44"":1,""49"":2,""50"":2,""51"":1,""52"":1,""53"":1,""54"":2,""55"":1,""57"":2,""58"":3,""60"":5,""62"":1,""65"":4,""66"":2,""67"":2,""76"":2,""79"":1,""80"":1,""85"":2,""86"":2,""87"":3,""94"":1,""102"":2}",54,0,"{""8"":3,""9"":3,""10"":3,""11"":3,""12"":2,""13"":9,""14"":8,""15"":5,""16"":1,""17"":3,""18"":3,""19"":5,""20"":7,""21"":7,""22"":9,""23"":9,""24"":7,""25"":8,""26"":6,""27"":4,""28"":3,""29"":7,""30"":7,""31"":6,""32"":1,""33"":3,""34"":3,""35"":7,""36"":3,""37"":7,""38"":3,""40"":2,""41"":1,""42"":1,""44"":1,""45"":4,""54"":1}","XX.X..
.X....
.X....
....XX
X.....
X.X..X",31,0,"{""4"":3,""5"":16,""6"":24,""7"":37,""8"":37,""9"":25,""10"":28,""11"":25,""12"":18,""13"":14,""14"":23,""15"":10,""16"":19,""17"":11,""18"":10,""19"":5,""20"":3,""21"":6,""22"":6,""23"":3,""24"":3,""25"":2,""27"":1,""31"":1}",20,0,"{""2"":5,""3"":30,""4"":80,""5"":87,""6"":87,""7"":60,""8"":39,""9"":21,""10"":22,""11"":9,""12"":10,""13"":3,""14"":2,""15"":2,""16"":1,""17"":2,""18"":1,""20"":1}",14,5,"{""1"":5,""2"":51,""3"":102,""4"":134,""5"":91,""6"":49,""7"":18,""8"":4,""9"":5,""10"":1,""11"":1,""14"":1}"
12,6,11,all,0,050542808b,01281700d1,3,"1,0;3,2;4,3","0,1;2,2;1,2",1,232,0,"{""94"":1,""118"":1,""125"":2,""140"":3,""151"":3,""232"":1}",94,0,"{""10"":1,""15"":1,""19"":2,""21"":1,""24"":1,""27"":1,""28"":1,""29"":1,""30"":1,""31"":2,""32"":1,""33"":2,""36"":1,""37"":1,""39"":1,""40"":2,""41"":4,""43"":1,""44"":1,""45"":1,""47"":1,""49"":2,""50"":1,""51"":2,""52"":2,""54"":1,""55"":2,""57"":3,""58"":2,""60"":3,""62"":1,""65"":1,""66"":2,""79"":1,""86"":1,""87"":2,""94"":1}",54,1,"{""1"":1,""2"":4,""3"":3,""4"":4,""5"":9,""6"":7,""7"":1,""8"":3,""9"":9,""10"":2,""11"":4,""12"":8,""13"":9,""14"":5,""15"":8,""16"":8,""17"":4,""18"":9,""19"":9,""20"":8,""21"":6,""22"":7,""23"":4,""24"":3,""25"":5,""27"":5,""28"":2,""29"":3,""30"":2,""31"":1,""32"":1,""35"":3,""36"":2,""37"":2,""38"":2,""41"":1,""54"":1}","XX.X..
.X....
...X.X
....X.
X.X...
..X.X.",,,,,,,,,
13,6,11,all,0,0845d0008b,0144806c23,4,"0,0;1,0;3,0;2,3","0,0;0,1;0,2;2,2",1,232,0,"{""94"":1,""118"":1,""125"":2,""140"":2,""151"":2,""232"":3}",102,0,"{""8"":1,""19"":1,""21"":1,""24"":1,""25"":1,""27"":1,""28"":1,""30"":1,""31"":2,""32"":1,""34"":1,""40"":1,""41"":2,""43"":1,""49"":1,""50"":2,""51"":1,""52"":3,""53"":1,""54"":2,""55"":3,""57"":1,""58"":4,""60"":4,""65"":3,""66"":1,""67"":1,""76"":2,""79"":1,""80"":1,""85"":2,""86"":1,""87"":2,""94"":1,""102"":2}",54,0,"{""3"":3,""4"":4,""5"":4,""6"":4,""7"":2,""8"":3,""9"":4,""10"":6,""11"":3,""12"":2,""13"":9,""14"":6,""15"":5,""16"":5,""17"":5,""18"":6,""19"":7,""20"":5,""21"":4,""22"":7,""23"":6,""24"":7,""25"":4,""26"":5,""27"":2,""28"":5,""29"":5,""30"":5,""31"":5,""32"":1,""33"":2,""34"":2,""35"":5,""36"":3,""37"":5,""38"":1,""40"":2,""42"":1,""44"":1,""45"":3,""54"":1}","XX.X..
.X....
......
..X.XX
X.X...
X....X",31,2,"{""1"":2,""2"":30,""3"":28,""4"":26,""5"":18,""6"":20,""7"":16,""8"":27,""9"":23,""10"":22,""11"":24,""12"":18,""13"":9,""14"":13,""15"":10,""16"":14,""17"":3,""18"":4,""19"":5,""20"":2,""21"":4,""22"":3,""23"":2,""24"":3,""25"":2,""27"":1,""31"":1}",,,,,,
14,6,11,all,0,0c00a0170b,00c01603b4,3,"3,0;4,1;3,3","0,2;1,1;2,2",1,232,0,"{""94"":1,""118"":1,""125"":2,""140"":2,""151"":3,""232"":2}",87,0,"{""11"":1,""16"":2,""19"":1,""20"":1,""21"":1,""24"":1,""25"":1,""26"":1,""28"":1,""29"":1,""30"":1,""31"":1,""33"":1,""34"":1,""36"":1,""37"":1,""39"":1,""40"":1,""41"":2,""44"":1,""45"":1,""47"":1,""49"":2,""50"":2,""52"":2,""54"":3,""57"":2,""58"":2,""60"":3,""62"":1,""65"":4,""66"":1,""67"":2,""79"":2,""80"":1,""85"":2,""86"":1,""87"":1}",45,3,"{""1"":3,""2"":4,""3"":2,""4"":6,""5"":7,""6"":11,""7"":3,""8"":12,""9"":5,""10"":5,""11"":3,""12"":2,""13"":8,""14"":5,""15"":1,""16"":7,""17"":5,""18"":5,""19"":8,""20"":8,""21"":4,""22"":5,""23"":7,""24"":4,""25"":3,""26"":4,""27"":3,""28"":3,""29"":1,""30"":2,""31"":4,""33"":1,""34"":1,""35"":7,""36"":3,""37"":1,""38"":1,""45"":1}","XX.X..
..XXX.
X.....
...X.X
......
....XX",,,,,,,,,
15,6,11,all,0,0c9880110b,0143890868,4,"0,0;1,0;3,0;4,4","0,0;0,1;0,2;1,1",1,232,0,"{""118"":1,""125"":2,""140"":3,""151"":3,""232"":2}",94,0,"{""14"":1,""16"":1,""20"":2,""26"":1,""29"":1,""30"":2,""32"":2,""34"":1,""36"":3,""40"":4,""41"":3,""44"":1,""47"":2,""49"":1,""50"":3,""52"":1,""53"":1,""55"":1,""57"":2,""60"":4,""62"":1,""65"":4,""66"":1,""67"":2,""76"":1,""79"":2,""80"":1,""85"":2,""86"":2,""87"":1,""94"":1}",54,0,"{""3"":1,""4"":2,""5"":7,""6"":7,""7"":6,""8"":4,""9"":2,""10"":5,""11"":4,""12"":6,""13"":12,""14"":10,""15"":9,""16"":8,""17"":4,""18"":7,""19"":6,""20"":2,""21"":3,""22"":6,""23"":5,""24"":7,""25"":4,""26"":3,""27"":4,""28"":3,""29"":3,""30"":3,""31"":4,""32"":1,""33"":1,""34"":1,""35"":6,""36"":3,""37"":1,""38"":2,""44"":1,""45"":1,""54"":1}","XX.X..
..X...
X.....
.....X
...XX.
.X..XX",25,11,"{""1"":11,""2"":28,""3"":27,""4"":27,""5"":39,""6"":44,""7"":25,""8"":19,""9"":20,""10"":20,""11"":12,""12"":12,""13"":10,""14"":10,""15"":1,""16"":7,""17"":7,""18"":6,""19"":1,""20"":1,""21"":1,""23"":1,""25"":1}",,,,,,
16,6,11,all,0,0048d01193,0048d01193,4,"0,0;2,1;0,2;0,5","0,0;1,2;0,2;0,0",1,232,0,"{""94"":1,""118"":1,""125"":3,""140"":2,""151"":2,""232"":2}",102,0,"{""16"":1,""18"":1,""19"":2,""20"":2,""21"":1,""25"":1,""26"":1,""27"":1,""28"":1,""30"":2,""32"":1,""34"":4,""36"":1,""40"":3,""41"":1,""43"":1,""44"":1,""45"":1,""47"":2,""49"":1,""50"":1,""52"":2,""53"":1,""54"":2,""55"":2,""57"":1,""58"":2,""60"":4,""62"":1,""65"":1,""67"":1,""76"":1,""79"":1,""85"":1,""86"":2,""87"":1,""94"":1,""102"":1}",54,0,"{""3"":1,""4"":2,""5"":5,""6"":6,""7"":7,""8"":10,""9"":11,""10"":5,""11"":3,""12"":12,""13"":10,""14"":10,""15"":9,""16"":5,""17"":3,""18"":8,""19"":7,""20"":6,""21"":2,""22"":2,""23"":2,""24"":5,""25"":3,""26"":3,""27"":3,""28"":3,""29"":3,""30"":3,""31"":2,""32"":2,""33"":1,""34"":1,""35"":1,""36"":1,""37"":2,""40"":1,""42"":1,""44"":1,""45"":1,""54"":2}","XX..X.
.XX...
X.....
..X.XX
...X..
X.....",31,10,"{""1"":10,""2"":12,""3"":26,""4"":43,""5"":46,""6"":52,""7"":28,""8"":18,""9"":19,""10"":17,""11"":19,""12"":10,""13"":6,""14"":2,""15"":4,""16"":3,""17"":6,""18"":1,""20"":1,""21"":1,""22"":1,""24"":2,""25"":2,""31"":1}",,,,,,
17,6,11,all,0,0088d01193,0088d01193,3,"1,0;1,1;1,5","0,1;1,1;0,1",1,232,0,"{""94"":1,""118"":1,""125"":3,""140"":3,""151"":2,""232"":1}",94,0,"{""14"":1,""16"":1,""18"":1,""19"":3,""20"":2,""21"":1,""24"":1,""25"":1,""26"":1,""27"":1,""28"":1,""30"":2,""32"":2,""34"":4,""36"":2,""40"":4,""41"":1,""43"":1,""44"":2,""45"":1,""47"":2,""50"":2,""52"":2,""53"":1,""54"":1,""55"":2,""57"":1,""60"":3,""62"":1,""65"":1,""67"":1,""76"":1,""85"":1,""86"":2,""94"":1}",54,2,"{""1"":2,""2"":1,""3"":2,""4"":2,""5"":6,""6"":11,""7"":9,""8"":11,""9"":10,""10"":4,""11"":5,""12"":13,""13"":9,""14"":10,""15"":11,""16"":8,""17"":3,""18"":8,""19"":7,""20"":4,""21"":1,""22"":1,""23"":1,""24"":5,""25"":4,""26"":1,""27"":1,""28"":2,""29"":2,""30"":2,""31"":2,""32"":1,""34"":1,""35"":1,""42"":1,""44"":1,""54"":2}","XX..X.
.XX...
X.....
..X.XX
...X..
.X....",,,,,,,,,
18,6,11,all,0,0408d01193,00842e0632,4,"0,0;4,0;4,3;4,5","0,0;0,1;1,2;0,1",1,232,0,"{""94"":1,""118"":1,""125"":3,""140"":3,""151"":2,""232"":1}",94,0,"{""14"":1,""15"":1,""16"":1,""18"":1,""19"":2,""20"":2,""21"":1,""25"":1,""26"":1,""27"":1,""28"":1,""30"":2,""32"":1,""34"":4,""36"":2,""40"":4,""41"":2,""43"":1,""44"":1,""45"":1,""47"":2,""50"":2,""51"":1,""52"":1,""53"":1,""54"":1,""55"":2,""57"":2,""60"":3,""62"":1,""65"":2,""67"":1,""79"":1,""85"":1,""86"":2,""94"":1}",54,0,"{""2"":2,""3"":3,""4"":4,""5"":7,""6"":9,""7"":8,""8"":10,""9"":9,""10"":4,""11"":4,""12"":12,""13"":11,""14"":7,""15"":9,""16"":7,""17"":4,""18"":8,""19"":4,""20"":3,""21"":1,""22"":5,""23"":2,""24"":6,""25"":2,""26"":1,""27"":3,""28"":2,""29"":2,""30"":3,""31"":2,""32"":1,""34"":1,""35"":2,""36"":2,""41"":1,""42"":1,""44"":1,""54"":2}","XX..X.
.XX...
X.....
..X.XX
...X..
....X.",31,13,"{""1"":13,""2"":19,""3"":38,""4"":33,""5"":46,""6"":43,""7"":30,""8"":19,""9"":20,""10"":17,""11"":15,""12"":9,""13"":8,""14"":3,""15"":1,""16"":4,""17"":3,""18"":3,""20"":2,""24"":1,""25"":1,""26"":1,""31"":1}",,,,,,
19,6,11,all,0,0508901193,0121095c28,4,"4,0;2,1;2,3;2,5","0,1;1,2;2,2;0,2",1,232,0,"{""94"":1,""118"":1,""125"":2,""140"":3,""151"":3,""232"":1}",94,0,"{""14"":1,""15"":1,""16"":1,""19"":1,""20"":2,""21"":1,""25"":1,""26"":1,""27"":1,""29"":1,""30"":2,""32"":1,""33"":1,""34"":3,""36"":3,""40"":4,""41"":3,""44"":1,""45"":1,""47"":2,""49"":1,""50"":2,""52"":1,""53"":1,""55"":2,""57"":2,""60"":2,""62"":1,""65"":4,""66"":1,""67"":1,""79"":1,""85"":1,""86"":1,""87"":1,""94"":1}",54,0,"{""2"":1,""3"":4,""4"":3,""5"":7,""6"":7,""7"":7,""8"":8,""9"":6,""10"":4,""11"":4,""12"":12,""13"":12,""14"":9,""15"":10,""16"":8,""17"":4,""18"":8,""19"":5,""20"":4,""21"":2,""22"":6,""23"":2,""24"":4,""25"":1,""26"":1,""27"":4,""28"":1,""29"":2,""30"":3,""31"":3,""32"":1,""34"":1,""35"":3,""36"":2,""37"":1,""38"":2,""44"":1,""45"":1,""54"":1}","XX..X.
.XX...
X.....
..X..X
...X..
..X.X.",25,6,"{""1"":6,""2"":35,""3"":26,""4"":32,""5"":43,""6"":45,""7"":29,""8"":15,""9"":22,""10"":21,""11"":11,""12"":10,""13"":9,""14"":6,""15"":1,""16"":6,""17"":4,""18"":4,""19"":1,""20"":1,""21"":1,""23"":1,""25"":1}",,,,,,
20,6,11,all,0,0d08801193,0143890868,4,"0,0;1,0;4,0;5,5","0,0;0,1;0,1;0,0",1,232,0,"{""118"":1,""125"":2,""140"":3,""151"":3,""232"":2}",94,0,"{""14"":1,""16"":1,""20"":2,""26"":1,""29"":1,""30"":2,""32"":2,""34"":1,""36"":3,""40"":4,""41"":3,""44"":1,""47"":2,""49"":1,""50"":3,""52"":1,""53"":1,""55"":1,""57"":2,""60"":4,""62"":1,""65"":4,""66"":1,""67"":2,""76"":1,""79"":2,""80"":1,""85"":2,""86"":2,""87"":1,""94"":1}",54,0,"{""3"":1,""4"":2,""5"":7,""6"":7,""7"":6,""8"":4,""9"":2,""10"":5,""11"":4,""12"":6,""13"":12,""14"":10,""15"":9,""16"":8,""17"":4,""18"":7,""19"":6,""20"":2,""21"":3,""22"":6,""23"":5,""24"":7,""25"":4,""26"":3,""27"":4,""28"":3,""29"":3,""30"":3,""31"":4,""32"":1,""33"":1,""34"":1,""35"":6,""36"":3,""37"":1,""38"":2,""44"":1,""45"":1,""54"":1}","XX..X.
.XX...
X.....
.....X
...X..
..X.XX",25,11,"{""1"":11,""2"":28,""3"":27,""4"":27,""5"":39,""6"":44,""7"":25,""8"":19,""9"":20,""10"":20,""11"":12,""12"":12,""13"":10,""14"":10,""15"":1,""16"":7,""17"":7,""18"":6,""19"":1,""20"":1,""21"":1,""23"":1,""25"":1}",,,,,,
21,6,11,all,0,0148130893,0148130893,3,"4,0;1,1;5,1","0,1;1,1;0,1",1,232,0,"{""94"":1,""118"":1,""125"":2,""140"":3,""151"":2,""232"":2}",102,0,"{""10"":1,""16"":1,""19"":2,""21"":2,""24"":1,""27"":1,""28"":1,""29"":1,""30"":1,""31"":1,""33"":1,""36"":4,""37"":1,""39"":1,""40"":3,""41"":1,""45"":2,""47"":1,""49"":3,""51"":1,""52"":2,""54"":2,""55"":2,""57"":2,""58"":1,""60"":2,""65"":1,""66"":1,""67"":1,""76"":2,""79"":2,""85"":1,""86"":2,""87"":2,""94"":1,""102"":1}",54,1,"{""1"":1,""2"":4,""3"":1,""4"":4,""5"":6,""6"":4,""7"":3,""8"":7,""9"":8,""10"":3,""11"":7,""12"":11,""13"":6,""14"":4,""15"":7,""16"":7,""17"":7,""18"":5,""19"":7,""20"":7,""21"":1,""22"":5,""23"":5,""24"":2,""25"":4,""26"":2,""27"":4,""28"":5,""29"":4,""30"":2,""31"":2,""32"":2,""33"":1,""35"":3,""36"":3,""37"":3,""38"":2,""40"":2,""41"":1,""42"":1,""45"":1,""54"":1}","XX..X.
.X...X
....XX
..X...
...X..
X.X...",,,,,,,,,
22,6,11,all,0,0268070093,0268070093,3,"1,0;4,0;5,4","0,1;0,1;0,1",1,232,0,"{""118"":1,""125"":2,""140"":3,""151"":3,""232"":2}",102,0,"{""16"":1,""18"":1,""30"":1,""31"":2,""32"":1,""36"":3,""39"":1,""40"":2,""41"":3,""43"":1,""44"":1,""49"":2,""51"":2,""52"":1,""53"":1,""54"":3,""55"":1,""57"":3,""58"":3,""60"":4,""62"":1,""65"":3,""66"":2,""67"":1,""76"":2,""79"":2,""85"":2,""86"":2,""87"":1,""94"":1,""102"":1}",54,1,"{""1"":1,""2"":1,""4"":1,""5"":3,""6"":3,""7"":3,""8"":7,""9"":1,""10"":2,""11"":2,""12"":4,""13"":3,""14"":3,""15"":3,""16"":8,""17"":6,""18"":8,""19"":3,""20"":7,""21"":6,""22"":10,""23"":7,""24"":4,""25"":7,""26"":5,""27"":6,""28"":3,""29"":6,""30"":2,""31"":5,""32"":2,""33"":4,""34"":2,""35"":9,""36"":4,""37"":3,""38"":1,""40"":2,""41"":2,""42"":2,""44"":1,""45"":2,""54"":1}","XX..X.
.X....
....XX
X.....
...X.X
X..X..",,,,,,,,,
23,6,11,all,0,0148d01813,0148d01813,4,"0,0;4,0;5,1;0,2","0,0;0,1;0,1;0,2",1,232,0,"{""94"":1,""125"":2,""140"":3,""151"":3,""232"":2}",102,0,"{""10"":1,""16"":1,""19"":2,""20"":1,""25"":1,""27"":1,""28"":1,""29"":1,""30"":1,""32"":1,""33"":1,""34"":2,""36"":3,""39"":1,""40"":1,""41"":1,""43"":1,""44"":1,""45"":2,""47"":1,""49"":1,""52"":2,""54"":1,""55"":2,""57"":2,""58"":1,""60"":2,""62"":1,""65"":4,""66"":2,""67"":2,""76"":2,""79"":2,""85"":1,""86"":2,""87"":2,""102"":1}",45,0,"{""2"":3,""3"":1,""4"":3,""5"":6,""6"":3,""7"":5,""8"":9,""9"":6,""10"":6,""11"":2,""12"":9,""13"":7,""14"":11,""15"":6,""16"":8,""17"":2,""18"":6,""19"":7,""20"":3,""21"":6,""22"":4,""23"":4,""24"":1,""25"":4,""26"":3,""27"":3,""28"":5,""29"":3,""30"":2,""31"":3,""32"":2,""33"":1,""34"":2,""35"":6,""36"":3,""37"":4,""38"":2,""40"":1,""42"":1,""45"":2}","XX..X.
.....X
X.....
..X.XX
...X..
X.X...",25,14,"{""1"":14,""2"":32,""3"":19,""4"":43,""5"":33,""6"":33,""7"":21,""8"":20,""9"":23,""10"":18,""11"":13,""12"":11,""13"":9,""14"":8,""15"":5,""16"":8,""17"":9,""19"":3,""21"":3,""22"":2,""23"":2,""25"":1}",,,,,,
24,6,11,all,0,0101a301a3,0101a301a3,4,"0,0;1,0;4,2;3,3","0,0;0,1;1,2;2,2",1,232,0,"{""94"":1,""118"":1,""125"":2,""140"":2,""151"":3,""232"":2}",102,0,"{""16"":2,""19"":1,""20"":1,""24"":1,""26"":1,""27"":1,""29"":1,""30"":2,""31"":1,""33"":1,""34"":2,""36"":4,""37"":1,""40"":3,""41"":1,""45"":1,""47"":2,""49"":3,""50"":2,""53"":1,""54"":2,""55"":3,""57"":2,""58"":2,""60"":2,""65"":2,""66"":2,""67"":1,""79"":1,""85"":2,""87"":2,""94"":1,""102"":1}",45,0,"{""2"":1,""3"":1,""4"":3,""5"":7,""6"":4,""7"":5,""8"":11,""9"":8,""10"":5,""11"":6,""12"":8,""13"":12,""14"":14,""15"":6,""16"":7,""17"":4,""18"":8,""19"":4,""20"":7,""21"":2,""22"":5,""23"":7,""24"":2,""25"":3,""26"":1,""27"":2,""28"":1,""29"":1,""30"":2,""31"":3,""32"":1,""33"":2,""34"":1,""35"":3,""36"":1,""37"":1,""38"":2,""40"":1,""44"":1,""45"":2}","XX...X
.XX...
....XX
...X.X
X.....
..X...",24,13,"{""1"":13,""2"":28,""3"":46,""4"":48,""5"":49,""6"":32,""7"":18,""8"":18,""9"":23,""10"":11,""11"":12,""12"":7,""13"":2,""14"":5,""15"":6,""16"":1,""17"":4,""18"":3,""21"":2,""23"":1,""24"":1}",,,,,,
25,6,11,all,0,0601a201a3,01a0141631,4,"0,0;2,1;3,3;3,5","0,0;1,2;2,2;0,2",1,232,0,"{""94"":1,""118"":1,""125"":1,""140"":3,""151"":3,""232"":2}",102,0,"{""10"":1,""16"":2,""21"":1,""24"":1,""26"":1,""27"":1,""30"":1,""32"":2,""33"":2,""34"":1,""36"":4,""37"":1,""40"":3,""41"":2,""43"":1,""45"":1,""47"":1,""49"":2,""50"":2,""53"":2,""54"":1,""55"":3,""57"":3,""58"":1,""60"":2,""65"":2,""66"":1,""67"":1,""76"":1,""79"":2,""85"":2,""87"":2,""94"":1,""102"":1}",45,0,"{""2"":1,""3"":2,""4"":2,""5"":8,""6"":7,""7"":6,""8"":8,""9"":5,""10"":7,""11"":4,""12"":8,""13"":10,""14"":13,""15"":7,""16"":9,""17"":5,""18"":7,""19"":2,""20"":8,""21"":2,""22"":7,""23"":5,""24"":2,""25"":4,""26"":3,""27"":2,""29"":1,""30"":3,""31"":2,""32"":1,""33"":1,""35"":3,""36"":2,""38"":2,""40"":2,""44"":2,""45"":2}","XX...X
.XX...
.....X
...X.X
X.....
...XX.",23,17,"{""1"":17,""2"":40,""3"":38,""4"":43,""5"":49,""6"":30,""7"":24,""8"":19,""9"":16,""10"":10,""11"":11,""12"":5,""13"":4,""14"":5,""15"":5,""16"":2,""17"":4,""18"":3,""19"":1,""20"":1,""22"":2,""23"":1}",,,,,,
26,6,11,all,0,06454040a3,00688140f1,4,"0,0;1,0;5,0;4,3","0,0;0,1;0,0;1,2",1,232,0,"{""94"":1,""118"":1,""125"":2,""140"":3,""151"":1,""232"":3}",102,0,"{""15"":1,""19"":1,""21"":1,""24"":1,""28"":1,""29"":1,""30"":2,""31"":1,""32"":1,""34"":1,""36"":1,""37"":1,""38"":1,""40"":1,""41"":2,""44"":1,""45"":1,""49"":1,""50"":2,""51"":2,""52"":3,""53"":1,""54"":2,""55"":5,""57"":2,""58"":2,""60"":4,""76"":2,""79"":2,""80"":1,""85"":1,""86"":2,""87"":1,""94"":1,""102"":2}",54,0,"{""2"":2,""3"":4,""4"":1,""5"":3,""6"":8,""7"":2,""8"":6,""9"":5,""10"":1,""11"":1,""12"":7,""13"":8,""14"":5,""15"":6,""16"":8,""17"":4,""18"":5,""19"":7,""20"":13,""21"":4,""22"":5,""23"":8,""24"":6,""25"":6,""26"":3,""27"":6,""28"":5,""29"":3,""30"":2,""31"":2,""32"":4,""33"":2,""34"":1,""36"":2,""37"":2,""40"":3,""41"":2,""44"":1,""45"":1,""54"":1}","XX...X
.X....
..X...
....X.
X.X...
X..XX.",26,22,"{""1"":22,""2"":36,""3"":24,""4"":20,""5"":26,""6"":22,""7"":22,""8"":24,""9"":18,""10"":19,""11"":20,""12"":23,""13"":12,""14"":9,""15"":7,""16"":2,""17"":4,""18"":7,""19"":6,""21"":1,""22"":2,""23"":1,""24"":1,""25"":1,""26"":1}",,,,,,
27,6,11,all,0,02680700a3,02680700a3,4,"0,0;1,0;5,0;3,4","0,0;0,1;0,0;1,2",1,232,0,"{""118"":1,""125"":2,""140"":2,""151"":3,""232"":3}",102,0,"{""18"":1,""30"":1,""31"":2,""32"":1,""36"":3,""39"":1,""40"":2,""41"":2,""43"":1,""44"":1,""49"":2,""50"":1,""51"":1,""53"":1,""54"":4,""55"":2,""57"":1,""58"":4,""60"":4,""62"":1,""65"":2,""66"":1,""67"":2,""76"":2,""79"":1,""80"":1,""85"":3,""86"":2,""87"":2,""94"":1,""102"":2}",54,0,"{""2"":1,""4"":2,""5"":1,""6"":4,""7"":1,""8"":5,""9"":2,""10"":2,""11"":2,""12"":4,""13"":4,""14"":6,""15"":2,""16"":11,""17"":6,""18"":6,""19"":4,""20"":6,""21"":5,""22"":9,""23"":8,""24"":4,""25"":10,""26"":6,""27"":5,""28"":2,""29"":4,""30"":3,""31"":4,""32"":1,""33"":5,""34"":1,""35"":8,""36"":4,""37"":4,""38"":2,""40"":2,""41"":1,""42"":2,""44"":1,""45"":4,""54"":1}","XX...X
.X....
....XX
X.....
...X.X
X..X..",31,12,"{""1"":12,""2"":9,""3"":20,""4"":24,""5"":15,""6"":16,""7"":17,""8"":19,""9"":27,""10"":23,""11"":20,""12"":21,""13"":17,""14"":18,""15"":11,""16"":11,""17"":8,""18"":12,""19"":3,""20"":5,""21"":3,""22"":4,""23"":2,""24"":7,""25"":2,""26"":1,""27"":2,""31"":1}",,,,,,
28,6,11,all,0,0144801e23,0144801e23,6,"0,0;1,0;5,0;3,1;0,5;2,5","0,0;0,1;0,0;1,2;0,0;0,2",1,232,0,"{""118"":1,""125"":2,""140"":2,""151"":3,""232"":3}",102,0,"{""19"":1,""26"":1,""31"":1,""32"":1,""34"":1,""39"":2,""40"":1,""41"":2,""43"":1,""44"":1,""49"":2,""50"":2,""51"":1,""52"":1,""53"":1,""54"":2,""55"":1,""57"":2,""58"":3,""60"":5,""62"":1,""65"":4,""66"":2,""67"":2,""76"":2,""79"":1,""80"":1,""85"":2,""86"":2,""87"":3,""94"":1,""102"":2}",54,0,"{""8"":3,""9"":3,""10"":3,""11"":3,""12"":2,""13"":9,""14"":8,""15"":5,""16"":1,""17"":3,""18"":3,""19"":5,""20"":7,""21"":7,""22"":9,""23"":9,""24"":7,""25"":8,""26"":6,""27"":4,""28"":3,""29"":7,""30"":7,""31"":6,""32"":1,""33"":3,""34"":3,""35"":7,""36"":3,""37"":7,""38"":3,""40"":2,""41"":1,""42"":1,""44"":1,""45"":4,""54"":1}","XX...X
...XXX
X.....
.....X
..X...
X.X...",31,0,"{""4"":3,""5"":16,""6"":24,""7"":37,""8"":37,""9"":25,""10"":28,""11"":25,""12"":18,""13"":14,""14"":23,""15"":10,""16"":19,""17"":11,""18"":10,""19"":5,""20"":3,""21"":6,""22"":6,""23"":3,""24"":3,""25"":2,""27"":1,""31"":1}",20,0,"{""2"":5,""3"":30,""4"":80,""5"":87,""6"":87,""7"":60,""8"":39,""9"":21,""10"":22,""11"":9,""12"":10,""13"":3,""14"":2,""15"":2,""16"":1,""17"":2,""18"":1,""20"":1}",14,5,"{""1"":5,""2"":51,""3"":102,""4"":134,""5"":91,""6"":49,""7"":18,""8"":4,""9"":5,""10"":1,""11"":1,""14"":1}"
29,6,11,all,0,0444801e23,02e2090065,5,"0,0;1,0;5,0;4,1;4,5","0,0;0,1;0,0;1,1;0,1",1,232,0,"{""118"":1,""125"":2,""140"":3,""151"":2,""232"":3}",102,0,"{""19"":2,""26"":1,""31"":1,""32"":1,""34"":1,""39"":2,""40"":1,""41"":2,""44"":2,""49"":2,""50"":3,""51"":1,""52"":2,""54"":1,""55"":2,""57"":4,""58"":3,""60"":5,""62"":1,""65"":2,""66"":1,""67"":1,""76"":3,""79"":2,""80"":1,""85"":1,""86"":2,""87"":2,""94"":1,""102"":2}",54,0,"{""4"":1,""5"":1,""6"":1,""8"":4,""9"":4,""10"":3,""11"":6,""13"":9,""14"":6,""15"":6,""16"":3,""17"":2,""18"":3,""19"":8,""20"":10,""21"":3,""22"":11,""23"":7,""24"":7,""25"":8,""26"":7,""27"":4,""28"":6,""29"":7,""30"":6,""31"":4,""32"":3,""33"":2,""35"":7,""36"":3,""37"":6,""38"":1,""40"":3,""41"":1,""45"":1,""54"":1}","XX...X
...XXX
X.....
.....X
..X...
X...X.",25,0,"{""2"":3,""3"":9,""4"":14,""5"":25,""6"":24,""7"":38,""8"":29,""9"":26,""10"":29,""11"":26,""12"":21,""13"":12,""14"":21,""15"":3,""16"":15,""17"":10,""18"":9,""19"":5,""20"":2,""21"":2,""22"":3,""23"":2,""24"":1,""25"":1}",16,5,"{""1"":5,""2"":36,""3"":84,""4"":85,""5"":75,""6"":55,""7"":49,""8"":29,""9"":12,""10"":17,""11"":5,""12"":3,""13"":4,""14"":1,""15"":1,""16"":1}",,,
30,6,11,all,0,0184801e23,0161c0208b,4,"1,0;5,0;0,2;1,5","0,1;0,0;0,2;0,1",1,232,0,"{""118"":1,""125"":2,""140"":3,""151"":3,""232"":2}",102,0,"{""14"":1,""18"":1,""19"":1,""21"":1,""26"":1,""31"":1,""32"":1,""34"":1,""36"":1,""39"":2,""40"":3,""41"":3,""43"":1,""44"":1,""49"":2,""50"":1,""51"":1,""52"":1,""53"":1,""54"":2,""55"":1,""57"":2,""58"":3,""60"":4,""62"":1,""65"":4,""66"":2,""67"":1,""76"":2,""79"":1,""85"":2,""86"":1,""87"":2,""94"":1,""102"":1}",54,0,"{""2"":1,""3"":3,""4"":1,""5"":3,""6"":4,""7"":5,""8"":6,""9"":4,""10"":4,""11"":2,""12"":4,""13"":10,""14"":7,""15"":6,""16"":3,""17"":4,""18"":5,""19"":4,""20"":6,""21"":6,""22"":8,""23"":6,""24"":6,""25"":6,""26"":2,""27"":3,""28"":3,""29"":5,""30"":5,""31"":6,""32"":1,""33"":2,""34"":3,""35"":4,""36"":3,""37"":5,""38"":2,""40"":1,""42"":1,""44"":1,""45"":3,""54"":1}","XX...X
...XXX
X.....
.....X
..X...
.XX...",31,6,"{""1"":6,""2"":36,""3"":23,""4"":5,""5"":26,""6"":23,""7"":35,""8"":25,""9"":14,""10"":19,""11"":19,""12"":15,""13"":11,""14"":19,""15"":9,""16"":10,""17"":6,""18"":8,""19"":2,""20"":3,""21"":5,""22"":3,""23"":1,""24"":3,""25"":2,""27"":1,""31"":1}",,,,,,
31,6,11,all,0,0184802e23,0065c0208b,4,"0,0;1,0;1,2;1,5","0,0;0,1;1,2;0,1",1,232,0,"{""118"":1,""125"":3,""140"":3,""151"":2,""232"":2}",102,0,"{""14"":1,""18"":1,""19"":1,""20"":1,""21"":1,""26"":1,""30"":1,""31"":3,""34"":1,""36"":1,""39"":1,""40"":3,""41"":3,""43"":2,""44"":1,""49"":1,""50"":2,""51"":2,""52"":2,""53"":1,""54"":2,""55"":1,""57"":1,""58"":4,""60"":4,""65"":3,""66"":1,""76"":2,""79"":1,""85"":2,""86"":1,""87"":1,""94"":1,""102"":1}",54,0,"{""2"":2,""3"":3,""4"":3,""5"":7,""6"":4,""7"":5,""8"":5,""9"":4,""10"":6,""11"":3,""12"":4,""13"":11,""14"":6,""15"":9,""16"":4,""17"":6,""18"":4,""19"":4,""20"":6,""21"":5,""22"":8,""23"":6,""24"":8,""25"":3,""26"":1,""27"":2,""28"":3,""29"":4,""30"":3,""31"":5,""32"":1,""33"":2,""34"":2,""35"":3,""36"":3,""37"":4,""40"":1,""42"":1,""44"":1,""45"":2,""54"":1}","XX...X
...XXX
.X....
.....X
..X...
.XX...",31,19,"{""1"":19,""2"":42,""3"":32,""4"":9,""5"":30,""6"":17,""7"":28,""8"":25,""9"":16,""10"":20,""11"":17,""12"":14,""13"":9,""14"":11,""15"":10,""16"":7,""17"":2,""18"":6,""19"":2,""20"":2,""21"":3,""22"":2,""24"":3,""25"":2,""27"":1,""31"":1}",,,,,,
32,6,11,all,0,0642030a23,01e4880461,4,"0,0;1,0;5,0;1,4","0,0;0,1;0,0;1,1",1,232,0,"{""118"":1,""125"":2,""140"":3,""151"":2,""232"":3}",102,0,"{""19"":1,""20"":2,""21"":2,""28"":1,""30"":1,""31"":1,""32"":2,""36"":2,""40"":3,""41"":2,""44"":1,""49"":1,""50"":3,""51"":1,""52"":1,""53"":1,""54"":2,""55"":2,""57"":2,""58"":2,""60"":5,""65"":1,""67"":1,""76"":3,""79"":2,""80"":1,""85"":2,""86"":2,""87"":2,""94"":1,""102"":2}",54,0,"{""4"":3,""5"":4,""6"":6,""7"":6,""8"":4,""9"":6,""10"":8,""11"":6,""12"":7,""13"":6,""14"":11,""15"":8,""16"":5,""17"":4,""18"":3,""19"":4,""20"":7,""21"":1,""22"":5,""23"":2,""24"":5,""25"":9,""26"":3,""27"":3,""28"":3,""29"":4,""30"":4,""31"":3,""32"":2,""33"":3,""34"":1,""35"":1,""36"":4,""37"":2,""38"":1,""40"":3,""41"":1,""42"":1,""44"":1,""45"":3,""54"":2}","XX...X
...X.X
....XX
......
.X....
X..XX.",31,3,"{""1"":3,""2"":30,""3"":35,""4"":45,""5"":37,""6"":28,""7"":34,""8"":16,""9"":19,""10"":13,""11"":17,""12"":8,""13"":2,""14"":5,""15"":5,""16"":3,""17"":3,""18"":6,""19"":4,""20"":2,""21"":2,""22"":3,""24"":5,""25"":2,""26"":1,""27"":1,""31"":1}",,,,,,
33,6,11,all,0,0144806c23,0144806c23,4,"0,0;5,0;1,2;2,2","0,0;0,0;1,2;2,2",1,232,0,"{""94"":1,""118"":1,""125"":2,""140"":2,""151"":2,""232"":3}",102,0,"{""8"":1,""19"":1,""21"":1,""24"":1,""25"":1,""27"":1,""28"":1,""30"":1,""31"":2,""32"":1,""34"":1,""40"":1,""41"":2,""43"":1,""49"":1,""50"":2,""51"":1,""52"":3,""53"":1,""54"":2,""55"":3,""57"":1,""58"":4,""60"":4,""65"":3,""66"":1,""67"":1,""76"":2,""79"":1,""80"":1,""85"":2,""86"":1,""87"":2,""94"":1,""102"":2}",54,0,"{""3"":3,""4"":4,""5"":4,""6"":4,""7"":2,""8"":3,""9"":4,""10"":6,""11"":3,""12"":2,""13"":9,""14"":6,""15"":5,""16"":5,""17"":5,""18"":6,""19"":7,""20"":5,""21"":4,""22"":7,""23"":6,""24"":7,""25"":4,""26"":5,""27"":2,""28"":5,""29"":5,""30"":5,""31"":5,""32"":1,""33"":2,""34"":2,""35"":5,""36"":3,""37"":5,""38"":1,""40"":2,""42"":1,""44"":1,""45"":3,""54"":1}","XX...X
....XX
.XX...
.....X
..X...
X.X...",31,2,"{""1"":2,""2"":30,""3"":28,""4"":26,""5"":18,""6"":20,""7"":16,""8"":27,""9"":23,""10"":22,""11"":24,""12"":18,""13"":9,""14"":13,""15"":10,""16"":14,""17"":3,""18"":4,""19"":5,""20"":2,""21"":4,""22"":3,""23"":2,""24"":3,""25"":2,""27"":1,""31"":1}",,,,,,
34,6,11,all,0,080504ac23,00688140f1,4,"0,0;1,0;1,2;0,3","0,0;0,1;1,2;0,2",1,232,0,"{""94"":1,""118"":1,""125"":2,""140"":3,""151"":1,""232"":3}",102,0,"{""15"":1,""19"":1,""21"":1,""24"":1,""28"":1,""29"":1,""30"":2,""31"":1,""32"":1,""34"":1,""36"":1,""37"":1,""38"":1,""40"":1,""41"":2,""44"":1,""45"":1,""49"":1,""50"":2,""51"":2,""52"":3,""53"":1,""54"":2,""55"":5,""57"":2,""58"":2,""60"":4,""76"":2,""79"":2,""80"":1,""85"":1,""86"":2,""87"":1,""94"":1,""102"":2}",54,0,"{""2"":2,""3"":4,""4"":1,""5"":3,""6"":8,""7"":2,""8"":6,""9"":5,""10"":1,""11"":1,""12"":7,""13"":8,""14"":5,""15"":6,""16"":8,""17"":4,""18"":5,""19"":7,""20"":13,""21"":4,""22"":5,""23"":8,""24"":6,""25"":6,""26"":3,""27"":6,""28"":5,""29"":3,""30"":2,""31"":2,""32"":4,""33"":2,""34"":1,""36"":2,""37"":2,""40"":3,""41"":2,""44"":1,""45"":1,""54"":1}","XX...X
....XX
.X.X..
X.....
X.X...
.....X",26,22,"{""1"":22,""2"":36,""3"":24,""4"":20,""5"":26,""6"":22,""7"":22,""8"":24,""9"":18,""10"":19,""11"":20,""12"":23,""13"":12,""14"":9,""15"":7,""16"":2,""17"":4,""18"":7,""19"":6,""21"":1,""22"":2,""23"":1,""24"":1,""25"":1,""26"":1}",,,,,,
35,6,11,all,0,020508ac23,00c2910351,4,"0,0;1,0;5,0;1,3","0,0;0,1;0,0;1,2",1,232,0,"{""94"":1,""118"":1,""125"":3,""140"":3,""151"":1,""232"":2}",102,0,"{""15"":1,""16"":1,""19"":1,""20"":1,""24"":1,""25"":1,""28"":1,""29"":1,""30"":1,""31"":1,""32"":1,""34"":1,""36"":2,""37"":2,""38"":1,""39"":1,""40"":3,""41"":2,""44"":1,""45"":1,""47"":1,""49"":2,""50"":2,""51"":2,""52"":3,""54"":1,""55"":3,""57"":2,""58"":2,""60"":4,""76"":1,""79"":1,""85"":1,""86"":2,""87"":1,""94"":1,""102"":1}",54,0,"{""2"":2,""3"":4,""4"":2,""5"":3,""6"":8,""7"":3,""8"":10,""9"":6,""10"":6,""11"":3,""12"":6,""13"":6,""14"":5,""15"":8,""16"":7,""17"":6,""18"":8,""19"":7,""20"":9,""21"":3,""22"":3,""23"":8,""24"":8,""25"":4,""26"":1,""27"":7,""28"":4,""29"":3,""30"":1,""31"":2,""32"":2,""33"":1,""34"":1,""36"":1,""37"":1,""38"":1,""40"":1,""41"":1,""45"":1,""54"":2}","XX...X
....XX
.X.X..
.X....
X.X...
...X..",26,27,"{""1"":27,""2"":27,""3"":32,""4"":27,""5"":28,""6"":29,""7"":32,""8"":23,""9"":17,""10"":17,""11"":16,""12"":16,""13"":9,""14"":6,""15"":5,""16"":1,""17"":1,""18"":5,""19"":4,""20"":1,""21"":1,""23"":2,""24"":2,""25"":1,""26"":1}",,,,,,
36,6,11,all,0,0905809423,02680640b1,4,"0,0;1,0;0,2;3,2","0,0;0,1;0,2;2,2",1,232,0,"{""94"":1,""118"":1,""125"":1,""140"":2,""151"":3,""232"":3}",102,0,"{""15"":1,""25"":1,""28"":1,""31"":1,""34"":1,""37"":1,""38"":1,""39"":1,""41"":3,""45"":1,""49"":2,""51"":1,""52"":2,""53"":1,""54"":3,""55"":4,""57"":3,""58"":2,""60"":4,""62"":1,""65"":3,""66"":2,""67"":2,""76"":1,""79"":2,""80"":1,""85"":3,""86"":1,""87"":2,""94"":1,""102"":2}",54,0,"{""5"":1,""6"":1,""8"":4,""9"":3,""10"":3,""12"":6,""13"":6,""14"":1,""15"":1,""16"":2,""17"":5,""18"":6,""19"":8,""20"":10,""21"":5,""22"":8,""23"":11,""24"":3,""25"":9,""26"":5,""27"":7,""28"":7,""29"":4,""30"":4,""31"":4,""32"":3,""33"":5,""34"":3,""35"":10,""36"":4,""37"":3,""38"":2,""40"":3,""41"":1,""42"":1,""44"":1,""45"":4,""54"":1}","XX...X
....X.
X..X..
.....X
X.X...
..X..X",31,1,"{""1"":1,""2"":1,""3"":10,""4"":8,""5"":8,""6"":21,""7"":20,""8"":33,""9"":17,""10"":28,""11"":26,""12"":26,""13"":15,""14"":27,""15"":14,""16"":13,""17"":14,""18"":13,""19"":7,""20"":5,""21"":5,""22"":4,""23"":4,""24"":5,""25"":2,""26"":1,""27"":1,""31"":1}",,,,,,
37,6,11,all,0,0905111423,02682220b1,4,"0,0;1,0;5,0;2,3","0,0;0,1;0,0;2,2",1,232,0,"{""94"":1,""118"":1,""125"":2,""140"":2,""151"":2,""232"":3}",102,0,"{""8"":1,""16"":2,""18"":1,""20"":1,""24"":1,""26"":1,""27"":1,""33"":1,""34"":1,""36"":2,""37"":1,""39"":1,""41"":3,""47"":1,""49"":3,""50"":1,""51"":1,""52"":1,""53"":1,""54"":3,""55"":4,""57"":3,""58"":2,""60"":3,""65"":1,""66"":1,""67"":1,""76"":1,""79"":2,""80"":1,""85"":2,""86"":1,""87"":2,""94"":1,""102"":2}",54,0,"{""3"":5,""4"":3,""5"":7,""6"":4,""7"":7,""8"":8,""9"":8,""10"":5,""11"":2,""12"":2,""13"":10,""14"":3,""15"":3,""16"":3,""17"":2,""18"":7,""19"":7,""20"":9,""21"":3,""22"":5,""23"":9,""24"":1,""25"":5,""26"":4,""27"":5,""28"":3,""29"":3,""30"":3,""31"":1,""32"":3,""33"":3,""34"":1,""35"":4,""36"":3,""37"":2,""38"":2,""40"":3,""41"":1,""42"":1,""44"":1,""45"":3,""54"":1}","XX...X
....X.
X...X.
..X...
X.X...
..X..X",31,11,"{""1"":11,""2"":37,""3"":39,""4"":38,""5"":35,""6"":21,""7"":10,""8"":17,""9"":9,""10"":21,""11"":11,""12"":13,""13"":7,""14"":14,""15"":6,""16"":7,""17"":6,""18"":8,""19"":2,""20"":4,""21"":3,""22"":3,""23"":2,""24"":2,""25"":2,""26"":1,""31"":1}",,,,,,
38,6,11,all,0,090580a423,02680540b1,5,"0,0;1,0;1,2;3,2;5,3","0,0;0,1;1,2;2,2;0,2",1,232,0,"{""94"":1,""118"":1,""125"":2,""140"":2,""151"":2,""232"":3}",102,0,"{""15"":1,""28"":1,""30"":1,""31"":2,""34"":2,""37"":1,""38"":1,""41"":2,""43"":1,""44"":1,""45"":1,""49"":1,""50"":1,""51"":2,""52"":2,""53"":1,""54"":3,""55"":4,""57"":2,""58"":4,""60"":4,""65"":2,""66"":2,""67"":1,""76"":1,""79"":2,""80"":1,""85"":2,""86"":2,""87"":1,""94"":1,""102"":2}",54,0,"{""6"":1,""8"":4,""9"":2,""10"":1,""12"":4,""13"":6,""14"":2,""15"":5,""16"":5,""17"":8,""18"":5,""19"":7,""20"":11,""21"":5,""22"":12,""23"":11,""24"":5,""25"":8,""26"":6,""27"":4,""28"":7,""29"":4,""30"":3,""31"":3,""32"":3,""33"":4,""34"":3,""35"":7,""36"":4,""37"":5,""40"":3,""41"":2,""42"":1,""44"":1,""45"":2,""54"":1}","XX...X
....X.
.X.X..
.....X
X.X...
..X..X",31,0,"{""3"":4,""4"":5,""5"":8,""6"":12,""7"":17,""8"":35,""9"":31,""10"":34,""11"":32,""12"":27,""13"":23,""14"":22,""15"":19,""16"":11,""17"":7,""18"":11,""19"":8,""20"":4,""21"":4,""22"":4,""23"":2,""24"":5,""25"":2,""26"":1,""27"":1,""31"":1}",20,1,"{""1"":1,""2"":12,""3"":28,""4"":42,""5"":73,""6"":57,""7"":82,""8"":60,""9"":35,""10"":28,""11"":13,""12"":12,""13"":6,""14"":5,""15"":2,""16"":2,""17"":2,""18"":1,""20"":1}",,,
39,6,11,all,0,0308130983,0043ab0106,3,"1,1;2,1;5,1","1,1;1,2;0,1",1,232,0,"{""94"":1,""118"":1,""125"":3,""140"":2,""151"":3,""232"":1}",94,0,"{""19"":2,""20"":2,""21"":2,""24"":1,""26"":1,""27"":1,""28"":1,""29"":1,""30"":2,""31"":2,""33"":1,""34"":3,""36"":4,""37"":1,""39"":1,""40"":5,""43"":1,""45"":1,""47"":1,""49"":2,""50"":1,""53"":1,""54"":2,""55"":1,""57"":1,""58"":3,""60"":2,""65"":2,""66"":1,""76"":1,""85"":1,""86"":1,""87"":2,""94"":1}",54,1,"{""1"":1,""3"":3,""4"":6,""5"":6,""6"":5,""7"":2,""8"":10,""9"":7,""10"":5,""11"":11,""12"":14,""13"":10,""14"":9,""15"":7,""16"":6,""17"":7,""18"":7,""19"":8,""20"":7,""21"":2,""22"":5,""23"":2,""24"":1,""25"":2,""26"":2,""27"":3,""29"":1,""30"":1,""31"":3,""34"":1,""35"":2,""36"":1,""37"":2,""38"":2,""42"":1,""44"":1,""45"":1,""54"":1}","XX....
.XX..X
....XX
..X...
...X..
..XX..",,,,,,,,,
40,6,11,all,0,0340902a83,00ea0a400d,3,"1,1;3,1;5,1","1,1;1,2;0,1",1,232,0,"{""94"":1,""118"":1,""125"":2,""140"":2,""151"":3,""232"":2}",102,0,"{""10"":1,""11"":1,""19"":2,""20"":1,""21"":1,""25"":1,""26"":1,""27"":1,""30"":1,""31"":1,""33"":1,""34"":1,""36"":1,""37"":1,""39"":1,""40"":2,""41"":1,""43"":2,""44"":1,""45"":1,""47"":1,""49"":3,""50"":1,""51"":2,""52"":2,""53"":2,""54"":1,""55"":1,""57"":1,""58"":1,""60"":2,""65"":3,""66"":1,""67"":1,""76"":2,""79"":1,""85"":2,""86"":1,""87"":2,""94"":1,""102"":1}",45,3,"{""1"":3,""2"":2,""3"":3,""4"":5,""5"":9,""6"":6,""7"":5,""8"":4,""9"":7,""10"":4,""11"":6,""12"":9,""13"":6,""14"":6,""15"":9,""16"":3,""17"":3,""18"":5,""19"":5,""20"":6,""21"":3,""22"":5,""23"":2,""24"":5,""25"":2,""26"":3,""27"":4,""28"":4,""29"":5,""30"":3,""31"":3,""33"":2,""34"":1,""35"":3,""36"":2,""37"":3,""38"":2,""40"":2,""41"":1,""44"":2,""45"":2}","XX....
.X.X.X
.X....
..X..X
......
X.XX..",,,,,,,,,
41,6,11,all,0,052c005283,008148bc28,3,"1,0;3,1;3,4","0,1;1,2;1,2",1,232,0,"{""94"":1,""118"":1,""125"":3,""140"":3,""151"":2,""232"":1}",94,0,"{""6"":1,""10"":1,""11"":1,""16"":1,""18"":1,""19"":1,""20"":2,""24"":1,""25"":1,""29"":1,""30"":1,""32"":1,""33"":1,""34"":2,""36"":3,""37"":1,""38"":1,""39"":1,""40"":2,""41"":3,""43"":1,""44"":2,""45"":2,""47"":1,""49"":2,""50"":1,""51"":1,""52"":3,""54"":1,""57"":1,""58"":2,""60"":2,""65"":2,""66"":1,""67"":1,""79"":2,""86"":1,""87"":1,""94"":1}",54,4,"{""1"":4,""2"":3,""3"":8,""4"":8,""5"":8,""6"":9,""7"":5,""8"":11,""9"":6,""10"":5,""11"":5,""12"":5,""13"":9,""14"":5,""15"":3,""16"":6,""17"":4,""18"":5,""19"":8,""20"":7,""21"":4,""22"":4,""23"":3,""24"":4,""26"":4,""27"":4,""28"":4,""29"":1,""31"":2,""34"":1,""35"":1,""36"":4,""37"":1,""38"":2,""41"":1,""54"":1}","XX....
.X.X..
X.X...
......
..XX.X
..X.X.",,,,,,,,,
42,6,11,all,0,0e02160283,00ca8050b8,3,"1,0;1,1;1,4","0,1;1,1;1,1",1,232,0,"{""94"":1,""118"":2,""125"":1,""140"":2,""151"":3,""232"":2}",94,0,"{""4"":1,""11"":1,""15"":1,""19"":1,""20"":2,""21"":2,""27"":1,""28"":1,""30"":1,""31"":2,""32"":3,""33"":1,""34"":1,""36"":1,""37"":1,""38"":1,""40"":3,""41"":2,""44"":1,""47"":1,""49"":2,""50"":1,""52"":1,""53"":2,""54"":2,""55"":2,""58"":1,""60"":5,""62"":1,""65"":2,""67"":1,""79"":2,""80"":1,""85"":1,""87"":2,""94"":1}",45,4,"{""1"":4,""2"":6,""3"":5,""4"":5,""5"":11,""6"":9,""7"":6,""8"":5,""9"":7,""10"":4,""11"":5,""12"":8,""13"":9,""14"":11,""15"":6,""16"":6,""17"":3,""18"":5,""19"":10,""20"":6,""21"":1,""22"":4,""23"":5,""24"":5,""25"":2,""26"":3,""27"":4,""28"":1,""30"":2,""31"":1,""33"":1,""36"":1,""38"":2,""44"":1,""45"":1}","XX....
.X.X..
.....X
X.X...
.X....
...XXX",,,,,,,,,
43,6,11,all,0,0648405883,00a8c040e5,4,"1,0;5,1;2,2;4,3","0,1;0,1;2,2;1,2",1,232,0,"{""94"":1,""118"":1,""125"":2,""140"":3,""151"":2,""232"":2}",102,0,"{""19"":2,""20"":1,""21"":1,""24"":2,""27"":1,""28"":2,""30"":1,""33"":1,""36"":3,""37"":2,""38"":1,""40"":3,""41"":1,""43"":1,""44"":1,""45"":1,""47"":1,""49"":1,""50"":1,""51"":1,""52"":1,""53"":1,""54"":2,""55"":2,""57"":3,""58"":1,""60"":5,""65"":1,""66"":1,""67"":1,""76"":2,""79"":2,""85"":1,""86"":2,""94"":1,""102"":1}",54,0,"{""2"":1,""3"":2,""4"":2,""5"":4,""6"":8,""7"":3,""8"":4,""9"":6,""10"":4,""11"":11,""12"":10,""13"":8,""14"":4,""15"":4,""16"":6,""17"":8,""18"":3,""19"":6,""20"":8,""21"":4,""22"":4,""23"":5,""24"":7,""25"":7,""26"":2,""27"":5,""28"":5,""29"":2,""31"":2,""32"":1,""33"":2,""34"":2,""35"":3,""36"":3,""37"":1,""40"":3,""41"":1,""42"":1,""44"":1,""54"":2}","XX....
.X...X
X.X...
....X.
...X..
X..XX.",31,8,"{""1"":8,""2"":29,""3"":31,""4"":32,""5"":43,""6"":23,""7"":23,""8"":24,""9"":18,""10"":14,""11"":15,""12"":16,""13"":11,""14"":8,""15"":8,""16"":3,""17"":5,""18"":7,""19"":4,""21"":1,""23"":3,""24"":2,""26"":1,""31"":1}",,,,,,
44,6,11,all,0,0648805883,00e2160219,3,"5,3;3,4;3,5","0,2;1,2;0,2",1,232,0,"{""94"":1,""118"":1,""125"":1,""140"":3,""151"":3,""232"":2}",102,0,"{""10"":1,""19"":1,""20"":1,""21"":1,""24"":2,""27"":1,""28"":2,""30"":1,""33"":1,""36"":3,""37"":1,""38"":1,""40"":3,""41"":2,""45"":1,""47"":1,""49"":1,""50"":1,""52"":1,""53"":2,""54"":2,""55"":2,""57"":4,""60"":4,""62"":1,""65"":2,""66"":1,""67"":1,""76"":2,""79"":2,""85"":2,""86"":1,""87"":1,""94"":1,""102"":1}",54,1,"{""1"":1,""2"":3,""3"":1,""4"":1,""5"":6,""6"":6,""7"":4,""8"":5,""9"":5,""10"":2,""11"":9,""12"":6,""13"":9,""14"":4,""15"":5,""16"":7,""17"":9,""18"":4,""19"":7,""20"":7,""21"":4,""22"":5,""23"":3,""24"":5,""25"":5,""26"":2,""27"":5,""28"":4,""29"":2,""30"":3,""31"":3,""32"":1,""33"":2,""34"":2,""35"":6,""36"":3,""37"":1,""40"":3,""42"":1,""44"":2,""45"":1,""54"":1}","XX....
.X...X
X.X...
.....X
...X..
X..XX.",,,,,,,,,
45,6,11,all,0,0148911883,00e2464205,3,"1,1;0,2;4,2","1,1;0,2;1,2",1,232,0,"{""94"":1,""118"":1,""125"":2,""140"":2,""151"":3,""232"":2}",102,0,"{""19"":2,""20"":2,""21"":1,""25"":1,""27"":1,""29"":2,""30"":2,""31"":1,""33"":1,""34"":1,""36"":3,""37"":1,""40"":2,""41"":1,""45"":1,""47"":2,""49"":2,""52"":1,""53"":1,""54"":1,""55"":1,""57"":2,""58"":1,""60"":3,""62"":1,""65"":4,""66"":2,""67"":2,""76"":2,""79"":1,""85"":1,""86"":2,""87"":2,""94"":1,""102"":1}",54,1,"{""1"":1,""4"":2,""5"":2,""6"":5,""7"":6,""8"":6,""9"":7,""10"":2,""11"":6,""12"":10,""13"":8,""14"":9,""15"":5,""16"":6,""17"":5,""18"":4,""19"":8,""20"":3,""21"":5,""22"":6,""23"":5,""24"":4,""25"":3,""26"":2,""27"":8,""28"":3,""29"":3,""30"":3,""31"":4,""33"":1,""34"":2,""35"":6,""36"":2,""37"":4,""38"":3,""40"":2,""44"":1,""45"":2,""54"":1}","XX....
.X...X
X...X.
..X..X
...X..
X.X...",,,,,,,,,
46,6,11,all,0,0b0110a883,00e228406c,4,"1,0;1,1;1,2;3,2","0,1;1,1;1,2;2,2",1,232,0,"{""94"":2,""118"":1,""125"":1,""140"":3,""151"":2,""232"":2}",94,0,"{""8"":1,""15"":1,""19"":2,""21"":2,""24"":2,""25"":1,""26"":1,""27"":1,""28"":1,""30"":1,""32"":2,""33"":1,""34"":2,""36"":1,""40"":2,""41"":1,""44"":1,""45"":2,""47"":1,""49"":1,""50"":2,""51"":1,""52"":1,""53"":1,""55"":6,""57"":3,""58"":1,""60"":2,""65"":1,""66"":1,""67"":1,""76"":2,""79"":1,""80"":1,""85"":1,""86"":1,""87"":1,""94"":1}",44,0,"{""2"":5,""3"":1,""4"":5,""5"":6,""6"":5,""7"":2,""8"":12,""9"":3,""10"":6,""11"":8,""12"":9,""13"":7,""14"":10,""15"":7,""16"":8,""17"":3,""18"":8,""19"":6,""20"":8,""21"":1,""22"":10,""23"":1,""24"":2,""25"":8,""26"":2,""27"":1,""28"":5,""29"":3,""30"":1,""31"":2,""32"":1,""35"":2,""37"":3,""38"":1,""40"":1,""41"":1,""44"":1}","XX....
.X...X
.X.X..
..X...
X.....
..XX.X",22,16,"{""1"":16,""2"":41,""3"":34,""4"":40,""5"":37,""6"":30,""7"":25,""8"":23,""9"":21,""10"":17,""11"":15,""12"":10,""13"":5,""14"":4,""16"":5,""17"":1,""18"":2,""19"":2,""22"":2}",,,,,,
47,6,11,all,0,0368034083,00c2d00a0d,4,"1,0;1,1;2,2;4,2","0,1;1,1;2,2;1,2",1,232,0,"{""94"":1,""118"":1,""125"":2,""140"":2,""151"":3,""232"":2}",102,0,"{""18"":1,""24"":2,""25"":2,""28"":1,""29"":1,""30"":2,""31"":1,""32"":1,""34"":1,""36"":3,""37"":1,""38"":1,""39"":1,""40"":2,""41"":2,""44"":1,""45"":1,""47"":1,""49"":3,""51"":1,""52"":1,""53"":1,""54"":3,""55"":1,""57"":1,""58"":2,""60"":3,""65"":1,""66"":1,""67"":1,""76"":2,""79"":1,""85"":2,""86"":2,""87"":2,""94"":1,""102"":1}",54,0,"{""4"":3,""5"":2,""6"":5,""7"":3,""8"":9,""9"":3,""10"":7,""11"":3,""12"":11,""13"":4,""14"":5,""15"":4,""16"":9,""17"":10,""18"":10,""19"":6,""20"":7,""21"":3,""22"":7,""23"":6,""24"":3,""25"":2,""26"":2,""27"":6,""28"":3,""29"":4,""30"":1,""31"":2,""33"":3,""34"":2,""35"":4,""36"":3,""37"":3,""38"":2,""40"":1,""41"":1,""42"":2,""44"":1,""45"":2,""54"":1}","XX....
.X....
..X.XX
......
...X.X
X.XX..",31,8,"{""1"":8,""2"":15,""3"":26,""4"":33,""5"":20,""6"":30,""7"":32,""8"":20,""9"":21,""10"":24,""11"":16,""12"":16,""13"":12,""14"":8,""15"":11,""16"":8,""17"":4,""18"":8,""19"":3,""20"":3,""22"":1,""23"":3,""24"":4,""25"":1,""26"":1,""27"":1,""31"":1}",,,,,,
48,6,11,all,0,044d424083,00c2910351,4,"0,0;2,2;0,4;3,4","0,0;2,2;0,1;1,2",1,232,0,"{""94"":1,""118"":1,""125"":3,""140"":3,""151"":1,""232"":2}",102,0,"{""15"":1,""16"":1,""19"":1,""20"":1,""24"":1,""25"":1,""28"":1,""29"":1,""30"":1,""31"":1,""32"":1,""34"":1,""36"":2,""37"":2,""38"":1,""39"":1,""40"":3,""41"":2,""44"":1,""45"":1,""47"":1,""49"":2,""50"":2,""51"":2,""52"":3,""54"":1,""55"":3,""57"":2,""58"":2,""60"":4,""76"":1,""79"":1,""85"":1,""86"":2,""87"":1,""94"":1,""102"":1}",54,0,"{""2"":2,""3"":4,""4"":2,""5"":3,""6"":8,""7"":3,""8"":10,""9"":6,""10"":6,""11"":3,""12"":6,""13"":6,""14"":5,""15"":8,""16"":7,""17"":6,""18"":8,""19"":7,""20"":9,""21"":3,""22"":3,""23"":8,""24"":8,""25"":4,""26"":1,""27"":7,""28"":4,""29"":3,""30"":1,""31"":2,""32"":2,""33"":1,""34"":1,""36"":1,""37"":1,""38"":1,""40"":1,""41"":1,""45"":1,""54"":2}","XX....
.X....
..X..X
....X.
X.XX..
X...X.",26,27,"{""1"":27,""2"":27,""3"":32,""4"":27,""5"":28,""6"":29,""7"":32,""8"":23,""9"":17,""10"":17,""11"":16,""12"":16,""13"":9,""14"":6,""15"":5,""16"":1,""17"":1,""18"":5,""19"":4,""20"":1,""21"":1,""23"":2,""24"":2,""25"":1,""26"":1}",,,,,,
49,6,11,all,0,090d828083,00c2a20364,4,"0,0;1,0;3,2;3,4","0,0;0,1;2,2;1,2",1,232,0,"{""94"":1,""118"":1,""125"":2,""140"":2,""151"":3,""232"":2}",94,0,"{""15"":1,""16"":1,""20"":1,""21"":1,""24"":1,""28"":1,""29"":1,""30"":3,""32"":1,""33"":1,""34"":2,""36"":2,""37"":1,""39"":1,""40"":2,""41"":1,""45"":1,""47"":1,""49"":3,""50"":1,""51"":1,""52"":1,""53"":1,""54"":1,""55"":3,""57"":2,""58"":2,""60"":4,""65"":2,""66"":2,""67"":1,""76"":1,""79"":1,""80"":1,""85"":1,""86"":1,""87"":2,""94"":1}",54,0,"{""3"":3,""4"":4,""5"":4,""6"":7,""7"":5,""8"":8,""9"":7,""10"":5,""11"":5,""12"":8,""13"":11,""14"":5,""15"":8,""16"":6,""17"":5,""18"":3,""19"":10,""20"":5,""21"":4,""22"":5,""23"":7,""24"":2,""25"":4,""26"":6,""27"":3,""28"":3,""29"":4,""31"":4,""34"":1,""35"":4,""36"":2,""37"":1,""38"":2,""40"":1,""44"":1,""45"":1,""54"":1}","XX....
.X....
...X.X
.....X
X.XX..
..X..X",27,29,"{""1"":29,""2"":33,""3"":49,""4"":34,""5"":23,""6"":23,""7"":22,""8"":26,""9"":17,""10"":18,""11"":11,""12"":8,""13"":6,""14"":7,""15"":7,""16"":3,""17"":4,""18"":3,""19"":2,""20"":1,""21"":1,""23"":2,""27"":1}",,,,,,
50,6,11,all,0,0308111d03,0086c2a045,3,"2,1;0,2;4,2","1,2;0,2;1,2",1,232,0,"{""94"":1,""118"":1,""125"":3,""140"":2,""151"":3,""232"":1}",87,0,"{""11"":1,""16"":1,""19"":1,""20"":3,""24"":1,""26"":1,""27"":1,""29"":1,""30"":3,""31"":2,""33"":1,""34"":4,""36"":4,""37"":1,""40"":4,""41"":1,""43"":1,""45"":1,""47"":2,""49"":2,""50"":1,""53"":1,""54"":2,""55"":1,""57"":2,""58"":2,""60"":1,""65"":2,""66"":2,""67"":1,""76"":1,""85"":1,""86"":1,""87"":1}",42,1,"{""1"":1,""3"":3,""4"":8,""5"":9,""6"":8,""7"":3,""8"":8,""9"":10,""10"":4,""11"":8,""12"":12,""13"":11,""14"":9,""15"":6,""16"":6,""17"":4,""18"":6,""19"":7,""20"":8,""21"":1,""22"":6,""23"":5,""24"":3,""25"":3,""26"":1,""27"":3,""29"":1,""30"":1,""31"":2,""34"":1,""35"":3,""37"":2,""38"":1,""42"":1}","XX....
..X.XX
X...X.
..X...
...X..
..XX..",,,,,,,,,
51,6,11,all,0,0388101d03,0082c2a845,4,"0,0;1,0;1,5;3,5","0,0;0,1;0,1;0,2",1,232,0,"{""94"":1,""118"":1,""125"":2,""140"":3,""151"":3,""232"":1}",87,0,"{""11"":1,""14"":1,""16"":1,""18"":1,""19"":1,""20"":2,""21"":1,""24"":2,""27"":1,""29"":1,""30"":3,""32"":1,""33"":1,""34"":4,""36"":3,""40"":3,""41"":3,""43"":1,""44"":1,""45"":1,""47"":1,""49"":2,""50"":1,""52"":1,""53"":1,""54"":2,""55"":1,""57"":2,""60"":1,""65"":2,""66"":2,""67"":1,""76"":2,""85"":1,""86"":1,""87"":1}",42,0,"{""2"":1,""3"":6,""4"":10,""5"":12,""6"":10,""7"":8,""8"":6,""9"":9,""10"":4,""11"":5,""12"":8,""13"":10,""14"":8,""15"":6,""16"":6,""17"":3,""18"":8,""19"":6,""20"":5,""21"":1,""22"":6,""23"":4,""24"":4,""25"":3,""26"":1,""27"":3,""28"":1,""29"":1,""30"":1,""31"":2,""34"":1,""35"":2,""37"":2,""38"":1,""42"":1}","XX....
..X.XX
X.....
..X...
...X..
.XXX..",22,30,"{""1"":30,""2"":48,""3"":63,""4"":41,""5"":31,""6"":18,""7"":19,""8"":15,""9"":15,""10"":13,""11"":10,""12"":7,""13"":4,""14"":4,""15"":4,""16"":4,""17"":2,""21"":1,""22"":1}",,,,,,
52,6,11,all,0,0144811e03,00f8460105,4,"0,0;3,1;4,1;4,2","0,0;1,2;1,1;1,2",1,232,0,"{""118"":1,""125"":3,""140"":2,""151"":3,""232"":2}",102,0,"{""18"":1,""19"":1,""20"":1,""26"":2,""28"":1,""29"":1,""31"":1,""32"":1,""34"":1,""36"":1,""39"":2,""40"":2,""41"":2,""43"":1,""44"":1,""47"":1,""49"":2,""50"":1,""51"":1,""52"":1,""53"":1,""54"":2,""57"":2,""58"":4,""60"":3,""62"":1,""65"":4,""66"":2,""67"":2,""76"":2,""79"":1,""85"":1,""86"":2,""87"":2,""102"":1}",45,0,"{""2"":1,""3"":2,""4"":2,""5"":2,""6"":3,""7"":3,""8"":7,""9"":7,""10"":5,""11"":5,""12"":2,""13"":11,""14"":10,""15"":4,""16"":3,""17"":2,""18"":2,""19"":5,""20"":6,""21"":7,""22"":5,""23"":7,""24"":6,""25"":7,""26"":3,""27"":5,""28"":4,""29"":5,""30"":5,""31"":4,""33"":1,""34"":3,""35"":7,""36"":3,""37"":5,""38"":2,""40"":1,""41"":1,""45"":2}","XX....
...XXX
X...X.
.....X
..X...
X.X...",27,15,"{""1"":15,""2"":20,""3"":17,""4"":19,""5"":18,""6"":26,""7"":40,""8"":25,""9"":16,""10"":21,""11"":20,""12"":9,""13"":9,""14"":20,""15"":11,""16"":13,""17"":7,""18"":8,""19"":4,""20"":1,""21"":4,""22"":4,""23"":2,""27"":1}",,,,,,
53,6,11,all,0,0544801e03,00f8060115,5,"1,0;3,1;4,1;2,5;4,5","0,1;1,2;1,1;0,2;0,1",1,232,0,"{""118"":1,""125"":2,""140"":3,""151"":3,""232"":2}",102,0,"{""19"":2,""26"":1,""31"":1,""32"":1,""34"":1,""39"":2,""40"":1,""41"":3,""43"":1,""44"":2,""49"":2,""50"":2,""51"":1,""52"":2,""53"":1,""54"":2,""55"":1,""57"":4,""58"":3,""60"":3,""62"":1,""65"":5,""66"":2,""67"":2,""76"":2,""79"":2,""85"":1,""86"":1,""87"":2,""102"":1}",45,0,"{""4"":1,""5"":1,""6"":1,""7"":1,""8"":4,""9"":5,""10"":3,""11"":6,""12"":2,""13"":11,""14"":7,""15"":3,""16"":4,""17"":3,""18"":2,""19"":8,""20"":7,""21"":8,""22"":9,""23"":7,""24"":8,""25"":7,""26"":4,""27"":4,""28"":4,""29"":4,""30"":6,""31"":4,""32"":2,""33"":1,""34"":3,""35"":10,""36"":4,""37"":4,""38"":2,""40"":2,""41"":1,""45"":2}","XX....
...XXX
X.....
.....X
..X...
X.X.X.",27,0,"{""2"":5,""3"":16,""4"":16,""5"":20,""6"":21,""7"":41,""8"":32,""9"":24,""10"":21,""11"":19,""12"":15,""13"":10,""14"":26,""15"":8,""16"":18,""17"":10,""18"":8,""19"":6,""20"":1,""21"":5,""22"":4,""23"":3,""27"":1}",17,9,"{""1"":9,""2"":53,""3"":70,""4"":55,""5"":68,""6"":74,""7"":43,""8"":33,""9"":16,""10"":18,""11"":7,""12"":9,""13"":4,""14"":1,""16"":1,""17"":1}",,,
54,6,11,all,0,0342130a03,00e8c0408d,3,"1,4;2,5;3,5","1,1;0,2;0,2",1,232,0,"{""94"":1,""118"":1,""125"":2,""140"":2,""151"":3,""232"":2}",102,0,"{""19"":1,""20"":2,""21"":1,""24"":1,""27"":1,""28"":2,""30"":2,""31"":1,""33"":1,""34"":1,""36"":2,""37"":2,""38"":1,""40"":3,""41"":1,""43"":1,""44"":1,""45"":1,""47"":1,""49"":1,""51"":1,""52"":1,""53"":1,""54"":2,""55"":1,""57"":1,""58"":2,""60"":4,""65"":2,""66"":1,""67"":1,""76"":2,""79"":1,""85"":2,""86"":2,""87"":2,""94"":1,""102"":1}",54,1,"{""1"":1,""3"":1,""4"":1,""5"":5,""6"":7,""7"":5,""8"":2,""9"":7,""10"":7,""11"":6,""12"":12,""13"":9,""14"":6,""15"":6,""16"":2,""17"":7,""18"":3,""19"":8,""20"":7,""21"":3,""22"":5,""23"":2,""24"":5,""25"":6,""27"":5,""28"":5,""29"":3,""30"":2,""31"":2,""33"":3,""34"":2,""35"":3,""36"":4,""37"":4,""40"":2,""41"":1,""42"":1,""44"":1,""45"":2,""54"":2}","XX....
...X.X
....XX
..X...
.X....
X.XX..",,,,,,,,,
55,6,11,all,0,0144816c03,00f05a0105,3,"4,1;1,2;4,2","1,1;1,2;1,2",1,232,0,"{""94"":1,""118"":1,""125"":3,""140"":2,""151"":2,""232"":2}",102,0,"{""6"":1,""8"":1,""18"":1,""19"":1,""21"":1,""24"":1,""25"":1,""26"":1,""27"":1,""28"":1,""29"":1,""30"":1,""31"":2,""32"":1,""34"":2,""36"":1,""40"":2,""41"":2,""43"":1,""47"":1,""49"":1,""50"":2,""51"":1,""52"":3,""53"":1,""54"":2,""55"":1,""57"":1,""58"":4,""60"":2,""65"":3,""66"":1,""67"":1,""76"":2,""79"":1,""85"":1,""86"":1,""87"":2,""102"":1}",45,2,"{""1"":2,""2"":2,""3"":9,""4"":5,""5"":4,""6"":6,""7"":4,""8"":7,""9"":8,""10"":6,""11"":4,""12"":2,""13"":9,""14"":8,""15"":5,""16"":5,""17"":5,""18"":4,""19"":6,""20"":6,""21"":4,""22"":2,""23"":3,""24"":6,""25"":3,""26"":3,""27"":4,""28"":4,""29"":4,""30"":5,""31"":3,""34"":2,""35"":4,""36"":3,""37"":4,""38"":1,""40"":1,""45"":2}","XX....
....XX
.XX.X.
.....X
..X...
X.X...",,,,,,,,,
56,6,11,all,0,0b0110ac03,00f028406c,4,"1,0;4,1;1,2;2,3","0,1;1,1;1,2;2,2",1,232,0,"{""94"":2,""118"":1,""125"":1,""140"":3,""151"":2,""232"":2}",87,0,"{""8"":1,""15"":1,""16"":1,""19"":1,""24"":2,""25"":1,""27"":1,""28"":1,""30"":2,""32"":1,""33"":1,""34"":2,""36"":1,""38"":1,""40"":2,""41"":2,""44"":1,""45"":2,""47"":1,""49"":1,""50"":2,""51"":1,""52"":1,""53"":1,""54"":2,""55"":6,""57"":3,""58"":1,""60"":2,""65"":1,""66"":1,""67"":1,""76"":2,""79"":1,""80"":1,""85"":1,""86"":1,""87"":1}",41,0,"{""2"":5,""4"":4,""5"":4,""6"":6,""7"":3,""8"":9,""9"":4,""10"":6,""11"":3,""12"":7,""13"":7,""14"":9,""15"":7,""16"":8,""17"":6,""18"":10,""19"":7,""20"":11,""21"":1,""22"":10,""23"":5,""24"":4,""25"":8,""26"":2,""27"":1,""28"":5,""29"":2,""30"":2,""31"":1,""32"":1,""35"":2,""37"":3,""40"":1,""41"":1}","XX....
....XX
.X.X..
..X...
X.....
..XX.X",22,9,"{""1"":9,""2"":38,""3"":25,""4"":39,""5"":40,""6"":30,""7"":32,""8"":23,""9"":22,""10"":19,""11"":15,""12"":11,""13"":7,""14"":7,""15"":1,""16"":6,""17"":1,""18"":1,""19"":2,""22"":2}",,,,,,
57,6,11,all,0,0518151803,00b442804d,4,"0,0;1,0;0,2;0,3","0,0;0,1;0,2;0,2",1,232,0,"{""94"":1,""118"":1,""125"":2,""140"":3,""151"":3,""232"":1}",87,0,"{""10"":1,""11"":1,""15"":1,""19"":1,""20"":2,""21"":1,""26"":1,""27"":1,""29"":1,""30"":1,""31"":2,""32"":2,""33"":2,""34"":1,""36"":4,""37"":1,""40"":4,""41"":3,""43"":1,""45"":1,""47"":2,""49"":1,""50"":1,""53"":1,""55"":1,""57"":3,""58"":2,""60"":2,""65"":3,""66"":2,""67"":1,""76"":1,""79"":1,""86"":1,""87"":1}",40,0,"{""2"":3,""3"":7,""4"":6,""5"":13,""6"":9,""7"":3,""8"":6,""9"":5,""10"":3,""11"":6,""12"":11,""13"":12,""14"":14,""15"":5,""16"":6,""17"":3,""18"":4,""19"":7,""20"":5,""21"":2,""22"":6,""23"":4,""24"":4,""25"":2,""26"":1,""27"":3,""28"":1,""29"":1,""31"":2,""34"":1,""35"":4,""36"":1,""37"":3,""38"":1,""40"":1}","XX....
.....X
X...X.
X.X...
...XX.
..X.X.",23,38,"{""1"":38,""2"":56,""3"":56,""4"":36,""5"":18,""6"":21,""7"":19,""8"":12,""9"":14,""10"":14,""11"":13,""12"":5,""13"":7,""14"":4,""15"":7,""16"":3,""17"":2,""18"":1,""19"":1,""21"":1,""22"":1,""23"":1}",,,,,,
58,6,11,all,0,0558812803,00e04a0615,3,"1,2;4,2;4,5","1,2;1,2;0,1",1,232,0,"{""118"":1,""125"":3,""140"":3,""151"":2,""232"":2}",102,0,"{""6"":1,""11"":1,""18"":1,""19"":1,""20"":2,""26"":1,""29"":2,""30"":1,""31"":2,""32"":1,""36"":3,""40"":3,""41"":4,""43"":1,""47"":1,""49"":2,""50"":2,""51"":1,""52"":1,""54"":1,""55"":1,""57"":3,""58"":2,""60"":2,""65"":3,""66"":1,""67"":1,""76"":2,""79"":2,""85"":1,""86"":2,""87"":2,""102"":1}",45,1,"{""1"":1,""2"":5,""3"":10,""4"":5,""5"":6,""6"":7,""7"":4,""8"":5,""9"":7,""10"":4,""11"":4,""12"":3,""13"":11,""14"":9,""15"":3,""16"":7,""17"":6,""18"":2,""19"":4,""20"":4,""21"":3,""22"":4,""23"":1,""24"":3,""25"":4,""26"":4,""27"":7,""28"":4,""29"":4,""30"":3,""31"":2,""32"":1,""33"":1,""34"":1,""35"":5,""36"":2,""37"":4,""38"":1,""40"":2,""45"":2}","XX....
.....X
.X..X.
.....X
...XX.
X.X.X.",,,,,,,,,
59,6,11,all,0,0d0e805003,00c01603b4,3,"1,0;1,4;3,4","0,1;1,1;1,2",1,232,0,"{""94"":1,""118"":1,""125"":2,""140"":2,""151"":3,""232"":2}",87,0,"{""11"":1,""16"":2,""19"":1,""20"":1,""21"":1,""24"":1,""25"":1,""26"":1,""28"":1,""29"":1,""30"":1,""31"":1,""33"":1,""34"":1,""36"":1,""37"":1,""39"":1,""40"":1,""41"":2,""44"":1,""45"":1,""47"":1,""49"":2,""50"":2,""52"":2,""54"":3,""57"":2,""58"":2,""60"":3,""62"":1,""65"":4,""66"":1,""67"":2,""79"":2,""80"":1,""85"":2,""86"":1,""87"":1}",45,3,"{""1"":3,""2"":4,""3"":2,""4"":6,""5"":7,""6"":11,""7"":3,""8"":12,""9"":5,""10"":5,""11"":3,""12"":2,""13"":8,""14"":5,""15"":1,""16"":7,""17"":5,""18"":5,""19"":8,""20"":8,""21"":4,""22"":5,""23"":7,""24"":4,""25"":3,""26"":4,""27"":3,""28"":3,""29"":1,""30"":2,""31"":4,""33"":1,""34"":1,""35"":7,""36"":3,""37"":1,""38"":1,""45"":1}","XX....
......
X.X...
.....X
.XXX..
..X.XX",,,,,,,,,
60,6,11,all,0,00b442804d,00b442804d,4,"0,0;2,0;3,0;0,1","0,0;0,2;0,2;0,1",1,232,0,"{""94"":1,""118"":1,""125"":2,""140"":3,""151"":3,""232"":1}",87,0,"{""10"":1,""11"":1,""15"":1,""19"":1,""20"":2,""21"":1,""26"":1,""27"":1,""29"":1,""30"":1,""31"":2,""32"":2,""33"":2,""34"":1,""36"":4,""37"":1,""40"":4,""41"":3,""43"":1,""45"":1,""47"":2,""49"":1,""50"":1,""53"":1,""55"":1,""57"":3,""58"":2,""60"":2,""65"":3,""66"":2,""67"":1,""76"":1,""79"":1,""86"":1,""87"":1}",40,0,"{""2"":3,""3"":7,""4"":6,""5"":13,""6"":9,""7"":3,""8"":6,""9"":5,""10"":3,""11"":6,""12"":11,""13"":12,""14"":14,""15"":5,""16"":6,""17"":3,""18"":4,""19"":7,""20"":5,""21"":2,""22"":6,""23"":4,""24"":4,""25"":2,""26"":1,""27"":3,""28"":1,""29"":1,""31"":2,""34"":1,""35"":4,""36"":1,""37"":3,""38"":1,""40"":1}","X.XX..
X.....
...X.X
....X.
..X.XX
.X....",23,38,"{""1"":38,""2"":56,""3"":56,""4"":36,""5"":18,""6"":21,""7"":19,""8"":12,""9"":14,""10"":14,""11"":13,""12"":5,""13"":7,""14"":4,""15"":7,""16"":3,""17"":2,""18"":1,""19"":1,""21"":1,""22"":1,""23"":1}",,,,,,
61,6,11,all,0,00e8c0408d,00e8c0408d,3,"2,0;3,0;1,1","0,2;0,2;1,1",1,232,0,"{""94"":1,""118"":1,""125"":2,""140"":2,""151"":3,""232"":2}",102,0,"{""19"":1,""20"":2,""21"":1,""24"":1,""27"":1,""28"":2,""30"":2,""31"":1,""33"":1,""34"":1,""36"":2,""37"":2,""38"":1,""40"":3,""41"":1,""43"":1,""44"":1,""45"":1,""47"":1,""49"":1,""51"":1,""52"":1,""53"":1,""54"":2,""55"":1,""57"":1,""58"":2,""60"":4,""65"":2,""66"":1,""67"":1,""76"":2,""79"":1,""85"":2,""86"":2,""87"":2,""94"":1,""102"":1}",54,1,"{""1"":1,""3"":1,""4"":1,""5"":5,""6"":7,""7"":5,""8"":2,""9"":7,""10"":7,""11"":6,""12"":12,""13"":9,""14"":6,""15"":6,""16"":2,""17"":7,""18"":3,""19"":8,""20"":7,""21"":3,""22"":5,""23"":2,""24"":5,""25"":6,""27"":5,""28"":5,""29"":3,""30"":2,""31"":2,""33"":3,""34"":2,""35"":3,""36"":4,""37"":4,""40"":2,""41"":1,""42"":1,""44"":1,""45"":2,""54"":2}","X.XX..
.X....
..X...
....XX
...X.X
XX....",,,,,,,,,
62,6,11,all,0,044388810d,0101a301a3,4,"0,0;2,0;3,0;2,1","0,0;0,2;0,2;1,2",1,232,0,"{""94"":1,""118"":1,""125"":2,""140"":2,""151"":3,""232"":2}",102,0,"{""16"":2,""19"":1,""20"":1,""24"":1,""26"":1,""27"":1,""29"":1,""30"":2,""31"":1,""33"":1,""34"":2,""36"":4,""37"":1,""40"":3,""41"":1,""45"":1,""47"":2,""49"":3,""50"":2,""53"":1,""54"":2,""55"":3,""57"":2,""58"":2,""60"":2,""65"":2,""66"":2,""67"":1,""79"":1,""85"":2,""87"":2,""94"":1,""102"":1}",45,0,"{""2"":1,""3"":1,""4"":3,""5"":7,""6"":4,""7"":5,""8"":11,""9"":8,""10"":5,""11"":6,""12"":8,""13"":12,""14"":14,""15"":6,""16"":7,""17"":4,""18"":8,""19"":4,""20"":7,""21"":2,""22"":5,""23"":7,""24"":2,""25"":3,""26"":1,""27"":2,""28"":1,""29"":1,""30"":2,""31"":3,""32"":1,""33"":2,""34"":1,""35"":3,""36"":1,""37"":1,""38"":2,""40"":1,""44"":1,""45"":2}","X.XX..
..X...
...X..
.X...X
XX....
X...X.",24,13,"{""1"":13,""2"":28,""3"":46,""4"":48,""5"":49,""6"":32,""7"":18,""8"":18,""9"":23,""10"":11,""11"":12,""12"":7,""13"":2,""14"":5,""15"":6,""16"":1,""17"":4,""18"":3,""21"":2,""23"":1,""24"":1}",,,,,,
63,6,11,all,0,00c2d00a0d,00c2d00a0d,4,"2,0;3,0;2,3;1,5","0,2;0,2;2,2;0,1",1,232,0,"{""94"":1,""118"":1,""125"":2,""140"":2,""151"":3,""232"":2}",102,0,"{""18"":1,""24"":2,""25"":2,""28"":1,""29"":1,""30"":2,""31"":1,""32"":1,""34"":1,""36"":3,""37"":1,""38"":1,""39"":1,""40"":2,""41"":2,""44"":1,""45"":1,""47"":1,""49"":3,""51"":1,""52"":1,""53"":1,""54"":3,""55"":1,""57"":1,""58"":2,""60"":3,""65"":1,""66"":1,""67"":1,""76"":2,""79"":1,""85"":2,""86"":2,""87"":2,""94"":1,""102"":1}",54,0,"{""4"":3,""5"":2,""6"":5,""7"":3,""8"":9,""9"":3,""10"":7,""11"":3,""12"":11,""13"":4,""14"":5,""15"":4,""16"":9,""17"":10,""18"":10,""19"":6,""20"":7,""21"":3,""22"":7,""23"":6,""24"":3,""25"":2,""26"":2,""27"":6,""28"":3,""29"":4,""30"":1,""31"":2,""33"":3,""34"":2,""35"":4,""36"":3,""37"":3,""38"":2,""40"":1,""41"":1,""42"":2,""44"":1,""45"":2,""54"":1}","X.XX..
...X.X
......
..X.XX
.X....
XX....",31,8,"{""1"":8,""2"":15,""3"":26,""4"":33,""5"":20,""6"":30,""7"":32,""8"":20,""9"":21,""10"":24,""11"":16,""12"":16,""13"":12,""14"":8,""15"":11,""16"":8,""17"":4,""18"":8,""19"":3,""20"":3,""22"":1,""23"":3,""24"":4,""25"":1,""26"":1,""27"":1,""31"":1}",,,,,,
64,6,11,all,0,0442d00a0d,02a80c9421,4,"2,0;3,0;3,1;4,5","0,2;0,2;1,2;0,1",1,232,0,"{""94"":1,""118"":1,""125"":2,""140"":2,""151"":3,""232"":2}",102,0,"{""15"":1,""24"":1,""25"":2,""28"":1,""29"":1,""30"":2,""31"":1,""32"":1,""34"":1,""36"":1,""37"":1,""38"":1,""39"":1,""41"":3,""44"":1,""45"":1,""47"":1,""49"":3,""51"":2,""52"":2,""53"":1,""54"":3,""55"":2,""57"":3,""58"":2,""60"":2,""65"":1,""66"":1,""67"":1,""76"":1,""79"":2,""85"":2,""86"":2,""87"":2,""94"":1,""102"":1}",54,0,"{""4"":4,""5"":1,""6"":2,""7"":1,""8"":8,""9"":5,""10"":4,""11"":1,""12"":11,""13"":4,""14"":4,""15"":7,""16"":8,""17"":7,""18"":10,""19"":4,""20"":9,""21"":4,""22"":8,""23"":8,""24"":2,""25"":2,""26"":2,""27"":7,""28"":4,""29"":5,""30"":2,""31"":2,""32"":2,""33"":3,""34"":2,""35"":5,""36"":3,""37"":2,""38"":2,""40"":2,""41"":2,""42"":2,""44"":1,""45"":2,""54"":1}","X.XX..
...X.X
......
..X.XX
.X....
X...X.",31,2,"{""1"":2,""2"":12,""3"":21,""4"":21,""5"":25,""6"":29,""7"":28,""8"":19,""9"":21,""10"":26,""11"":16,""12"":19,""13"":15,""14"":15,""15"":14,""16"":7,""17"":6,""18"":10,""19"":5,""20"":4,""21"":1,""22"":2,""23"":3,""24"":4,""25"":2,""26"":1,""27"":1,""31"":1}",,,,,,
65,6,11,all,0,04430a880d,01a0141631,4,"0,0;3,0;5,1;5,2","0,0;0,2;0,1;0,2",1,232,0,"{""94"":1,""118"":1,""125"":1,""140"":3,""151"":3,""232"":2}",102,0,"{""10"":1,""16"":2,""21"":1,""24"":1,""26"":1,""27"":1,""30"":1,""32"":2,""33"":2,""34"":1,""36"":4,""37"":1,""40"":3,""41"":2,""43"":1,""45"":1,""47"":1,""49"":2,""50"":2,""53"":2,""54"":1,""55"":3,""57"":3,""58"":1,""60"":2,""65"":2,""66"":1,""67"":1,""76"":1,""79"":2,""85"":2,""87"":2,""94"":1,""102"":1}",45,0,"{""2"":1,""3"":2,""4"":2,""5"":8,""6"":7,""7"":6,""8"":8,""9"":5,""10"":7,""11"":4,""12"":8,""13"":10,""14"":13,""15"":7,""16"":9,""17"":5,""18"":7,""19"":2,""20"":8,""21"":2,""22"":7,""23"":5,""24"":2,""25"":4,""26"":3,""27"":2,""29"":1,""30"":3,""31"":2,""32"":1,""33"":1,""35"":3,""36"":2,""38"":2,""40"":2,""44"":2,""45"":2}","X.XX..
.....X
...X.X
.X....
XX....
X...X.",23,17,"{""1"":17,""2"":40,""3"":38,""4"":43,""5"":49,""6"":30,""7"":24,""8"":19,""9"":16,""10"":10,""11"":11,""12"":5,""13"":4,""14"":5,""15"":5,""16"":2,""17"":4,""18"":3,""19"":1,""20"":1,""22"":2,""23"":1}",,,,,,
66,6,11,all,0,0c0350880d,00f028406c,4,"2,0;3,2;2,3;1,4","0,2;2,2;2,2;1,1",1,232,0,"{""94"":2,""118"":1,""125"":1,""140"":3,""151"":2,""232"":2}",87,0,"{""8"":1,""15"":1,""16"":1,""19"":1,""24"":2,""25"":1,""27"":1,""28"":1,""30"":2,""32"":1,""33"":1,""34"":2,""36"":1,""38"":1,""40"":2,""41"":2,""44"":1,""45"":2,""47"":1,""49"":1,""50"":2,""51"":1,""52"":1,""53"":1,""54"":2,""55"":6,""57"":3,""58"":1,""60"":2,""65"":1,""66"":1,""67"":1,""76"":2,""79"":1,""80"":1,""85"":1,""86"":1,""87"":1}",41,0,"{""2"":5,""4"":4,""5"":4,""6"":6,""7"":3,""8"":9,""9"":4,""10"":6,""11"":3,""12"":7,""13"":7,""14"":9,""15"":7,""16"":8,""17"":6,""18"":10,""19"":7,""20"":11,""21"":1,""22"":10,""23"":5,""24"":4,""25"":8,""26"":2,""27"":1,""28"":5,""29"":2,""30"":2,""31"":1,""32"":1,""35"":2,""37"":3,""40"":1,""41"":1}","X.XX..
.....X
...X..
..X.X.
XX....
....XX",22,9,"{""1"":9,""2"":38,""3"":25,""4"":39,""5"":40,""6"":30,""7"":32,""8"":23,""9"":22,""10"":19,""11"":15,""12"":11,""13"":7,""14"":7,""15"":1,""16"":6,""17"":1,""18"":1,""19"":2,""22"":2}",,,,,,
67,6,11,all,0,0c1150880d,00e228406c,4,"0,0;3,2;0,4;4,4","0,0;2,2;0,1;1,1",1,232,0,"{""94"":2,""118"":1,""125"":1,""140"":3,""151"":2,""232"":2}",94,0,"{""8"":1,""15"":1,""19"":2,""21"":2,""24"":2,""25"":1,""26"":1,""27"":1,""28"":1,""30"":1,""32"":2,""33"":1,""34"":2,""36"":1,""40"":2,""41"":1,""44"":1,""45"":2,""47"":1,""49"":1,""50"":2,""51"":1,""52"":1,""53"":1,""55"":6,""57"":3,""58"":1,""60"":2,""65"":1,""66"":1,""67"":1,""76"":2,""79"":1,""80"":1,""85"":1,""86"":1,""87"":1,""94"":1}",44,0,"{""2"":5,""3"":1,""4"":5,""5"":6,""6"":5,""7"":2,""8"":12,""9"":3,""10"":6,""11"":8,""12"":9,""13"":7,""14"":10,""15"":7,""16"":8,""17"":3,""18"":8,""19"":6,""20"":8,""21"":1,""22"":10,""23"":1,""24"":2,""25"":8,""26"":2,""27"":1,""28"":5,""29"":3,""30"":1,""31"":2,""32"":1,""35"":2,""37"":3,""38"":1,""40"":1,""41"":1,""44"":1}","X.XX..
.....X
...X..
..X.X.
X...X.
....XX",22,16,"{""1"":16,""2"":41,""3"":34,""4"":40,""5"":37,""6"":30,""7"":25,""8"":23,""9"":21,""10"":17,""11"":15,""12"":10,""13"":5,""14"":4,""16"":5,""17"":1,""18"":2,""19"":2,""22"":2}",,,,,,
68,6,11,all,0,08b00ca00d,00c2a20364,4,"0,0;2,0;3,0;1,2","0,0;0,2;0,2;1,2",1,232,0,"{""94"":1,""118"":1,""125"":2,""140"":2,""151"":3,""232"":2}",94,0,"{""15"":1,""16"":1,""20"":1,""21"":1,""24"":1,""28"":1,""29"":1,""30"":3,""32"":1,""33"":1,""34"":2,""36"":2,""37"":1,""39"":1,""40"":2,""41"":1,""45"":1,""47"":1,""49"":3,""50"":1,""51"":1,""52"":1,""53"":1,""54"":1,""55"":3,""57"":2,""58"":2,""60"":4,""65"":2,""66"":2,""67"":1,""76"":1,""79"":1,""80"":1,""85"":1,""86"":1,""87"":2,""94"":1}",54,0,"{""3"":3,""4"":4,""5"":4,""6"":7,""7"":5,""8"":8,""9"":7,""10"":5,""11"":5,""12"":8,""13"":11,""14"":5,""15"":8,""16"":6,""17"":5,""18"":3,""19"":10,""20"":5,""21"":4,""22"":5,""23"":7,""24"":2,""25"":4,""26"":6,""27"":3,""28"":3,""29"":4,""31"":4,""34"":1,""35"":4,""36"":2,""37"":1,""38"":2,""40"":1,""44"":1,""45"":1,""54"":1}","X.XX..
......
.X.X..
XX....
....XX
.X...X",27,29,"{""1"":29,""2"":33,""3"":49,""4"":34,""5"":23,""6"":23,""7"":22,""8"":26,""9"":17,""10"":18,""11"":11,""12"":8,""13"":6,""14"":7,""15"":7,""16"":3,""17"":4,""18"":3,""19"":2,""20"":1,""21"":1,""23"":2,""27"":1}",,,,,,
69,6,11,all,0,00ea0a400d,00ea0a400d,3,"3,0;2,2;5,2","0,2;2,2;0,2",1,232,0,"{""94"":1,""118"":1,""125"":2,""140"":2,""151"":3,""232"":2}",102,0,"{""10"":1,""11"":1,""19"":2,""20"":1,""21"":1,""25"":1,""26"":1,""27"":1,""30"":1,""31"":1,""33"":1,""34"":1,""36"":1,""37"":1,""39"":1,""40"":2,""41"":1,""43"":2,""44"":1,""45"":1,""47"":1,""49"":3,""50"":1,""51"":2,""52"":2,""53"":2,""54"":1,""55"":1,""57"":1,""58"":1,""60"":2,""65"":3,""66"":1,""67"":1,""76"":2,""79"":1,""85"":2,""86"":1,""87"":2,""94"":1,""102"":1}",45,3,"{""1"":3,""2"":2,""3"":3,""4"":5,""5"":9,""6"":6,""7"":5,""8"":4,""9"":7,""10"":4,""11"":6,""12"":9,""13"":6,""14"":6,""15"":9,""16"":3,""17"":3,""18"":5,""19"":5,""20"":6,""21"":3,""22"":5,""23"":2,""24"":5,""25"":2,""26"":3,""27"":4,""28"":4,""29"":5,""30"":3,""31"":3,""33"":2,""34"":1,""35"":3,""36"":2,""37"":3,""38"":2,""40"":2,""41"":1,""44"":2,""45"":2}","X.XX..
......
..X..X
.X....
.X.X.X
XX....",,,,,,,,,
70,6,11,all,0,0846038055,02682220b1,4,"0,0;2,0;4,0;2,4","0,0;0,2;0,1;1,2",1,232,0,"{""94"":1,""118"":1,""125"":2,""140"":2,""151"":2,""232"":3}",102,0,"{""8"":1,""16"":2,""18"":1,""20"":1,""24"":1,""26"":1,""27"":1,""33"":1,""34"":1,""36"":2,""37"":1,""39"":1,""41"":3,""47"":1,""49"":3,""50"":1,""51"":1,""52"":1,""53"":1,""54"":3,""55"":4,""57"":3,""58"":2,""60"":3,""65"":1,""66"":1,""67"":1,""76"":1,""79"":2,""80"":1,""85"":2,""86"":1,""87"":2,""94"":1,""102"":2}",54,0,"{""3"":5,""4"":3,""5"":7,""6"":4,""7"":7,""8"":8,""9"":8,""10"":5,""11"":2,""12"":2,""13"":10,""14"":3,""15"":3,""16"":3,""17"":2,""18"":7,""19"":7,""20"":9,""21"":3,""22"":5,""23"":9,""24"":1,""25"":5,""26"":4,""27"":5,""28"":3,""29"":3,""30"":3,""31"":1,""32"":3,""33"":3,""34"":1,""35"":4,""36"":3,""37"":2,""38"":2,""40"":3,""41"":1,""42"":1,""44"":1,""45"":3,""54"":1}","X.X.X.
X.....
...XXX
......
.XX...
X....X",31,11,"{""1"":11,""2"":37,""3"":39,""4"":38,""5"":35,""6"":21,""7"":10,""8"":17,""9"":9,""10"":21,""11"":11,""12"":13,""13"":7,""14"":14,""15"":6,""16"":7,""17"":6,""18"":8,""19"":2,""20"":4,""21"":3,""22"":3,""23"":2,""24"":2,""25"":2,""26"":1,""31"":1}",,,,,,
71,6,11,all,0,0a42130055,02680640b1,4,"0,0;2,0;0,1;2,3","0,0;0,2;0,1;2,2",1,232,0,"{""94"":1,""118"":1,""125"":1,""140"":2,""151"":3,""232"":3}",102,0,"{""15"":1,""25"":1,""28"":1,""31"":1,""34"":1,""37"":1,""38"":1,""39"":1,""41"":3,""45"":1,""49"":2,""51"":1,""52"":2,""53"":1,""54"":3,""55"":4,""57"":3,""58"":2,""60"":4,""62"":1,""65"":3,""66"":2,""67"":2,""76"":1,""79"":2,""80"":1,""85"":3,""86"":1,""87"":2,""94"":1,""102"":2}",54,0,"{""5"":1,""6"":1,""8"":4,""9"":3,""10"":3,""12"":6,""13"":6,""14"":1,""15"":1,""16"":2,""17"":5,""18"":6,""19"":8,""20"":10,""21"":5,""22"":8,""23"":11,""24"":3,""25"":9,""26"":5,""27"":7,""28"":7,""29"":4,""30"":4,""31"":4,""32"":3,""33"":5,""34"":3,""35"":10,""36"":4,""37"":3,""38"":2,""40"":3,""41"":1,""42"":1,""44"":1,""45"":4,""54"":1}","X.X.X.
X.....
....XX
..X...
.X....
X..X.X",31,1,"{""1"":1,""2"":1,""3"":10,""4"":8,""5"":8,""6"":21,""7"":20,""8"":33,""9"":17,""10"":28,""11"":26,""12"":26,""13"":15,""14"":27,""15"":14,""16"":13,""17"":14,""18"":13,""19"":7,""20"":5,""21"":5,""22"":4,""23"":4,""24"":5,""25"":2,""26"":1,""27"":1,""31"":1}",,,,,,
72,6,11,all,0,0a48058095,00682e0425,4,"0,0;2,0;4,0;1,1","0,0;0,2;0,1;1,1",1,232,0,"{""94"":1,""118"":1,""125"":2,""140"":1,""151"":3,""232"":3}",102,0,"{""8"":1,""16"":1,""20"":1,""21"":1,""24"":1,""25"":1,""28"":1,""30"":1,""31"":2,""32"":1,""34"":2,""39"":1,""41"":2,""43"":2,""49"":2,""50"":1,""51"":1,""52"":1,""53"":1,""54"":2,""55"":3,""58"":3,""60"":3,""62"":1,""65"":3,""66"":1,""67"":3,""76"":1,""79"":1,""80"":1,""85"":2,""86"":2,""87"":2,""94"":1,""102"":2}",54,0,"{""2"":1,""3"":5,""4"":7,""5"":5,""6"":4,""7"":5,""8"":6,""9"":2,""10"":3,""11"":1,""12"":4,""13"":5,""14"":4,""15"":5,""16"":6,""17"":6,""18"":5,""19"":5,""20"":5,""21"":6,""22"":7,""23"":7,""24"":4,""25"":7,""26"":7,""27"":3,""28"":2,""29"":4,""30"":4,""31"":1,""32"":2,""33"":4,""34"":2,""35"":6,""36"":2,""37"":4,""38"":2,""40"":1,""41"":1,""42"":1,""44"":1,""45"":2,""54"":1}","X.X.X.
.X....
...XX.
X.....
...X..
X..X.X",31,30,"{""1"":30,""2"":25,""3"":49,""4"":26,""5"":18,""6"":13,""7"":5,""8"":17,""9"":29,""10"":17,""11"":16,""12"":10,""13"":10,""14"":14,""15"":13,""16"":9,""17"":6,""18"":7,""19"":4,""20"":1,""21"":2,""22"":3,""23"":1,""24"":3,""25"":1,""31"":1}",,,,,,
73,6,11,all,0,0242130315,010588b421,4,"0,0;2,0;2,1;3,1","0,0;0,2;1,2;1,2",1,232,0,"{""94"":1,""118"":1,""125"":3,""140"":1,""151"":3,""232"":2}",102,0,"{""16"":1,""20"":1,""25"":1,""28"":2,""29"":1,""30"":2,""31"":2,""34"":2,""37"":2,""38"":1,""39"":1,""40"":1,""41"":2,""43"":1,""44"":1,""45"":1,""49"":2,""50"":1,""51"":1,""52"":1,""53"":1,""54"":3,""55"":2,""57"":1,""58"":4,""60"":3,""62"":1,""65"":2,""66"":1,""67"":1,""79"":1,""85"":2,""86"":2,""87"":2,""94"":1,""102"":1}",54,0,"{""3"":2,""4"":2,""5"":1,""6"":4,""7"":3,""8"":5,""9"":4,""10"":6,""11"":1,""12"":9,""13"":5,""14"":5,""15"":3,""16"":5,""17"":8,""18"":6,""19"":9,""20"":8,""21"":6,""22"":8,""23"":6,""24"":6,""25"":4,""26"":1,""27"":7,""28"":5,""29"":2,""30"":3,""31"":3,""32"":1,""33"":3,""34"":2,""35"":6,""36"":3,""37"":2,""38"":2,""40"":1,""41"":1,""42"":1,""44"":1,""45"":3,""54"":2}","X.X.X.
..XX..
....XX
..X...
.X....
X..X..",31,4,"{""1"":4,""2"":12,""3"":26,""4"":17,""5"":24,""6"":23,""7"":14,""8"":27,""9"":23,""10"":19,""11"":26,""12"":24,""13"":16,""14"":12,""15"":12,""16"":8,""17"":6,""18"":9,""19"":4,""20"":5,""21"":3,""22"":3,""23"":3,""24"":5,""25"":1,""26"":1,""27"":2,""31"":1}",,,,,,
74,6,11,all,0,0a42130115,02680740a1,6,"0,0;2,0;4,0;2,1;2,3;5,5","0,0;0,2;0,1;1,2;2,2;0,0",1,232,0,"{""94"":1,""118"":1,""125"":2,""140"":1,""151"":3,""232"":3}",102,0,"{""25"":1,""28"":1,""30"":1,""31"":2,""34"":2,""37"":1,""38"":1,""39"":1,""41"":2,""43"":1,""44"":1,""45"":1,""49"":2,""50"":1,""51"":1,""52"":1,""53"":1,""54"":4,""55"":3,""57"":1,""58"":4,""60"":3,""62"":1,""65"":2,""66"":1,""67"":2,""76"":1,""79"":1,""80"":1,""85"":3,""86"":2,""87"":2,""94"":1,""102"":2}",54,0,"{""8"":1,""9"":1,""10"":3,""12"":6,""13"":6,""14"":3,""15"":2,""16"":7,""17"":8,""18"":8,""19"":8,""20"":10,""21"":6,""22"":11,""23"":10,""24"":4,""25"":8,""26"":5,""27"":6,""28"":6,""29"":3,""30"":3,""31"":3,""32"":1,""33"":5,""34"":2,""35"":8,""36"":4,""37"":4,""38"":2,""40"":2,""41"":1,""42"":2,""44"":1,""45"":4,""54"":1}","X.X.X.
..X...
....XX
..X...
.X....
X..X.X",31,0,"{""3"":3,""4"":3,""5"":8,""6"":13,""7"":14,""8"":35,""9"":32,""10"":36,""11"":31,""12"":31,""13"":24,""14"":21,""15"":14,""16"":12,""17"":7,""18"":12,""19"":6,""20"":5,""21"":3,""22"":4,""23"":3,""24"":7,""25"":2,""26"":1,""27"":2,""31"":1}",20,0,"{""2"":7,""3"":31,""4"":35,""5"":65,""6"":61,""7"":77,""8"":68,""9"":39,""10"":33,""11"":14,""12"":11,""13"":4,""14"":6,""15"":3,""16"":3,""17"":2,""18"":1,""20"":2}",14,3,"{""1"":3,""2"":41,""3"":74,""4"":84,""5"":98,""6"":69,""7"":47,""8"":21,""9"":16,""10"":5,""11"":3,""14"":1}"
75,6,11,all,0,0a43030115,02680700a3,4,"0,0;2,0;4,0;0,4","0,0;0,2;0,1;0,1",1,232,0,"{""118"":1,""125"":2,""140"":2,""151"":3,""232"":3}",102,0,"{""18"":1,""30"":1,""31"":2,""32"":1,""36"":3,""39"":1,""40"":2,""41"":2,""43"":1,""44"":1,""49"":2,""50"":1,""51"":1,""53"":1,""54"":4,""55"":2,""57"":1,""58"":4,""60"":4,""62"":1,""65"":2,""66"":1,""67"":2,""76"":2,""79"":1,""80"":1,""85"":3,""86"":2,""87"":2,""94"":1,""102"":2}",54,0,"{""2"":1,""4"":2,""5"":1,""6"":4,""7"":1,""8"":5,""9"":2,""10"":2,""11"":2,""12"":4,""13"":4,""14"":6,""15"":2,""16"":11,""17"":6,""18"":6,""19"":4,""20"":6,""21"":5,""22"":9,""23"":8,""24"":4,""25"":10,""26"":6,""27"":5,""28"":2,""29"":4,""30"":3,""31"":4,""32"":1,""33"":5,""34"":1,""35"":8,""36"":4,""37"":4,""38"":2,""40"":2,""41"":1,""42"":2,""44"":1,""45"":4,""54"":1}","X.X.X.
..X...
....XX
......
XX....
X..X.X",31,12,"{""1"":12,""2"":9,""3"":20,""4"":24,""5"":15,""6"":16,""7"":17,""8"":19,""9"":27,""10"":23,""11"":20,""12"":21,""13"":17,""14"":18,""15"":11,""16"":11,""17"":8,""18"":12,""19"":3,""20"":5,""21"":3,""22"":4,""23"":2,""24"":7,""25"":2,""26"":1,""27"":2,""31"":1}",,,,,,
76,6,11,all,0,00f8060115,00f8060115,5,"0,0;2,0;4,0;2,1;1,5","0,0;0,2;0,1;1,2;0,1",1,232,0,"{""118"":1,""125"":2,""140"":3,""151"":3,""232"":2}",102,0,"{""19"":2,""26"":1,""31"":1,""32"":1,""34"":1,""39"":2,""40"":1,""41"":3,""43"":1,""44"":2,""49"":2,""50"":2,""51"":1,""52"":2,""53"":1,""54"":2,""55"":1,""57"":4,""58"":3,""60"":3,""62"":1,""65"":5,""66"":2,""67"":2,""76"":2,""79"":2,""85"":1,""86"":1,""87"":2,""102"":1}",45,0,"{""4"":1,""5"":1,""6"":1,""7"":1,""8"":4,""9"":5,""10"":3,""11"":6,""12"":2,""13"":11,""14"":7,""15"":3,""16"":4,""17"":3,""18"":2,""19"":8,""20"":7,""21"":8,""22"":9,""23"":7,""24"":8,""25"":7,""26"":4,""27"":4,""28"":4,""29"":4,""30"":6,""31"":4,""32"":2,""33"":1,""34"":3,""35"":10,""36"":4,""37"":4,""38"":2,""40"":2,""41"":1,""45"":2}","X.X.X.
..X...
.....X
X.....
...XXX
XX....",27,0,"{""2"":5,""3"":16,""4"":16,""5"":20,""6"":21,""7"":41,""8"":32,""9"":24,""10"":21,""11"":19,""12"":15,""13"":10,""14"":26,""15"":8,""16"":18,""17"":10,""18"":8,""19"":6,""20"":1,""21"":5,""22"":4,""23"":3,""27"":1}",17,9,"{""1"":9,""2"":53,""3"":70,""4"":55,""5"":68,""6"":74,""7"":43,""8"":33,""9"":16,""10"":18,""11"":7,""12"":9,""13"":4,""14"":1,""16"":1,""17"":1}",,,
77,6,11,all,0,0878060115,02e20b0025,5,"0,0;2,0;4,0;4,4;5,5","0,0;0,2;0,1;1,1;0,0",1,232,0,"{""118"":1,""125"":2,""140"":2,""151"":3,""232"":3}",102,0,"{""19"":2,""26"":1,""31"":1,""32"":1,""34"":1,""39"":2,""40"":1,""41"":2,""43"":1,""44"":1,""49"":2,""50"":2,""51"":1,""52"":1,""53"":1,""54"":2,""55"":1,""57"":2,""58"":3,""60"":4,""62"":1,""65"":4,""66"":1,""67"":2,""76"":2,""79"":2,""80"":1,""85"":2,""86"":2,""87"":3,""94"":1,""102"":2}",54,0,"{""4"":1,""5"":1,""6"":1,""7"":1,""8"":4,""9"":5,""10"":3,""11"":6,""12"":2,""13"":8,""14"":7,""15"":5,""16"":2,""17"":4,""18"":2,""19"":4,""20"":5,""21"":5,""22"":8,""23"":7,""24"":6,""25"":8,""26"":7,""27"":6,""28"":3,""29"":5,""30"":6,""31"":4,""32"":2,""33"":3,""34"":2,""35"":8,""36"":5,""37"":6,""38"":3,""40"":2,""41"":1,""42"":1,""44"":1,""45"":4,""54"":1}","X.X.X.
..X...
.....X
X.....
...XXX
X....X",31,0,"{""2"":4,""3"":15,""4"":14,""5"":25,""6"":24,""7"":31,""8"":33,""9"":25,""10"":22,""11"":15,""12"":17,""13"":10,""14"":19,""15"":4,""16"":21,""17"":11,""18"":10,""19"":6,""20"":3,""21"":5,""22"":6,""23"":4,""24"":3,""25"":1,""27"":1,""31"":1}",20,6,"{""1"":6,""2"":53,""3"":79,""4"":69,""5"":64,""6"":59,""7"":40,""8"":29,""9"":18,""10"":17,""11"":6,""12"":9,""13"":4,""14"":2,""15"":2,""16"":1,""17"":2,""18"":1,""20"":1}",,,
78,6,11,all,0,00e04a0615,00e04a0615,3,"4,0;1,3;4,3","0,1;1,2;1,2",1,232,0,"{""118"":1,""125"":3,""140"":3,""151"":2,""232"":2}",102,0,"{""6"":1,""11"":1,""18"":1,""19"":1,""20"":2,""26"":1,""29"":2,""30"":1,""31"":2,""32"":1,""36"":3,""40"":3,""41"":4,""43"":1,""47"":1,""49"":2,""50"":2,""51"":1,""52"":1,""54"":1,""55"":1,""57"":3,""58"":2,""60"":2,""65"":3,""66"":1,""67"":1,""76"":2,""79"":2,""85"":1,""86"":2,""87"":2,""102"":1}",45,1,"{""1"":1,""2"":5,""3"":10,""4"":5,""5"":6,""6"":7,""7"":4,""8"":5,""9"":7,""10"":4,""11"":4,""12"":3,""13"":11,""14"":9,""15"":3,""16"":7,""17"":6,""18"":2,""19"":4,""20"":4,""21"":3,""22"":4,""23"":1,""24"":3,""25"":4,""26"":4,""27"":7,""28"":4,""29"":4,""30"":3,""31"":2,""32"":1,""33"":1,""34"":1,""35"":5,""36"":2,""37"":4,""38"":1,""40"":2,""45"":2}","X.X.X.
...XX.
.....X
.X..X.
.....X
XX....",,,,,,,,,
79,6,11,all,0,020940a0e5,0048d01193,4,"0,0;2,0;5,0;1,2","0,0;0,2;0,0;1,2",1,232,0,"{""94"":1,""118"":1,""125"":3,""140"":2,""151"":2,""232"":2}",102,0,"{""16"":1,""18"":1,""19"":2,""20"":2,""21"":1,""25"":1,""26"":1,""27"":1,""28"":1,""30"":2,""32"":1,""34"":4,""36"":1,""40"":3,""41"":1,""43"":1,""44"":1,""45"":1,""47"":2,""49"":1,""50"":1,""52"":2,""53"":1,""54"":2,""55"":2,""57"":1,""58"":2,""60"":4,""62"":1,""65"":1,""67"":1,""76"":1,""79"":1,""85"":1,""86"":2,""87"":1,""94"":1,""102"":1}",54,0,"{""3"":1,""4"":2,""5"":5,""6"":6,""7"":7,""8"":10,""9"":11,""10"":5,""11"":3,""12"":12,""13"":10,""14"":10,""15"":9,""16"":5,""17"":3,""18"":8,""19"":7,""20"":6,""21"":2,""22"":2,""23"":2,""24"":5,""25"":3,""26"":3,""27"":3,""28"":3,""29"":3,""30"":3,""31"":2,""32"":2,""33"":1,""34"":1,""35"":1,""36"":1,""37"":2,""40"":1,""42"":1,""44"":1,""45"":1,""54"":2}","X.X..X
XX....
.X.X..
....X.
X..X..
...X..",31,10,"{""1"":10,""2"":12,""3"":26,""4"":43,""5"":46,""6"":52,""7"":28,""8"":18,""9"":19,""10"":17,""11"":19,""12"":10,""13"":6,""14"":2,""15"":4,""16"":3,""17"":6,""18"":1,""20"":1,""21"":1,""22"":1,""24"":2,""25"":2,""31"":1}",,,,,,
80,6,11,all,0,00a8c040e5,00a8c040e5,4,"2,0;5,0;5,3;3,4","0,2;0,0;0,2;1,2",1,232,0,"{""94"":1,""118"":1,""125"":2,""140"":3,""151"":2,""232"":2}",102,0,"{""19"":2,""20"":1,""21"":1,""24"":2,""27"":1,""28"":2,""30"":1,""33"":1,""36"":3,""37"":2,""38"":1,""40"":3,""41"":1,""43"":1,""44"":1,""45"":1,""47"":1,""49"":1,""50"":1,""51"":1,""52"":1,""53"":1,""54"":2,""55"":2,""57"":3,""58"":1,""60"":5,""65"":1,""66"":1,""67"":1,""76"":2,""79"":2,""85"":1,""86"":2,""94"":1,""102"":1}",54,0,"{""2"":1,""3"":2,""4"":2,""5"":4,""6"":8,""7"":3,""8"":4,""9"":6,""10"":4,""11"":11,""12"":10,""13"":8,""14"":4,""15"":4,""16"":6,""17"":8,""18"":3,""19"":6,""20"":8,""21"":4,""22"":4,""23"":5,""24"":7,""25"":7,""26"":2,""27"":5,""28"":5,""29"":2,""31"":2,""32"":1,""33"":2,""34"":2,""35"":3,""36"":3,""37"":1,""40"":3,""41"":1,""42"":1,""44"":1,""54"":2}","X.X..X
XX....
..X...
....XX
...X.X
.X....",31,8,"{""1"":8,""2"":29,""3"":31,""4"":32,""5"":43,""6"":23,""7"":23,""8"":24,""9"":18,""10"":14,""11"":15,""12"":16,""13"":11,""14"":8,""15"":8,""16"":3,""17"":5,""18"":7,""19"":4,""21"":1,""23"":3,""24"":2,""26"":1,""31"":1}",,,,,,
81,6,11,all,0,02a0c040e5,00e2160219,3,"4,3;5,3;3,5","1,2;0,2;0,2",1,232,0,"{""94"":1,""118"":1,""125"":1,""140"":3,""151"":3,""232"":2}",102,0,"{""10"":1,""19"":1,""20"":1,""21"":1,""24"":2,""27"":1,""28"":2,""30"":1,""33"":1,""36"":3,""37"":1,""38"":1,""40"":3,""41"":2,""45"":1,""47"":1,""49"":1,""50"":1,""52"":1,""53"":2,""54"":2,""55"":2,""57"":4,""60"":4,""62"":1,""65"":2,""66"":1,""67"":1,""76"":2,""79"":2,""85"":2,""86"":1,""87"":1,""94"":1,""102"":1}",54,1,"{""1"":1,""2"":3,""3"":1,""4"":1,""5"":6,""6"":6,""7"":4,""8"":5,""9"":5,""10"":2,""11"":9,""12"":6,""13"":9,""14"":4,""15"":5,""16"":7,""17"":9,""18"":4,""19"":7,""20"":7,""21"":4,""22"":5,""23"":3,""24"":5,""25"":5,""26"":2,""27"":5,""28"":4,""29"":2,""30"":3,""31"":3,""32"":1,""33"":2,""34"":2,""35"":6,""36"":3,""37"":1,""40"":3,""42"":1,""44"":2,""45"":1,""54"":1}","X.X..X
XX....
..X...
....XX
.....X
.X.X..",,,,,,,,,
82,6,11,all,0,02844280e5,00e2464205,3,"2,0;1,1;2,4","0,2;1,1;1,2",1,232,0,"{""94"":1,""118"":1,""125"":2,""140"":2,""151"":3,""232"":2}",102,0,"{""19"":2,""20"":2,""21"":1,""25"":1,""27"":1,""29"":2,""30"":2,""31"":1,""33"":1,""34"":1,""36"":3,""37"":1,""40"":2,""41"":1,""45"":1,""47"":2,""49"":2,""52"":1,""53"":1,""54"":1,""55"":1,""57"":2,""58"":1,""60"":3,""62"":1,""65"":4,""66"":2,""67"":2,""76"":2,""79"":1,""85"":1,""86"":2,""87"":2,""94"":1,""102"":1}",54,1,"{""1"":1,""4"":2,""5"":2,""6"":5,""7"":6,""8"":6,""9"":7,""10"":2,""11"":6,""12"":10,""13"":8,""14"":9,""15"":5,""16"":6,""17"":5,""18"":4,""19"":8,""20"":3,""21"":5,""22"":6,""23"":5,""24"":4,""25"":3,""26"":2,""27"":8,""28"":3,""29"":3,""30"":3,""31"":4,""33"":1,""34"":2,""35"":6,""36"":2,""37"":4,""38"":3,""40"":2,""44"":1,""45"":2,""54"":1}","X.X..X
XX....
...X.X
....X.
..X...
.X.X..",,,,,,,,,
83,6,11,all,0,0289428065,0148d01813,4,"0,0;2,0;0,4;1,5","0,0;0,2;0,1;0,1",1,232,0,"{""94"":1,""125"":2,""140"":3,""151"":3,""232"":2}",102,0,"{""10"":1,""16"":1,""19"":2,""20"":1,""25"":1,""27"":1,""28"":1,""29"":1,""30"":1,""32"":1,""33"":1,""34"":2,""36"":3,""39"":1,""40"":1,""41"":1,""43"":1,""44"":1,""45"":2,""47"":1,""49"":1,""52"":2,""54"":1,""55"":2,""57"":2,""58"":1,""60"":2,""62"":1,""65"":4,""66"":2,""67"":2,""76"":2,""79"":2,""85"":1,""86"":2,""87"":2,""102"":1}",45,0,"{""2"":3,""3"":1,""4"":3,""5"":6,""6"":3,""7"":5,""8"":9,""9"":6,""10"":6,""11"":2,""12"":9,""13"":7,""14"":11,""15"":6,""16"":8,""17"":2,""18"":6,""19"":7,""20"":3,""21"":6,""22"":4,""23"":4,""24"":1,""25"":4,""26"":3,""27"":3,""28"":5,""29"":3,""30"":2,""31"":3,""32"":2,""33"":1,""34"":2,""35"":6,""36"":3,""37"":4,""38"":2,""40"":1,""42"":1,""45"":2}","X.X..X
X.....
...X.X
....X.
X..X..
.X.X..",25,14,"{""1"":14,""2"":32,""3"":19,""4"":43,""5"":33,""6"":33,""7"":21,""8"":20,""9"":23,""10"":18,""11"":13,""12"":11,""13"":9,""14"":8,""15"":5,""16"":8,""17"":9,""19"":3,""21"":3,""22"":2,""23"":2,""25"":1}",,,,,,
84,6,11,all,0,02860b0065,00f8460105,4,"0,0;2,0;1,3;2,4","0,0;0,2;1,2;1,2",1,232,0,"{""118"":1,""125"":3,""140"":2,""151"":3,""232"":2}",102,0,"{""18"":1,""19"":1,""20"":1,""26"":2,""28"":1,""29"":1,""31"":1,""32"":1,""34"":1,""36"":1,""39"":2,""40"":2,""41"":2,""43"":1,""44"":1,""47"":1,""49"":2,""50"":1,""51"":1,""52"":1,""53"":1,""54"":2,""57"":2,""58"":4,""60"":3,""62"":1,""65"":4,""66"":2,""67"":2,""76"":2,""79"":1,""85"":1,""86"":2,""87"":2,""102"":1}",45,0,"{""2"":1,""3"":2,""4"":2,""5"":2,""6"":3,""7"":3,""8"":7,""9"":7,""10"":5,""11"":5,""12"":2,""13"":11,""14"":10,""15"":4,""16"":3,""17"":2,""18"":2,""19"":5,""20"":6,""21"":7,""22"":5,""23"":7,""24"":6,""25"":7,""26"":3,""27"":5,""28"":4,""29"":5,""30"":5,""31"":4,""33"":1,""34"":3,""35"":7,""36"":3,""37"":5,""38"":2,""40"":1,""41"":1,""45"":2}","X.X..X
X.....
....XX
.X....
.XX...
.X.X..",27,15,"{""1"":15,""2"":20,""3"":17,""4"":19,""5"":18,""6"":26,""7"":40,""8"":25,""9"":16,""10"":21,""11"":20,""12"":9,""13"":9,""14"":20,""15"":11,""16"":13,""17"":7,""18"":8,""19"":4,""20"":1,""21"":4,""22"":4,""23"":2,""27"":1}",,,,,,
85,6,11,all,0,02a20b0065,00f8060115,5,"2,0;5,0;0,1;5,2;5,4","0,2;0,0;0,1;0,2;0,1",1,232,0,"{""118"":1,""125"":2,""140"":3,""151"":3,""232"":2}",102,0,"{""19"":2,""26"":1,""31"":1,""32"":1,""34"":1,""39"":2,""40"":1,""41"":3,""43"":1,""44"":2,""49"":2,""50"":2,""51"":1,""52"":2,""53"":1,""54"":2,""55"":1,""57"":4,""58"":3,""60"":3,""62"":1,""65"":5,""66"":2,""67"":2,""76"":2,""79"":2,""85"":1,""86"":1,""87"":2,""102"":1}",45,0,"{""4"":1,""5"":1,""6"":1,""7"":1,""8"":4,""9"":5,""10"":3,""11"":6,""12"":2,""13"":11,""14"":7,""15"":3,""16"":4,""17"":3,""18"":2,""19"":8,""20"":7,""21"":8,""22"":9,""23"":7,""24"":8,""25"":7,""26"":4,""27"":4,""28"":4,""29"":4,""30"":6,""31"":4,""32"":2,""33"":1,""34"":3,""35"":10,""36"":4,""37"":4,""38"":2,""40"":2,""41"":1,""45"":2}","X.X..X
X.....
....XX
.X....
.X...X
.X.X..",27,0,"{""2"":5,""3"":16,""4"":16,""5"":20,""6"":21,""7"":41,""8"":32,""9"":24,""10"":21,""11"":19,""12"":15,""13"":10,""14"":26,""15"":8,""16"":18,""17"":10,""18"":8,""19"":6,""20"":1,""21"":5,""22"":4,""23"":3,""27"":1}",17,9,"{""1"":9,""2"":53,""3"":70,""4"":55,""5"":68,""6"":74,""7"":43,""8"":33,""9"":16,""10"":18,""11"":7,""12"":9,""13"":4,""14"":1,""16"":1,""17"":1}",,,
86,6,11,all,0,02c20b0065,0144801e23,6,"0,0;2,0;5,0;0,1;5,2;0,5","0,0;0,2;0,0;0,1;0,2;0,0",1,232,0,"{""118"":1,""125"":2,""140"":2,""151"":3,""232"":3}",102,0,"{""19"":1,""26"":1,""31"":1,""32"":1,""34"":1,""39"":2,""40"":1,""41"":2,""43"":1,""44"":1,""49"":2,""50"":2,""51"":1,""52"":1,""53"":1,""54"":2,""55"":1,""57"":2,""58"":3,""60"":5,""62"":1,""65"":4,""66"":2,""67"":2,""76"":2,""79"":1,""80"":1,""85"":2,""86"":2,""87"":3,""94"":1,""102"":2}",54,0,"{""8"":3,""9"":3,""10"":3,""11"":3,""12"":2,""13"":9,""14"":8,""15"":5,""16"":1,""17"":3,""18"":3,""19"":5,""20"":7,""21"":7,""22"":9,""23"":9,""24"":7,""25"":8,""26"":6,""27"":4,""28"":3,""29"":7,""30"":7,""31"":6,""32"":1,""33"":3,""34"":3,""35"":7,""36"":3,""37"":7,""38"":3,""40"":2,""41"":1,""42"":1,""44"":1,""45"":4,""54"":1}","X.X..X
X.....
....XX
.X....
.X....
XX.X..",31,0,"{""4"":3,""5"":16,""6"":24,""7"":37,""8"":37,""9"":25,""10"":28,""11"":25,""12"":18,""13"":14,""14"":23,""15"":10,""16"":19,""17"":11,""18"":10,""19"":5,""20"":3,""21"":6,""22"":6,""23"":3,""24"":3,""25"":2,""27"":1,""31"":1}",20,0,"{""2"":5,""3"":30,""4"":80,""5"":87,""6"":87,""7"":60,""8"":39,""9"":21,""10"":22,""11"":9,""12"":10,""13"":3,""14"":2,""15"":2,""16"":1,""17"":2,""18"":1,""20"":1}",14,5,"{""1"":5,""2"":51,""3"":102,""4"":134,""5"":91,""6"":49,""7"":18,""8"":4,""9"":5,""10"":1,""11"":1,""14"":1}"
87,6,11,all,0,02e2090065,02e2090065,5,"0,0;2,0;0,1;5,4;0,5","0,0;0,2;0,1;0,1;0,0",1,232,0,"{""118"":1,""125"":2,""140"":3,""151"":2,""232"":3}",102,0,"{""19"":2,""26"":1,""31"":1,""32"":1,""34"":1,""39"":2,""40"":1,""41"":2,""44"":2,""49"":2,""50"":3,""51"":1,""52"":2,""54"":1,""55"":2,""57"":4,""58"":3,""60"":5,""62"":1,""65"":2,""66"":1,""67"":1,""76"":3,""79"":2,""80"":1,""85"":1,""86"":2,""87"":2,""94"":1,""102"":2}",54,0,"{""4"":1,""5"":1,""6"":1,""8"":4,""9"":4,""10"":3,""11"":6,""13"":9,""14"":6,""15"":6,""16"":3,""17"":2,""18"":3,""19"":8,""20"":10,""21"":3,""22"":11,""23"":7,""24"":7,""25"":8,""26"":7,""27"":4,""28"":6,""29"":7,""30"":6,""31"":4,""32"":3,""33"":2,""35"":7,""36"":3,""37"":6,""38"":1,""40"":3,""41"":1,""45"":1,""54"":1}","X.X..X
X.....
....X.
.X....
.X...X
XX.X..",25,0,"{""2"":3,""3"":9,""4"":14,""5"":25,""6"":24,""7"":38,""8"":29,""9"":26,""10"":29,""11"":26,""12"":21,""13"":12,""14"":21,""15"":3,""16"":15,""17"":10,""18"":9,""19"":5,""20"":2,""21"":2,""22"":3,""23"":2,""24"":1,""25"":1}",16,5,"{""1"":5,""2"":36,""3"":84,""4"":85,""5"":75,""6"":55,""7"":49,""8"":29,""9"":12,""10"":17,""11"":5,""12"":3,""13"":4,""14"":1,""15"":1,""16"":1}",,,
88,6,11,all,0,02284540a5,010588a429,4,"2,0;4,2;4,3;3,4","0,2;1,2;1,2;1,2",1,232,0,"{""94"":1,""118"":1,""125"":3,""140"":1,""151"":3,""232"":2}",102,0,"{""16"":1,""20"":2,""28"":2,""30"":2,""31"":2,""33"":1,""34"":2,""37"":2,""38"":1,""39"":1,""40"":1,""41"":1,""43"":2,""44"":1,""45"":1,""47"":1,""49"":1,""50"":1,""51"":1,""52"":1,""53"":1,""54"":2,""55"":2,""57"":1,""58"":4,""60"":4,""62"":1,""65"":3,""66"":1,""67"":1,""79"":1,""85"":2,""86"":2,""87"":1,""94"":1,""102"":1}",54,0,"{""3"":2,""4"":1,""5"":2,""6"":3,""7"":4,""8"":4,""9"":5,""10"":6,""11"":1,""12"":7,""13"":9,""14"":7,""15"":3,""16"":4,""17"":8,""18"":4,""19"":9,""20"":8,""21"":5,""22"":10,""23"":5,""24"":7,""25"":5,""26"":2,""27"":6,""28"":5,""29"":2,""30"":3,""31"":2,""32"":1,""33"":4,""34"":3,""35"":5,""36"":3,""37"":2,""40"":1,""41"":1,""42"":1,""44"":1,""45"":2,""54"":2}","X.X..X
.X....
..X.X.
X...X.
...X.X
...X..",31,1,"{""1"":1,""2"":10,""3"":27,""4"":26,""5"":31,""6"":25,""7"":11,""8"":26,""9"":21,""10"":21,""11"":26,""12"":22,""13"":18,""14"":9,""15"":13,""16"":5,""17"":6,""18"":8,""19"":4,""20"":4,""21"":3,""22"":2,""23"":2,""24"":5,""25"":1,""26"":1,""27"":1,""31"":1}",,,,,,
89,6,11,all,0,02680540a5,02680540a5,5,"0,0;2,0;5,0;1,1;0,5","0,0;0,2;0,0;1,1;0,0",1,232,0,"{""94"":1,""118"":1,""125"":2,""140"":1,""151"":3,""232"":3}",102,0,"{""20"":1,""28"":1,""30"":1,""31"":2,""33"":1,""34"":2,""37"":1,""38"":1,""39"":1,""41"":1,""43"":2,""44"":1,""45"":1,""49"":1,""50"":1,""51"":1,""52"":1,""53"":1,""54"":3,""55"":3,""57"":1,""58"":4,""60"":4,""62"":1,""65"":3,""66"":1,""67"":2,""76"":1,""79"":1,""80"":1,""85"":2,""86"":2,""87"":2,""94"":1,""102"":2}",54,0,"{""5"":2,""6"":1,""8"":2,""9"":3,""10"":2,""12"":4,""13"":8,""14"":6,""15"":2,""16"":6,""17"":9,""18"":3,""19"":9,""20"":9,""21"":5,""22"":13,""23"":8,""24"":5,""25"":8,""26"":7,""27"":5,""28"":6,""29"":3,""30"":4,""31"":2,""32"":1,""33"":5,""34"":3,""35"":6,""36"":4,""37"":5,""38"":1,""40"":2,""41"":1,""42"":1,""44"":1,""45"":2,""54"":1}","X.X..X
.X....
..X.X.
X.....
...X.X
X..X..",31,0,"{""2"":5,""3"":15,""4"":15,""5"":17,""6"":11,""7"":8,""8"":33,""9"":30,""10"":34,""11"":27,""12"":26,""13"":26,""14"":19,""15"":13,""16"":9,""17"":6,""18"":9,""19"":6,""20"":4,""21"":4,""22"":3,""23"":1,""24"":5,""25"":1,""26"":1,""27"":1,""31"":1}",20,17,"{""1"":17,""2"":67,""3"":50,""4"":38,""5"":40,""6"":39,""7"":69,""8"":56,""9"":32,""10"":21,""11"":9,""12"":8,""13"":3,""14"":5,""15"":2,""16"":2,""17"":2,""18"":1,""20"":1}",,,
90,6,11,all,0,0a901a0125,00682e0425,4,"0,0;2,0;5,0;2,1","0,0;0,2;0,0;1,2",1,232,0,"{""94"":1,""118"":1,""125"":2,""140"":1,""151"":3,""232"":3}",102,0,"{""8"":1,""16"":1,""20"":1,""21"":1,""24"":1,""25"":1,""28"":1,""30"":1,""31"":2,""32"":1,""34"":2,""39"":1,""41"":2,""43"":2,""49"":2,""50"":1,""51"":1,""52"":1,""53"":1,""54"":2,""55"":3,""58"":3,""60"":3,""62"":1,""65"":3,""66"":1,""67"":3,""76"":1,""79"":1,""80"":1,""85"":2,""86"":2,""87"":2,""94"":1,""102"":2}",54,0,"{""2"":1,""3"":5,""4"":7,""5"":5,""6"":4,""7"":5,""8"":6,""9"":2,""10"":3,""11"":1,""12"":4,""13"":5,""14"":4,""15"":5,""16"":6,""17"":6,""18"":5,""19"":5,""20"":5,""21"":6,""22"":7,""23"":7,""24"":4,""25"":7,""26"":7,""27"":3,""28"":2,""29"":4,""30"":4,""31"":1,""32"":2,""33"":4,""34"":2,""35"":6,""36"":2,""37"":4,""38"":2,""40"":1,""41"":1,""42"":1,""44"":1,""45"":2,""54"":1}","X.X..X
..X...
.....X
.XX...
....X.
.X.X.X",31,30,"{""1"":30,""2"":25,""3"":49,""4"":26,""5"":18,""6"":13,""7"":5,""8"":17,""9"":29,""10"":17,""11"":16,""12"":10,""13"":10,""14"":14,""15"":13,""16"":9,""17"":6,""18"":7,""19"":4,""20"":1,""21"":2,""22"":3,""23"":1,""24"":3,""25"":1,""31"":1}",,,,,,
91,6,11,all,0,02a80c0c25,0268070093,3,"5,1;5,4;1,5","0,1;0,1;0,1",1,232,0,"{""118"":1,""125"":2,""140"":3,""151"":3,""232"":2}",102,0,"{""16"":1,""18"":1,""30"":1,""31"":2,""32"":1,""36"":3,""39"":1,""40"":2,""41"":3,""43"":1,""44"":1,""49"":2,""51"":2,""52"":1,""53"":1,""54"":3,""55"":1,""57"":3,""58"":3,""60"":4,""62"":1,""65"":3,""66"":2,""67"":1,""76"":2,""79"":2,""85"":2,""86"":2,""87"":1,""94"":1,""102"":1}",54,1,"{""1"":1,""2"":1,""4"":1,""5"":3,""6"":3,""7"":3,""8"":7,""9"":1,""10"":2,""11"":2,""12"":4,""13"":3,""14"":3,""15"":3,""16"":8,""17"":6,""18"":8,""19"":3,""20"":7,""21"":6,""22"":10,""23"":7,""24"":4,""25"":7,""26"":5,""27"":6,""28"":3,""29"":6,""30"":2,""31"":5,""32"":2,""33"":4,""34"":2,""35"":9,""36"":4,""37"":3,""38"":1,""40"":2,""41"":2,""42"":2,""44"":1,""45"":2,""54"":1}","X.X..X
....XX
......
XX....
...X.X
.X.X..",,,,,,,,,
92,6,11,all,0,0a880c0c25,02680700a3,4,"2,0;4,1;5,1;5,5","0,2;1,1;0,1;0,0",1,232,0,"{""118"":1,""125"":2,""140"":2,""151"":3,""232"":3}",102,0,"{""18"":1,""30"":1,""31"":2,""32"":1,""36"":3,""39"":1,""40"":2,""41"":2,""43"":1,""44"":1,""49"":2,""50"":1,""51"":1,""53"":1,""54"":4,""55"":2,""57"":1,""58"":4,""60"":4,""62"":1,""65"":2,""66"":1,""67"":2,""76"":2,""79"":1,""80"":1,""85"":3,""86"":2,""87"":2,""94"":1,""102"":2}",54,0,"{""2"":1,""4"":2,""5"":1,""6"":4,""7"":1,""8"":5,""9"":2,""10"":2,""11"":2,""12"":4,""13"":4,""14"":6,""15"":2,""16"":11,""17"":6,""18"":6,""19"":4,""20"":6,""21"":5,""22"":9,""23"":8,""24"":4,""25"":10,""26"":6,""27"":5,""28"":2,""29"":4,""30"":3,""31"":4,""32"":1,""33"":5,""34"":1,""35"":8,""36"":4,""37"":4,""38"":2,""40"":2,""41"":1,""42"":2,""44"":1,""45"":4,""54"":1}","X.X..X
....XX
......
XX....
...X..
.X.X.X",31,12,"{""1"":12,""2"":9,""3"":20,""4"":24,""5"":15,""6"":16,""7"":17,""8"":19,""9"":27,""10"":23,""11"":20,""12"":21,""13"":17,""14"":18,""15"":11,""16"":11,""17"":8,""18"":12,""19"":3,""20"":5,""21"":3,""22"":4,""23"":2,""24"":7,""25"":2,""26"":1,""27"":2,""31"":1}",,,,,,
93,6,11,all,0,08880e8425,02680540a5,5,"0,0;5,0;4,1;5,2;5,5","0,0;0,0;1,1;0,2;0,0",1,232,0,"{""94"":1,""118"":1,""125"":2,""140"":1,""151"":3,""232"":3}",102,0,"{""20"":1,""28"":1,""30"":1,""31"":2,""33"":1,""34"":2,""37"":1,""38"":1,""39"":1,""41"":1,""43"":2,""44"":1,""45"":1,""49"":1,""50"":1,""51"":1,""52"":1,""53"":1,""54"":3,""55"":3,""57"":1,""58"":4,""60"":4,""62"":1,""65"":3,""66"":1,""67"":2,""76"":1,""79"":1,""80"":1,""85"":2,""86"":2,""87"":2,""94"":1,""102"":2}",54,0,"{""5"":2,""6"":1,""8"":2,""9"":3,""10"":2,""12"":4,""13"":8,""14"":6,""15"":2,""16"":6,""17"":9,""18"":3,""19"":9,""20"":9,""21"":5,""22"":13,""23"":8,""24"":5,""25"":8,""26"":7,""27"":5,""28"":6,""29"":3,""30"":4,""31"":2,""32"":1,""33"":5,""34"":3,""35"":6,""36"":4,""37"":5,""38"":1,""40"":2,""41"":1,""42"":1,""44"":1,""45"":2,""54"":1}","X.X..X
....X.
...X.X
XX....
...X..
.X...X",31,0,"{""2"":5,""3"":15,""4"":15,""5"":17,""6"":11,""7"":8,""8"":33,""9"":30,""10"":34,""11"":27,""12"":26,""13"":26,""14"":19,""15"":13,""16"":9,""17"":6,""18"":9,""19"":6,""20"":4,""21"":4,""22"":3,""23"":1,""24"":5,""25"":1,""26"":1,""27"":1,""31"":1}",20,17,"{""1"":17,""2"":67,""3"":50,""4"":38,""5"":40,""6"":39,""7"":69,""8"":56,""9"":32,""10"":21,""11"":9,""12"":8,""13"":3,""14"":5,""15"":2,""16"":2,""17"":2,""18"":1,""20"":1}",,,
94,6,11,all,0,02a80c8425,0268074091,6,"2,0;5,0;3,2;3,4;5,4;3,5","0,2;0,0;2,2;1,2;0,1;0,2",1,232,0,"{""94"":1,""118"":1,""125"":2,""140"":2,""151"":3,""232"":2}",102,0,"{""15"":1,""25"":1,""28"":1,""30"":1,""31"":2,""34"":2,""37"":1,""38"":1,""39"":1,""41"":3,""43"":1,""44"":1,""45"":1,""49"":2,""51"":2,""52"":2,""53"":1,""54"":3,""55"":2,""57"":3,""58"":3,""60"":3,""62"":1,""65"":3,""66"":2,""67"":1,""76"":1,""79"":2,""85"":2,""86"":2,""87"":1,""94"":1,""102"":1}",54,0,"{""5"":1,""6"":1,""8"":5,""9"":1,""10"":2,""12"":8,""13"":5,""14"":1,""15"":4,""16"":6,""17"":8,""18"":10,""19"":4,""20"":10,""21"":7,""22"":12,""23"":8,""24"":4,""25"":5,""26"":4,""27"":7,""28"":5,""29"":5,""30"":2,""31"":4,""32"":2,""33"":4,""34"":3,""35"":9,""36"":4,""37"":3,""38"":1,""40"":2,""41"":2,""42"":2,""44"":1,""45"":2,""54"":1}","X.X..X
....X.
...X..
XX....
...X.X
.X.X..",31,0,"{""3"":9,""4"":5,""5"":10,""6"":11,""7"":20,""8"":30,""9"":29,""10"":32,""11"":24,""12"":27,""13"":26,""14"":23,""15"":18,""16"":13,""17"":10,""18"":12,""19"":7,""20"":5,""21"":2,""22"":3,""23"":4,""24"":5,""25"":2,""26"":1,""27"":1,""31"":1}",20,0,"{""2"":16,""3"":34,""4"":38,""5"":61,""6"":63,""7"":73,""8"":60,""9"":35,""10"":31,""11"":18,""12"":14,""13"":7,""14"":5,""15"":2,""16"":3,""18"":1,""20"":1}",11,5,"{""1"":5,""2"":51,""3"":89,""4"":92,""5"":79,""6"":61,""7"":45,""8"":17,""9"":14,""10"":6,""11"":3}"
95,6,11,all,0,08a80c8425,02680540b1,5,"2,0;3,2;3,4;5,4;5,5","0,2;2,2;1,2;0,1;0,0",1,232,0,"{""94"":1,""118"":1,""125"":2,""140"":2,""151"":2,""232"":3}",102,0,"{""15"":1,""28"":1,""30"":1,""31"":2,""34"":2,""37"":1,""38"":1,""41"":2,""43"":1,""44"":1,""45"":1,""49"":1,""50"":1,""51"":2,""52"":2,""53"":1,""54"":3,""55"":4,""57"":2,""58"":4,""60"":4,""65"":2,""66"":2,""67"":1,""76"":1,""79"":2,""80"":1,""85"":2,""86"":2,""87"":1,""94"":1,""102"":2}",54,0,"{""6"":1,""8"":4,""9"":2,""10"":1,""12"":4,""13"":6,""14"":2,""15"":5,""16"":5,""17"":8,""18"":5,""19"":7,""20"":11,""21"":5,""22"":12,""23"":11,""24"":5,""25"":8,""26"":6,""27"":4,""28"":7,""29"":4,""30"":3,""31"":3,""32"":3,""33"":4,""34"":3,""35"":7,""36"":4,""37"":5,""40"":3,""41"":2,""42"":1,""44"":1,""45"":2,""54"":1}","X.X..X
....X.
...X..
XX....
...X.X
.X...X",31,0,"{""3"":4,""4"":5,""5"":8,""6"":12,""7"":17,""8"":35,""9"":31,""10"":34,""11"":32,""12"":27,""13"":23,""14"":22,""15"":19,""16"":11,""17"":7,""18"":11,""19"":8,""20"":4,""21"":4,""22"":4,""23"":2,""24"":5,""25"":2,""26"":1,""27"":1,""31"":1}",20,1,"{""1"":1,""2"":12,""3"":28,""4"":42,""5"":73,""6"":57,""7"":82,""8"":60,""9"":35,""10"":28,""11"":13,""12"":12,""13"":6,""14"":5,""15"":2,""16"":2,""17"":2,""18"":1,""20"":1}",,,
96,6,11,all,0,0a880c8425,02680740a1,6,"0,0;4,1;3,2;3,4;3,5;5,5","0,0;1,1;2,2;1,2;0,2;0,0",1,232,0,"{""94"":1,""118"":1,""125"":2,""140"":1,""151"":3,""232"":3}",102,0,"{""25"":1,""28"":1,""30"":1,""31"":2,""34"":2,""37"":1,""38"":1,""39"":1,""41"":2,""43"":1,""44"":1,""45"":1,""49"":2,""50"":1,""51"":1,""52"":1,""53"":1,""54"":4,""55"":3,""57"":1,""58"":4,""60"":3,""62"":1,""65"":2,""66"":1,""67"":2,""76"":1,""79"":1,""80"":1,""85"":3,""86"":2,""87"":2,""94"":1,""102"":2}",54,0,"{""8"":1,""9"":1,""10"":3,""12"":6,""13"":6,""14"":3,""15"":2,""16"":7,""17"":8,""18"":8,""19"":8,""20"":10,""21"":6,""22"":11,""23"":10,""24"":4,""25"":8,""26"":5,""27"":6,""28"":6,""29"":3,""30"":3,""31"":3,""32"":1,""33"":5,""34"":2,""35"":8,""36"":4,""37"":4,""38"":2,""40"":2,""41"":1,""42"":2,""44"":1,""45"":4,""54"":1}","X.X..X
....X.
...X..
XX....
...X..
.X.X.X",31,0,"{""3"":3,""4"":3,""5"":8,""6"":13,""7"":14,""8"":35,""9"":32,""10"":36,""11"":31,""12"":31,""13"":24,""14"":21,""15"":14,""16"":12,""17"":7,""18"":12,""19"":6,""20"":5,""21"":3,""22"":4,""23"":3,""24"":7,""25"":2,""26"":1,""27"":2,""31"":1}",20,0,"{""2"":7,""3"":31,""4"":35,""5"":65,""6"":61,""7"":77,""8"":68,""9"":39,""10"":33,""11"":14,""12"":11,""13"":4,""14"":6,""15"":3,""16"":3,""17"":2,""18"":1,""20"":2}",14,3,"{""1"":3,""2"":41,""3"":74,""4"":84,""5"":98,""6"":69,""7"":47,""8"":21,""9"":16,""10"":5,""11"":3,""14"":1}"
97,6,11,all,0,0aa00c8425,02680640b1,4,"3,2;5,4;3,5;5,5","2,2;0,1;0,2;0,0",1,232,0,"{""94"":1,""118"":1,""125"":1,""140"":2,""151"":3,""232"":3}",102,0,"{""15"":1,""25"":1,""28"":1,""31"":1,""34"":1,""37"":1,""38"":1,""39"":1,""41"":3,""45"":1,""49"":2,""51"":1,""52"":2,""53"":1,""54"":3,""55"":4,""57"":3,""58"":2,""60"":4,""62"":1,""65"":3,""66"":2,""67"":2,""76"":1,""79"":2,""80"":1,""85"":3,""86"":1,""87"":2,""94"":1,""102"":2}",54,0,"{""5"":1,""6"":1,""8"":4,""9"":3,""10"":3,""12"":6,""13"":6,""14"":1,""15"":1,""16"":2,""17"":5,""18"":6,""19"":8,""20"":10,""21"":5,""22"":8,""23"":11,""24"":3,""25"":9,""26"":5,""27"":7,""28"":7,""29"":4,""30"":4,""31"":4,""32"":3,""33"":5,""34"":3,""35"":10,""36"":4,""37"":3,""38"":2,""40"":3,""41"":1,""42"":1,""44"":1,""45"":4,""54"":1}","X.X..X
....X.
...X..
XX....
.....X
.X.X.X",31,1,"{""1"":1,""2"":1,""3"":10,""4"":8,""5"":8,""6"":21,""7"":20,""8"":33,""9"":17,""10"":28,""11"":26,""12"":26,""13"":15,""14"":27,""15"":14,""16"":13,""17"":14,""18"":13,""19"":7,""20"":5,""21"":5,""22"":4,""23"":4,""24"":5,""25"":2,""26"":1,""27"":1,""31"":1}",,,,,,
98,6,11,all,0,00682e0425,00682e0425,4,"0,0;2,0;5,0;3,3","0,0;0,2;0,0;2,2",1,232,0,"{""94"":1,""118"":1,""125"":2,""140"":1,""151"":3,""232"":3}",102,0,"{""8"":1,""16"":1,""20"":1,""21"":1,""24"":1,""25"":1,""28"":1,""30"":1,""31"":2,""32"":1,""34"":2,""39"":1,""41"":2,""43"":2,""49"":2,""50"":1,""51"":1,""52"":1,""53"":1,""54"":2,""55"":3,""58"":3,""60"":3,""62"":1,""65"":3,""66"":1,""67"":3,""76"":1,""79"":1,""80"":1,""85"":2,""86"":2,""87"":2,""94"":1,""102"":2}",54,0,"{""2"":1,""3"":5,""4"":7,""5"":5,""6"":4,""7"":5,""8"":6,""9"":2,""10"":3,""11"":1,""12"":4,""13"":5,""14"":4,""15"":5,""16"":6,""17"":6,""18"":5,""19"":5,""20"":5,""21"":6,""22"":7,""23"":7,""24"":4,""25"":7,""26"":7,""27"":3,""28"":2,""29"":4,""30"":4,""31"":1,""32"":2,""33"":4,""34"":2,""35"":6,""36"":2,""37"":4,""38"":2,""40"":1,""41"":1,""42"":1,""44"":1,""45"":2,""54"":1}","X.X..X
....X.
.....X
XX.X..
...X.X
X.....",31,30,"{""1"":30,""2"":25,""3"":49,""4"":26,""5"":18,""6"":13,""7"":5,""8"":17,""9"":29,""10"":17,""11"":16,""12"":10,""13"":10,""14"":14,""15"":13,""16"":9,""17"":6,""18"":7,""19"":4,""20"":1,""21"":2,""22"":3,""23"":1,""24"":3,""25"":1,""31"":1}",,,,,,
99,6,11,all,0,02e20b0025,02e20b0025,5,"2,0;5,2;5,4;0,5;3,5","0,2;0,2;0,1;0,0;0,2",1,232,0,"{""118"":1,""125"":2,""140"":2,""151"":3,""232"":3}",102,0,"{""19"":2,""26"":1,""31"":1,""32"":1,""34"":1,""39"":2,""40"":1,""41"":2,""43"":1,""44"":1,""49"":2,""50"":2,""51"":1,""52"":1,""53"":1,""54"":2,""55"":1,""57"":2,""58"":3,""60"":4,""62"":1,""65"":4,""66"":1,""67"":2,""76"":2,""79"":2,""80"":1,""85"":2,""86"":2,""87"":3,""94"":1,""102"":2}",54,0,"{""4"":1,""5"":1,""6"":1,""7"":1,""8"":4,""9"":5,""10"":3,""11"":6,""12"":2,""13"":8,""14"":7,""15"":5,""16"":2,""17"":4,""18"":2,""19"":4,""20"":5,""21"":5,""22"":8,""23"":7,""24"":6,""25"":8,""26"":7,""27"":6,""28"":3,""29"":5,""30"":6,""31"":4,""32"":2,""33"":3,""34"":2,""35"":8,""36"":5,""37"":6,""38"":3,""40"":2,""41"":1,""42"":1,""44"":1,""45"":4,""54"":1}","X.X..X
......
....XX
.X....
.X...X
XX.X..",31,0,"{""2"":4,""3"":15,""4"":14,""5"":25,""6"":24,""7"":31,""8"":33,""9"":25,""10"":22,""11"":15,""12"":17,""13"":10,""14"":19,""15"":4,""16"":21,""17"":11,""18"":10,""19"":6,""20"":3,""21"":5,""22"":6,""23"":4,""24"":3,""25"":1,""27"":1,""31"":1}",20,6,"{""1"":6,""2"":53,""3"":79,""4"":69,""5"":64,""6"":59,""7"":40,""8"":29,""9"":18,""10"":17,""11"":6,""12"":9,""13"":4,""14"":2,""15"":2,""16"":1,""17"":2,""18"":1,""20"":1}",,,
100,6,11,all,0,020940a8c5,0088d01193,3,"0,1;1,1;5,1","0,1;1,1;0,1",1,232,0,"{""94"":1,""118"":1,""125"":3,""140"":3,""151"":2,""232"":1}",94,0,"{""14"":1,""16"":1,""18"":1,""19"":3,""20"":2,""21"":1,""24"":1,""25"":1,""26"":1,""27"":1,""28"":1,""30"":2,""32"":2,""34"":4,""36"":2,""40"":4,""41"":1,""43"":1,""44"":2,""45"":1,""47"":2,""50"":2,""52"":2,""53"":1,""54"":1,""55"":2,""57"":1,""60"":3,""62"":1,""65"":1,""67"":1,""76"":1,""85"":1,""86"":2,""94"":1}",54,2,"{""1"":2,""2"":1,""3"":2,""4"":2,""5"":6,""6"":11,""7"":9,""8"":11,""9"":10,""10"":4,""11"":5,""12"":13,""13"":9,""14"":10,""15"":11,""16"":8,""17"":3,""18"":8,""19"":7,""20"":4,""21"":1,""22"":1,""23"":1,""24"":5,""25"":4,""26"":1,""27"":1,""28"":2,""29"":2,""30"":2,""31"":2,""32"":1,""34"":1,""35"":1,""42"":1,""44"":1,""54"":2}","X.X...
XX...X
.X.X..
....X.
X..X..
...X..",,,,,,,,,
101,6,11,all,0,022142a0c5,0121095c28,4,"1,1;3,2;5,2;5,4","1,1;2,2;0,2;0,1",1,232,0,"{""94"":1,""118"":1,""125"":2,""140"":3,""151"":3,""232"":1}",94,0,"{""14"":1,""15"":1,""16"":1,""19"":1,""20"":2,""21"":1,""25"":1,""26"":1,""27"":1,""29"":1,""30"":2,""32"":1,""33"":1,""34"":3,""36"":3,""40"":4,""41"":3,""44"":1,""45"":1,""47"":2,""49"":1,""50"":2,""52"":1,""53"":1,""55"":2,""57"":2,""60"":2,""62"":1,""65"":4,""66"":1,""67"":1,""79"":1,""85"":1,""86"":1,""87"":1,""94"":1}",54,0,"{""2"":1,""3"":4,""4"":3,""5"":7,""6"":7,""7"":7,""8"":8,""9"":6,""10"":4,""11"":4,""12"":12,""13"":12,""14"":9,""15"":10,""16"":8,""17"":4,""18"":8,""19"":5,""20"":4,""21"":2,""22"":6,""23"":2,""24"":4,""25"":1,""26"":1,""27"":4,""28"":1,""29"":2,""30"":3,""31"":3,""32"":1,""34"":1,""35"":3,""36"":2,""37"":1,""38"":2,""44"":1,""45"":1,""54"":1}","X.X...
XX....
.X.X.X
....X.
X....X
...X..",25,6,"{""1"":6,""2"":35,""3"":26,""4"":32,""5"":43,""6"":45,""7"":29,""8"":15,""9"":22,""10"":21,""11"":11,""12"":10,""13"":9,""14"":6,""15"":1,""16"":6,""17"":4,""18"":4,""19"":1,""20"":1,""21"":1,""23"":1,""25"":1}",,,,,,
102,6,11,all,0,022940a0c5,00842e0632,4,"0,0;0,4;3,4;5,4","0,0;0,1;1,2;0,1",1,232,0,"{""94"":1,""118"":1,""125"":3,""140"":3,""151"":2,""232"":1}",94,0,"{""14"":1,""15"":1,""16"":1,""18"":1,""19"":2,""20"":2,""21"":1,""25"":1,""26"":1,""27"":1,""28"":1,""30"":2,""32"":1,""34"":4,""36"":2,""40"":4,""41"":2,""43"":1,""44"":1,""45"":1,""47"":2,""50"":2,""51"":1,""52"":1,""53"":1,""54"":1,""55"":2,""57"":2,""60"":3,""62"":1,""65"":2,""67"":1,""79"":1,""85"":1,""86"":2,""94"":1}",54,0,"{""2"":2,""3"":3,""4"":4,""5"":7,""6"":9,""7"":8,""8"":10,""9"":9,""10"":4,""11"":4,""12"":12,""13"":11,""14"":7,""15"":9,""16"":7,""17"":4,""18"":8,""19"":4,""20"":3,""21"":1,""22"":5,""23"":2,""24"":6,""25"":2,""26"":1,""27"":3,""28"":2,""29"":2,""30"":3,""31"":2,""32"":1,""34"":1,""35"":2,""36"":2,""41"":1,""42"":1,""44"":1,""54"":2}","X.X...
XX....
.X.X..
....X.
X..X.X
...X..",31,13,"{""1"":13,""2"":19,""3"":38,""4"":33,""5"":46,""6"":43,""7"":30,""8"":19,""9"":20,""10"":17,""11"":15,""12"":9,""13"":8,""14"":3,""15"":1,""16"":4,""17"":3,""18"":3,""20"":2,""24"":1,""25"":1,""26"":1,""31"":1}",,,,,,
103,6,11,all,0,0a214220c5,0143890868,4,"0,0;0,1;0,4;5,5","0,0;0,1;0,1;0,0",1,232,0,"{""118"":1,""125"":2,""140"":3,""151"":3,""232"":2}",94,0,"{""14"":1,""16"":1,""20"":2,""26"":1,""29"":1,""30"":2,""32"":2,""34"":1,""36"":3,""40"":4,""41"":3,""44"":1,""47"":2,""49"":1,""50"":3,""52"":1,""53"":1,""55"":1,""57"":2,""60"":4,""62"":1,""65"":4,""66"":1,""67"":2,""76"":1,""79"":2,""80"":1,""85"":2,""86"":2,""87"":1,""94"":1}",54,0,"{""3"":1,""4"":2,""5"":7,""6"":7,""7"":6,""8"":4,""9"":2,""10"":5,""11"":4,""12"":6,""13"":12,""14"":10,""15"":9,""16"":8,""17"":4,""18"":7,""19"":6,""20"":2,""21"":3,""22"":6,""23"":5,""24"":7,""25"":4,""26"":3,""27"":4,""28"":3,""29"":3,""30"":3,""31"":4,""32"":1,""33"":1,""34"":1,""35"":6,""36"":3,""37"":1,""38"":2,""44"":1,""45"":1,""54"":1}","X.X...
XX....
.X...X
....X.
X....X
...X.X",25,11,"{""1"":11,""2"":28,""3"":27,""4"":27,""5"":39,""6"":44,""7"":25,""8"":19,""9"":20,""10"":20,""11"":12,""12"":12,""13"":10,""14"":10,""15"":1,""16"":7,""17"":7,""18"":6,""19"":1,""20"":1,""21"":1,""23"":1,""25"":1}",,,,,,
104,6,11,all,0,04204740c5,008188bc28,4,"0,0;0,1;2,2;0,3","0,0;0,1;2,2;0,2",1,232,0,"{""94"":1,""118"":1,""125"":2,""140"":3,""151"":3,""232"":1}",94,0,"{""10"":1,""16"":1,""18"":1,""20"":3,""24"":1,""25"":1,""29"":1,""30"":1,""31"":1,""32"":1,""33"":1,""34"":2,""36"":2,""37"":1,""38"":1,""39"":1,""40"":3,""41"":4,""43"":1,""44"":1,""45"":2,""47"":1,""49"":1,""50"":1,""51"":1,""52"":2,""54"":1,""57"":1,""58"":1,""60"":3,""62"":1,""65"":3,""66"":2,""67"":1,""79"":2,""86"":1,""87"":1,""94"":1}",54,0,"{""2"":1,""3"":3,""4"":5,""5"":7,""6"":6,""7"":8,""8"":10,""9"":4,""10"":8,""11"":6,""12"":6,""13"":12,""14"":7,""15"":5,""16"":8,""17"":5,""18"":6,""19"":7,""20"":7,""21"":6,""22"":5,""23"":4,""24"":4,""26"":1,""27"":5,""28"":3,""29"":1,""31"":2,""34"":2,""35"":2,""36"":4,""37"":1,""38"":2,""41"":1,""54"":1}","X.X...
XX....
..X.XX
X...X.
.....X
....X.",26,11,"{""1"":11,""2"":39,""3"":51,""4"":49,""5"":32,""6"":29,""7"":19,""8"":22,""9"":17,""10"":10,""11"":6,""12"":7,""13"":9,""14"":6,""15"":6,""16"":4,""17"":3,""18"":5,""19"":3,""23"":1,""26"":1}",,,,,,
105,6,11,all,0,04204b40c5,008148bc28,3,"0,1;1,3;4,3","0,1;1,2;1,2",1,232,0,"{""94"":1,""118"":1,""125"":3,""140"":3,""151"":2,""232"":1}",94,0,"{""6"":1,""10"":1,""11"":1,""16"":1,""18"":1,""19"":1,""20"":2,""24"":1,""25"":1,""29"":1,""30"":1,""32"":1,""33"":1,""34"":2,""36"":3,""37"":1,""38"":1,""39"":1,""40"":2,""41"":3,""43"":1,""44"":2,""45"":2,""47"":1,""49"":2,""50"":1,""51"":1,""52"":3,""54"":1,""57"":1,""58"":2,""60"":2,""65"":2,""66"":1,""67"":1,""79"":2,""86"":1,""87"":1,""94"":1}",54,4,"{""1"":4,""2"":3,""3"":8,""4"":8,""5"":8,""6"":9,""7"":5,""8"":11,""9"":6,""10"":5,""11"":5,""12"":5,""13"":9,""14"":5,""15"":3,""16"":6,""17"":4,""18"":5,""19"":8,""20"":7,""21"":4,""22"":4,""23"":3,""24"":4,""26"":4,""27"":4,""28"":4,""29"":1,""31"":2,""34"":1,""35"":1,""36"":4,""37"":1,""38"":2,""41"":1,""54"":1}","X.X...
XX....
..X.XX
.X..X.
.....X
....X.",,,,,,,,,
106,6,11,all,0,0a20434445,00c01603b4,3,"0,1;4,1;4,3","0,1;1,1;1,2",1,232,0,"{""94"":1,""118"":1,""125"":2,""140"":2,""151"":3,""232"":2}",87,0,"{""11"":1,""16"":2,""19"":1,""20"":1,""21"":1,""24"":1,""25"":1,""26"":1,""28"":1,""29"":1,""30"":1,""31"":1,""33"":1,""34"":1,""36"":1,""37"":1,""39"":1,""40"":1,""41"":2,""44"":1,""45"":1,""47"":1,""49"":2,""50"":2,""52"":2,""54"":3,""57"":2,""58"":2,""60"":3,""62"":1,""65"":4,""66"":1,""67"":2,""79"":2,""80"":1,""85"":2,""86"":1,""87"":1}",45,3,"{""1"":3,""2"":4,""3"":2,""4"":6,""5"":7,""6"":11,""7"":3,""8"":12,""9"":5,""10"":5,""11"":3,""12"":2,""13"":8,""14"":5,""15"":1,""16"":7,""17"":5,""18"":5,""19"":8,""20"":8,""21"":4,""22"":5,""23"":7,""24"":4,""25"":3,""26"":4,""27"":3,""28"":3,""29"":1,""30"":2,""31"":4,""33"":1,""34"":1,""35"":7,""36"":3,""37"":1,""38"":1,""45"":1}","X.X...
X...X.
..X.XX
....X.
.....X
...X.X",,,,,,,,,
107,6,11,all,0,0082c2a845,0082c2a845,4,"0,0;0,1;5,1;5,3","0,0;0,1;0,1;0,2",1,232,0,"{""94"":1,""118"":1,""125"":2,""140"":3,""151"":3,""232"":1}",87,0,"{""11"":1,""14"":1,""16"":1,""18"":1,""19"":1,""20"":2,""21"":1,""24"":2,""27"":1,""29"":1,""30"":3,""32"":1,""33"":1,""34"":4,""36"":3,""40"":3,""41"":3,""43"":1,""44"":1,""45"":1,""47"":1,""49"":2,""50"":1,""52"":1,""53"":1,""54"":2,""55"":1,""57"":2,""60"":1,""65"":2,""66"":2,""67"":1,""76"":2,""85"":1,""86"":1,""87"":1}",42,0,"{""2"":1,""3"":6,""4"":10,""5"":12,""6"":10,""7"":8,""8"":6,""9"":9,""10"":4,""11"":5,""12"":8,""13"":10,""14"":8,""15"":6,""16"":6,""17"":3,""18"":8,""19"":6,""20"":5,""21"":1,""22"":6,""23"":4,""24"":4,""25"":3,""26"":1,""27"":3,""28"":1,""29"":1,""30"":1,""31"":2,""34"":1,""35"":2,""37"":2,""38"":1,""42"":1}","X.X...
X....X
.X.X.X
....XX
.X....
.X....",22,30,"{""1"":30,""2"":48,""3"":63,""4"":41,""5"":31,""6"":18,""7"":19,""8"":15,""9"":15,""10"":13,""11"":10,""12"":7,""13"":4,""14"":4,""15"":4,""16"":4,""17"":2,""21"":1,""22"":1}",,,,,,
108,6,11,all,0,0a30442845,0143890868,4,"0,0;0,1;5,1;0,3","0,0;0,1;0,1;0,2",1,232,0,"{""118"":1,""125"":2,""140"":3,""151"":3,""232"":2}",94,0,"{""14"":1,""16"":1,""20"":2,""26"":1,""29"":1,""30"":2,""32"":2,""34"":1,""36"":3,""40"":4,""41"":3,""44"":1,""47"":2,""49"":1,""50"":3,""52"":1,""53"":1,""55"":1,""57"":2,""60"":4,""62"":1,""65"":4,""66"":1,""67"":2,""76"":1,""79"":2,""80"":1,""85"":2,""86"":2,""87"":1,""94"":1}",54,0,"{""3"":1,""4"":2,""5"":7,""6"":7,""7"":6,""8"":4,""9"":2,""10"":5,""11"":4,""12"":6,""13"":12,""14"":10,""15"":9,""16"":8,""17"":4,""18"":7,""19"":6,""20"":2,""21"":3,""22"":6,""23"":5,""24"":7,""25"":4,""26"":3,""27"":4,""28"":3,""29"":3,""30"":3,""31"":4,""32"":1,""33"":1,""34"":1,""35"":6,""36"":3,""37"":1,""38"":2,""44"":1,""45"":1,""54"":1}","X.X...
X....X
.X....
X...X.
....XX
...X.X",25,11,"{""1"":11,""2"":28,""3"":27,""4"":27,""5"":39,""6"":44,""7"":25,""8"":19,""9"":20,""10"":20,""11"":12,""12"":12,""13"":10,""14"":10,""15"":1,""16"":7,""17"":7,""18"":6,""19"":1,""20"":1,""21"":1,""23"":1,""25"":1}",,,,,,
109,6,11,all,0,02c20b0845,0161c0208b,4,"2,0;0,1;5,1;4,2","0,2;0,1;0,1;1,2",1,232,0,"{""118"":1,""125"":2,""140"":3,""151"":3,""232"":2}",102,0,"{""14"":1,""18"":1,""19"":1,""21"":1,""26"":1,""31"":1,""32"":1,""34"":1,""36"":1,""39"":2,""40"":3,""41"":3,""43"":1,""44"":1,""49"":2,""50"":1,""51"":1,""52"":1,""53"":1,""54"":2,""55"":1,""57"":2,""58"":3,""60"":4,""62"":1,""65"":4,""66"":2,""67"":1,""76"":2,""79"":1,""85"":2,""86"":1,""87"":2,""94"":1,""102"":1}",54,0,"{""2"":1,""3"":3,""4"":1,""5"":3,""6"":4,""7"":5,""8"":6,""9"":4,""10"":4,""11"":2,""12"":4,""13"":10,""14"":7,""15"":6,""16"":3,""17"":4,""18"":5,""19"":4,""20"":6,""21"":6,""22"":8,""23"":6,""24"":6,""25"":6,""26"":2,""27"":3,""28"":3,""29"":5,""30"":5,""31"":6,""32"":1,""33"":2,""34"":3,""35"":4,""36"":3,""37"":5,""38"":2,""40"":1,""42"":1,""44"":1,""45"":3,""54"":1}","X.X...
X....X
....XX
.X....
.X....
XX.X..",31,6,"{""1"":6,""2"":36,""3"":23,""4"":5,""5"":26,""6"":23,""7"":35,""8"":25,""9"":14,""10"":19,""11"":19,""12"":15,""13"":11,""14"":19,""15"":9,""16"":10,""17"":6,""18"":8,""19"":2,""20"":3,""21"":5,""22"":3,""23"":1,""24"":3,""25"":2,""27"":1,""31"":1}",,,,,,
110,6,11,all,0,0086c2a045,0086c2a045,3,"2,0;1,2;2,4","0,2;1,2;1,2",1,232,0,"{""94"":1,""118"":1,""125"":3,""140"":2,""151"":3,""232"":1}",87,0,"{""11"":1,""16"":1,""19"":1,""20"":3,""24"":1,""26"":1,""27"":1,""29"":1,""30"":3,""31"":2,""33"":1,""34"":4,""36"":4,""37"":1,""40"":4,""41"":1,""43"":1,""45"":1,""47"":2,""49"":2,""50"":1,""53"":1,""54"":2,""55"":1,""57"":2,""58"":2,""60"":1,""65"":2,""66"":2,""67"":1,""76"":1,""85"":1,""86"":1,""87"":1}",42,1,"{""1"":1,""3"":3,""4"":8,""5"":9,""6"":8,""7"":3,""8"":8,""9"":10,""10"":4,""11"":8,""12"":12,""13"":11,""14"":9,""15"":6,""16"":6,""17"":4,""18"":6,""19"":7,""20"":8,""21"":1,""22"":6,""23"":5,""24"":3,""25"":3,""26"":1,""27"":3,""29"":1,""30"":1,""31"":2,""34"":1,""35"":3,""37"":2,""38"":1,""42"":1}","X.X...
X.....
.X.X.X
....XX
.XX...
.X....",,,,,,,,,
111,6,11,all,0,0a222c2045,00c01603b4,3,"1,2;1,3;1,4","1,2;1,2;1,1",1,232,0,"{""94"":1,""118"":1,""125"":2,""140"":2,""151"":3,""232"":2}",87,0,"{""11"":1,""16"":2,""19"":1,""20"":1,""21"":1,""24"":1,""25"":1,""26"":1,""28"":1,""29"":1,""30"":1,""31"":1,""33"":1,""34"":1,""36"":1,""37"":1,""39"":1,""40"":1,""41"":2,""44"":1,""45"":1,""47"":1,""49"":2,""50"":2,""52"":2,""54"":3,""57"":2,""58"":2,""60"":3,""62"":1,""65"":4,""66"":1,""67"":2,""79"":2,""80"":1,""85"":2,""86"":1,""87"":1}",45,3,"{""1"":3,""2"":4,""3"":2,""4"":6,""5"":7,""6"":11,""7"":3,""8"":12,""9"":5,""10"":5,""11"":3,""12"":2,""13"":8,""14"":5,""15"":1,""16"":7,""17"":5,""18"":5,""19"":8,""20"":8,""21"":4,""22"":5,""23"":7,""24"":4,""25"":3,""26"":4,""27"":3,""28"":3,""29"":1,""30"":2,""31"":4,""33"":1,""34"":1,""35"":7,""36"":3,""37"":1,""38"":1,""45"":1}","X.X...
X.....
.X....
XX.X..
.X...X
...X.X",,,,,,,,,
112,6,11,all,0,02a8404585,00621f0290,3,"2,0;2,1;4,1","0,2;1,2;1,1",1,232,0,"{""94"":1,""118"":2,""125"":3,""140"":2,""151"":2,""232"":1}",94,0,"{""4"":1,""8"":1,""11"":2,""18"":1,""19"":2,""20"":1,""21"":1,""26"":1,""27"":1,""28"":2,""30"":2,""31"":1,""33"":1,""34"":1,""36"":1,""37"":2,""38"":1,""40"":1,""41"":4,""43"":2,""44"":1,""45"":1,""47"":1,""49"":1,""50"":1,""51"":1,""52"":2,""53"":1,""54"":3,""57"":2,""60"":2,""62"":1,""65"":1,""66"":1,""67"":1,""76"":1,""79"":1,""85"":1,""86"":2,""94"":1}",54,11,"{""1"":11,""2"":8,""3"":2,""4"":4,""5"":11,""6"":7,""7"":6,""8"":4,""9"":9,""10"":2,""11"":2,""12"":7,""13"":8,""14"":5,""15"":3,""16"":3,""17"":6,""18"":11,""19"":5,""20"":8,""21"":4,""22"":6,""23"":1,""24"":5,""25"":2,""27"":5,""28"":4,""29"":1,""30"":1,""34"":2,""35"":4,""36"":2,""40"":1,""41"":1,""42"":1,""44"":1,""54"":2}","X.X...
.XX.X.
..X...
....X.
...X.X
.X.X..",,,,,,,,,
113,6,11,all,0,0e09440885,0162011278,4,"0,0;2,0;0,3;0,4","0,0;0,2;0,2;0,1",1,232,0,"{""118"":1,""125"":2,""140"":3,""151"":3,""232"":2}",94,0,"{""19"":1,""20"":3,""21"":2,""28"":1,""30"":1,""31"":1,""32"":3,""36"":3,""40"":4,""41"":2,""43"":1,""44"":1,""47"":1,""50"":3,""51"":1,""52"":1,""53"":1,""54"":1,""55"":2,""57"":2,""58"":1,""60"":4,""62"":1,""65"":2,""67"":2,""76"":2,""79"":1,""80"":1,""85"":2,""86"":2,""87"":1,""94"":1}",54,0,"{""3"":1,""4"":5,""5"":4,""6"":6,""7"":7,""8"":7,""9"":6,""10"":6,""11"":9,""12"":9,""13"":5,""14"":14,""15"":8,""16"":8,""17"":4,""18"":4,""19"":6,""20"":5,""21"":1,""22"":5,""23"":3,""24"":4,""25"":10,""26"":2,""27"":2,""28"":3,""29"":2,""30"":2,""31"":2,""32"":1,""33"":1,""34"":1,""35"":2,""36"":1,""37"":1,""38"":1,""40"":1,""41"":1,""42"":1,""44"":1,""45"":1,""54"":2}","X.X...
.X...X
......
X...X.
X..X..
...XXX",31,9,"{""1"":9,""2"":39,""3"":45,""4"":35,""5"":41,""6"":31,""7"":36,""8"":18,""9"":16,""10"":9,""11"":14,""12"":7,""13"":5,""14"":6,""15"":4,""16"":2,""17"":1,""18"":3,""19"":2,""20"":1,""21"":1,""24"":2,""25"":1,""26"":1,""31"":1}",,,,,,
114,6,11,all,0,00f8460105,00f8460105,4,"0,0;2,1;0,3;4,3","0,0;1,2;0,2;1,2",1,232,0,"{""118"":1,""125"":3,""140"":2,""151"":3,""232"":2}",102,0,"{""18"":1,""19"":1,""20"":1,""26"":2,""28"":1,""29"":1,""31"":1,""32"":1,""34"":1,""36"":1,""39"":2,""40"":2,""41"":2,""43"":1,""44"":1,""47"":1,""49"":2,""50"":1,""51"":1,""52"":1,""53"":1,""54"":2,""57"":2,""58"":4,""60"":3,""62"":1,""65"":4,""66"":2,""67"":2,""76"":2,""79"":1,""85"":1,""86"":2,""87"":2,""102"":1}",45,0,"{""2"":1,""3"":2,""4"":2,""5"":2,""6"":3,""7"":3,""8"":7,""9"":7,""10"":5,""11"":5,""12"":2,""13"":11,""14"":10,""15"":4,""16"":3,""17"":2,""18"":2,""19"":5,""20"":6,""21"":7,""22"":5,""23"":7,""24"":6,""25"":7,""26"":3,""27"":5,""28"":4,""29"":5,""30"":5,""31"":4,""33"":1,""34"":3,""35"":7,""36"":3,""37"":5,""38"":2,""40"":1,""41"":1,""45"":2}","X.X...
..X...
.....X
X...X.
...XXX
XX....",27,15,"{""1"":15,""2"":20,""3"":17,""4"":19,""5"":18,""6"":26,""7"":40,""8"":25,""9"":16,""10"":21,""11"":20,""12"":9,""13"":9,""14"":20,""15"":11,""16"":13,""17"":7,""18"":8,""19"":4,""20"":1,""21"":4,""22"":4,""23"":2,""27"":1}",,,,,,
115,6,11,all,0,08f8060105,0144801e23,6,"0,0;2,0;2,1;0,3;1,5;5,5","0,0;0,2;1,2;0,2;0,1;0,0",1,232,0,"{""118"":1,""125"":2,""140"":2,""151"":3,""232"":3}",102,0,"{""19"":1,""26"":1,""31"":1,""32"":1,""34"":1,""39"":2,""40"":1,""41"":2,""43"":1,""44"":1,""49"":2,""50"":2,""51"":1,""52"":1,""53"":1,""54"":2,""55"":1,""57"":2,""58"":3,""60"":5,""62"":1,""65"":4,""66"":2,""67"":2,""76"":2,""79"":1,""80"":1,""85"":2,""86"":2,""87"":3,""94"":1,""102"":2}",54,0,"{""8"":3,""9"":3,""10"":3,""11"":3,""12"":2,""13"":9,""14"":8,""15"":5,""16"":1,""17"":3,""18"":3,""19"":5,""20"":7,""21"":7,""22"":9,""23"":9,""24"":7,""25"":8,""26"":6,""27"":4,""28"":3,""29"":7,""30"":7,""31"":6,""32"":1,""33"":3,""34"":3,""35"":7,""36"":3,""37"":7,""38"":3,""40"":2,""41"":1,""42"":1,""44"":1,""45"":4,""54"":1}","X.X...
..X...
.....X
X.....
...XXX
XX...X",31,0,"{""4"":3,""5"":16,""6"":24,""7"":37,""8"":37,""9"":25,""10"":28,""11"":25,""12"":18,""13"":14,""14"":23,""15"":10,""16"":19,""17"":11,""18"":10,""19"":5,""20"":3,""21"":6,""22"":6,""23"":3,""24"":3,""25"":2,""27"":1,""31"":1}",20,0,"{""2"":5,""3"":30,""4"":80,""5"":87,""6"":87,""7"":60,""8"":39,""9"":21,""10"":22,""11"":9,""12"":10,""13"":3,""14"":2,""15"":2,""16"":1,""17"":2,""18"":1,""20"":1}",14,5,"{""1"":5,""2"":51,""3"":102,""4"":134,""5"":91,""6"":49,""7"":18,""8"":4,""9"":5,""10"":1,""11"":1,""14"":1}"
116,6,11,all,0,00f05a0105,00f05a0105,3,"1,3;2,3;4,3","1,2;2,2;1,2",1,232,0,"{""94"":1,""118"":1,""125"":3,""140"":2,""151"":2,""232"":2}",102,0,"{""6"":1,""8"":1,""18"":1,""19"":1,""21"":1,""24"":1,""25"":1,""26"":1,""27"":1,""28"":1,""29"":1,""30"":1,""31"":2,""32"":1,""34"":2,""36"":1,""40"":2,""41"":2,""43"":1,""47"":1,""49"":1,""50"":2,""51"":1,""52"":3,""53"":1,""54"":2,""55"":1,""57"":1,""58"":4,""60"":2,""65"":3,""66"":1,""67"":1,""76"":2,""79"":1,""85"":1,""86"":1,""87"":2,""102"":1}",45,2,"{""1"":2,""2"":2,""3"":9,""4"":5,""5"":4,""6"":6,""7"":4,""8"":7,""9"":8,""10"":6,""11"":4,""12"":2,""13"":9,""14"":8,""15"":5,""16"":5,""17"":5,""18"":4,""19"":6,""20"":6,""21"":4,""22"":2,""23"":3,""24"":6,""25"":3,""26"":3,""27"":4,""28"":4,""29"":4,""30"":5,""31"":3,""34"":2,""35"":4,""36"":3,""37"":4,""38"":1,""40"":1,""45"":2}","X.X...
..X...
.....X
.XX.X.
....XX
XX....",,,,,,,,,
117,6,11,all,0,08f01a0105,0144806c23,4,"5,2;2,3;5,4;5,5","0,2;2,2;0,1;0,0",1,232,0,"{""94"":1,""118"":1,""125"":2,""140"":2,""151"":2,""232"":3}",102,0,"{""8"":1,""19"":1,""21"":1,""24"":1,""25"":1,""27"":1,""28"":1,""30"":1,""31"":2,""32"":1,""34"":1,""40"":1,""41"":2,""43"":1,""49"":1,""50"":2,""51"":1,""52"":3,""53"":1,""54"":2,""55"":3,""57"":1,""58"":4,""60"":4,""65"":3,""66"":1,""67"":1,""76"":2,""79"":1,""80"":1,""85"":2,""86"":1,""87"":2,""94"":1,""102"":2}",54,0,"{""3"":3,""4"":4,""5"":4,""6"":4,""7"":2,""8"":3,""9"":4,""10"":6,""11"":3,""12"":2,""13"":9,""14"":6,""15"":5,""16"":5,""17"":5,""18"":6,""19"":7,""20"":5,""21"":4,""22"":7,""23"":6,""24"":7,""25"":4,""26"":5,""27"":2,""28"":5,""29"":5,""30"":5,""31"":5,""32"":1,""33"":2,""34"":2,""35"":5,""36"":3,""37"":5,""38"":1,""40"":2,""42"":1,""44"":1,""45"":3,""54"":1}","X.X...
..X...
.....X
.XX...
....XX
XX...X",31,2,"{""1"":2,""2"":30,""3"":28,""4"":26,""5"":18,""6"":20,""7"":16,""8"":27,""9"":23,""10"":22,""11"":24,""12"":18,""13"":9,""14"":13,""15"":10,""16"":14,""17"":3,""18"":4,""19"":5,""20"":2,""21"":4,""22"":3,""23"":2,""24"":3,""25"":2,""27"":1,""31"":1}",,,,,,
118,6,11,all,0,04e0074205,0148d01813,4,"2,0;3,1;4,2;1,5","0,2;1,2;1,2;0,1",1,232,0,"{""94"":1,""125"":2,""140"":3,""151"":3,""232"":2}",102,0,"{""10"":1,""16"":1,""19"":2,""20"":1,""25"":1,""27"":1,""28"":1,""29"":1,""30"":1,""32"":1,""33"":1,""34"":2,""36"":3,""39"":1,""40"":1,""41"":1,""43"":1,""44"":1,""45"":2,""47"":1,""49"":1,""52"":2,""54"":1,""55"":2,""57"":2,""58"":1,""60"":2,""62"":1,""65"":4,""66"":2,""67"":2,""76"":2,""79"":2,""85"":1,""86"":2,""87"":2,""102"":1}",45,0,"{""2"":3,""3"":1,""4"":3,""5"":6,""6"":3,""7"":5,""8"":9,""9"":6,""10"":6,""11"":2,""12"":9,""13"":7,""14"":11,""15"":6,""16"":8,""17"":2,""18"":6,""19"":7,""20"":3,""21"":6,""22"":4,""23"":4,""24"":1,""25"":4,""26"":3,""27"":3,""28"":5,""29"":3,""30"":2,""31"":3,""32"":2,""33"":1,""34"":2,""35"":6,""36"":3,""37"":4,""38"":2,""40"":1,""42"":1,""45"":2}","X.X...
...X..
..X.XX
X.....
.....X
XX..X.",25,14,"{""1"":14,""2"":32,""3"":19,""4"":43,""5"":33,""6"":33,""7"":21,""8"":20,""9"":23,""10"":18,""11"":13,""12"":11,""13"":9,""14"":8,""15"":5,""16"":8,""17"":9,""19"":3,""21"":3,""22"":2,""23"":2,""25"":1}",,,,,,
119,6,11,all,0,00e2464205,00e2464205,3,"0,3;4,3;1,4","0,2;1,2;1,1",1,232,0,"{""94"":1,""118"":1,""125"":2,""140"":2,""151"":3,""232"":2}",102,0,"{""19"":2,""20"":2,""21"":1,""25"":1,""27"":1,""29"":2,""30"":2,""31"":1,""33"":1,""34"":1,""36"":3,""37"":1,""40"":2,""41"":1,""45"":1,""47"":2,""49"":2,""52"":1,""53"":1,""54"":1,""55"":1,""57"":2,""58"":1,""60"":3,""62"":1,""65"":4,""66"":2,""67"":2,""76"":2,""79"":1,""85"":1,""86"":2,""87"":2,""94"":1,""102"":1}",54,1,"{""1"":1,""4"":2,""5"":2,""6"":5,""7"":6,""8"":6,""9"":7,""10"":2,""11"":6,""12"":10,""13"":8,""14"":9,""15"":5,""16"":6,""17"":5,""18"":4,""19"":8,""20"":3,""21"":5,""22"":6,""23"":5,""24"":4,""25"":3,""26"":2,""27"":8,""28"":3,""29"":3,""30"":3,""31"":4,""33"":1,""34"":2,""35"":6,""36"":2,""37"":4,""38"":3,""40"":2,""44"":1,""45"":2,""54"":1}","X.X...
...X..
..X..X
X...X.
.X...X
XX....",,,,,,,,,
120,6,11,all,0,04e2c04205,0148130893,3,"1,4;5,4;4,5","1,1;0,1;0,1",1,232,0,"{""94"":1,""118"":1,""125"":2,""140"":3,""151"":2,""232"":2}",102,0,"{""10"":1,""16"":1,""19"":2,""21"":2,""24"":1,""27"":1,""28"":1,""29"":1,""30"":1,""31"":1,""33"":1,""36"":4,""37"":1,""39"":1,""40"":3,""41"":1,""45"":2,""47"":1,""49"":3,""51"":1,""52"":2,""54"":2,""55"":2,""57"":2,""58"":1,""60"":2,""65"":1,""66"":1,""67"":1,""76"":2,""79"":2,""85"":1,""86"":2,""87"":2,""94"":1,""102"":1}",54,1,"{""1"":1,""2"":4,""3"":1,""4"":4,""5"":6,""6"":4,""7"":3,""8"":7,""9"":8,""10"":3,""11"":7,""12"":11,""13"":6,""14"":4,""15"":7,""16"":7,""17"":7,""18"":5,""19"":7,""20"":7,""21"":1,""22"":5,""23"":5,""24"":2,""25"":4,""26"":2,""27"":4,""28"":5,""29"":4,""30"":2,""31"":2,""32"":2,""33"":1,""35"":3,""36"":3,""37"":3,""38"":2,""40"":2,""41"":1,""42"":1,""45"":1,""54"":1}","X.X...
...X..
..X...
....XX
.X...X
XX..X.",,,,,,,,,
121,6,11,all,0,08c2110159,00688140f1,4,"0,0;3,0;4,0;0,1","0,0;0,2;0,1;0,1",1,232,0,"{""94"":1,""118"":1,""125"":2,""140"":3,""151"":1,""232"":3}",102,0,"{""15"":1,""19"":1,""21"":1,""24"":1,""28"":1,""29"":1,""30"":2,""31"":1,""32"":1,""34"":1,""36"":1,""37"":1,""38"":1,""40"":1,""41"":2,""44"":1,""45"":1,""49"":1,""50"":2,""51"":2,""52"":3,""53"":1,""54"":2,""55"":5,""57"":2,""58"":2,""60"":4,""76"":2,""79"":2,""80"":1,""85"":1,""86"":2,""87"":1,""94"":1,""102"":2}",54,0,"{""2"":2,""3"":4,""4"":1,""5"":3,""6"":8,""7"":2,""8"":6,""9"":5,""10"":1,""11"":1,""12"":7,""13"":8,""14"":5,""15"":6,""16"":8,""17"":4,""18"":5,""19"":7,""20"":13,""21"":4,""22"":5,""23"":8,""24"":6,""25"":6,""26"":3,""27"":6,""28"":5,""29"":3,""30"":2,""31"":2,""32"":4,""33"":2,""34"":1,""36"":2,""37"":2,""40"":3,""41"":2,""44"":1,""45"":1,""54"":1}","X..XX.
X.X...
....X.
..X...
.X....
XX...X",26,22,"{""1"":22,""2"":36,""3"":24,""4"":20,""5"":26,""6"":22,""7"":22,""8"":24,""9"":18,""10"":19,""11"":20,""12"":23,""13"":12,""14"":9,""15"":7,""16"":2,""17"":4,""18"":7,""19"":6,""21"":1,""22"":2,""23"":1,""24"":1,""25"":1,""26"":1}",,,,,,
122,6,11,all,0,08a8c01099,0162011278,4,"0,0;3,0;4,0;0,2","0,0;0,2;0,1;0,2",1,232,0,"{""118"":1,""125"":2,""140"":3,""151"":3,""232"":2}",94,0,"{""19"":1,""20"":3,""21"":2,""28"":1,""30"":1,""31"":1,""32"":3,""36"":3,""40"":4,""41"":2,""43"":1,""44"":1,""47"":1,""50"":3,""51"":1,""52"":1,""53"":1,""54"":1,""55"":2,""57"":2,""58"":1,""60"":4,""62"":1,""65"":2,""67"":2,""76"":2,""79"":1,""80"":1,""85"":2,""86"":2,""87"":1,""94"":1}",54,0,"{""3"":1,""4"":5,""5"":4,""6"":6,""7"":7,""8"":7,""9"":6,""10"":6,""11"":9,""12"":9,""13"":5,""14"":14,""15"":8,""16"":8,""17"":4,""18"":4,""19"":6,""20"":5,""21"":1,""22"":5,""23"":3,""24"":4,""25"":10,""26"":2,""27"":2,""28"":3,""29"":2,""30"":2,""31"":2,""32"":1,""33"":1,""34"":1,""35"":2,""36"":1,""37"":1,""38"":1,""40"":1,""41"":1,""42"":1,""44"":1,""45"":1,""54"":2}","X..XX.
.X....
X.....
....XX
...X.X
.X...X",31,9,"{""1"":9,""2"":39,""3"":45,""4"":35,""5"":41,""6"":31,""7"":36,""8"":18,""9"":16,""10"":9,""11"":14,""12"":7,""13"":5,""14"":6,""15"":4,""16"":2,""17"":1,""18"":3,""19"":2,""20"":1,""21"":1,""24"":2,""25"":1,""26"":1,""31"":1}",,,,,,
123,6,11,all,0,08e8c00099,01e4880461,4,"1,1;0,5;1,5;5,5","1,1;0,0;0,1;0,0",1,232,0,"{""118"":1,""125"":2,""140"":3,""151"":2,""232"":3}",102,0,"{""19"":1,""20"":2,""21"":2,""28"":1,""30"":1,""31"":1,""32"":2,""36"":2,""40"":3,""41"":2,""44"":1,""49"":1,""50"":3,""51"":1,""52"":1,""53"":1,""54"":2,""55"":2,""57"":2,""58"":2,""60"":5,""65"":1,""67"":1,""76"":3,""79"":2,""80"":1,""85"":2,""86"":2,""87"":2,""94"":1,""102"":2}",54,0,"{""4"":3,""5"":4,""6"":6,""7"":6,""8"":4,""9"":6,""10"":8,""11"":6,""12"":7,""13"":6,""14"":11,""15"":8,""16"":5,""17"":4,""18"":3,""19"":4,""20"":7,""21"":1,""22"":5,""23"":2,""24"":5,""25"":9,""26"":3,""27"":3,""28"":3,""29"":4,""30"":4,""31"":3,""32"":2,""33"":3,""34"":1,""35"":1,""36"":4,""37"":2,""38"":1,""40"":3,""41"":1,""42"":1,""44"":1,""45"":3,""54"":2}","X..XX.
.X....
......
....XX
...X.X
XX...X",31,3,"{""1"":3,""2"":30,""3"":35,""4"":45,""5"":37,""6"":28,""7"":34,""8"":16,""9"":19,""10"":13,""11"":17,""12"":8,""13"":2,""14"":5,""15"":5,""16"":3,""17"":3,""18"":6,""19"":4,""20"":2,""21"":2,""22"":3,""24"":5,""25"":2,""26"":1,""27"":1,""31"":1}",,,,,,
124,6,11,all,0,00e2150219,00a8c040e5,4,"0,0;3,0;3,1;4,2","0,0;0,2;1,2;1,2",1,232,0,"{""94"":1,""118"":1,""125"":2,""140"":3,""151"":2,""232"":2}",102,0,"{""19"":2,""20"":1,""21"":1,""24"":2,""27"":1,""28"":2,""30"":1,""33"":1,""36"":3,""37"":2,""38"":1,""40"":3,""41"":1,""43"":1,""44"":1,""45"":1,""47"":1,""49"":1,""50"":1,""51"":1,""52"":1,""53"":1,""54"":2,""55"":2,""57"":3,""58"":1,""60"":5,""65"":1,""66"":1,""67"":1,""76"":2,""79"":2,""85"":1,""86"":2,""94"":1,""102"":1}",54,0,"{""2"":1,""3"":2,""4"":2,""5"":4,""6"":8,""7"":3,""8"":4,""9"":6,""10"":4,""11"":11,""12"":10,""13"":8,""14"":4,""15"":4,""16"":6,""17"":8,""18"":3,""19"":6,""20"":8,""21"":4,""22"":4,""23"":5,""24"":7,""25"":7,""26"":2,""27"":5,""28"":5,""29"":2,""31"":2,""32"":1,""33"":2,""34"":2,""35"":3,""36"":3,""37"":1,""40"":3,""41"":1,""42"":1,""44"":1,""54"":2}","X..XX.
...X..
....X.
X.X...
.X...X
XX....",31,8,"{""1"":8,""2"":29,""3"":31,""4"":32,""5"":43,""6"":23,""7"":23,""8"":24,""9"":18,""10"":14,""11"":15,""12"":16,""13"":11,""14"":8,""15"":8,""16"":3,""17"":5,""18"":7,""19"":4,""21"":1,""23"":3,""24"":2,""26"":1,""31"":1}",,,,,,
125,6,11,all,0,00e2160219,00e2160219,3,"3,0;3,1;5,2","0,2;1,2;0,2",1,232,0,"{""94"":1,""118"":1,""125"":1,""140"":3,""151"":3,""232"":2}",102,0,"{""10"":1,""19"":1,""20"":1,""21"":1,""24"":2,""27"":1,""28"":2,""30"":1,""33"":1,""36"":3,""37"":1,""38"":1,""40"":3,""41"":2,""45"":1,""47"":1,""49"":1,""50"":1,""52"":1,""53"":2,""54"":2,""55"":2,""57"":4,""60"":4,""62"":1,""65"":2,""66"":1,""67"":1,""76"":2,""79"":2,""85"":2,""86"":1,""87"":1,""94"":1,""102"":1}",54,1,"{""1"":1,""2"":3,""3"":1,""4"":1,""5"":6,""6"":6,""7"":4,""8"":5,""9"":5,""10"":2,""11"":9,""12"":6,""13"":9,""14"":4,""15"":5,""16"":7,""17"":9,""18"":4,""19"":7,""20"":7,""21"":4,""22"":5,""23"":3,""24"":5,""25"":5,""26"":2,""27"":5,""28"":4,""29"":2,""30"":3,""31"":3,""32"":1,""33"":2,""34"":2,""35"":6,""36"":3,""37"":1,""40"":3,""42"":1,""44"":2,""45"":1,""54"":1}","X..XX.
...X..
.....X
X.X...
.X...X
XX....",,,,,,,,,
126,6,11,all,0,0505c000e9,0268070093,3,"0,1;0,4;4,5","0,1;0,1;0,1",1,232,0,"{""118"":1,""125"":2,""140"":3,""151"":3,""232"":2}",102,0,"{""16"":1,""18"":1,""30"":1,""31"":2,""32"":1,""36"":3,""39"":1,""40"":2,""41"":3,""43"":1,""44"":1,""49"":2,""51"":2,""52"":1,""53"":1,""54"":3,""55"":1,""57"":3,""58"":3,""60"":4,""62"":1,""65"":3,""66"":2,""67"":1,""76"":2,""79"":2,""85"":2,""86"":2,""87"":1,""94"":1,""102"":1}",54,1,"{""1"":1,""2"":1,""4"":1,""5"":3,""6"":3,""7"":3,""8"":7,""9"":1,""10"":2,""11"":2,""12"":4,""13"":3,""14"":3,""15"":3,""16"":8,""17"":6,""18"":8,""19"":3,""20"":7,""21"":6,""22"":10,""23"":7,""24"":4,""25"":7,""26"":5,""27"":6,""28"":3,""29"":6,""30"":2,""31"":5,""32"":2,""33"":4,""34"":2,""35"":9,""36"":4,""37"":3,""38"":1,""40"":2,""41"":2,""42"":2,""44"":1,""45"":2,""54"":1}","X..X.X
XX....
......
....XX
X.X...
..X.X.",,,,,,,,,
127,6,11,all,0,0544c000e9,02680700a3,4,"0,0;0,1;4,3;0,5","0,0;0,1;1,2;0,0",1,232,0,"{""118"":1,""125"":2,""140"":2,""151"":3,""232"":3}",102,0,"{""18"":1,""30"":1,""31"":2,""32"":1,""36"":3,""39"":1,""40"":2,""41"":2,""43"":1,""44"":1,""49"":2,""50"":1,""51"":1,""53"":1,""54"":4,""55"":2,""57"":1,""58"":4,""60"":4,""62"":1,""65"":2,""66"":1,""67"":2,""76"":2,""79"":1,""80"":1,""85"":3,""86"":2,""87"":2,""94"":1,""102"":2}",54,0,"{""2"":1,""4"":2,""5"":1,""6"":4,""7"":1,""8"":5,""9"":2,""10"":2,""11"":2,""12"":4,""13"":4,""14"":6,""15"":2,""16"":11,""17"":6,""18"":6,""19"":4,""20"":6,""21"":5,""22"":9,""23"":8,""24"":4,""25"":10,""26"":6,""27"":5,""28"":2,""29"":4,""30"":3,""31"":4,""32"":1,""33"":5,""34"":1,""35"":8,""36"":4,""37"":4,""38"":2,""40"":2,""41"":1,""42"":2,""44"":1,""45"":4,""54"":1}","X..X.X
XX....
......
....XX
..X...
X.X.X.",31,12,"{""1"":12,""2"":9,""3"":20,""4"":24,""5"":15,""6"":16,""7"":17,""8"":19,""9"":27,""10"":23,""11"":20,""12"":21,""13"":17,""14"":18,""15"":11,""16"":11,""17"":8,""18"":12,""19"":3,""20"":5,""21"":3,""22"":4,""23"":2,""24"":7,""25"":2,""26"":1,""27"":2,""31"":1}",,,,,,
128,6,11,all,0,0444c050a9,02680540a5,5,"0,0;5,0;1,1;0,2;0,5","0,0;0,0;1,1;0,2;0,0",1,232,0,"{""94"":1,""118"":1,""125"":2,""140"":1,""151"":3,""232"":3}",102,0,"{""20"":1,""28"":1,""30"":1,""31"":2,""33"":1,""34"":2,""37"":1,""38"":1,""39"":1,""41"":1,""43"":2,""44"":1,""45"":1,""49"":1,""50"":1,""51"":1,""52"":1,""53"":1,""54"":3,""55"":3,""57"":1,""58"":4,""60"":4,""62"":1,""65"":3,""66"":1,""67"":2,""76"":1,""79"":1,""80"":1,""85"":2,""86"":2,""87"":2,""94"":1,""102"":2}",54,0,"{""5"":2,""6"":1,""8"":2,""9"":3,""10"":2,""12"":4,""13"":8,""14"":6,""15"":2,""16"":6,""17"":9,""18"":3,""19"":9,""20"":9,""21"":5,""22"":13,""23"":8,""24"":5,""25"":8,""26"":7,""27"":5,""28"":6,""29"":3,""30"":4,""31"":2,""32"":1,""33"":5,""34"":3,""35"":6,""36"":4,""37"":5,""38"":1,""40"":2,""41"":1,""42"":1,""44"":1,""45"":2,""54"":1}","X..X.X
.X....
X.X...
....XX
..X...
X...X.",31,0,"{""2"":5,""3"":15,""4"":15,""5"":17,""6"":11,""7"":8,""8"":33,""9"":30,""10"":34,""11"":27,""12"":26,""13"":26,""14"":19,""15"":13,""16"":9,""17"":6,""18"":9,""19"":6,""20"":4,""21"":4,""22"":3,""23"":1,""24"":5,""25"":1,""26"":1,""27"":1,""31"":1}",20,17,"{""1"":17,""2"":67,""3"":50,""4"":38,""5"":40,""6"":39,""7"":69,""8"":56,""9"":32,""10"":21,""11"":9,""12"":8,""13"":3,""14"":5,""15"":2,""16"":2,""17"":2,""18"":1,""20"":1}",,,
129,6,11,all,0,0805d010a9,00682e0425,4,"0,0;3,0;5,0;2,3","0,0;0,2;0,0;2,2",1,232,0,"{""94"":1,""118"":1,""125"":2,""140"":1,""151"":3,""232"":3}",102,0,"{""8"":1,""16"":1,""20"":1,""21"":1,""24"":1,""25"":1,""28"":1,""30"":1,""31"":2,""32"":1,""34"":2,""39"":1,""41"":2,""43"":2,""49"":2,""50"":1,""51"":1,""52"":1,""53"":1,""54"":2,""55"":3,""58"":3,""60"":3,""62"":1,""65"":3,""66"":1,""67"":3,""76"":1,""79"":1,""80"":1,""85"":2,""86"":2,""87"":2,""94"":1,""102"":2}",54,0,"{""2"":1,""3"":5,""4"":7,""5"":5,""6"":4,""7"":5,""8"":6,""9"":2,""10"":3,""11"":1,""12"":4,""13"":5,""14"":4,""15"":5,""16"":6,""17"":6,""18"":5,""19"":5,""20"":5,""21"":6,""22"":7,""23"":7,""24"":4,""25"":7,""26"":7,""27"":3,""28"":2,""29"":4,""30"":4,""31"":1,""32"":2,""33"":4,""34"":2,""35"":6,""36"":2,""37"":4,""38"":2,""40"":1,""41"":1,""42"":1,""44"":1,""45"":2,""54"":1}","X..X.X
.X....
X.....
..X.XX
X.X...
.....X",31,30,"{""1"":30,""2"":25,""3"":49,""4"":26,""5"":18,""6"":13,""7"":5,""8"":17,""9"":29,""10"":17,""11"":16,""12"":10,""13"":10,""14"":14,""15"":13,""16"":9,""17"":6,""18"":7,""19"":4,""20"":1,""21"":2,""22"":3,""23"":1,""24"":3,""25"":1,""31"":1}",,,,,,
130,6,11,all,0,0445c040a9,02680540b1,5,"3,0;2,2;0,4;2,4;0,5","0,2;2,2;0,1;1,2;0,0",1,232,0,"{""94"":1,""118"":1,""125"":2,""140"":2,""151"":2,""232"":3}",102,0,"{""15"":1,""28"":1,""30"":1,""31"":2,""34"":2,""37"":1,""38"":1,""41"":2,""43"":1,""44"":1,""45"":1,""49"":1,""50"":1,""51"":2,""52"":2,""53"":1,""54"":3,""55"":4,""57"":2,""58"":4,""60"":4,""65"":2,""66"":2,""67"":1,""76"":1,""79"":2,""80"":1,""85"":2,""86"":2,""87"":1,""94"":1,""102"":2}",54,0,"{""6"":1,""8"":4,""9"":2,""10"":1,""12"":4,""13"":6,""14"":2,""15"":5,""16"":5,""17"":8,""18"":5,""19"":7,""20"":11,""21"":5,""22"":12,""23"":11,""24"":5,""25"":8,""26"":6,""27"":4,""28"":7,""29"":4,""30"":3,""31"":3,""32"":3,""33"":4,""34"":3,""35"":7,""36"":4,""37"":5,""40"":3,""41"":2,""42"":1,""44"":1,""45"":2,""54"":1}","X..X.X
.X....
..X...
....XX
X.X...
X...X.",31,0,"{""3"":4,""4"":5,""5"":8,""6"":12,""7"":17,""8"":35,""9"":31,""10"":34,""11"":32,""12"":27,""13"":23,""14"":22,""15"":19,""16"":11,""17"":7,""18"":11,""19"":8,""20"":4,""21"":4,""22"":4,""23"":2,""24"":5,""25"":2,""26"":1,""27"":1,""31"":1}",20,1,"{""1"":1,""2"":12,""3"":28,""4"":42,""5"":73,""6"":57,""7"":82,""8"":60,""9"":35,""10"":28,""11"":13,""12"":12,""13"":6,""14"":5,""15"":2,""16"":2,""17"":2,""18"":1,""20"":1}",,,
131,6,11,all,0,0505c040a9,0268074091,6,"0,0;3,0;2,2;0,4;2,4;2,5","0,0;0,2;2,2;0,1;1,2;0,2",1,232,0,"{""94"":1,""118"":1,""125"":2,""140"":2,""151"":3,""232"":2}",102,0,"{""15"":1,""25"":1,""28"":1,""30"":1,""31"":2,""34"":2,""37"":1,""38"":1,""39"":1,""41"":3,""43"":1,""44"":1,""45"":1,""49"":2,""51"":2,""52"":2,""53"":1,""54"":3,""55"":2,""57"":3,""58"":3,""60"":3,""62"":1,""65"":3,""66"":2,""67"":1,""76"":1,""79"":2,""85"":2,""86"":2,""87"":1,""94"":1,""102"":1}",54,0,"{""5"":1,""6"":1,""8"":5,""9"":1,""10"":2,""12"":8,""13"":5,""14"":1,""15"":4,""16"":6,""17"":8,""18"":10,""19"":4,""20"":10,""21"":7,""22"":12,""23"":8,""24"":4,""25"":5,""26"":4,""27"":7,""28"":5,""29"":5,""30"":2,""31"":4,""32"":2,""33"":4,""34"":3,""35"":9,""36"":4,""37"":3,""38"":1,""40"":2,""41"":2,""42"":2,""44"":1,""45"":2,""54"":1}","X..X.X
.X....
..X...
....XX
X.X...
..X.X.",31,0,"{""3"":9,""4"":5,""5"":10,""6"":11,""7"":20,""8"":30,""9"":29,""10"":32,""11"":24,""12"":27,""13"":26,""14"":23,""15"":18,""16"":13,""17"":10,""18"":12,""19"":7,""20"":5,""21"":2,""22"":3,""23"":4,""24"":5,""25"":2,""26"":1,""27"":1,""31"":1}",20,0,"{""2"":16,""3"":34,""4"":38,""5"":61,""6"":63,""7"":73,""8"":60,""9"":35,""10"":31,""11"":18,""12"":14,""13"":7,""14"":5,""15"":2,""16"":3,""18"":1,""20"":1}",11,5,"{""1"":5,""2"":51,""3"":89,""4"":92,""5"":79,""6"":61,""7"":45,""8"":17,""9"":14,""10"":6,""11"":3}"
132,6,11,all,0,0541c040a9,02680640b1,4,"2,2;0,4;0,5;2,5","2,2;0,1;0,0;0,2",1,232,0,"{""94"":1,""118"":1,""125"":1,""140"":2,""151"":3,""232"":3}",102,0,"{""15"":1,""25"":1,""28"":1,""31"":1,""34"":1,""37"":1,""38"":1,""39"":1,""41"":3,""45"":1,""49"":2,""51"":1,""52"":2,""53"":1,""54"":3,""55"":4,""57"":3,""58"":2,""60"":4,""62"":1,""65"":3,""66"":2,""67"":2,""76"":1,""79"":2,""80"":1,""85"":3,""86"":1,""87"":2,""94"":1,""102"":2}",54,0,"{""5"":1,""6"":1,""8"":4,""9"":3,""10"":3,""12"":6,""13"":6,""14"":1,""15"":1,""16"":2,""17"":5,""18"":6,""19"":8,""20"":10,""21"":5,""22"":8,""23"":11,""24"":3,""25"":9,""26"":5,""27"":7,""28"":7,""29"":4,""30"":4,""31"":4,""32"":3,""33"":5,""34"":3,""35"":10,""36"":4,""37"":3,""38"":2,""40"":3,""41"":1,""42"":1,""44"":1,""45"":4,""54"":1}","X..X.X
.X....
..X...
....XX
X.....
X.X.X.",31,1,"{""1"":1,""2"":1,""3"":10,""4"":8,""5"":8,""6"":21,""7"":20,""8"":33,""9"":17,""10"":28,""11"":26,""12"":26,""13"":15,""14"":27,""15"":14,""16"":13,""17"":14,""18"":13,""19"":7,""20"":5,""21"":5,""22"":4,""23"":4,""24"":5,""25"":2,""26"":1,""27"":1,""31"":1}",,,,,,
133,6,11,all,0,0544c040a9,02680740a1,6,"5,0;1,1;2,2;2,4;0,5;2,5","0,0;1,1;2,2;1,2;0,0;0,2",1,232,0,"{""94"":1,""118"":1,""125"":2,""140"":1,""151"":3,""232"":3}",102,0,"{""25"":1,""28"":1,""30"":1,""31"":2,""34"":2,""37"":1,""38"":1,""39"":1,""41"":2,""43"":1,""44"":1,""45"":1,""49"":2,""50"":1,""51"":1,""52"":1,""53"":1,""54"":4,""55"":3,""57"":1,""58"":4,""60"":3,""62"":1,""65"":2,""66"":1,""67"":2,""76"":1,""79"":1,""80"":1,""85"":3,""86"":2,""87"":2,""94"":1,""102"":2}",54,0,"{""8"":1,""9"":1,""10"":3,""12"":6,""13"":6,""14"":3,""15"":2,""16"":7,""17"":8,""18"":8,""19"":8,""20"":10,""21"":6,""22"":11,""23"":10,""24"":4,""25"":8,""26"":5,""27"":6,""28"":6,""29"":3,""30"":3,""31"":3,""32"":1,""33"":5,""34"":2,""35"":8,""36"":4,""37"":4,""38"":2,""40"":2,""41"":1,""42"":2,""44"":1,""45"":4,""54"":1}","X..X.X
.X....
..X...
....XX
..X...
X.X.X.",31,0,"{""3"":3,""4"":3,""5"":8,""6"":13,""7"":14,""8"":35,""9"":32,""10"":36,""11"":31,""12"":31,""13"":24,""14"":21,""15"":14,""16"":12,""17"":7,""18"":12,""19"":6,""20"":5,""21"":3,""22"":4,""23"":3,""24"":7,""25"":2,""26"":1,""27"":2,""31"":1}",20,0,"{""2"":7,""3"":31,""4"":35,""5"":65,""6"":61,""7"":77,""8"":68,""9"":39,""10"":33,""11"":14,""12"":11,""13"":4,""14"":6,""15"":3,""16"":3,""17"":2,""18"":1,""20"":2}",14,3,"{""1"":3,""2"":41,""3"":74,""4"":84,""5"":98,""6"":69,""7"":47,""8"":21,""9"":16,""10"":5,""11"":3,""14"":1}"
134,6,11,all,0,0542601229,00682e0425,4,"0,0;3,0;5,0;3,1","0,0;0,2;0,0;1,2",1,232,0,"{""94"":1,""118"":1,""125"":2,""140"":1,""151"":3,""232"":3}",102,0,"{""8"":1,""16"":1,""20"":1,""21"":1,""24"":1,""25"":1,""28"":1,""30"":1,""31"":2,""32"":1,""34"":2,""39"":1,""41"":2,""43"":2,""49"":2,""50"":1,""51"":1,""52"":1,""53"":1,""54"":2,""55"":3,""58"":3,""60"":3,""62"":1,""65"":3,""66"":1,""67"":3,""76"":1,""79"":1,""80"":1,""85"":2,""86"":2,""87"":2,""94"":1,""102"":2}",54,0,"{""2"":1,""3"":5,""4"":7,""5"":5,""6"":4,""7"":5,""8"":6,""9"":2,""10"":3,""11"":1,""12"":4,""13"":5,""14"":4,""15"":5,""16"":6,""17"":6,""18"":5,""19"":5,""20"":5,""21"":6,""22"":7,""23"":7,""24"":4,""25"":7,""26"":7,""27"":3,""28"":2,""29"":4,""30"":4,""31"":1,""32"":2,""33"":4,""34"":2,""35"":6,""36"":2,""37"":4,""38"":2,""40"":1,""41"":1,""42"":1,""44"":1,""45"":2,""54"":1}","X..X.X
...X..
X.....
...XX.
.X....
X.X.X.",31,30,"{""1"":30,""2"":25,""3"":49,""4"":26,""5"":18,""6"":13,""7"":5,""8"":17,""9"":29,""10"":17,""11"":16,""12"":10,""13"":10,""14"":14,""15"":13,""16"":9,""17"":6,""18"":7,""19"":4,""20"":1,""21"":2,""22"":3,""23"":1,""24"":3,""25"":1,""31"":1}",,,,,,
135,6,11,all,0,0508085c29,00e2464205,3,"3,0;4,1;3,4","0,2;1,1;1,2",1,232,0,"{""94"":1,""118"":1,""125"":2,""140"":2,""151"":3,""232"":2}",102,0,"{""19"":2,""20"":2,""21"":1,""25"":1,""27"":1,""29"":2,""30"":2,""31"":1,""33"":1,""34"":1,""36"":3,""37"":1,""40"":2,""41"":1,""45"":1,""47"":2,""49"":2,""52"":1,""53"":1,""54"":1,""55"":1,""57"":2,""58"":1,""60"":3,""62"":1,""65"":4,""66"":2,""67"":2,""76"":2,""79"":1,""85"":1,""86"":2,""87"":2,""94"":1,""102"":1}",54,1,"{""1"":1,""4"":2,""5"":2,""6"":5,""7"":6,""8"":6,""9"":7,""10"":2,""11"":6,""12"":10,""13"":8,""14"":9,""15"":5,""16"":6,""17"":5,""18"":4,""19"":8,""20"":3,""21"":5,""22"":6,""23"":5,""24"":4,""25"":3,""26"":2,""27"":8,""28"":3,""29"":3,""30"":3,""31"":4,""33"":1,""34"":2,""35"":6,""36"":2,""37"":4,""38"":3,""40"":2,""44"":1,""45"":2,""54"":1}","X..X.X
....XX
X.X...
.X....
...X..
..X.X.",,,,,,,,,
136,6,11,all,0,0124094c29,0048d01193,4,"0,0;3,0;5,0;4,2","0,0;0,2;0,0;1,2",1,232,0,"{""94"":1,""118"":1,""125"":3,""140"":2,""151"":2,""232"":2}",102,0,"{""16"":1,""18"":1,""19"":2,""20"":2,""21"":1,""25"":1,""26"":1,""27"":1,""28"":1,""30"":2,""32"":1,""34"":4,""36"":1,""40"":3,""41"":1,""43"":1,""44"":1,""45"":1,""47"":2,""49"":1,""50"":1,""52"":2,""53"":1,""54"":2,""55"":2,""57"":1,""58"":2,""60"":4,""62"":1,""65"":1,""67"":1,""76"":1,""79"":1,""85"":1,""86"":2,""87"":1,""94"":1,""102"":1}",54,0,"{""3"":1,""4"":2,""5"":5,""6"":6,""7"":7,""8"":10,""9"":11,""10"":5,""11"":3,""12"":12,""13"":10,""14"":10,""15"":9,""16"":5,""17"":3,""18"":8,""19"":7,""20"":6,""21"":2,""22"":2,""23"":2,""24"":5,""25"":3,""26"":3,""27"":3,""28"":3,""29"":3,""30"":3,""31"":2,""32"":2,""33"":1,""34"":1,""35"":1,""36"":1,""37"":2,""40"":1,""42"":1,""44"":1,""45"":1,""54"":2}","X..X.X
....XX
..X.X.
.X....
..X..X
..X...",31,10,"{""1"":10,""2"":12,""3"":26,""4"":43,""5"":46,""6"":52,""7"":28,""8"":18,""9"":19,""10"":17,""11"":19,""12"":10,""13"":6,""14"":2,""15"":4,""16"":3,""17"":6,""18"":1,""20"":1,""21"":1,""22"":1,""24"":2,""25"":2,""31"":1}",,,,,,
137,6,11,all,0,04050c8c29,00a8c040e5,4,"0,0;3,0;0,3;2,4","0,0;0,2;0,2;1,2",1,232,0,"{""94"":1,""118"":1,""125"":2,""140"":3,""151"":2,""232"":2}",102,0,"{""19"":2,""20"":1,""21"":1,""24"":2,""27"":1,""28"":2,""30"":1,""33"":1,""36"":3,""37"":2,""38"":1,""40"":3,""41"":1,""43"":1,""44"":1,""45"":1,""47"":1,""49"":1,""50"":1,""51"":1,""52"":1,""53"":1,""54"":2,""55"":2,""57"":3,""58"":1,""60"":5,""65"":1,""66"":1,""67"":1,""76"":2,""79"":2,""85"":1,""86"":2,""94"":1,""102"":1}",54,0,"{""2"":1,""3"":2,""4"":2,""5"":4,""6"":8,""7"":3,""8"":4,""9"":6,""10"":4,""11"":11,""12"":10,""13"":8,""14"":4,""15"":4,""16"":6,""17"":8,""18"":3,""19"":6,""20"":8,""21"":4,""22"":4,""23"":5,""24"":7,""25"":7,""26"":2,""27"":5,""28"":5,""29"":2,""31"":2,""32"":1,""33"":2,""34"":2,""35"":3,""36"":3,""37"":1,""40"":3,""41"":1,""42"":1,""44"":1,""54"":2}","X..X.X
....XX
...X..
XX....
X.X...
....X.",31,8,"{""1"":8,""2"":29,""3"":31,""4"":32,""5"":43,""6"":23,""7"":23,""8"":24,""9"":18,""10"":14,""11"":15,""12"":16,""13"":11,""14"":8,""15"":8,""16"":3,""17"":5,""18"":7,""19"":4,""21"":1,""23"":3,""24"":2,""26"":1,""31"":1}",,,,,,
138,6,11,all,0,05010c8c29,00e2160219,3,"0,3;1,3;2,5","0,2;1,2;0,2",1,232,0,"{""94"":1,""118"":1,""125"":1,""140"":3,""151"":3,""232"":2}",102,0,"{""10"":1,""19"":1,""20"":1,""21"":1,""24"":2,""27"":1,""28"":2,""30"":1,""33"":1,""36"":3,""37"":1,""38"":1,""40"":3,""41"":2,""45"":1,""47"":1,""49"":1,""50"":1,""52"":1,""53"":2,""54"":2,""55"":2,""57"":4,""60"":4,""62"":1,""65"":2,""66"":1,""67"":1,""76"":2,""79"":2,""85"":2,""86"":1,""87"":1,""94"":1,""102"":1}",54,1,"{""1"":1,""2"":3,""3"":1,""4"":1,""5"":6,""6"":6,""7"":4,""8"":5,""9"":5,""10"":2,""11"":9,""12"":6,""13"":9,""14"":4,""15"":5,""16"":7,""17"":9,""18"":4,""19"":7,""20"":7,""21"":4,""22"":5,""23"":3,""24"":5,""25"":5,""26"":2,""27"":5,""28"":4,""29"":2,""30"":3,""31"":3,""32"":1,""33"":2,""34"":2,""35"":6,""36"":3,""37"":1,""40"":3,""42"":1,""44"":2,""45"":1,""54"":1}","X..X.X
....XX
...X..
XX....
X.....
..X.X.",,,,,,,,,
139,6,11,all,0,010588a429,010588a429,4,"3,0;1,2;1,3;2,4","0,2;1,2;1,2;1,2",1,232,0,"{""94"":1,""118"":1,""125"":3,""140"":1,""151"":3,""232"":2}",102,0,"{""16"":1,""20"":2,""28"":2,""30"":2,""31"":2,""33"":1,""34"":2,""37"":2,""38"":1,""39"":1,""40"":1,""41"":1,""43"":2,""44"":1,""45"":1,""47"":1,""49"":1,""50"":1,""51"":1,""52"":1,""53"":1,""54"":2,""55"":2,""57"":1,""58"":4,""60"":4,""62"":1,""65"":3,""66"":1,""67"":1,""79"":1,""85"":2,""86"":2,""87"":1,""94"":1,""102"":1}",54,0,"{""3"":2,""4"":1,""5"":2,""6"":3,""7"":4,""8"":4,""9"":5,""10"":6,""11"":1,""12"":7,""13"":9,""14"":7,""15"":3,""16"":4,""17"":8,""18"":4,""19"":9,""20"":8,""21"":5,""22"":10,""23"":5,""24"":7,""25"":5,""26"":2,""27"":6,""28"":5,""29"":2,""30"":3,""31"":2,""32"":1,""33"":4,""34"":3,""35"":5,""36"":3,""37"":2,""40"":1,""41"":1,""42"":1,""44"":1,""45"":2,""54"":2}","X..X.X
....X.
.X.X..
.X...X
X.X...
..X...",31,1,"{""1"":1,""2"":10,""3"":27,""4"":26,""5"":31,""6"":25,""7"":11,""8"":26,""9"":21,""10"":21,""11"":26,""12"":22,""13"":18,""14"":9,""15"":13,""16"":5,""17"":6,""18"":8,""19"":4,""20"":4,""21"":3,""22"":2,""23"":2,""24"":5,""25"":1,""26"":1,""27"":1,""31"":1}",,,,,,
140,6,11,all,0,090580a429,02680540a5,5,"0,0;3,0;5,0;4,1;5,5","0,0;0,2;0,0;1,1;0,0",1,232,0,"{""94"":1,""118"":1,""125"":2,""140"":1,""151"":3,""232"":3}",102,0,"{""20"":1,""28"":1,""30"":1,""31"":2,""33"":1,""34"":2,""37"":1,""38"":1,""39"":1,""41"":1,""43"":2,""44"":1,""45"":1,""49"":1,""50"":1,""51"":1,""52"":1,""53"":1,""54"":3,""55"":3,""57"":1,""58"":4,""60"":4,""62"":1,""65"":3,""66"":1,""67"":2,""76"":1,""79"":1,""80"":1,""85"":2,""86"":2,""87"":2,""94"":1,""102"":2}",54,0,"{""5"":2,""6"":1,""8"":2,""9"":3,""10"":2,""12"":4,""13"":8,""14"":6,""15"":2,""16"":6,""17"":9,""18"":3,""19"":9,""20"":9,""21"":5,""22"":13,""23"":8,""24"":5,""25"":8,""26"":7,""27"":5,""28"":6,""29"":3,""30"":4,""31"":2,""32"":1,""33"":5,""34"":3,""35"":6,""36"":4,""37"":5,""38"":1,""40"":2,""41"":1,""42"":1,""44"":1,""45"":2,""54"":1}","X..X.X
....X.
.X.X..
.....X
X.X...
..X..X",31,0,"{""2"":5,""3"":15,""4"":15,""5"":17,""6"":11,""7"":8,""8"":33,""9"":30,""10"":34,""11"":27,""12"":26,""13"":26,""14"":19,""15"":13,""16"":9,""17"":6,""18"":9,""19"":6,""20"":4,""21"":4,""22"":3,""23"":1,""24"":5,""25"":1,""26"":1,""27"":1,""31"":1}",20,17,"{""1"":17,""2"":67,""3"":50,""4"":38,""5"":40,""6"":39,""7"":69,""8"":56,""9"":32,""10"":21,""11"":9,""12"":8,""13"":3,""14"":5,""15"":2,""16"":2,""17"":2,""18"":1,""20"":1}",,,
141,6,11,all,0,0511403829,00f8060115,5,"0,0;3,0;5,1;0,2;0,4","0,0;0,2;0,1;0,2;0,1",1,232,0,"{""118"":1,""125"":2,""140"":3,""151"":3,""232"":2}",102,0,"{""19"":2,""26"":1,""31"":1,""32"":1,""34"":1,""39"":2,""40"":1,""41"":3,""43"":1,""44"":2,""49"":2,""50"":2,""51"":1,""52"":2,""53"":1,""54"":2,""55"":1,""57"":4,""58"":3,""60"":3,""62"":1,""65"":5,""66"":2,""67"":2,""76"":2,""79"":2,""85"":1,""86"":1,""87"":2,""102"":1}",45,0,"{""4"":1,""5"":1,""6"":1,""7"":1,""8"":4,""9"":5,""10"":3,""11"":6,""12"":2,""13"":11,""14"":7,""15"":3,""16"":4,""17"":3,""18"":2,""19"":8,""20"":7,""21"":8,""22"":9,""23"":7,""24"":8,""25"":7,""26"":4,""27"":4,""28"":4,""29"":4,""30"":6,""31"":4,""32"":2,""33"":1,""34"":3,""35"":10,""36"":4,""37"":4,""38"":2,""40"":2,""41"":1,""45"":2}","X..X.X
.....X
XX....
....X.
X...X.
..X.X.",27,0,"{""2"":5,""3"":16,""4"":16,""5"":20,""6"":21,""7"":41,""8"":32,""9"":24,""10"":21,""11"":19,""12"":15,""13"":10,""14"":26,""15"":8,""16"":18,""17"":10,""18"":8,""19"":6,""20"":1,""21"":5,""22"":4,""23"":3,""27"":1}",17,9,"{""1"":9,""2"":53,""3"":70,""4"":55,""5"":68,""6"":74,""7"":43,""8"":33,""9"":16,""10"":18,""11"":7,""12"":9,""13"":4,""14"":1,""16"":1,""17"":1}",,,
142,6,11,all,0,0518403829,00f8460105,4,"0,0;3,0;1,2;3,4","0,0;0,2;1,2;1,2",1,232,0,"{""118"":1,""125"":3,""140"":2,""151"":3,""232"":2}",102,0,"{""18"":1,""19"":1,""20"":1,""26"":2,""28"":1,""29"":1,""31"":1,""32"":1,""34"":1,""36"":1,""39"":2,""40"":2,""41"":2,""43"":1,""44"":1,""47"":1,""49"":2,""50"":1,""51"":1,""52"":1,""53"":1,""54"":2,""57"":2,""58"":4,""60"":3,""62"":1,""65"":4,""66"":2,""67"":2,""76"":2,""79"":1,""85"":1,""86"":2,""87"":2,""102"":1}",45,0,"{""2"":1,""3"":2,""4"":2,""5"":2,""6"":3,""7"":3,""8"":7,""9"":7,""10"":5,""11"":5,""12"":2,""13"":11,""14"":10,""15"":4,""16"":3,""17"":2,""18"":2,""19"":5,""20"":6,""21"":7,""22"":5,""23"":7,""24"":6,""25"":7,""26"":3,""27"":5,""28"":4,""29"":5,""30"":5,""31"":4,""33"":1,""34"":3,""35"":7,""36"":3,""37"":5,""38"":2,""40"":1,""41"":1,""45"":2}","X..X.X
.....X
XX....
....X.
...XX.
..X.X.",27,15,"{""1"":15,""2"":20,""3"":17,""4"":19,""5"":18,""6"":26,""7"":40,""8"":25,""9"":16,""10"":21,""11"":20,""12"":9,""13"":9,""14"":20,""15"":11,""16"":13,""17"":7,""18"":8,""19"":4,""20"":1,""21"":4,""22"":4,""23"":2,""27"":1}",,,,,,
143,6,11,all,0,0d10403829,0144801e23,6,"0,0;3,0;5,0;5,1;0,2;5,5","0,0;0,2;0,0;0,1;0,2;0,0",1,232,0,"{""118"":1,""125"":2,""140"":2,""151"":3,""232"":3}",102,0,"{""19"":1,""26"":1,""31"":1,""32"":1,""34"":1,""39"":2,""40"":1,""41"":2,""43"":1,""44"":1,""49"":2,""50"":2,""51"":1,""52"":1,""53"":1,""54"":2,""55"":1,""57"":2,""58"":3,""60"":5,""62"":1,""65"":4,""66"":2,""67"":2,""76"":2,""79"":1,""80"":1,""85"":2,""86"":2,""87"":3,""94"":1,""102"":2}",54,0,"{""8"":3,""9"":3,""10"":3,""11"":3,""12"":2,""13"":9,""14"":8,""15"":5,""16"":1,""17"":3,""18"":3,""19"":5,""20"":7,""21"":7,""22"":9,""23"":9,""24"":7,""25"":8,""26"":6,""27"":4,""28"":3,""29"":7,""30"":7,""31"":6,""32"":1,""33"":3,""34"":3,""35"":7,""36"":3,""37"":7,""38"":3,""40"":2,""41"":1,""42"":1,""44"":1,""45"":4,""54"":1}","X..X.X
.....X
XX....
....X.
....X.
..X.XX",31,0,"{""4"":3,""5"":16,""6"":24,""7"":37,""8"":37,""9"":25,""10"":28,""11"":25,""12"":18,""13"":14,""14"":23,""15"":10,""16"":19,""17"":11,""18"":10,""19"":5,""20"":3,""21"":6,""22"":6,""23"":3,""24"":3,""25"":2,""27"":1,""31"":1}",20,0,"{""2"":5,""3"":30,""4"":80,""5"":87,""6"":87,""7"":60,""8"":39,""9"":21,""10"":22,""11"":9,""12"":10,""13"":3,""14"":2,""15"":2,""16"":1,""17"":2,""18"":1,""20"":1}",14,5,"{""1"":5,""2"":51,""3"":102,""4"":134,""5"":91,""6"":49,""7"":18,""8"":4,""9"":5,""10"":1,""11"":1,""14"":1}"
144,6,11,all,0,0524085829,0148d01813,4,"3,0;5,0;5,4;4,5","0,2;0,0;0,1;0,1",1,232,0,"{""94"":1,""125"":2,""140"":3,""151"":3,""232"":2}",102,0,"{""10"":1,""16"":1,""19"":2,""20"":1,""25"":1,""27"":1,""28"":1,""29"":1,""30"":1,""32"":1,""33"":1,""34"":2,""36"":3,""39"":1,""40"":1,""41"":1,""43"":1,""44"":1,""45"":2,""47"":1,""49"":1,""52"":2,""54"":1,""55"":2,""57"":2,""58"":1,""60"":2,""62"":1,""65"":4,""66"":2,""67"":2,""76"":2,""79"":2,""85"":1,""86"":2,""87"":2,""102"":1}",45,0,"{""2"":3,""3"":1,""4"":3,""5"":6,""6"":3,""7"":5,""8"":9,""9"":6,""10"":6,""11"":2,""12"":9,""13"":7,""14"":11,""15"":6,""16"":8,""17"":2,""18"":6,""19"":7,""20"":3,""21"":6,""22"":4,""23"":4,""24"":1,""25"":4,""26"":3,""27"":3,""28"":5,""29"":3,""30"":2,""31"":3,""32"":2,""33"":1,""34"":2,""35"":6,""36"":3,""37"":4,""38"":2,""40"":1,""42"":1,""45"":2}","X..X.X
.....X
X.X...
.X....
..X..X
..X.X.",25,14,"{""1"":14,""2"":32,""3"":19,""4"":43,""5"":33,""6"":33,""7"":21,""8"":20,""9"":23,""10"":18,""11"":13,""12"":11,""13"":9,""14"":8,""15"":5,""16"":8,""17"":9,""19"":3,""21"":3,""22"":2,""23"":2,""25"":1}",,,,,,
145,6,11,all,0,0d11402829,02e2090065,5,"3,0;5,0;5,1;0,4;5,5","0,2;0,0;0,1;0,1;0,0",1,232,0,"{""118"":1,""125"":2,""140"":3,""151"":2,""232"":3}",102,0,"{""19"":2,""26"":1,""31"":1,""32"":1,""34"":1,""39"":2,""40"":1,""41"":2,""44"":2,""49"":2,""50"":3,""51"":1,""52"":2,""54"":1,""55"":2,""57"":4,""58"":3,""60"":5,""62"":1,""65"":2,""66"":1,""67"":1,""76"":3,""79"":2,""80"":1,""85"":1,""86"":2,""87"":2,""94"":1,""102"":2}",54,0,"{""4"":1,""5"":1,""6"":1,""8"":4,""9"":4,""10"":3,""11"":6,""13"":9,""14"":6,""15"":6,""16"":3,""17"":2,""18"":3,""19"":8,""20"":10,""21"":3,""22"":11,""23"":7,""24"":7,""25"":8,""26"":7,""27"":4,""28"":6,""29"":7,""30"":6,""31"":4,""32"":3,""33"":2,""35"":7,""36"":3,""37"":6,""38"":1,""40"":3,""41"":1,""45"":1,""54"":1}","X..X.X
.....X
.X....
....X.
X...X.
..X.XX",25,0,"{""2"":3,""3"":9,""4"":14,""5"":25,""6"":24,""7"":38,""8"":29,""9"":26,""10"":29,""11"":26,""12"":21,""13"":12,""14"":21,""15"":3,""16"":15,""17"":10,""18"":9,""19"":5,""20"":2,""21"":2,""22"":3,""23"":2,""24"":1,""25"":1}",16,5,"{""1"":5,""2"":36,""3"":84,""4"":85,""5"":75,""6"":55,""7"":49,""8"":29,""9"":12,""10"":17,""11"":5,""12"":3,""13"":4,""14"":1,""15"":1,""16"":1}",,,
146,6,11,all,0,0d11403029,02e20b0025,5,"0,0;0,2;0,4;4,4;5,5","0,0;0,2;0,1;1,1;0,0",1,232,0,"{""118"":1,""125"":2,""140"":2,""151"":3,""232"":3}",102,0,"{""19"":2,""26"":1,""31"":1,""32"":1,""34"":1,""39"":2,""40"":1,""41"":2,""43"":1,""44"":1,""49"":2,""50"":2,""51"":1,""52"":1,""53"":1,""54"":2,""55"":1,""57"":2,""58"":3,""60"":4,""62"":1,""65"":4,""66"":1,""67"":2,""76"":2,""79"":2,""80"":1,""85"":2,""86"":2,""87"":3,""94"":1,""102"":2}",54,0,"{""4"":1,""5"":1,""6"":1,""7"":1,""8"":4,""9"":5,""10"":3,""11"":6,""12"":2,""13"":8,""14"":7,""15"":5,""16"":2,""17"":4,""18"":2,""19"":4,""20"":5,""21"":5,""22"":8,""23"":7,""24"":6,""25"":8,""26"":7,""27"":6,""28"":3,""29"":5,""30"":6,""31"":4,""32"":2,""33"":3,""34"":2,""35"":8,""36"":5,""37"":6,""38"":3,""40"":2,""41"":1,""42"":1,""44"":1,""45"":4,""54"":1}","X..X.X
......
XX....
....X.
X...X.
..X.XX",31,0,"{""2"":4,""3"":15,""4"":14,""5"":25,""6"":24,""7"":31,""8"":33,""9"":25,""10"":22,""11"":15,""12"":17,""13"":10,""14"":19,""15"":4,""16"":21,""17"":11,""18"":10,""19"":6,""20"":3,""21"":5,""22"":6,""23"":4,""24"":3,""25"":1,""27"":1,""31"":1}",20,6,"{""1"":6,""2"":53,""3"":79,""4"":69,""5"":64,""6"":59,""7"":40,""8"":29,""9"":18,""10"":17,""11"":6,""12"":9,""13"":4,""14"":2,""15"":2,""16"":1,""17"":2,""18"":1,""20"":1}",,,
147,6,11,all,0,09208884c9,00ca8050b8,3,"0,1;1,1;4,1","0,1;1,1;1,1",1,232,0,"{""94"":1,""118"":2,""125"":1,""140"":2,""151"":3,""232"":2}",94,0,"{""4"":1,""11"":1,""15"":1,""19"":1,""20"":2,""21"":2,""27"":1,""28"":1,""30"":1,""31"":2,""32"":3,""33"":1,""34"":1,""36"":1,""37"":1,""38"":1,""40"":3,""41"":2,""44"":1,""47"":1,""49"":2,""50"":1,""52"":1,""53"":2,""54"":2,""55"":2,""58"":1,""60"":5,""62"":1,""65"":2,""67"":1,""79"":2,""80"":1,""85"":1,""87"":2,""94"":1}",45,4,"{""1"":4,""2"":6,""3"":5,""4"":5,""5"":11,""6"":9,""7"":6,""8"":5,""9"":7,""10"":4,""11"":5,""12"":8,""13"":9,""14"":11,""15"":6,""16"":6,""17"":3,""18"":5,""19"":10,""20"":6,""21"":1,""22"":4,""23"":5,""24"":5,""25"":2,""26"":3,""27"":4,""28"":1,""30"":2,""31"":1,""33"":1,""36"":1,""38"":2,""44"":1,""45"":1}","X..X..
XX..X.
...X..
.X...X
.....X
..X..X",,,,,,,,,
148,6,11,all,0,0932111049,00ca8050b8,3,"0,0;1,4;4,4","0,0;1,1;1,1",1,232,0,"{""94"":1,""118"":2,""125"":1,""140"":2,""151"":3,""232"":2}",94,0,"{""4"":1,""11"":1,""15"":1,""19"":1,""20"":2,""21"":2,""27"":1,""28"":1,""30"":1,""31"":2,""32"":3,""33"":1,""34"":1,""36"":1,""37"":1,""38"":1,""40"":3,""41"":2,""44"":1,""47"":1,""49"":2,""50"":1,""52"":1,""53"":2,""54"":2,""55"":2,""58"":1,""60"":5,""62"":1,""65"":2,""67"":1,""79"":2,""80"":1,""85"":1,""87"":2,""94"":1}",45,4,"{""1"":4,""2"":6,""3"":5,""4"":5,""5"":11,""6"":9,""7"":6,""8"":5,""9"":7,""10"":4,""11"":5,""12"":8,""13"":9,""14"":11,""15"":6,""16"":6,""17"":3,""18"":5,""19"":10,""20"":6,""21"":1,""22"":4,""23"":5,""24"":5,""25"":2,""26"":3,""27"":4,""28"":1,""30"":2,""31"":1,""33"":1,""36"":1,""38"":2,""44"":1,""45"":1}","X..X..
X.....
X...X.
..X...
.X..XX
..X..X",,,,,,,,,
149,6,11,all,0,044cc05089,010588a429,4,"0,2;4,3;2,4;3,4","0,2;1,2;1,2;1,2",1,232,0,"{""94"":1,""118"":1,""125"":3,""140"":1,""151"":3,""232"":2}",102,0,"{""16"":1,""20"":2,""28"":2,""30"":2,""31"":2,""33"":1,""34"":2,""37"":2,""38"":1,""39"":1,""40"":1,""41"":1,""43"":2,""44"":1,""45"":1,""47"":1,""49"":1,""50"":1,""51"":1,""52"":1,""53"":1,""54"":2,""55"":2,""57"":1,""58"":4,""60"":4,""62"":1,""65"":3,""66"":1,""67"":1,""79"":1,""85"":2,""86"":2,""87"":1,""94"":1,""102"":1}",54,0,"{""3"":2,""4"":1,""5"":2,""6"":3,""7"":4,""8"":4,""9"":5,""10"":6,""11"":1,""12"":7,""13"":9,""14"":7,""15"":3,""16"":4,""17"":8,""18"":4,""19"":9,""20"":8,""21"":5,""22"":10,""23"":5,""24"":7,""25"":5,""26"":2,""27"":6,""28"":5,""29"":2,""30"":3,""31"":2,""32"":1,""33"":4,""34"":3,""35"":5,""36"":3,""37"":2,""40"":1,""41"":1,""42"":1,""44"":1,""45"":2,""54"":2}","X..X..
.X....
X.X...
....XX
..XX..
X...X.",31,1,"{""1"":1,""2"":10,""3"":27,""4"":26,""5"":31,""6"":25,""7"":11,""8"":26,""9"":21,""10"":21,""11"":26,""12"":22,""13"":18,""14"":9,""15"":13,""16"":5,""17"":6,""18"":8,""19"":4,""20"":4,""21"":3,""22"":2,""23"":2,""24"":5,""25"":1,""26"":1,""27"":1,""31"":1}",,,,,,
150,6,11,all,0,054cc04089,010588b421,4,"3,0;5,3;3,4;2,5","0,2;0,2;1,2;0,2",1,232,0,"{""94"":1,""118"":1,""125"":3,""140"":1,""151"":3,""232"":2}",102,0,"{""16"":1,""20"":1,""25"":1,""28"":2,""29"":1,""30"":2,""31"":2,""34"":2,""37"":2,""38"":1,""39"":1,""40"":1,""41"":2,""43"":1,""44"":1,""45"":1,""49"":2,""50"":1,""51"":1,""52"":1,""53"":1,""54"":3,""55"":2,""57"":1,""58"":4,""60"":3,""62"":1,""65"":2,""66"":1,""67"":1,""79"":1,""85"":2,""86"":2,""87"":2,""94"":1,""102"":1}",54,0,"{""3"":2,""4"":2,""5"":1,""6"":4,""7"":3,""8"":5,""9"":4,""10"":6,""11"":1,""12"":9,""13"":5,""14"":5,""15"":3,""16"":5,""17"":8,""18"":6,""19"":9,""20"":8,""21"":6,""22"":8,""23"":6,""24"":6,""25"":4,""26"":1,""27"":7,""28"":5,""29"":2,""30"":3,""31"":3,""32"":1,""33"":3,""34"":2,""35"":6,""36"":3,""37"":2,""38"":2,""40"":1,""41"":1,""42"":1,""44"":1,""45"":3,""54"":2}","X..X..
.X....
..X...
....XX
..XX..
X.X.X.",31,4,"{""1"":4,""2"":12,""3"":26,""4"":17,""5"":24,""6"":23,""7"":14,""8"":27,""9"":23,""10"":19,""11"":26,""12"":24,""13"":16,""14"":12,""15"":12,""16"":8,""17"":6,""18"":9,""19"":4,""20"":5,""21"":3,""22"":3,""23"":3,""24"":5,""25"":1,""26"":1,""27"":2,""31"":1}",,,,,,
151,6,11,all,0,0c10141b09,00c2a20364,4,"0,0;3,0;2,1;0,3","0,0;0,2;1,2;0,2",1,232,0,"{""94"":1,""118"":1,""125"":2,""140"":2,""151"":3,""232"":2}",94,0,"{""15"":1,""16"":1,""20"":1,""21"":1,""24"":1,""28"":1,""29"":1,""30"":3,""32"":1,""33"":1,""34"":2,""36"":2,""37"":1,""39"":1,""40"":2,""41"":1,""45"":1,""47"":1,""49"":3,""50"":1,""51"":1,""52"":1,""53"":1,""54"":1,""55"":3,""57"":2,""58"":2,""60"":4,""65"":2,""66"":2,""67"":1,""76"":1,""79"":1,""80"":1,""85"":1,""86"":1,""87"":2,""94"":1}",54,0,"{""3"":3,""4"":4,""5"":4,""6"":7,""7"":5,""8"":8,""9"":7,""10"":5,""11"":5,""12"":8,""13"":11,""14"":5,""15"":8,""16"":6,""17"":5,""18"":3,""19"":10,""20"":5,""21"":4,""22"":5,""23"":7,""24"":2,""25"":4,""26"":6,""27"":3,""28"":3,""29"":4,""31"":4,""34"":1,""35"":4,""36"":2,""37"":1,""38"":2,""40"":1,""44"":1,""45"":1,""54"":1}","X..X..
..XX.X
X.....
X.X...
....X.
....XX",27,29,"{""1"":29,""2"":33,""3"":49,""4"":34,""5"":23,""6"":23,""7"":22,""8"":26,""9"":17,""10"":18,""11"":11,""12"":8,""13"":6,""14"":7,""15"":7,""16"":3,""17"":4,""18"":3,""19"":2,""20"":1,""21"":1,""23"":2,""27"":1}",,,,,,
152,6,11,all,0,0442888b09,026c222091,3,"2,1;3,1;3,2","1,2;1,2;2,2",1,232,0,"{""94"":1,""118"":1,""125"":3,""140"":2,""151"":2,""232"":2}",102,0,"{""8"":1,""16"":3,""18"":1,""19"":1,""20"":2,""24"":1,""26"":1,""27"":1,""29"":1,""30"":1,""31"":1,""33"":1,""34"":1,""36"":3,""37"":1,""39"":1,""41"":3,""47"":2,""49"":3,""50"":2,""51"":1,""52"":1,""53"":1,""54"":2,""55"":2,""57"":3,""58"":1,""60"":2,""65"":1,""66"":1,""76"":1,""79"":2,""85"":2,""86"":1,""87"":1,""94"":1,""102"":1}",54,3,"{""1"":3,""2"":1,""3"":6,""4"":6,""5"":12,""6"":6,""7"":10,""8"":10,""9"":7,""10"":6,""11"":2,""12"":5,""13"":10,""14"":5,""15"":2,""16"":4,""17"":2,""18"":7,""19"":3,""20"":7,""21"":3,""22"":4,""23"":7,""24"":1,""25"":2,""26"":2,""27"":5,""28"":1,""29"":3,""30"":1,""31"":1,""32"":2,""33"":3,""34"":1,""35"":4,""36"":2,""38"":1,""40"":2,""41"":1,""42"":1,""44"":1,""45"":2,""54"":1}","X..X..
..XX.X
...X..
.X...X
.X....
X...X.",,,,,,,,,
153,6,11,all,0,0442d01a09,0268074091,6,"3,0;0,2;2,3;4,3;5,3;4,5","0,2;0,2;2,2;1,2;0,2;0,1",1,232,0,"{""94"":1,""118"":1,""125"":2,""140"":2,""151"":3,""232"":2}",102,0,"{""15"":1,""25"":1,""28"":1,""30"":1,""31"":2,""34"":2,""37"":1,""38"":1,""39"":1,""41"":3,""43"":1,""44"":1,""45"":1,""49"":2,""51"":2,""52"":2,""53"":1,""54"":3,""55"":2,""57"":3,""58"":3,""60"":3,""62"":1,""65"":3,""66"":2,""67"":1,""76"":1,""79"":2,""85"":2,""86"":2,""87"":1,""94"":1,""102"":1}",54,0,"{""5"":1,""6"":1,""8"":5,""9"":1,""10"":2,""12"":8,""13"":5,""14"":1,""15"":4,""16"":6,""17"":8,""18"":10,""19"":4,""20"":10,""21"":7,""22"":12,""23"":8,""24"":4,""25"":5,""26"":4,""27"":7,""28"":5,""29"":5,""30"":2,""31"":4,""32"":2,""33"":4,""34"":3,""35"":9,""36"":4,""37"":3,""38"":1,""40"":2,""41"":2,""42"":2,""44"":1,""45"":2,""54"":1}","X..X..
...X.X
X.....
..X.XX
.X....
X...X.",31,0,"{""3"":9,""4"":5,""5"":10,""6"":11,""7"":20,""8"":30,""9"":29,""10"":32,""11"":24,""12"":27,""13"":26,""14"":23,""15"":18,""16"":13,""17"":10,""18"":12,""19"":7,""20"":5,""21"":2,""22"":3,""23"":4,""24"":5,""25"":2,""26"":1,""27"":1,""31"":1}",20,0,"{""2"":16,""3"":34,""4"":38,""5"":61,""6"":63,""7"":73,""8"":60,""9"":35,""10"":31,""11"":18,""12"":14,""13"":7,""14"":5,""15"":2,""16"":3,""18"":1,""20"":1}",11,5,"{""1"":5,""2"":51,""3"":89,""4"":92,""5"":79,""6"":61,""7"":45,""8"":17,""9"":14,""10"":6,""11"":3}"
154,6,11,all,0,0842d01a09,02680740a1,6,"0,0;3,1;2,3;4,3;5,3;5,5","0,0;1,2;2,2;1,2;0,2;0,0",1,232,0,"{""94"":1,""118"":1,""125"":2,""140"":1,""151"":3,""232"":3}",102,0,"{""25"":1,""28"":1,""30"":1,""31"":2,""34"":2,""37"":1,""38"":1,""39"":1,""41"":2,""43"":1,""44"":1,""45"":1,""49"":2,""50"":1,""51"":1,""52"":1,""53"":1,""54"":4,""55"":3,""57"":1,""58"":4,""60"":3,""62"":1,""65"":2,""66"":1,""67"":2,""76"":1,""79"":1,""80"":1,""85"":3,""86"":2,""87"":2,""94"":1,""102"":2}",54,0,"{""8"":1,""9"":1,""10"":3,""12"":6,""13"":6,""14"":3,""15"":2,""16"":7,""17"":8,""18"":8,""19"":8,""20"":10,""21"":6,""22"":11,""23"":10,""24"":4,""25"":8,""26"":5,""27"":6,""28"":6,""29"":3,""30"":3,""31"":3,""32"":1,""33"":5,""34"":2,""35"":8,""36"":4,""37"":4,""38"":2,""40"":2,""41"":1,""42"":2,""44"":1,""45"":4,""54"":1}","X..X..
...X.X
X.....
..X.XX
.X....
X....X",31,0,"{""3"":3,""4"":3,""5"":8,""6"":13,""7"":14,""8"":35,""9"":32,""10"":36,""11"":31,""12"":31,""13"":24,""14"":21,""15"":14,""16"":12,""17"":7,""18"":12,""19"":6,""20"":5,""21"":3,""22"":4,""23"":3,""24"":7,""25"":2,""26"":1,""27"":2,""31"":1}",20,0,"{""2"":7,""3"":31,""4"":35,""5"":65,""6"":61,""7"":77,""8"":68,""9"":39,""10"":33,""11"":14,""12"":11,""13"":4,""14"":6,""15"":3,""16"":3,""17"":2,""18"":1,""20"":2}",14,3,"{""1"":3,""2"":41,""3"":74,""4"":84,""5"":98,""6"":69,""7"":47,""8"":21,""9"":16,""10"":5,""11"":3,""14"":1}"
155,6,11,all,0,0942501a09,02680540a5,5,"0,0;3,0;3,1;5,1;2,5","0,0;0,2;1,2;0,1;0,2",1,232,0,"{""94"":1,""118"":1,""125"":2,""140"":1,""151"":3,""232"":3}",102,0,"{""20"":1,""28"":1,""30"":1,""31"":2,""33"":1,""34"":2,""37"":1,""38"":1,""39"":1,""41"":1,""43"":2,""44"":1,""45"":1,""49"":1,""50"":1,""51"":1,""52"":1,""53"":1,""54"":3,""55"":3,""57"":1,""58"":4,""60"":4,""62"":1,""65"":3,""66"":1,""67"":2,""76"":1,""79"":1,""80"":1,""85"":2,""86"":2,""87"":2,""94"":1,""102"":2}",54,0,"{""5"":2,""6"":1,""8"":2,""9"":3,""10"":2,""12"":4,""13"":8,""14"":6,""15"":2,""16"":6,""17"":9,""18"":3,""19"":9,""20"":9,""21"":5,""22"":13,""23"":8,""24"":5,""25"":8,""26"":7,""27"":5,""28"":6,""29"":3,""30"":4,""31"":2,""32"":1,""33"":5,""34"":3,""35"":6,""36"":4,""37"":5,""38"":1,""40"":2,""41"":1,""42"":1,""44"":1,""45"":2,""54"":1}","X..X..
...X.X
X.....
..X.X.
.X....
X.X..X",31,0,"{""2"":5,""3"":15,""4"":15,""5"":17,""6"":11,""7"":8,""8"":33,""9"":30,""10"":34,""11"":27,""12"":26,""13"":26,""14"":19,""15"":13,""16"":9,""17"":6,""18"":9,""19"":6,""20"":4,""21"":4,""22"":3,""23"":1,""24"":5,""25"":1,""26"":1,""27"":1,""31"":1}",20,17,"{""1"":17,""2"":67,""3"":50,""4"":38,""5"":40,""6"":39,""7"":69,""8"":56,""9"":32,""10"":21,""11"":9,""12"":8,""13"":3,""14"":5,""15"":2,""16"":2,""17"":2,""18"":1,""20"":1}",,,
156,6,11,all,0,0c42501a09,02680540b1,5,"0,2;2,3;4,3;4,5;5,5","0,2;2,2;1,2;0,1;0,0",1,232,0,"{""94"":1,""118"":1,""125"":2,""140"":2,""151"":2,""232"":3}",102,0,"{""15"":1,""28"":1,""30"":1,""31"":2,""34"":2,""37"":1,""38"":1,""41"":2,""43"":1,""44"":1,""45"":1,""49"":1,""50"":1,""51"":2,""52"":2,""53"":1,""54"":3,""55"":4,""57"":2,""58"":4,""60"":4,""65"":2,""66"":2,""67"":1,""76"":1,""79"":2,""80"":1,""85"":2,""86"":2,""87"":1,""94"":1,""102"":2}",54,0,"{""6"":1,""8"":4,""9"":2,""10"":1,""12"":4,""13"":6,""14"":2,""15"":5,""16"":5,""17"":8,""18"":5,""19"":7,""20"":11,""21"":5,""22"":12,""23"":11,""24"":5,""25"":8,""26"":6,""27"":4,""28"":7,""29"":4,""30"":3,""31"":3,""32"":3,""33"":4,""34"":3,""35"":7,""36"":4,""37"":5,""40"":3,""41"":2,""42"":1,""44"":1,""45"":2,""54"":1}","X..X..
...X.X
X.....
..X.X.
.X....
X...XX",31,0,"{""3"":4,""4"":5,""5"":8,""6"":12,""7"":17,""8"":35,""9"":31,""10"":34,""11"":32,""12"":27,""13"":23,""14"":22,""15"":19,""16"":11,""17"":7,""18"":11,""19"":8,""20"":4,""21"":4,""22"":4,""23"":2,""24"":5,""25"":2,""26"":1,""27"":1,""31"":1}",20,1,"{""1"":1,""2"":12,""3"":28,""4"":42,""5"":73,""6"":57,""7"":82,""8"":60,""9"":35,""10"":28,""11"":13,""12"":12,""13"":6,""14"":5,""15"":2,""16"":2,""17"":2,""18"":1,""20"":1}",,,
157,6,11,all,0,0c42901a09,02680640b1,4,"2,3;5,3;4,5;5,5","2,2;0,2;0,1;0,0",1,232,0,"{""94"":1,""118"":1,""125"":1,""140"":2,""151"":3,""232"":3}",102,0,"{""15"":1,""25"":1,""28"":1,""31"":1,""34"":1,""37"":1,""38"":1,""39"":1,""41"":3,""45"":1,""49"":2,""51"":1,""52"":2,""53"":1,""54"":3,""55"":4,""57"":3,""58"":2,""60"":4,""62"":1,""65"":3,""66"":2,""67"":2,""76"":1,""79"":2,""80"":1,""85"":3,""86"":1,""87"":2,""94"":1,""102"":2}",54,0,"{""5"":1,""6"":1,""8"":4,""9"":3,""10"":3,""12"":6,""13"":6,""14"":1,""15"":1,""16"":2,""17"":5,""18"":6,""19"":8,""20"":10,""21"":5,""22"":8,""23"":11,""24"":3,""25"":9,""26"":5,""27"":7,""28"":7,""29"":4,""30"":4,""31"":4,""32"":3,""33"":5,""34"":3,""35"":10,""36"":4,""37"":3,""38"":2,""40"":3,""41"":1,""42"":1,""44"":1,""45"":4,""54"":1}","X..X..
...X.X
X.....
..X..X
.X....
X...XX",31,1,"{""1"":1,""2"":1,""3"":10,""4"":8,""5"":8,""6"":21,""7"":20,""8"":33,""9"":17,""10"":28,""11"":26,""12"":26,""13"":15,""14"":27,""15"":14,""16"":13,""17"":14,""18"":13,""19"":7,""20"":5,""21"":5,""22"":4,""23"":4,""24"":5,""25"":2,""26"":1,""27"":1,""31"":1}",,,,,,
158,6,11,all,0,04c2c01a09,0268070093,3,"5,1;1,5;4,5","0,1;0,1;0,1",1,232,0,"{""118"":1,""125"":2,""140"":3,""151"":3,""232"":2}",102,0,"{""16"":1,""18"":1,""30"":1,""31"":2,""32"":1,""36"":3,""39"":1,""40"":2,""41"":3,""43"":1,""44"":1,""49"":2,""51"":2,""52"":1,""53"":1,""54"":3,""55"":1,""57"":3,""58"":3,""60"":4,""62"":1,""65"":3,""66"":2,""67"":1,""76"":2,""79"":2,""85"":2,""86"":2,""87"":1,""94"":1,""102"":1}",54,1,"{""1"":1,""2"":1,""4"":1,""5"":3,""6"":3,""7"":3,""8"":7,""9"":1,""10"":2,""11"":2,""12"":4,""13"":3,""14"":3,""15"":3,""16"":8,""17"":6,""18"":8,""19"":3,""20"":7,""21"":6,""22"":10,""23"":7,""24"":4,""25"":7,""26"":5,""27"":6,""28"":3,""29"":6,""30"":2,""31"":5,""32"":2,""33"":4,""34"":2,""35"":9,""36"":4,""37"":3,""38"":1,""40"":2,""41"":2,""42"":2,""44"":1,""45"":2,""54"":1}","X..X..
...X.X
X.....
....XX
.X....
XX..X.",,,,,,,,,
159,6,11,all,0,08c2c01a09,02680700a3,4,"3,0;5,1;1,5;5,5","0,2;0,1;0,1;0,0",1,232,0,"{""118"":1,""125"":2,""140"":2,""151"":3,""232"":3}",102,0,"{""18"":1,""30"":1,""31"":2,""32"":1,""36"":3,""39"":1,""40"":2,""41"":2,""43"":1,""44"":1,""49"":2,""50"":1,""51"":1,""53"":1,""54"":4,""55"":2,""57"":1,""58"":4,""60"":4,""62"":1,""65"":2,""66"":1,""67"":2,""76"":2,""79"":1,""80"":1,""85"":3,""86"":2,""87"":2,""94"":1,""102"":2}",54,0,"{""2"":1,""4"":2,""5"":1,""6"":4,""7"":1,""8"":5,""9"":2,""10"":2,""11"":2,""12"":4,""13"":4,""14"":6,""15"":2,""16"":11,""17"":6,""18"":6,""19"":4,""20"":6,""21"":5,""22"":9,""23"":8,""24"":4,""25"":10,""26"":6,""27"":5,""28"":2,""29"":4,""30"":3,""31"":4,""32"":1,""33"":5,""34"":1,""35"":8,""36"":4,""37"":4,""38"":2,""40"":2,""41"":1,""42"":2,""44"":1,""45"":4,""54"":1}","X..X..
...X.X
X.....
....XX
.X....
XX...X",31,12,"{""1"":12,""2"":9,""3"":20,""4"":24,""5"":15,""6"":16,""7"":17,""8"":19,""9"":27,""10"":23,""11"":20,""12"":21,""13"":17,""14"":18,""15"":11,""16"":11,""17"":8,""18"":12,""19"":3,""20"":5,""21"":3,""22"":4,""23"":2,""24"":7,""25"":2,""26"":1,""27"":2,""31"":1}",,,,,,
160,6,11,all,0,0c42888a09,02682220b1,4,"0,0;1,3;4,5;5,5","0,0;1,2;0,1;0,0",1,232,0,"{""94"":1,""118"":1,""125"":2,""140"":2,""151"":2,""232"":3}",102,0,"{""8"":1,""16"":2,""18"":1,""20"":1,""24"":1,""26"":1,""27"":1,""33"":1,""34"":1,""36"":2,""37"":1,""39"":1,""41"":3,""47"":1,""49"":3,""50"":1,""51"":1,""52"":1,""53"":1,""54"":3,""55"":4,""57"":3,""58"":2,""60"":3,""65"":1,""66"":1,""67"":1,""76"":1,""79"":2,""80"":1,""85"":2,""86"":1,""87"":2,""94"":1,""102"":2}",54,0,"{""3"":5,""4"":3,""5"":7,""6"":4,""7"":7,""8"":8,""9"":8,""10"":5,""11"":2,""12"":2,""13"":10,""14"":3,""15"":3,""16"":3,""17"":2,""18"":7,""19"":7,""20"":9,""21"":3,""22"":5,""23"":9,""24"":1,""25"":5,""26"":4,""27"":5,""28"":3,""29"":3,""30"":3,""31"":1,""32"":3,""33"":3,""34"":1,""35"":4,""36"":3,""37"":2,""38"":2,""40"":3,""41"":1,""42"":1,""44"":1,""45"":3,""54"":1}","X..X..
...X.X
...X..
.X...X
.X....
X...XX",31,11,"{""1"":11,""2"":37,""3"":39,""4"":38,""5"":35,""6"":21,""7"":10,""8"":17,""9"":9,""10"":21,""11"":11,""12"":13,""13"":7,""14"":14,""15"":6,""16"":7,""17"":6,""18"":8,""19"":2,""20"":4,""21"":3,""22"":3,""23"":2,""24"":2,""25"":2,""26"":1,""31"":1}",,,,,,
161,6,11,all,0,06080501f1,0065c0208b,4,"0,0;4,0;4,2;4,5","0,0;0,1;1,2;0,1",1,232,0,"{""118"":1,""125"":3,""140"":3,""151"":2,""232"":2}",102,0,"{""14"":1,""18"":1,""19"":1,""20"":1,""21"":1,""26"":1,""30"":1,""31"":3,""34"":1,""36"":1,""39"":1,""40"":3,""41"":3,""43"":2,""44"":1,""49"":1,""50"":2,""51"":2,""52"":2,""53"":1,""54"":2,""55"":1,""57"":1,""58"":4,""60"":4,""65"":3,""66"":1,""76"":2,""79"":1,""85"":2,""86"":1,""87"":1,""94"":1,""102"":1}",54,0,"{""2"":2,""3"":3,""4"":3,""5"":7,""6"":4,""7"":5,""8"":5,""9"":4,""10"":6,""11"":3,""12"":4,""13"":11,""14"":6,""15"":9,""16"":4,""17"":6,""18"":4,""19"":4,""20"":6,""21"":5,""22"":8,""23"":6,""24"":8,""25"":3,""26"":1,""27"":2,""28"":3,""29"":4,""30"":3,""31"":5,""32"":1,""33"":2,""34"":2,""35"":3,""36"":3,""37"":4,""40"":1,""42"":1,""44"":1,""45"":2,""54"":1}","X...XX
XXX...
....X.
X.....
...X..
...XX.",31,19,"{""1"":19,""2"":42,""3"":32,""4"":9,""5"":30,""6"":17,""7"":28,""8"":25,""9"":16,""10"":20,""11"":17,""12"":14,""13"":9,""14"":11,""15"":10,""16"":7,""17"":2,""18"":6,""19"":2,""20"":2,""21"":3,""22"":2,""24"":3,""25"":2,""27"":1,""31"":1}",,,,,,
162,6,11,all,0,08880601f1,02e2090065,5,"0,0;4,0;5,0;1,1;1,5","0,0;0,1;0,0;1,1;0,1",1,232,0,"{""118"":1,""125"":2,""140"":3,""151"":2,""232"":3}",102,0,"{""19"":2,""26"":1,""31"":1,""32"":1,""34"":1,""39"":2,""40"":1,""41"":2,""44"":2,""49"":2,""50"":3,""51"":1,""52"":2,""54"":1,""55"":2,""57"":4,""58"":3,""60"":5,""62"":1,""65"":2,""66"":1,""67"":1,""76"":3,""79"":2,""80"":1,""85"":1,""86"":2,""87"":2,""94"":1,""102"":2}",54,0,"{""4"":1,""5"":1,""6"":1,""8"":4,""9"":4,""10"":3,""11"":6,""13"":9,""14"":6,""15"":6,""16"":3,""17"":2,""18"":3,""19"":8,""20"":10,""21"":3,""22"":11,""23"":7,""24"":7,""25"":8,""26"":7,""27"":4,""28"":6,""29"":7,""30"":6,""31"":4,""32"":3,""33"":2,""35"":7,""36"":3,""37"":6,""38"":1,""40"":3,""41"":1,""45"":1,""54"":1}","X...XX
XXX...
.....X
X.....
...X..
.X...X",25,0,"{""2"":3,""3"":9,""4"":14,""5"":25,""6"":24,""7"":38,""8"":29,""9"":26,""10"":29,""11"":26,""12"":21,""13"":12,""14"":21,""15"":3,""16"":15,""17"":10,""18"":9,""19"":5,""20"":2,""21"":2,""22"":3,""23"":2,""24"":1,""25"":1}",16,5,"{""1"":5,""2"":36,""3"":84,""4"":85,""5"":75,""6"":55,""7"":49,""8"":29,""9"":12,""10"":17,""11"":5,""12"":3,""13"":4,""14"":1,""15"":1,""16"":1}",,,
163,6,11,all,0,06080601f1,0161c0208b,4,"0,0;4,0;5,2;4,5","0,0;0,1;0,2;0,1",1,232,0,"{""118"":1,""125"":2,""140"":3,""151"":3,""232"":2}",102,0,"{""14"":1,""18"":1,""19"":1,""21"":1,""26"":1,""31"":1,""32"":1,""34"":1,""36"":1,""39"":2,""40"":3,""41"":3,""43"":1,""44"":1,""49"":2,""50"":1,""51"":1,""52"":1,""53"":1,""54"":2,""55"":1,""57"":2,""58"":3,""60"":4,""62"":1,""65"":4,""66"":2,""67"":1,""76"":2,""79"":1,""85"":2,""86"":1,""87"":2,""94"":1,""102"":1}",54,0,"{""2"":1,""3"":3,""4"":1,""5"":3,""6"":4,""7"":5,""8"":6,""9"":4,""10"":4,""11"":2,""12"":4,""13"":10,""14"":7,""15"":6,""16"":3,""17"":4,""18"":5,""19"":4,""20"":6,""21"":6,""22"":8,""23"":6,""24"":6,""25"":6,""26"":2,""27"":3,""28"":3,""29"":5,""30"":5,""31"":6,""32"":1,""33"":2,""34"":3,""35"":4,""36"":3,""37"":5,""38"":2,""40"":1,""42"":1,""44"":1,""45"":3,""54"":1}","X...XX
XXX...
.....X
X.....
...X..
...XX.",31,6,"{""1"":6,""2"":36,""3"":23,""4"":5,""5"":26,""6"":23,""7"":35,""8"":25,""9"":14,""10"":19,""11"":19,""12"":15,""13"":11,""14"":19,""15"":9,""16"":10,""17"":6,""18"":8,""19"":2,""20"":3,""21"":5,""22"":3,""23"":1,""24"":3,""25"":2,""27"":1,""31"":1}",,,,,,
164,6,11,all,0,0a080601f1,0144801e23,6,"0,0;4,0;5,0;2,1;3,5;5,5","0,0;0,1;0,0;1,2;0,2;0,0",1,232,0,"{""118"":1,""125"":2,""140"":2,""151"":3,""232"":3}",102,0,"{""19"":1,""26"":1,""31"":1,""32"":1,""34"":1,""39"":2,""40"":1,""41"":2,""43"":1,""44"":1,""49"":2,""50"":2,""51"":1,""52"":1,""53"":1,""54"":2,""55"":1,""57"":2,""58"":3,""60"":5,""62"":1,""65"":4,""66"":2,""67"":2,""76"":2,""79"":1,""80"":1,""85"":2,""86"":2,""87"":3,""94"":1,""102"":2}",54,0,"{""8"":3,""9"":3,""10"":3,""11"":3,""12"":2,""13"":9,""14"":8,""15"":5,""16"":1,""17"":3,""18"":3,""19"":5,""20"":7,""21"":7,""22"":9,""23"":9,""24"":7,""25"":8,""26"":6,""27"":4,""28"":3,""29"":7,""30"":7,""31"":6,""32"":1,""33"":3,""34"":3,""35"":7,""36"":3,""37"":7,""38"":3,""40"":2,""41"":1,""42"":1,""44"":1,""45"":4,""54"":1}","X...XX
XXX...
.....X
X.....
...X..
...X.X",31,0,"{""4"":3,""5"":16,""6"":24,""7"":37,""8"":37,""9"":25,""10"":28,""11"":25,""12"":18,""13"":14,""14"":23,""15"":10,""16"":19,""17"":11,""18"":10,""19"":5,""20"":3,""21"":6,""22"":6,""23"":3,""24"":3,""25"":2,""27"":1,""31"":1}",20,0,"{""2"":5,""3"":30,""4"":80,""5"":87,""6"":87,""7"":60,""8"":39,""9"":21,""10"":22,""11"":9,""12"":10,""13"":3,""14"":2,""15"":2,""16"":1,""17"":2,""18"":1,""20"":1}",14,5,"{""1"":5,""2"":51,""3"":102,""4"":134,""5"":91,""6"":49,""7"":18,""8"":4,""9"":5,""10"":1,""11"":1,""14"":1}"
165,6,11,all,0,01284140f1,00c2910351,4,"0,0;4,0;5,0;4,3","0,0;0,1;0,0;1,2",1,232,0,"{""94"":1,""118"":1,""125"":3,""140"":3,""151"":1,""232"":2}",102,0,"{""15"":1,""16"":1,""19"":1,""20"":1,""24"":1,""25"":1,""28"":1,""29"":1,""30"":1,""31"":1,""32"":1,""34"":1,""36"":2,""37"":2,""38"":1,""39"":1,""40"":3,""41"":2,""44"":1,""45"":1,""47"":1,""49"":2,""50"":2,""51"":2,""52"":3,""54"":1,""55"":3,""57"":2,""58"":2,""60"":4,""76"":1,""79"":1,""85"":1,""86"":2,""87"":1,""94"":1,""102"":1}",54,0,"{""2"":2,""3"":4,""4"":2,""5"":3,""6"":8,""7"":3,""8"":10,""9"":6,""10"":6,""11"":3,""12"":6,""13"":6,""14"":5,""15"":8,""16"":7,""17"":6,""18"":8,""19"":7,""20"":9,""21"":3,""22"":3,""23"":8,""24"":8,""25"":4,""26"":1,""27"":7,""28"":4,""29"":3,""30"":1,""31"":2,""32"":2,""33"":1,""34"":1,""36"":1,""37"":1,""38"":1,""40"":1,""41"":1,""45"":1,""54"":2}","X...XX
XX....
..X.X.
....X.
...X.X
..X...",26,27,"{""1"":27,""2"":27,""3"":32,""4"":27,""5"":28,""6"":29,""7"":32,""8"":23,""9"":17,""10"":17,""11"":16,""12"":16,""13"":9,""14"":6,""15"":5,""16"":1,""17"":1,""18"":5,""19"":4,""20"":1,""21"":1,""23"":2,""24"":2,""25"":1,""26"":1}",,,,,,
166,6,11,all,0,00688140f1,00688140f1,4,"0,0;4,0;2,2;5,3","0,0;0,1;2,2;0,2",1,232,0,"{""94"":1,""118"":1,""125"":2,""140"":3,""151"":1,""232"":3}",102,0,"{""15"":1,""19"":1,""21"":1,""24"":1,""28"":1,""29"":1,""30"":2,""31"":1,""32"":1,""34"":1,""36"":1,""37"":1,""38"":1,""40"":1,""41"":2,""44"":1,""45"":1,""49"":1,""50"":2,""51"":2,""52"":3,""53"":1,""54"":2,""55"":5,""57"":2,""58"":2,""60"":4,""76"":2,""79"":2,""80"":1,""85"":1,""86"":2,""87"":1,""94"":1,""102"":2}",54,0,"{""2"":2,""3"":4,""4"":1,""5"":3,""6"":8,""7"":2,""8"":6,""9"":5,""10"":1,""11"":1,""12"":7,""13"":8,""14"":5,""15"":6,""16"":8,""17"":4,""18"":5,""19"":7,""20"":13,""21"":4,""22"":5,""23"":8,""24"":6,""25"":6,""26"":3,""27"":6,""28"":5,""29"":3,""30"":2,""31"":2,""32"":4,""33"":2,""34"":1,""36"":2,""37"":2,""40"":3,""41"":2,""44"":1,""45"":1,""54"":1}","X...XX
XX....
..X.X.
.....X
...X.X
X.....",26,22,"{""1"":22,""2"":36,""3"":24,""4"":20,""5"":26,""6"":22,""7"":22,""8"":24,""9"":18,""10"":19,""11"":20,""12"":23,""13"":12,""14"":9,""15"":7,""16"":2,""17"":4,""18"":7,""19"":6,""21"":1,""22"":2,""23"":1,""24"":1,""25"":1,""26"":1}",,,,,,
167,6,11,all,0,0a080580f1,0144806c23,4,"0,0;5,0;3,2;4,2","0,0;0,0;2,2;1,2",1,232,0,"{""94"":1,""118"":1,""125"":2,""140"":2,""151"":2,""232"":3}",102,0,"{""8"":1,""19"":1,""21"":1,""24"":1,""25"":1,""27"":1,""28"":1,""30"":1,""31"":2,""32"":1,""34"":1,""40"":1,""41"":2,""43"":1,""49"":1,""50"":2,""51"":1,""52"":3,""53"":1,""54"":2,""55"":3,""57"":1,""58"":4,""60"":4,""65"":3,""66"":1,""67"":1,""76"":2,""79"":1,""80"":1,""85"":2,""86"":1,""87"":2,""94"":1,""102"":2}",54,0,"{""3"":3,""4"":4,""5"":4,""6"":4,""7"":2,""8"":3,""9"":4,""10"":6,""11"":3,""12"":2,""13"":9,""14"":6,""15"":5,""16"":5,""17"":5,""18"":6,""19"":7,""20"":5,""21"":4,""22"":7,""23"":6,""24"":7,""25"":4,""26"":5,""27"":2,""28"":5,""29"":5,""30"":5,""31"":5,""32"":1,""33"":2,""34"":2,""35"":5,""36"":3,""37"":5,""38"":1,""40"":2,""42"":1,""44"":1,""45"":3,""54"":1}","X...XX
XX....
...XX.
X.....
...X..
...X.X",31,2,"{""1"":2,""2"":30,""3"":28,""4"":26,""5"":18,""6"":20,""7"":16,""8"":27,""9"":23,""10"":22,""11"":24,""12"":18,""13"":9,""14"":13,""15"":10,""16"":14,""17"":3,""18"":4,""19"":5,""20"":2,""21"":4,""22"":3,""23"":2,""24"":3,""25"":2,""27"":1,""31"":1}",,,,,,
168,6,11,all,0,0990003171,01e4880461,4,"0,0;4,0;5,0;4,4","0,0;0,1;0,0;1,1",1,232,0,"{""118"":1,""125"":2,""140"":3,""151"":2,""232"":3}",102,0,"{""19"":1,""20"":2,""21"":2,""28"":1,""30"":1,""31"":1,""32"":2,""36"":2,""40"":3,""41"":2,""44"":1,""49"":1,""50"":3,""51"":1,""52"":1,""53"":1,""54"":2,""55"":2,""57"":2,""58"":2,""60"":5,""65"":1,""67"":1,""76"":3,""79"":2,""80"":1,""85"":2,""86"":2,""87"":2,""94"":1,""102"":2}",54,0,"{""4"":3,""5"":4,""6"":6,""7"":6,""8"":4,""9"":6,""10"":8,""11"":6,""12"":7,""13"":6,""14"":11,""15"":8,""16"":5,""17"":4,""18"":3,""19"":4,""20"":7,""21"":1,""22"":5,""23"":2,""24"":5,""25"":9,""26"":3,""27"":3,""28"":3,""29"":4,""30"":4,""31"":3,""32"":2,""33"":3,""34"":1,""35"":1,""36"":4,""37"":2,""38"":1,""40"":3,""41"":1,""42"":1,""44"":1,""45"":3,""54"":2}","X...XX
X.X...
XX....
......
....X.
.XX..X",31,3,"{""1"":3,""2"":30,""3"":35,""4"":45,""5"":37,""6"":28,""7"":34,""8"":16,""9"":19,""10"":13,""11"":17,""12"":8,""13"":2,""14"":5,""15"":5,""16"":3,""17"":3,""18"":6,""19"":4,""20"":2,""21"":2,""22"":3,""24"":5,""25"":2,""26"":1,""27"":1,""31"":1}",,,,,,
169,6,11,all,0,02682220b1,02682220b1,4,"0,0;4,0;5,0;3,3","0,0;0,1;0,0;2,2",1,232,0,"{""94"":1,""118"":1,""125"":2,""140"":2,""151"":2,""232"":3}",102,0,"{""8"":1,""16"":2,""18"":1,""20"":1,""24"":1,""26"":1,""27"":1,""33"":1,""34"":1,""36"":2,""37"":1,""39"":1,""41"":3,""47"":1,""49"":3,""50"":1,""51"":1,""52"":1,""53"":1,""54"":3,""55"":4,""57"":3,""58"":2,""60"":3,""65"":1,""66"":1,""67"":1,""76"":1,""79"":2,""80"":1,""85"":2,""86"":1,""87"":2,""94"":1,""102"":2}",54,0,"{""3"":5,""4"":3,""5"":7,""6"":4,""7"":7,""8"":8,""9"":8,""10"":5,""11"":2,""12"":2,""13"":10,""14"":3,""15"":3,""16"":3,""17"":2,""18"":7,""19"":7,""20"":9,""21"":3,""22"":5,""23"":9,""24"":1,""25"":5,""26"":4,""27"":5,""28"":3,""29"":3,""30"":3,""31"":1,""32"":3,""33"":3,""34"":1,""35"":4,""36"":3,""37"":2,""38"":2,""40"":3,""41"":1,""42"":1,""44"":1,""45"":3,""54"":1}","X...XX
.X....
.X...X
...X..
...X.X
X..X..",31,11,"{""1"":11,""2"":37,""3"":39,""4"":38,""5"":35,""6"":21,""7"":10,""8"":17,""9"":9,""10"":21,""11"":11,""12"":13,""13"":7,""14"":14,""15"":6,""16"":7,""17"":6,""18"":8,""19"":2,""20"":4,""21"":3,""22"":3,""23"":2,""24"":2,""25"":2,""26"":1,""31"":1}",,,,,,
170,6,11,all,0,02680540b1,02680540b1,5,"4,0;5,0;2,2;4,2;0,3","0,1;0,0;2,2;1,2;0,2",1,232,0,"{""94"":1,""118"":1,""125"":2,""140"":2,""151"":2,""232"":3}",102,0,"{""15"":1,""28"":1,""30"":1,""31"":2,""34"":2,""37"":1,""38"":1,""41"":2,""43"":1,""44"":1,""45"":1,""49"":1,""50"":1,""51"":2,""52"":2,""53"":1,""54"":3,""55"":4,""57"":2,""58"":4,""60"":4,""65"":2,""66"":2,""67"":1,""76"":1,""79"":2,""80"":1,""85"":2,""86"":2,""87"":1,""94"":1,""102"":2}",54,0,"{""6"":1,""8"":4,""9"":2,""10"":1,""12"":4,""13"":6,""14"":2,""15"":5,""16"":5,""17"":8,""18"":5,""19"":7,""20"":11,""21"":5,""22"":12,""23"":11,""24"":5,""25"":8,""26"":6,""27"":4,""28"":7,""29"":4,""30"":3,""31"":3,""32"":3,""33"":4,""34"":3,""35"":7,""36"":4,""37"":5,""40"":3,""41"":2,""42"":1,""44"":1,""45"":2,""54"":1}","X...XX
.X....
..X.X.
X.....
...X.X
X..X..",31,0,"{""3"":4,""4"":5,""5"":8,""6"":12,""7"":17,""8"":35,""9"":31,""10"":34,""11"":32,""12"":27,""13"":23,""14"":22,""15"":19,""16"":11,""17"":7,""18"":11,""19"":8,""20"":4,""21"":4,""22"":4,""23"":2,""24"":5,""25"":2,""26"":1,""27"":1,""31"":1}",20,1,"{""1"":1,""2"":12,""3"":28,""4"":42,""5"":73,""6"":57,""7"":82,""8"":60,""9"":35,""10"":28,""11"":13,""12"":12,""13"":6,""14"":5,""15"":2,""16"":2,""17"":2,""18"":1,""20"":1}",,,
171,6,11,all,0,02680640b1,02680640b1,4,"4,0;5,0;2,2;5,2","0,1;0,0;2,2;0,2",1,232,0,"{""94"":1,""118"":1,""125"":1,""140"":2,""151"":3,""232"":3}",102,0,"{""15"":1,""25"":1,""28"":1,""31"":1,""34"":1,""37"":1,""38"":1,""39"":1,""41"":3,""45"":1,""49"":2,""51"":1,""52"":2,""53"":1,""54"":3,""55"":4,""57"":3,""58"":2,""60"":4,""62"":1,""65"":3,""66"":2,""67"":2,""76"":1,""79"":2,""80"":1,""85"":3,""86"":1,""87"":2,""94"":1,""102"":2}",54,0,"{""5"":1,""6"":1,""8"":4,""9"":3,""10"":3,""12"":6,""13"":6,""14"":1,""15"":1,""16"":2,""17"":5,""18"":6,""19"":8,""20"":10,""21"":5,""22"":8,""23"":11,""24"":3,""25"":9,""26"":5,""27"":7,""28"":7,""29"":4,""30"":4,""31"":4,""32"":3,""33"":5,""34"":3,""35"":10,""36"":4,""37"":3,""38"":2,""40"":3,""41"":1,""42"":1,""44"":1,""45"":4,""54"":1}","X...XX
.X....
..X..X
X.....
...X.X
X..X..",31,1,"{""1"":1,""2"":1,""3"":10,""4"":8,""5"":8,""6"":21,""7"":20,""8"":33,""9"":17,""10"":28,""11"":26,""12"":26,""13"":15,""14"":27,""15"":14,""16"":13,""17"":14,""18"":13,""19"":7,""20"":5,""21"":5,""22"":4,""23"":4,""24"":5,""25"":2,""26"":1,""27"":1,""31"":1}",,,,,,
172,6,11,all,0,0220143631,0101a301a3,4,"0,0;4,0;3,1;1,2","0,0;0,1;1,2;1,2",1,232,0,"{""94"":1,""118"":1,""125"":2,""140"":2,""151"":3,""232"":2}",102,0,"{""16"":2,""19"":1,""20"":1,""24"":1,""26"":1,""27"":1,""29"":1,""30"":2,""31"":1,""33"":1,""34"":2,""36"":4,""37"":1,""40"":3,""41"":1,""45"":1,""47"":2,""49"":3,""50"":2,""53"":1,""54"":2,""55"":3,""57"":2,""58"":2,""60"":2,""65"":2,""66"":2,""67"":1,""79"":1,""85"":2,""87"":2,""94"":1,""102"":1}",45,0,"{""2"":1,""3"":1,""4"":3,""5"":7,""6"":4,""7"":5,""8"":11,""9"":8,""10"":5,""11"":6,""12"":8,""13"":12,""14"":14,""15"":6,""16"":7,""17"":4,""18"":8,""19"":4,""20"":7,""21"":2,""22"":5,""23"":7,""24"":2,""25"":3,""26"":1,""27"":2,""28"":1,""29"":1,""30"":2,""31"":3,""32"":1,""33"":2,""34"":1,""35"":3,""36"":1,""37"":1,""38"":2,""40"":1,""44"":1,""45"":2}","X...XX
...XX.
XX....
X.X...
.....X
...X..",24,13,"{""1"":13,""2"":28,""3"":46,""4"":48,""5"":49,""6"":32,""7"":18,""8"":18,""9"":23,""10"":11,""11"":12,""12"":7,""13"":2,""14"":5,""15"":6,""16"":1,""17"":4,""18"":3,""21"":2,""23"":1,""24"":1}",,,,,,
173,6,11,all,0,01a0141631,01a0141631,4,"0,0;4,0;3,1;2,5","0,0;0,1;1,2;0,2",1,232,0,"{""94"":1,""118"":1,""125"":1,""140"":3,""151"":3,""232"":2}",102,0,"{""10"":1,""16"":2,""21"":1,""24"":1,""26"":1,""27"":1,""30"":1,""32"":2,""33"":2,""34"":1,""36"":4,""37"":1,""40"":3,""41"":2,""43"":1,""45"":1,""47"":1,""49"":2,""50"":2,""53"":2,""54"":1,""55"":3,""57"":3,""58"":1,""60"":2,""65"":2,""66"":1,""67"":1,""76"":1,""79"":2,""85"":2,""87"":2,""94"":1,""102"":1}",45,0,"{""2"":1,""3"":2,""4"":2,""5"":8,""6"":7,""7"":6,""8"":8,""9"":5,""10"":7,""11"":4,""12"":8,""13"":10,""14"":13,""15"":7,""16"":9,""17"":5,""18"":7,""19"":2,""20"":8,""21"":2,""22"":7,""23"":5,""24"":2,""25"":4,""26"":3,""27"":2,""29"":1,""30"":3,""31"":2,""32"":1,""33"":1,""35"":3,""36"":2,""38"":2,""40"":2,""44"":2,""45"":2}","X...XX
...XX.
X.....
X.X...
.....X
.XX...",23,17,"{""1"":17,""2"":40,""3"":38,""4"":43,""5"":49,""6"":30,""7"":24,""8"":19,""9"":16,""10"":10,""11"":11,""12"":5,""13"":4,""14"":5,""15"":5,""16"":2,""17"":4,""18"":3,""19"":1,""20"":1,""22"":2,""23"":1}",,,,,,
174,6,11,all,0,0905803431,02680700a3,4,"0,0;4,0;5,0;0,4","0,0;0,1;0,0;0,1",1,232,0,"{""118"":1,""125"":2,""140"":2,""151"":3,""232"":3}",102,0,"{""18"":1,""30"":1,""31"":2,""32"":1,""36"":3,""39"":1,""40"":2,""41"":2,""43"":1,""44"":1,""49"":2,""50"":1,""51"":1,""53"":1,""54"":4,""55"":2,""57"":1,""58"":4,""60"":4,""62"":1,""65"":2,""66"":1,""67"":2,""76"":2,""79"":1,""80"":1,""85"":3,""86"":2,""87"":2,""94"":1,""102"":2}",54,0,"{""2"":1,""4"":2,""5"":1,""6"":4,""7"":1,""8"":5,""9"":2,""10"":2,""11"":2,""12"":4,""13"":4,""14"":6,""15"":2,""16"":11,""17"":6,""18"":6,""19"":4,""20"":6,""21"":5,""22"":9,""23"":8,""24"":4,""25"":10,""26"":6,""27"":5,""28"":2,""29"":4,""30"":3,""31"":4,""32"":1,""33"":5,""34"":1,""35"":8,""36"":4,""37"":4,""38"":2,""40"":2,""41"":1,""42"":2,""44"":1,""45"":4,""54"":1}","X...XX
....X.
XX....
.....X
X.X...
..X..X",31,12,"{""1"":12,""2"":9,""3"":20,""4"":24,""5"":15,""6"":16,""7"":17,""8"":19,""9"":27,""10"":23,""11"":20,""12"":21,""13"":17,""14"":18,""15"":11,""16"":11,""17"":8,""18"":12,""19"":3,""20"":5,""21"":3,""22"":4,""23"":2,""24"":7,""25"":2,""26"":1,""27"":2,""31"":1}",,,,,,
175,6,11,all,0,09a8088431,00688140f1,4,"0,0;4,0;5,0;1,3","0,0;0,1;0,0;1,2",1,232,0,"{""94"":1,""118"":1,""125"":2,""140"":3,""151"":1,""232"":3}",102,0,"{""15"":1,""19"":1,""21"":1,""24"":1,""28"":1,""29"":1,""30"":2,""31"":1,""32"":1,""34"":1,""36"":1,""37"":1,""38"":1,""40"":1,""41"":2,""44"":1,""45"":1,""49"":1,""50"":2,""51"":2,""52"":3,""53"":1,""54"":2,""55"":5,""57"":2,""58"":2,""60"":4,""76"":2,""79"":2,""80"":1,""85"":1,""86"":2,""87"":1,""94"":1,""102"":2}",54,0,"{""2"":2,""3"":4,""4"":1,""5"":3,""6"":8,""7"":2,""8"":6,""9"":5,""10"":1,""11"":1,""12"":7,""13"":8,""14"":5,""15"":6,""16"":8,""17"":4,""18"":5,""19"":7,""20"":13,""21"":4,""22"":5,""23"":8,""24"":6,""25"":6,""26"":3,""27"":6,""28"":5,""29"":3,""30"":2,""31"":2,""32"":4,""33"":2,""34"":1,""36"":2,""37"":2,""40"":3,""41"":2,""44"":1,""45"":1,""54"":1}","X...XX
....X.
...X..
.X....
...X.X
.XX..X",26,22,"{""1"":22,""2"":36,""3"":24,""4"":20,""5"":26,""6"":22,""7"":22,""8"":24,""9"":18,""10"":19,""11"":20,""12"":23,""13"":12,""14"":9,""15"":7,""16"":2,""17"":4,""18"":7,""19"":6,""21"":1,""22"":2,""23"":1,""24"":1,""25"":1,""26"":1}",,,,,,
176,6,11,all,0,08809281d1,00e228406c,4,"4,0;1,1;2,1;3,2","0,1;1,1;1,2;2,2",1,232,0,"{""94"":2,""118"":1,""125"":1,""140"":3,""151"":2,""232"":2}",94,0,"{""8"":1,""15"":1,""19"":2,""21"":2,""24"":2,""25"":1,""26"":1,""27"":1,""28"":1,""30"":1,""32"":2,""33"":1,""34"":2,""36"":1,""40"":2,""41"":1,""44"":1,""45"":2,""47"":1,""49"":1,""50"":2,""51"":1,""52"":1,""53"":1,""55"":6,""57"":3,""58"":1,""60"":2,""65"":1,""66"":1,""67"":1,""76"":2,""79"":1,""80"":1,""85"":1,""86"":1,""87"":1,""94"":1}",44,0,"{""2"":5,""3"":1,""4"":5,""5"":6,""6"":5,""7"":2,""8"":12,""9"":3,""10"":6,""11"":8,""12"":9,""13"":7,""14"":10,""15"":7,""16"":8,""17"":3,""18"":8,""19"":6,""20"":8,""21"":1,""22"":10,""23"":1,""24"":2,""25"":8,""26"":2,""27"":1,""28"":5,""29"":3,""30"":1,""31"":2,""32"":1,""35"":2,""37"":3,""38"":1,""40"":1,""41"":1,""44"":1}","X...X.
XXX...
...X.X
..X..X
......
.X...X",22,16,"{""1"":16,""2"":41,""3"":34,""4"":40,""5"":37,""6"":30,""7"":25,""8"":23,""9"":21,""10"":17,""11"":15,""12"":10,""13"":5,""14"":4,""16"":5,""17"":1,""18"":2,""19"":2,""22"":2}",,,,,,
177,6,11,all,0,03442220d1,0101a301a3,4,"0,0;0,1;3,3;2,4","0,0;0,1;2,2;1,2",1,232,0,"{""94"":1,""118"":1,""125"":2,""140"":2,""151"":3,""232"":2}",102,0,"{""16"":2,""19"":1,""20"":1,""24"":1,""26"":1,""27"":1,""29"":1,""30"":2,""31"":1,""33"":1,""34"":2,""36"":4,""37"":1,""40"":3,""41"":1,""45"":1,""47"":2,""49"":3,""50"":2,""53"":1,""54"":2,""55"":3,""57"":2,""58"":2,""60"":2,""65"":2,""66"":2,""67"":1,""79"":1,""85"":2,""87"":2,""94"":1,""102"":1}",45,0,"{""2"":1,""3"":1,""4"":3,""5"":7,""6"":4,""7"":5,""8"":11,""9"":8,""10"":5,""11"":6,""12"":8,""13"":12,""14"":14,""15"":6,""16"":7,""17"":4,""18"":8,""19"":4,""20"":7,""21"":2,""22"":5,""23"":7,""24"":2,""25"":3,""26"":1,""27"":2,""28"":1,""29"":1,""30"":2,""31"":3,""32"":1,""33"":2,""34"":1,""35"":3,""36"":1,""37"":1,""38"":2,""40"":1,""44"":1,""45"":2}","X...X.
XX....
.X...X
...X..
..X...
X.XX..",24,13,"{""1"":13,""2"":28,""3"":46,""4"":48,""5"":49,""6"":32,""7"":18,""8"":18,""9"":23,""10"":11,""11"":12,""12"":7,""13"":2,""14"":5,""15"":6,""16"":1,""17"":4,""18"":3,""21"":2,""23"":1,""24"":1}",,,,,,
178,6,11,all,0,0360a020d1,01a0141631,4,"0,0;4,0;3,3;5,3","0,0;0,1;2,2;0,2",1,232,0,"{""94"":1,""118"":1,""125"":1,""140"":3,""151"":3,""232"":2}",102,0,"{""10"":1,""16"":2,""21"":1,""24"":1,""26"":1,""27"":1,""30"":1,""32"":2,""33"":2,""34"":1,""36"":4,""37"":1,""40"":3,""41"":2,""43"":1,""45"":1,""47"":1,""49"":2,""50"":2,""53"":2,""54"":1,""55"":3,""57"":3,""58"":1,""60"":2,""65"":2,""66"":1,""67"":1,""76"":1,""79"":2,""85"":2,""87"":2,""94"":1,""102"":1}",45,0,"{""2"":1,""3"":2,""4"":2,""5"":8,""6"":7,""7"":6,""8"":8,""9"":5,""10"":7,""11"":4,""12"":8,""13"":10,""14"":13,""15"":7,""16"":9,""17"":5,""18"":7,""19"":2,""20"":8,""21"":2,""22"":7,""23"":5,""24"":2,""25"":4,""26"":3,""27"":2,""29"":1,""30"":3,""31"":2,""32"":1,""33"":1,""35"":3,""36"":2,""38"":2,""40"":2,""44"":2,""45"":2}","X...X.
XX....
.X....
...X.X
.....X
X.XX..",23,17,"{""1"":17,""2"":40,""3"":38,""4"":43,""5"":49,""6"":30,""7"":24,""8"":19,""9"":16,""10"":10,""11"":11,""12"":5,""13"":4,""14"":5,""15"":5,""16"":2,""17"":4,""18"":3,""19"":1,""20"":1,""22"":2,""23"":1}",,,,,,
179,6,11,all,0,01281700d1,01281700d1,3,"0,1;2,3;3,4","0,1;2,2;1,2",1,232,0,"{""94"":1,""118"":1,""125"":2,""140"":3,""151"":3,""232"":1}",94,0,"{""10"":1,""15"":1,""19"":2,""21"":1,""24"":1,""27"":1,""28"":1,""29"":1,""30"":1,""31"":2,""32"":1,""33"":2,""36"":1,""37"":1,""39"":1,""40"":2,""41"":4,""43"":1,""44"":1,""45"":1,""47"":1,""49"":2,""50"":1,""51"":2,""52"":2,""54"":1,""55"":2,""57"":3,""58"":2,""60"":3,""62"":1,""65"":1,""66"":2,""79"":1,""86"":1,""87"":2,""94"":1}",54,1,"{""1"":1,""2"":4,""3"":3,""4"":4,""5"":9,""6"":7,""7"":1,""8"":3,""9"":9,""10"":2,""11"":4,""12"":8,""13"":9,""14"":5,""15"":8,""16"":8,""17"":4,""18"":9,""19"":9,""20"":8,""21"":6,""22"":7,""23"":4,""24"":3,""25"":5,""27"":5,""28"":2,""29"":3,""30"":2,""31"":1,""32"":1,""35"":3,""36"":2,""37"":2,""38"":2,""41"":1,""54"":1}","X...X.
XX....
....XX
X.X...
...X.X
..X...",,,,,,,,,
180,6,11,all,0,0b005300d1,00c2a20364,4,"0,0;4,0;4,3;3,5","0,0;0,1;1,2;0,2",1,232,0,"{""94"":1,""118"":1,""125"":2,""140"":2,""151"":3,""232"":2}",94,0,"{""15"":1,""16"":1,""20"":1,""21"":1,""24"":1,""28"":1,""29"":1,""30"":3,""32"":1,""33"":1,""34"":2,""36"":2,""37"":1,""39"":1,""40"":2,""41"":1,""45"":1,""47"":1,""49"":3,""50"":1,""51"":1,""52"":1,""53"":1,""54"":1,""55"":3,""57"":2,""58"":2,""60"":4,""65"":2,""66"":2,""67"":1,""76"":1,""79"":1,""80"":1,""85"":1,""86"":1,""87"":2,""94"":1}",54,0,"{""3"":3,""4"":4,""5"":4,""6"":7,""7"":5,""8"":8,""9"":7,""10"":5,""11"":5,""12"":8,""13"":11,""14"":5,""15"":8,""16"":6,""17"":5,""18"":3,""19"":10,""20"":5,""21"":4,""22"":5,""23"":7,""24"":2,""25"":4,""26"":6,""27"":3,""28"":3,""29"":4,""31"":4,""34"":1,""35"":4,""36"":2,""37"":1,""38"":2,""40"":1,""44"":1,""45"":1,""54"":1}","X...X.
XX....
....XX
..X.X.
......
..XX.X",27,29,"{""1"":29,""2"":33,""3"":49,""4"":34,""5"":23,""6"":23,""7"":22,""8"":26,""9"":17,""10"":18,""11"":11,""12"":8,""13"":6,""14"":7,""15"":7,""16"":3,""17"":4,""18"":3,""19"":2,""20"":1,""21"":1,""23"":2,""27"":1}",,,,,,
181,6,11,all,0,00c2910351,00c2910351,4,"0,0;4,0;0,1;3,1","0,0;0,1;0,1;1,2",1,232,0,"{""94"":1,""118"":1,""125"":3,""140"":3,""151"":1,""232"":2}",102,0,"{""15"":1,""16"":1,""19"":1,""20"":1,""24"":1,""25"":1,""28"":1,""29"":1,""30"":1,""31"":1,""32"":1,""34"":1,""36"":2,""37"":2,""38"":1,""39"":1,""40"":3,""41"":2,""44"":1,""45"":1,""47"":1,""49"":2,""50"":2,""51"":2,""52"":3,""54"":1,""55"":3,""57"":2,""58"":2,""60"":4,""76"":1,""79"":1,""85"":1,""86"":2,""87"":1,""94"":1,""102"":1}",54,0,"{""2"":2,""3"":4,""4"":2,""5"":3,""6"":8,""7"":3,""8"":10,""9"":6,""10"":6,""11"":3,""12"":6,""13"":6,""14"":5,""15"":8,""16"":7,""17"":6,""18"":8,""19"":7,""20"":9,""21"":3,""22"":3,""23"":8,""24"":8,""25"":4,""26"":1,""27"":7,""28"":4,""29"":3,""30"":1,""31"":2,""32"":2,""33"":1,""34"":1,""36"":1,""37"":1,""38"":1,""40"":1,""41"":1,""45"":1,""54"":2}","X...X.
X.XX..
....X.
..X..X
.X....
XX....",26,27,"{""1"":27,""2"":27,""3"":32,""4"":27,""5"":28,""6"":29,""7"":32,""8"":23,""9"":17,""10"":17,""11"":16,""12"":16,""13"":9,""14"":6,""15"":5,""16"":1,""17"":1,""18"":5,""19"":4,""20"":1,""21"":1,""23"":2,""24"":2,""25"":1,""26"":1}",,,,,,
182,6,11,all,0,0990803151,0162011278,4,"0,0;4,0;5,3;4,4","0,0;0,1;0,2;1,1",1,232,0,"{""118"":1,""125"":2,""140"":3,""151"":3,""232"":2}",94,0,"{""19"":1,""20"":3,""21"":2,""28"":1,""30"":1,""31"":1,""32"":3,""36"":3,""40"":4,""41"":2,""43"":1,""44"":1,""47"":1,""50"":3,""51"":1,""52"":1,""53"":1,""54"":1,""55"":2,""57"":2,""58"":1,""60"":4,""62"":1,""65"":2,""67"":2,""76"":2,""79"":1,""80"":1,""85"":2,""86"":2,""87"":1,""94"":1}",54,0,"{""3"":1,""4"":5,""5"":4,""6"":6,""7"":7,""8"":7,""9"":6,""10"":6,""11"":9,""12"":9,""13"":5,""14"":14,""15"":8,""16"":8,""17"":4,""18"":4,""19"":6,""20"":5,""21"":1,""22"":5,""23"":3,""24"":4,""25"":10,""26"":2,""27"":2,""28"":3,""29"":2,""30"":2,""31"":2,""32"":1,""33"":1,""34"":1,""35"":2,""36"":1,""37"":1,""38"":1,""40"":1,""41"":1,""42"":1,""44"":1,""45"":1,""54"":2}","X...X.
X.X...
XX....
.....X
....X.
.XX..X",31,9,"{""1"":9,""2"":39,""3"":45,""4"":35,""5"":41,""6"":31,""7"":36,""8"":18,""9"":16,""10"":9,""11"":14,""12"":7,""13"":5,""14"":6,""15"":4,""16"":2,""17"":1,""18"":3,""19"":2,""20"":1,""21"":1,""24"":2,""25"":1,""26"":1,""31"":1}",,,,,,
183,6,11,all,0,0882928151,00f028406c,4,"4,0;3,2;2,3;1,4","0,1;2,2;2,2;1,1",1,232,0,"{""94"":2,""118"":1,""125"":1,""140"":3,""151"":2,""232"":2}",87,0,"{""8"":1,""15"":1,""16"":1,""19"":1,""24"":2,""25"":1,""27"":1,""28"":1,""30"":2,""32"":1,""33"":1,""34"":2,""36"":1,""38"":1,""40"":2,""41"":2,""44"":1,""45"":2,""47"":1,""49"":1,""50"":2,""51"":1,""52"":1,""53"":1,""54"":2,""55"":6,""57"":3,""58"":1,""60"":2,""65"":1,""66"":1,""67"":1,""76"":2,""79"":1,""80"":1,""85"":1,""86"":1,""87"":1}",41,0,"{""2"":5,""4"":4,""5"":4,""6"":6,""7"":3,""8"":9,""9"":4,""10"":6,""11"":3,""12"":7,""13"":7,""14"":9,""15"":7,""16"":8,""17"":6,""18"":10,""19"":7,""20"":11,""21"":1,""22"":10,""23"":5,""24"":4,""25"":8,""26"":2,""27"":1,""28"":5,""29"":2,""30"":2,""31"":1,""32"":1,""35"":2,""37"":3,""40"":1,""41"":1}","X...X.
X.X...
...X.X
..X..X
.X....
.X...X",22,9,"{""1"":9,""2"":38,""3"":25,""4"":39,""5"":40,""6"":30,""7"":32,""8"":23,""9"":22,""10"":19,""11"":15,""12"":11,""13"":7,""14"":7,""15"":1,""16"":6,""17"":1,""18"":1,""19"":2,""22"":2}",,,,,,
184,6,11,all,0,0a42130151,02680540b1,5,"0,0;0,1;2,1;2,3;3,5","0,0;0,1;1,2;2,2;0,2",1,232,0,"{""94"":1,""118"":1,""125"":2,""140"":2,""151"":2,""232"":3}",102,0,"{""15"":1,""28"":1,""30"":1,""31"":2,""34"":2,""37"":1,""38"":1,""41"":2,""43"":1,""44"":1,""45"":1,""49"":1,""50"":1,""51"":2,""52"":2,""53"":1,""54"":3,""55"":4,""57"":2,""58"":4,""60"":4,""65"":2,""66"":2,""67"":1,""76"":1,""79"":2,""80"":1,""85"":2,""86"":2,""87"":1,""94"":1,""102"":2}",54,0,"{""6"":1,""8"":4,""9"":2,""10"":1,""12"":4,""13"":6,""14"":2,""15"":5,""16"":5,""17"":8,""18"":5,""19"":7,""20"":11,""21"":5,""22"":12,""23"":11,""24"":5,""25"":8,""26"":6,""27"":4,""28"":7,""29"":4,""30"":3,""31"":3,""32"":3,""33"":4,""34"":3,""35"":7,""36"":4,""37"":5,""40"":3,""41"":2,""42"":1,""44"":1,""45"":2,""54"":1}","X...X.
X.X...
....XX
..X...
.X....
X..X.X",31,0,"{""3"":4,""4"":5,""5"":8,""6"":12,""7"":17,""8"":35,""9"":31,""10"":34,""11"":32,""12"":27,""13"":23,""14"":22,""15"":19,""16"":11,""17"":7,""18"":11,""19"":8,""20"":4,""21"":4,""22"":4,""23"":2,""24"":5,""25"":2,""26"":1,""27"":1,""31"":1}",20,1,"{""1"":1,""2"":12,""3"":28,""4"":42,""5"":73,""6"":57,""7"":82,""8"":60,""9"":35,""10"":28,""11"":13,""12"":12,""13"":6,""14"":5,""15"":2,""16"":2,""17"":2,""18"":1,""20"":1}",,,
185,6,11,all,0,026c222091,026c222091,3,"1,2;2,4;3,4","1,2;1,2;1,2",1,232,0,"{""94"":1,""118"":1,""125"":3,""140"":2,""151"":2,""232"":2}",102,0,"{""8"":1,""16"":3,""18"":1,""19"":1,""20"":2,""24"":1,""26"":1,""27"":1,""29"":1,""30"":1,""31"":1,""33"":1,""34"":1,""36"":3,""37"":1,""39"":1,""41"":3,""47"":2,""49"":3,""50"":2,""51"":1,""52"":1,""53"":1,""54"":2,""55"":2,""57"":3,""58"":1,""60"":2,""65"":1,""66"":1,""76"":1,""79"":2,""85"":2,""86"":1,""87"":1,""94"":1,""102"":1}",54,3,"{""1"":3,""2"":1,""3"":6,""4"":6,""5"":12,""6"":6,""7"":10,""8"":10,""9"":7,""10"":6,""11"":2,""12"":5,""13"":10,""14"":5,""15"":2,""16"":4,""17"":2,""18"":7,""19"":3,""20"":7,""21"":3,""22"":4,""23"":7,""24"":1,""25"":2,""26"":2,""27"":5,""28"":1,""29"":3,""30"":1,""31"":1,""32"":2,""33"":3,""34"":1,""35"":4,""36"":2,""38"":1,""40"":2,""41"":1,""42"":1,""44"":1,""45"":2,""54"":1}","X...X.
.X....
.X...X
...X..
..XX.X
X..X..",,,,,,,,,
186,6,11,all,0,0268074091,0268074091,6,"0,0;4,0;2,2;4,2;5,2;0,3","0,0;0,1;2,2;1,2;0,2;0,2",1,232,0,"{""94"":1,""118"":1,""125"":2,""140"":2,""151"":3,""232"":2}",102,0,"{""15"":1,""25"":1,""28"":1,""30"":1,""31"":2,""34"":2,""37"":1,""38"":1,""39"":1,""41"":3,""43"":1,""44"":1,""45"":1,""49"":2,""51"":2,""52"":2,""53"":1,""54"":3,""55"":2,""57"":3,""58"":3,""60"":3,""62"":1,""65"":3,""66"":2,""67"":1,""76"":1,""79"":2,""85"":2,""86"":2,""87"":1,""94"":1,""102"":1}",54,0,"{""5"":1,""6"":1,""8"":5,""9"":1,""10"":2,""12"":8,""13"":5,""14"":1,""15"":4,""16"":6,""17"":8,""18"":10,""19"":4,""20"":10,""21"":7,""22"":12,""23"":8,""24"":4,""25"":5,""26"":4,""27"":7,""28"":5,""29"":5,""30"":2,""31"":4,""32"":2,""33"":4,""34"":3,""35"":9,""36"":4,""37"":3,""38"":1,""40"":2,""41"":2,""42"":2,""44"":1,""45"":2,""54"":1}","X...X.
.X....
..X.XX
X.....
...X.X
X..X..",31,0,"{""3"":9,""4"":5,""5"":10,""6"":11,""7"":20,""8"":30,""9"":29,""10"":32,""11"":24,""12"":27,""13"":26,""14"":23,""15"":18,""16"":13,""17"":10,""18"":12,""19"":7,""20"":5,""21"":2,""22"":3,""23"":4,""24"":5,""25"":2,""26"":1,""27"":1,""31"":1}",20,0,"{""2"":16,""3"":34,""4"":38,""5"":61,""6"":63,""7"":73,""8"":60,""9"":35,""10"":31,""11"":18,""12"":14,""13"":7,""14"":5,""15"":2,""16"":3,""18"":1,""20"":1}",11,5,"{""1"":5,""2"":51,""3"":89,""4"":92,""5"":79,""6"":61,""7"":45,""8"":17,""9"":14,""10"":6,""11"":3}"
187,6,11,all,0,0368034091,02a80c9421,4,"4,0;2,2;5,2;2,5","0,1;2,2;0,2;0,2",1,232,0,"{""94"":1,""118"":1,""125"":2,""140"":2,""151"":3,""232"":2}",102,0,"{""15"":1,""24"":1,""25"":2,""28"":1,""29"":1,""30"":2,""31"":1,""32"":1,""34"":1,""36"":1,""37"":1,""38"":1,""39"":1,""41"":3,""44"":1,""45"":1,""47"":1,""49"":3,""51"":2,""52"":2,""53"":1,""54"":3,""55"":2,""57"":3,""58"":2,""60"":2,""65"":1,""66"":1,""67"":1,""76"":1,""79"":2,""85"":2,""86"":2,""87"":2,""94"":1,""102"":1}",54,0,"{""4"":4,""5"":1,""6"":2,""7"":1,""8"":8,""9"":5,""10"":4,""11"":1,""12"":11,""13"":4,""14"":4,""15"":7,""16"":8,""17"":7,""18"":10,""19"":4,""20"":9,""21"":4,""22"":8,""23"":8,""24"":2,""25"":2,""26"":2,""27"":7,""28"":4,""29"":5,""30"":2,""31"":2,""32"":2,""33"":3,""34"":2,""35"":5,""36"":3,""37"":2,""38"":2,""40"":2,""41"":2,""42"":2,""44"":1,""45"":2,""54"":1}","X...X.
.X....
..X.XX
......
...X.X
X.XX..",31,2,"{""1"":2,""2"":12,""3"":21,""4"":21,""5"":25,""6"":29,""7"":28,""8"":19,""9"":21,""10"":26,""11"":16,""12"":19,""13"":15,""14"":15,""15"":14,""16"":7,""17"":6,""18"":10,""19"":5,""20"":4,""21"":1,""22"":2,""23"":3,""24"":4,""25"":2,""26"":1,""27"":1,""31"":1}",,,,,,
188,6,11,all,0,01e8d00091,01a4085461,3,"2,3;5,3;5,4","2,2;0,2;0,1",1,232,0,"{""94"":1,""118"":1,""125"":2,""140"":3,""151"":2,""232"":2}",102,0,"{""19"":2,""20"":1,""21"":3,""24"":1,""25"":1,""27"":1,""28"":1,""29"":1,""30"":1,""32"":2,""33"":1,""34"":1,""36"":2,""39"":1,""40"":2,""41"":2,""44"":1,""45"":1,""49"":2,""50"":1,""51"":1,""52"":2,""53"":1,""54"":2,""55"":2,""57"":2,""58"":1,""60"":3,""65"":1,""67"":1,""76"":2,""79"":2,""85"":1,""86"":2,""87"":2,""94"":1,""102"":1}",54,1,"{""1"":1,""3"":2,""4"":2,""5"":8,""6"":5,""7"":6,""8"":5,""9"":12,""10"":6,""11"":8,""12"":11,""13"":8,""14"":7,""15"":5,""16"":8,""17"":2,""18"":8,""19"":5,""20"":4,""21"":2,""22"":2,""23"":2,""24"":2,""25"":5,""26"":1,""27"":5,""28"":5,""29"":4,""30"":3,""31"":1,""32"":2,""33"":1,""34"":1,""36"":3,""37"":1,""38"":2,""40"":3,""41"":1,""42"":1,""44"":1,""45"":2,""54"":2}","X...X.
.X....
......
..X.XX
...X.X
XXX...",,,,,,,,,
189,6,11,all,0,0242170311,010588a429,4,"2,1;3,1;4,2;0,3","1,2;1,2;1,2;0,2",1,232,0,"{""94"":1,""118"":1,""125"":3,""140"":1,""151"":3,""232"":2}",102,0,"{""16"":1,""20"":2,""28"":2,""30"":2,""31"":2,""33"":1,""34"":2,""37"":2,""38"":1,""39"":1,""40"":1,""41"":1,""43"":2,""44"":1,""45"":1,""47"":1,""49"":1,""50"":1,""51"":1,""52"":1,""53"":1,""54"":2,""55"":2,""57"":1,""58"":4,""60"":4,""62"":1,""65"":3,""66"":1,""67"":1,""79"":1,""85"":2,""86"":2,""87"":1,""94"":1,""102"":1}",54,0,"{""3"":2,""4"":1,""5"":2,""6"":3,""7"":4,""8"":4,""9"":5,""10"":6,""11"":1,""12"":7,""13"":9,""14"":7,""15"":3,""16"":4,""17"":8,""18"":4,""19"":9,""20"":8,""21"":5,""22"":10,""23"":5,""24"":7,""25"":5,""26"":2,""27"":6,""28"":5,""29"":2,""30"":3,""31"":2,""32"":1,""33"":4,""34"":3,""35"":5,""36"":3,""37"":2,""40"":1,""41"":1,""42"":1,""44"":1,""45"":2,""54"":2}","X...X.
..XX..
....XX
X.X...
.X....
X..X..",31,1,"{""1"":1,""2"":10,""3"":27,""4"":26,""5"":31,""6"":25,""7"":11,""8"":26,""9"":21,""10"":21,""11"":26,""12"":22,""13"":18,""14"":9,""15"":13,""16"":5,""17"":6,""18"":8,""19"":4,""20"":4,""21"":3,""22"":2,""23"":2,""24"":5,""25"":1,""26"":1,""27"":1,""31"":1}",,,,,,
190,6,11,all,0,0a42170111,02680540a5,5,"0,0;4,0;0,3;1,4;5,5","0,0;0,1;0,2;1,1;0,0",1,232,0,"{""94"":1,""118"":1,""125"":2,""140"":1,""151"":3,""232"":3}",102,0,"{""20"":1,""28"":1,""30"":1,""31"":2,""33"":1,""34"":2,""37"":1,""38"":1,""39"":1,""41"":1,""43"":2,""44"":1,""45"":1,""49"":1,""50"":1,""51"":1,""52"":1,""53"":1,""54"":3,""55"":3,""57"":1,""58"":4,""60"":4,""62"":1,""65"":3,""66"":1,""67"":2,""76"":1,""79"":1,""80"":1,""85"":2,""86"":2,""87"":2,""94"":1,""102"":2}",54,0,"{""5"":2,""6"":1,""8"":2,""9"":3,""10"":2,""12"":4,""13"":8,""14"":6,""15"":2,""16"":6,""17"":9,""18"":3,""19"":9,""20"":9,""21"":5,""22"":13,""23"":8,""24"":5,""25"":8,""26"":7,""27"":5,""28"":6,""29"":3,""30"":4,""31"":2,""32"":1,""33"":5,""34"":3,""35"":6,""36"":4,""37"":5,""38"":1,""40"":2,""41"":1,""42"":1,""44"":1,""45"":2,""54"":1}","X...X.
..X...
....XX
X.X...
.X....
X..X.X",31,0,"{""2"":5,""3"":15,""4"":15,""5"":17,""6"":11,""7"":8,""8"":33,""9"":30,""10"":34,""11"":27,""12"":26,""13"":26,""14"":19,""15"":13,""16"":9,""17"":6,""18"":9,""19"":6,""20"":4,""21"":4,""22"":3,""23"":1,""24"":5,""25"":1,""26"":1,""27"":1,""31"":1}",20,17,"{""1"":17,""2"":67,""3"":50,""4"":38,""5"":40,""6"":39,""7"":69,""8"":56,""9"":32,""10"":21,""11"":9,""12"":8,""13"":3,""14"":5,""15"":2,""16"":2,""17"":2,""18"":1,""20"":1}",,,
191,6,11,all,0,08f8060111,02e2090065,5,"4,0;2,1;5,4;1,5;5,5","0,1;1,2;0,1;0,1;0,0",1,232,0,"{""118"":1,""125"":2,""140"":3,""151"":2,""232"":3}",102,0,"{""19"":2,""26"":1,""31"":1,""32"":1,""34"":1,""39"":2,""40"":1,""41"":2,""44"":2,""49"":2,""50"":3,""51"":1,""52"":2,""54"":1,""55"":2,""57"":4,""58"":3,""60"":5,""62"":1,""65"":2,""66"":1,""67"":1,""76"":3,""79"":2,""80"":1,""85"":1,""86"":2,""87"":2,""94"":1,""102"":2}",54,0,"{""4"":1,""5"":1,""6"":1,""8"":4,""9"":4,""10"":3,""11"":6,""13"":9,""14"":6,""15"":6,""16"":3,""17"":2,""18"":3,""19"":8,""20"":10,""21"":3,""22"":11,""23"":7,""24"":7,""25"":8,""26"":7,""27"":4,""28"":6,""29"":7,""30"":6,""31"":4,""32"":3,""33"":2,""35"":7,""36"":3,""37"":6,""38"":1,""40"":3,""41"":1,""45"":1,""54"":1}","X...X.
..X...
.....X
X.....
...XXX
XX...X",25,0,"{""2"":3,""3"":9,""4"":14,""5"":25,""6"":24,""7"":38,""8"":29,""9"":26,""10"":29,""11"":26,""12"":21,""13"":12,""14"":21,""15"":3,""16"":15,""17"":10,""18"":9,""19"":5,""20"":2,""21"":2,""22"":3,""23"":2,""24"":1,""25"":1}",16,5,"{""1"":5,""2"":36,""3"":84,""4"":85,""5"":75,""6"":55,""7"":49,""8"":29,""9"":12,""10"":17,""11"":5,""12"":3,""13"":4,""14"":1,""15"":1,""16"":1}",,,
192,6,11,all,0,08a8149411,00f028406c,4,"4,0;4,1;3,2;2,3","0,1;1,1;2,2;2,2",1,232,0,"{""94"":2,""118"":1,""125"":1,""140"":3,""151"":2,""232"":2}",87,0,"{""8"":1,""15"":1,""16"":1,""19"":1,""24"":2,""25"":1,""27"":1,""28"":1,""30"":2,""32"":1,""33"":1,""34"":2,""36"":1,""38"":1,""40"":2,""41"":2,""44"":1,""45"":2,""47"":1,""49"":1,""50"":2,""51"":1,""52"":1,""53"":1,""54"":2,""55"":6,""57"":3,""58"":1,""60"":2,""65"":1,""66"":1,""67"":1,""76"":2,""79"":1,""80"":1,""85"":1,""86"":1,""87"":1}",41,0,"{""2"":5,""4"":4,""5"":4,""6"":6,""7"":3,""8"":9,""9"":4,""10"":6,""11"":3,""12"":7,""13"":7,""14"":9,""15"":7,""16"":8,""17"":6,""18"":10,""19"":7,""20"":11,""21"":1,""22"":10,""23"":5,""24"":4,""25"":8,""26"":2,""27"":1,""28"":5,""29"":2,""30"":2,""31"":1,""32"":1,""35"":2,""37"":3,""40"":1,""41"":1}","X...X.
....X.
X..X..
X.X...
...X.X
.X...X",22,9,"{""1"":9,""2"":38,""3"":25,""4"":39,""5"":40,""6"":30,""7"":32,""8"":23,""9"":22,""10"":19,""11"":15,""12"":11,""13"":7,""14"":7,""15"":1,""16"":6,""17"":1,""18"":1,""19"":2,""22"":2}",,,,,,
193,6,11,all,0,08b8149011,00e228406c,4,"0,0;4,0;3,2;4,4","0,0;0,1;2,2;1,1",1,232,0,"{""94"":2,""118"":1,""125"":1,""140"":3,""151"":2,""232"":2}",94,0,"{""8"":1,""15"":1,""19"":2,""21"":2,""24"":2,""25"":1,""26"":1,""27"":1,""28"":1,""30"":1,""32"":2,""33"":1,""34"":2,""36"":1,""40"":2,""41"":1,""44"":1,""45"":2,""47"":1,""49"":1,""50"":2,""51"":1,""52"":1,""53"":1,""55"":6,""57"":3,""58"":1,""60"":2,""65"":1,""66"":1,""67"":1,""76"":2,""79"":1,""80"":1,""85"":1,""86"":1,""87"":1,""94"":1}",44,0,"{""2"":5,""3"":1,""4"":5,""5"":6,""6"":5,""7"":2,""8"":12,""9"":3,""10"":6,""11"":8,""12"":9,""13"":7,""14"":10,""15"":7,""16"":8,""17"":3,""18"":8,""19"":6,""20"":8,""21"":1,""22"":10,""23"":1,""24"":2,""25"":8,""26"":2,""27"":1,""28"":5,""29"":3,""30"":1,""31"":2,""32"":1,""35"":2,""37"":3,""38"":1,""40"":1,""41"":1,""44"":1}","X...X.
......
X..X..
X.X...
...XXX
.X...X",22,16,"{""1"":16,""2"":41,""3"":34,""4"":40,""5"":37,""6"":30,""7"":25,""8"":23,""9"":21,""10"":17,""11"":15,""12"":10,""13"":5,""14"":4,""16"":5,""17"":1,""18"":2,""19"":2,""22"":2}",,,,,,
194,6,11,all,0,02808a81e1,00ea0a400d,3,"1,1;1,3;1,5","1,1;1,2;0,1",1,232,0,"{""94"":1,""118"":1,""125"":2,""140"":2,""151"":3,""232"":2}",102,0,"{""10"":1,""11"":1,""19"":2,""20"":1,""21"":1,""25"":1,""26"":1,""27"":1,""30"":1,""31"":1,""33"":1,""34"":1,""36"":1,""37"":1,""39"":1,""40"":2,""41"":1,""43"":2,""44"":1,""45"":1,""47"":1,""49"":3,""50"":1,""51"":2,""52"":2,""53"":2,""54"":1,""55"":1,""57"":1,""58"":1,""60"":2,""65"":3,""66"":1,""67"":1,""76"":2,""79"":1,""85"":2,""86"":1,""87"":2,""94"":1,""102"":1}",45,3,"{""1"":3,""2"":2,""3"":3,""4"":5,""5"":9,""6"":6,""7"":5,""8"":4,""9"":7,""10"":4,""11"":6,""12"":9,""13"":6,""14"":6,""15"":9,""16"":3,""17"":3,""18"":5,""19"":5,""20"":6,""21"":3,""22"":5,""23"":2,""24"":5,""25"":2,""26"":3,""27"":4,""28"":4,""29"":5,""30"":3,""31"":3,""33"":2,""34"":1,""35"":3,""36"":2,""37"":3,""38"":2,""40"":2,""41"":1,""44"":2,""45"":2}","X....X
XXX...
...X.X
.X...X
......
.X.X..",,,,,,,,,
195,6,11,all,0,0a880601e1,02e20b0025,5,"0,0;0,1;0,3;1,5;3,5","0,0;0,1;0,2;0,1;0,2",1,232,0,"{""118"":1,""125"":2,""140"":2,""151"":3,""232"":3}",102,0,"{""19"":2,""26"":1,""31"":1,""32"":1,""34"":1,""39"":2,""40"":1,""41"":2,""43"":1,""44"":1,""49"":2,""50"":2,""51"":1,""52"":1,""53"":1,""54"":2,""55"":1,""57"":2,""58"":3,""60"":4,""62"":1,""65"":4,""66"":1,""67"":2,""76"":2,""79"":2,""80"":1,""85"":2,""86"":2,""87"":3,""94"":1,""102"":2}",54,0,"{""4"":1,""5"":1,""6"":1,""7"":1,""8"":4,""9"":5,""10"":3,""11"":6,""12"":2,""13"":8,""14"":7,""15"":5,""16"":2,""17"":4,""18"":2,""19"":4,""20"":5,""21"":5,""22"":8,""23"":7,""24"":6,""25"":8,""26"":7,""27"":6,""28"":3,""29"":5,""30"":6,""31"":4,""32"":2,""33"":3,""34"":2,""35"":8,""36"":5,""37"":6,""38"":3,""40"":2,""41"":1,""42"":1,""44"":1,""45"":4,""54"":1}","X....X
XXX...
.....X
X.....
...X..
.X.X.X",31,0,"{""2"":4,""3"":15,""4"":14,""5"":25,""6"":24,""7"":31,""8"":33,""9"":25,""10"":22,""11"":15,""12"":17,""13"":10,""14"":19,""15"":4,""16"":21,""17"":11,""18"":10,""19"":6,""20"":3,""21"":5,""22"":6,""23"":4,""24"":3,""25"":1,""27"":1,""31"":1}",20,6,"{""1"":6,""2"":53,""3"":79,""4"":69,""5"":64,""6"":59,""7"":40,""8"":29,""9"":18,""10"":17,""11"":6,""12"":9,""13"":4,""14"":2,""15"":2,""16"":1,""17"":2,""18"":1,""20"":1}",,,
196,6,11,all,0,0504c240e1,00c2d00a0d,4,"0,1;1,1;2,2;2,4","0,1;1,1;2,2;1,2",1,232,0,"{""94"":1,""118"":1,""125"":2,""140"":2,""151"":3,""232"":2}",102,0,"{""18"":1,""24"":2,""25"":2,""28"":1,""29"":1,""30"":2,""31"":1,""32"":1,""34"":1,""36"":3,""37"":1,""38"":1,""39"":1,""40"":2,""41"":2,""44"":1,""45"":1,""47"":1,""49"":3,""51"":1,""52"":1,""53"":1,""54"":3,""55"":1,""57"":1,""58"":2,""60"":3,""65"":1,""66"":1,""67"":1,""76"":2,""79"":1,""85"":2,""86"":2,""87"":2,""94"":1,""102"":1}",54,0,"{""4"":3,""5"":2,""6"":5,""7"":3,""8"":9,""9"":3,""10"":7,""11"":3,""12"":11,""13"":4,""14"":5,""15"":4,""16"":9,""17"":10,""18"":10,""19"":6,""20"":7,""21"":3,""22"":7,""23"":6,""24"":3,""25"":2,""26"":2,""27"":6,""28"":3,""29"":4,""30"":1,""31"":2,""33"":3,""34"":2,""35"":4,""36"":3,""37"":3,""38"":2,""40"":1,""41"":1,""42"":2,""44"":1,""45"":2,""54"":1}","X....X
XX....
..X..X
....XX
..X...
..X.X.",31,8,"{""1"":8,""2"":15,""3"":26,""4"":33,""5"":20,""6"":30,""7"":32,""8"":20,""9"":21,""10"":24,""11"":16,""12"":16,""13"":12,""14"":8,""15"":11,""16"":8,""17"":4,""18"":8,""19"":3,""20"":3,""22"":1,""23"":3,""24"":4,""25"":1,""26"":1,""27"":1,""31"":1}",,,,,,
197,6,11,all,0,01854280e1,0148130893,3,"1,1;0,4;1,5","1,1;0,1;0,1",1,232,0,"{""94"":1,""118"":1,""125"":2,""140"":3,""151"":2,""232"":2}",102,0,"{""10"":1,""16"":1,""19"":2,""21"":2,""24"":1,""27"":1,""28"":1,""29"":1,""30"":1,""31"":1,""33"":1,""36"":4,""37"":1,""39"":1,""40"":3,""41"":1,""45"":2,""47"":1,""49"":3,""51"":1,""52"":2,""54"":2,""55"":2,""57"":2,""58"":1,""60"":2,""65"":1,""66"":1,""67"":1,""76"":2,""79"":2,""85"":1,""86"":2,""87"":2,""94"":1,""102"":1}",54,1,"{""1"":1,""2"":4,""3"":1,""4"":4,""5"":6,""6"":4,""7"":3,""8"":7,""9"":8,""10"":3,""11"":7,""12"":11,""13"":6,""14"":4,""15"":7,""16"":7,""17"":7,""18"":5,""19"":7,""20"":7,""21"":1,""22"":5,""23"":5,""24"":2,""25"":4,""26"":2,""27"":4,""28"":5,""29"":4,""30"":2,""31"":2,""32"":2,""33"":1,""35"":3,""36"":3,""37"":3,""38"":2,""40"":2,""41"":1,""42"":1,""45"":1,""54"":1}","X....X
XX....
...X.X
....X.
X.X...
.XX...",,,,,,,,,
198,6,11,all,0,0286034161,00f05a0105,3,"2,1;2,2;2,4","1,2;2,2;1,2",1,232,0,"{""94"":1,""118"":1,""125"":3,""140"":2,""151"":2,""232"":2}",102,0,"{""6"":1,""8"":1,""18"":1,""19"":1,""21"":1,""24"":1,""25"":1,""26"":1,""27"":1,""28"":1,""29"":1,""30"":1,""31"":2,""32"":1,""34"":2,""36"":1,""40"":2,""41"":2,""43"":1,""47"":1,""49"":1,""50"":2,""51"":1,""52"":3,""53"":1,""54"":2,""55"":1,""57"":1,""58"":4,""60"":2,""65"":3,""66"":1,""67"":1,""76"":2,""79"":1,""85"":1,""86"":1,""87"":2,""102"":1}",45,2,"{""1"":2,""2"":2,""3"":9,""4"":5,""5"":4,""6"":6,""7"":4,""8"":7,""9"":8,""10"":6,""11"":4,""12"":2,""13"":9,""14"":8,""15"":5,""16"":5,""17"":5,""18"":4,""19"":6,""20"":6,""21"":4,""22"":2,""23"":3,""24"":6,""25"":3,""26"":3,""27"":4,""28"":4,""29"":4,""30"":5,""31"":3,""34"":2,""35"":4,""36"":3,""37"":4,""38"":1,""40"":1,""45"":2}","X....X
X.X...
..X.XX
......
.XX...
.X.X..",,,,,,,,,
199,6,11,all,0,02c2034161,0144806c23,4,"0,0;2,1;2,2;0,5","0,0;1,2;2,2;0,0",1,232,0,"{""94"":1,""118"":1,""125"":2,""140"":2,""151"":2,""232"":3}",102,0,"{""8"":1,""19"":1,""21"":1,""24"":1,""25"":1,""27"":1,""28"":1,""30"":1,""31"":2,""32"":1,""34"":1,""40"":1,""41"":2,""43"":1,""49"":1,""50"":2,""51"":1,""52"":3,""53"":1,""54"":2,""55"":3,""57"":1,""58"":4,""60"":4,""65"":3,""66"":1,""67"":1,""76"":2,""79"":1,""80"":1,""85"":2,""86"":1,""87"":2,""94"":1,""102"":2}",54,0,"{""3"":3,""4"":4,""5"":4,""6"":4,""7"":2,""8"":3,""9"":4,""10"":6,""11"":3,""12"":2,""13"":9,""14"":6,""15"":5,""16"":5,""17"":5,""18"":6,""19"":7,""20"":5,""21"":4,""22"":7,""23"":6,""24"":7,""25"":4,""26"":5,""27"":2,""28"":5,""29"":5,""30"":5,""31"":5,""32"":1,""33"":2,""34"":2,""35"":5,""36"":3,""37"":5,""38"":1,""40"":2,""42"":1,""44"":1,""45"":3,""54"":1}","X....X
X.X...
..X.XX
......
.X....
XX.X..",31,2,"{""1"":2,""2"":30,""3"":28,""4"":26,""5"":18,""6"":20,""7"":16,""8"":27,""9"":23,""10"":22,""11"":24,""12"":18,""13"":9,""14"":13,""15"":10,""16"":14,""17"":3,""18"":4,""19"":5,""20"":2,""21"":4,""22"":3,""23"":2,""24"":3,""25"":2,""27"":1,""31"":1}",,,,,,
200,6,11,all,0,02b4420161,00e04a0615,3,"2,1;2,4;5,4","1,2;1,2;0,1",1,232,0,"{""118"":1,""125"":3,""140"":3,""151"":2,""232"":2}",102,0,"{""6"":1,""11"":1,""18"":1,""19"":1,""20"":2,""26"":1,""29"":2,""30"":1,""31"":2,""32"":1,""36"":3,""40"":3,""41"":4,""43"":1,""47"":1,""49"":2,""50"":2,""51"":1,""52"":1,""54"":1,""55"":1,""57"":3,""58"":2,""60"":2,""65"":3,""66"":1,""67"":1,""76"":2,""79"":2,""85"":1,""86"":2,""87"":2,""102"":1}",45,1,"{""1"":1,""2"":5,""3"":10,""4"":5,""5"":6,""6"":7,""7"":4,""8"":5,""9"":7,""10"":4,""11"":4,""12"":3,""13"":11,""14"":9,""15"":3,""16"":7,""17"":6,""18"":2,""19"":4,""20"":4,""21"":3,""22"":4,""23"":1,""24"":3,""25"":4,""26"":4,""27"":7,""28"":4,""29"":4,""30"":3,""31"":2,""32"":1,""33"":1,""34"":1,""35"":5,""36"":2,""37"":4,""38"":1,""40"":2,""45"":2}","X....X
X.X...
.....X
....X.
..X.XX
.X.X..",,,,,,,,,
201,6,11,all,0,01a4085461,01a4085461,3,"2,2;1,5;2,5","2,2;0,1;0,2",1,232,0,"{""94"":1,""118"":1,""125"":2,""140"":3,""151"":2,""232"":2}",102,0,"{""19"":2,""20"":1,""21"":3,""24"":1,""25"":1,""27"":1,""28"":1,""29"":1,""30"":1,""32"":2,""33"":1,""34"":1,""36"":2,""39"":1,""40"":2,""41"":2,""44"":1,""45"":1,""49"":2,""50"":1,""51"":1,""52"":2,""53"":1,""54"":2,""55"":2,""57"":2,""58"":1,""60"":3,""65"":1,""67"":1,""76"":2,""79"":2,""85"":1,""86"":2,""87"":2,""94"":1,""102"":1}",54,1,"{""1"":1,""3"":2,""4"":2,""5"":8,""6"":5,""7"":6,""8"":5,""9"":12,""10"":6,""11"":8,""12"":11,""13"":8,""14"":7,""15"":5,""16"":8,""17"":2,""18"":8,""19"":5,""20"":4,""21"":2,""22"":2,""23"":2,""24"":2,""25"":5,""26"":1,""27"":5,""28"":5,""29"":4,""30"":3,""31"":1,""32"":2,""33"":1,""34"":1,""36"":3,""37"":1,""38"":2,""40"":3,""41"":1,""42"":1,""44"":1,""45"":2,""54"":2}","X....X
X...X.
X.X...
.X....
..X..X
.XX...",,,,,,,,,
202,6,11,all,0,01848a8461,00e8c0408d,3,"4,1;5,2;5,3","1,1;0,2;0,2",1,232,0,"{""94"":1,""118"":1,""125"":2,""140"":2,""151"":3,""232"":2}",102,0,"{""19"":1,""20"":2,""21"":1,""24"":1,""27"":1,""28"":2,""30"":2,""31"":1,""33"":1,""34"":1,""36"":2,""37"":2,""38"":1,""40"":3,""41"":1,""43"":1,""44"":1,""45"":1,""47"":1,""49"":1,""51"":1,""52"":1,""53"":1,""54"":2,""55"":1,""57"":1,""58"":2,""60"":4,""65"":2,""66"":1,""67"":1,""76"":2,""79"":1,""85"":2,""86"":2,""87"":2,""94"":1,""102"":1}",54,1,"{""1"":1,""3"":1,""4"":1,""5"":5,""6"":7,""7"":5,""8"":2,""9"":7,""10"":7,""11"":6,""12"":12,""13"":9,""14"":6,""15"":6,""16"":2,""17"":7,""18"":3,""19"":8,""20"":7,""21"":3,""22"":5,""23"":2,""24"":5,""25"":6,""27"":5,""28"":5,""29"":3,""30"":2,""31"":2,""33"":3,""34"":2,""35"":3,""36"":4,""37"":4,""40"":2,""41"":1,""42"":1,""44"":1,""45"":2,""54"":2}","X....X
X...X.
...X.X
.X...X
..X...
.XX...",,,,,,,,,
203,6,11,all,0,01e4880461,01e4880461,4,"0,0;0,1;4,1;0,5","0,0;0,1;1,1;0,0",1,232,0,"{""118"":1,""125"":2,""140"":3,""151"":2,""232"":3}",102,0,"{""19"":1,""20"":2,""21"":2,""28"":1,""30"":1,""31"":1,""32"":2,""36"":2,""40"":3,""41"":2,""44"":1,""49"":1,""50"":3,""51"":1,""52"":1,""53"":1,""54"":2,""55"":2,""57"":2,""58"":2,""60"":5,""65"":1,""67"":1,""76"":3,""79"":2,""80"":1,""85"":2,""86"":2,""87"":2,""94"":1,""102"":2}",54,0,"{""4"":3,""5"":4,""6"":6,""7"":6,""8"":4,""9"":6,""10"":8,""11"":6,""12"":7,""13"":6,""14"":11,""15"":8,""16"":5,""17"":4,""18"":3,""19"":4,""20"":7,""21"":1,""22"":5,""23"":2,""24"":5,""25"":9,""26"":3,""27"":3,""28"":3,""29"":4,""30"":4,""31"":3,""32"":2,""33"":3,""34"":1,""35"":1,""36"":4,""37"":2,""38"":1,""40"":3,""41"":1,""42"":1,""44"":1,""45"":3,""54"":2}","X....X
X...X.
......
.X...X
..X..X
XXX...",31,3,"{""1"":3,""2"":30,""3"":35,""4"":45,""5"":37,""6"":28,""7"":34,""8"":16,""9"":19,""10"":13,""11"":17,""12"":8,""13"":2,""14"":5,""15"":5,""16"":3,""17"":3,""18"":6,""19"":4,""20"":2,""21"":2,""22"":3,""24"":5,""25"":2,""26"":1,""27"":1,""31"":1}",,,,,,
204,6,11,all,0,0501e101a1,026c222091,3,"2,1;4,2;4,3","1,2;1,2;1,2",1,232,0,"{""94"":1,""118"":1,""125"":3,""140"":2,""151"":2,""232"":2}",102,0,"{""8"":1,""16"":3,""18"":1,""19"":1,""20"":2,""24"":1,""26"":1,""27"":1,""29"":1,""30"":1,""31"":1,""33"":1,""34"":1,""36"":3,""37"":1,""39"":1,""41"":3,""47"":2,""49"":3,""50"":2,""51"":1,""52"":1,""53"":1,""54"":2,""55"":2,""57"":3,""58"":1,""60"":2,""65"":1,""66"":1,""76"":1,""79"":2,""85"":2,""86"":1,""87"":1,""94"":1,""102"":1}",54,3,"{""1"":3,""2"":1,""3"":6,""4"":6,""5"":12,""6"":6,""7"":10,""8"":10,""9"":7,""10"":6,""11"":2,""12"":5,""13"":10,""14"":5,""15"":2,""16"":4,""17"":2,""18"":7,""19"":3,""20"":7,""21"":3,""22"":4,""23"":7,""24"":1,""25"":2,""26"":2,""27"":5,""28"":1,""29"":3,""30"":1,""31"":1,""32"":2,""33"":3,""34"":1,""35"":4,""36"":2,""38"":1,""40"":2,""41"":1,""42"":1,""44"":1,""45"":2,""54"":1}","X....X
.XX...
....X.
...XXX
X.....
..X.X.",,,,,,,,,
205,6,11,all,0,0541e001a1,02682220b1,4,"0,0;2,1;3,3;0,5","0,0;1,2;2,2;0,0",1,232,0,"{""94"":1,""118"":1,""125"":2,""140"":2,""151"":2,""232"":3}",102,0,"{""8"":1,""16"":2,""18"":1,""20"":1,""24"":1,""26"":1,""27"":1,""33"":1,""34"":1,""36"":2,""37"":1,""39"":1,""41"":3,""47"":1,""49"":3,""50"":1,""51"":1,""52"":1,""53"":1,""54"":3,""55"":4,""57"":3,""58"":2,""60"":3,""65"":1,""66"":1,""67"":1,""76"":1,""79"":2,""80"":1,""85"":2,""86"":1,""87"":2,""94"":1,""102"":2}",54,0,"{""3"":5,""4"":3,""5"":7,""6"":4,""7"":7,""8"":8,""9"":8,""10"":5,""11"":2,""12"":2,""13"":10,""14"":3,""15"":3,""16"":3,""17"":2,""18"":7,""19"":7,""20"":9,""21"":3,""22"":5,""23"":9,""24"":1,""25"":5,""26"":4,""27"":5,""28"":3,""29"":3,""30"":3,""31"":1,""32"":3,""33"":3,""34"":1,""35"":4,""36"":3,""37"":2,""38"":2,""40"":3,""41"":1,""42"":1,""44"":1,""45"":3,""54"":1}","X....X
.XX...
......
...XXX
X.....
X.X.X.",31,11,"{""1"":11,""2"":37,""3"":39,""4"":38,""5"":35,""6"":21,""7"":10,""8"":17,""9"":9,""10"":21,""11"":11,""12"":13,""13"":7,""14"":14,""15"":6,""16"":7,""17"":6,""18"":8,""19"":2,""20"":4,""21"":3,""22"":3,""23"":2,""24"":2,""25"":2,""26"":1,""31"":1}",,,,,,
206,6,11,all,0,06084458a1,00e8c0408d,3,"1,1;0,2;0,3","1,1;0,2;0,2",1,232,0,"{""94"":1,""118"":1,""125"":2,""140"":2,""151"":3,""232"":2}",102,0,"{""19"":1,""20"":2,""21"":1,""24"":1,""27"":1,""28"":2,""30"":2,""31"":1,""33"":1,""34"":1,""36"":2,""37"":2,""38"":1,""40"":3,""41"":1,""43"":1,""44"":1,""45"":1,""47"":1,""49"":1,""51"":1,""52"":1,""53"":1,""54"":2,""55"":1,""57"":1,""58"":2,""60"":4,""65"":2,""66"":1,""67"":1,""76"":2,""79"":1,""85"":2,""86"":2,""87"":2,""94"":1,""102"":1}",54,1,"{""1"":1,""3"":1,""4"":1,""5"":5,""6"":7,""7"":5,""8"":2,""9"":7,""10"":7,""11"":6,""12"":12,""13"":9,""14"":6,""15"":6,""16"":2,""17"":7,""18"":3,""19"":8,""20"":7,""21"":3,""22"":5,""23"":2,""24"":5,""25"":6,""27"":5,""28"":5,""29"":3,""30"":2,""31"":2,""33"":3,""34"":2,""35"":3,""36"":4,""37"":4,""40"":2,""41"":1,""42"":1,""44"":1,""45"":2,""54"":2}","X....X
.X...X
X.X...
X...X.
...X..
...XX.",,,,,,,,,
207,6,11,all,0,06094288a1,01a4085461,3,"3,2;3,5;4,5","2,2;0,2;0,1",1,232,0,"{""94"":1,""118"":1,""125"":2,""140"":3,""151"":2,""232"":2}",102,0,"{""19"":2,""20"":1,""21"":3,""24"":1,""25"":1,""27"":1,""28"":1,""29"":1,""30"":1,""32"":2,""33"":1,""34"":1,""36"":2,""39"":1,""40"":2,""41"":2,""44"":1,""45"":1,""49"":2,""50"":1,""51"":1,""52"":2,""53"":1,""54"":2,""55"":2,""57"":2,""58"":1,""60"":3,""65"":1,""67"":1,""76"":2,""79"":2,""85"":1,""86"":2,""87"":2,""94"":1,""102"":1}",54,1,"{""1"":1,""3"":2,""4"":2,""5"":8,""6"":5,""7"":6,""8"":5,""9"":12,""10"":6,""11"":8,""12"":11,""13"":8,""14"":7,""15"":5,""16"":8,""17"":2,""18"":8,""19"":5,""20"":4,""21"":2,""22"":2,""23"":2,""24"":2,""25"":5,""26"":1,""27"":5,""28"":5,""29"":4,""30"":3,""31"":1,""32"":2,""33"":1,""34"":1,""36"":3,""37"":1,""38"":2,""40"":3,""41"":1,""42"":1,""44"":1,""45"":2,""54"":2}","X....X
.X...X
...X.X
....X.
X..X..
...XX.",,,,,,,,,
208,6,11,all,0,0e094408a1,01e4880461,4,"5,0;1,1;5,1;5,5","0,0;1,1;0,1;0,0",1,232,0,"{""118"":1,""125"":2,""140"":3,""151"":2,""232"":3}",102,0,"{""19"":1,""20"":2,""21"":2,""28"":1,""30"":1,""31"":1,""32"":2,""36"":2,""40"":3,""41"":2,""44"":1,""49"":1,""50"":3,""51"":1,""52"":1,""53"":1,""54"":2,""55"":2,""57"":2,""58"":2,""60"":5,""65"":1,""67"":1,""76"":3,""79"":2,""80"":1,""85"":2,""86"":2,""87"":2,""94"":1,""102"":2}",54,0,"{""4"":3,""5"":4,""6"":6,""7"":6,""8"":4,""9"":6,""10"":8,""11"":6,""12"":7,""13"":6,""14"":11,""15"":8,""16"":5,""17"":4,""18"":3,""19"":4,""20"":7,""21"":1,""22"":5,""23"":2,""24"":5,""25"":9,""26"":3,""27"":3,""28"":3,""29"":4,""30"":4,""31"":3,""32"":2,""33"":3,""34"":1,""35"":1,""36"":4,""37"":2,""38"":1,""40"":3,""41"":1,""42"":1,""44"":1,""45"":3,""54"":2}","X....X
.X...X
......
X...X.
X..X..
...XXX",31,3,"{""1"":3,""2"":30,""3"":35,""4"":45,""5"":37,""6"":28,""7"":34,""8"":16,""9"":19,""10"":13,""11"":17,""12"":8,""13"":2,""14"":5,""15"":5,""16"":3,""17"":3,""18"":6,""19"":4,""20"":2,""21"":2,""22"":3,""24"":5,""25"":2,""26"":1,""27"":1,""31"":1}",,,,,,
209,6,11,all,0,02284740a1,010588b421,4,"5,0;4,2;5,2;4,3","0,0;1,2;0,2;1,2",1,232,0,"{""94"":1,""118"":1,""125"":3,""140"":1,""151"":3,""232"":2}",102,0,"{""16"":1,""20"":1,""25"":1,""28"":2,""29"":1,""30"":2,""31"":2,""34"":2,""37"":2,""38"":1,""39"":1,""40"":1,""41"":2,""43"":1,""44"":1,""45"":1,""49"":2,""50"":1,""51"":1,""52"":1,""53"":1,""54"":3,""55"":2,""57"":1,""58"":4,""60"":3,""62"":1,""65"":2,""66"":1,""67"":1,""79"":1,""85"":2,""86"":2,""87"":2,""94"":1,""102"":1}",54,0,"{""3"":2,""4"":2,""5"":1,""6"":4,""7"":3,""8"":5,""9"":4,""10"":6,""11"":1,""12"":9,""13"":5,""14"":5,""15"":3,""16"":5,""17"":8,""18"":6,""19"":9,""20"":8,""21"":6,""22"":8,""23"":6,""24"":6,""25"":4,""26"":1,""27"":7,""28"":5,""29"":2,""30"":3,""31"":3,""32"":1,""33"":3,""34"":2,""35"":6,""36"":3,""37"":2,""38"":2,""40"":1,""41"":1,""42"":1,""44"":1,""45"":3,""54"":2}","X....X
.X....
..X.XX
X...X.
...X.X
...X..",31,4,"{""1"":4,""2"":12,""3"":26,""4"":17,""5"":24,""6"":23,""7"":14,""8"":27,""9"":23,""10"":19,""11"":26,""12"":24,""13"":16,""14"":12,""15"":12,""16"":8,""17"":6,""18"":9,""19"":4,""20"":5,""21"":3,""22"":3,""23"":3,""24"":5,""25"":1,""26"":1,""27"":2,""31"":1}",,,,,,
210,6,11,all,0,02680740a1,02680740a1,6,"5,0;1,1;2,2;4,2;5,2;0,5","0,0;1,1;2,2;1,2;0,2;0,0",1,232,0,"{""94"":1,""118"":1,""125"":2,""140"":1,""151"":3,""232"":3}",102,0,"{""25"":1,""28"":1,""30"":1,""31"":2,""34"":2,""37"":1,""38"":1,""39"":1,""41"":2,""43"":1,""44"":1,""45"":1,""49"":2,""50"":1,""51"":1,""52"":1,""53"":1,""54"":4,""55"":3,""57"":1,""58"":4,""60"":3,""62"":1,""65"":2,""66"":1,""67"":2,""76"":1,""79"":1,""80"":1,""85"":3,""86"":2,""87"":2,""94"":1,""102"":2}",54,0,"{""8"":1,""9"":1,""10"":3,""12"":6,""13"":6,""14"":3,""15"":2,""16"":7,""17"":8,""18"":8,""19"":8,""20"":10,""21"":6,""22"":11,""23"":10,""24"":4,""25"":8,""26"":5,""27"":6,""28"":6,""29"":3,""30"":3,""31"":3,""32"":1,""33"":5,""34"":2,""35"":8,""36"":4,""37"":4,""38"":2,""40"":2,""41"":1,""42"":2,""44"":1,""45"":4,""54"":1}","X....X
.X....
..X.XX
X.....
...X.X
X..X..",31,0,"{""3"":3,""4"":3,""5"":8,""6"":13,""7"":14,""8"":35,""9"":32,""10"":36,""11"":31,""12"":31,""13"":24,""14"":21,""15"":14,""16"":12,""17"":7,""18"":12,""19"":6,""20"":5,""21"":3,""22"":4,""23"":3,""24"":7,""25"":2,""26"":1,""27"":2,""31"":1}",20,0,"{""2"":7,""3"":31,""4"":35,""5"":65,""6"":61,""7"":77,""8"":68,""9"":39,""10"":33,""11"":14,""12"":11,""13"":4,""14"":6,""15"":3,""16"":3,""17"":2,""18"":1,""20"":2}",14,3,"{""1"":3,""2"":41,""3"":74,""4"":84,""5"":98,""6"":69,""7"":47,""8"":21,""9"":16,""10"":5,""11"":3,""14"":1}"
211,6,11,all,0,0505c240a1,02a80c9421,4,"2,2;5,2;0,4;2,5","2,2;0,2;0,1;0,2",1,232,0,"{""94"":1,""118"":1,""125"":2,""140"":2,""151"":3,""232"":2}",102,0,"{""15"":1,""24"":1,""25"":2,""28"":1,""29"":1,""30"":2,""31"":1,""32"":1,""34"":1,""36"":1,""37"":1,""38"":1,""39"":1,""41"":3,""44"":1,""45"":1,""47"":1,""49"":3,""51"":2,""52"":2,""53"":1,""54"":3,""55"":2,""57"":3,""58"":2,""60"":2,""65"":1,""66"":1,""67"":1,""76"":1,""79"":2,""85"":2,""86"":2,""87"":2,""94"":1,""102"":1}",54,0,"{""4"":4,""5"":1,""6"":2,""7"":1,""8"":8,""9"":5,""10"":4,""11"":1,""12"":11,""13"":4,""14"":4,""15"":7,""16"":8,""17"":7,""18"":10,""19"":4,""20"":9,""21"":4,""22"":8,""23"":8,""24"":2,""25"":2,""26"":2,""27"":7,""28"":4,""29"":5,""30"":2,""31"":2,""32"":2,""33"":3,""34"":2,""35"":5,""36"":3,""37"":2,""38"":2,""40"":2,""41"":2,""42"":2,""44"":1,""45"":2,""54"":1}","X....X
.X....
..X..X
....XX
X.X...
..X.X.",31,2,"{""1"":2,""2"":12,""3"":21,""4"":21,""5"":25,""6"":29,""7"":28,""8"":19,""9"":21,""10"":26,""11"":16,""12"":19,""13"":15,""14"":15,""15"":14,""16"":7,""17"":6,""18"":10,""19"":5,""20"":4,""21"":1,""22"":2,""23"":3,""24"":4,""25"":2,""26"":1,""27"":1,""31"":1}",,,,,,
212,6,11,all,0,0500445e21,00ea0a400d,3,"4,1;4,3;4,5","1,1;1,2;0,1",1,232,0,"{""94"":1,""118"":1,""125"":2,""140"":2,""151"":3,""232"":2}",102,0,"{""10"":1,""11"":1,""19"":2,""20"":1,""21"":1,""25"":1,""26"":1,""27"":1,""30"":1,""31"":1,""33"":1,""34"":1,""36"":1,""37"":1,""39"":1,""40"":2,""41"":1,""43"":2,""44"":1,""45"":1,""47"":1,""49"":3,""50"":1,""51"":2,""52"":2,""53"":2,""54"":1,""55"":1,""57"":1,""58"":1,""60"":2,""65"":3,""66"":1,""67"":1,""76"":2,""79"":1,""85"":2,""86"":1,""87"":2,""94"":1,""102"":1}",45,3,"{""1"":3,""2"":2,""3"":3,""4"":5,""5"":9,""6"":6,""7"":5,""8"":4,""9"":7,""10"":4,""11"":6,""12"":9,""13"":6,""14"":6,""15"":9,""16"":3,""17"":3,""18"":5,""19"":5,""20"":6,""21"":3,""22"":5,""23"":2,""24"":5,""25"":2,""26"":3,""27"":4,""28"":4,""29"":5,""30"":3,""31"":3,""33"":2,""34"":1,""35"":3,""36"":2,""37"":3,""38"":2,""40"":2,""41"":1,""44"":2,""45"":2}","X....X
...XXX
X.X...
X...X.
......
..X.X.",,,,,,,,,
213,6,11,all,0,0544801e21,02e20b0025,5,"5,0;3,1;5,3;2,5;4,5","0,0;1,2;0,2;0,2;0,1",1,232,0,"{""118"":1,""125"":2,""140"":2,""151"":3,""232"":3}",102,0,"{""19"":2,""26"":1,""31"":1,""32"":1,""34"":1,""39"":2,""40"":1,""41"":2,""43"":1,""44"":1,""49"":2,""50"":2,""51"":1,""52"":1,""53"":1,""54"":2,""55"":1,""57"":2,""58"":3,""60"":4,""62"":1,""65"":4,""66"":1,""67"":2,""76"":2,""79"":2,""80"":1,""85"":2,""86"":2,""87"":3,""94"":1,""102"":2}",54,0,"{""4"":1,""5"":1,""6"":1,""7"":1,""8"":4,""9"":5,""10"":3,""11"":6,""12"":2,""13"":8,""14"":7,""15"":5,""16"":2,""17"":4,""18"":2,""19"":4,""20"":5,""21"":5,""22"":8,""23"":7,""24"":6,""25"":8,""26"":7,""27"":6,""28"":3,""29"":5,""30"":6,""31"":4,""32"":2,""33"":3,""34"":2,""35"":8,""36"":5,""37"":6,""38"":3,""40"":2,""41"":1,""42"":1,""44"":1,""45"":4,""54"":1}","X....X
...XXX
X.....
.....X
..X...
X.X.X.",31,0,"{""2"":4,""3"":15,""4"":14,""5"":25,""6"":24,""7"":31,""8"":33,""9"":25,""10"":22,""11"":15,""12"":17,""13"":10,""14"":19,""15"":4,""16"":21,""17"":11,""18"":10,""19"":6,""20"":3,""21"":5,""22"":6,""23"":4,""24"":3,""25"":1,""27"":1,""31"":1}",20,6,"{""1"":6,""2"":53,""3"":79,""4"":69,""5"":64,""6"":59,""7"":40,""8"":29,""9"":18,""10"":17,""11"":6,""12"":9,""13"":4,""14"":2,""15"":2,""16"":1,""17"":2,""18"":1,""20"":1}",,,
214,6,11,all,0,02a01c2621,026c222091,3,"3,1;1,2;1,3","1,2;1,2;1,2",1,232,0,"{""94"":1,""118"":1,""125"":3,""140"":2,""151"":2,""232"":2}",102,0,"{""8"":1,""16"":3,""18"":1,""19"":1,""20"":2,""24"":1,""26"":1,""27"":1,""29"":1,""30"":1,""31"":1,""33"":1,""34"":1,""36"":3,""37"":1,""39"":1,""41"":3,""47"":2,""49"":3,""50"":2,""51"":1,""52"":1,""53"":1,""54"":2,""55"":2,""57"":3,""58"":1,""60"":2,""65"":1,""66"":1,""76"":1,""79"":2,""85"":2,""86"":1,""87"":1,""94"":1,""102"":1}",54,3,"{""1"":3,""2"":1,""3"":6,""4"":6,""5"":12,""6"":6,""7"":10,""8"":10,""9"":7,""10"":6,""11"":2,""12"":5,""13"":10,""14"":5,""15"":2,""16"":4,""17"":2,""18"":7,""19"":3,""20"":7,""21"":3,""22"":4,""23"":7,""24"":1,""25"":2,""26"":2,""27"":5,""28"":1,""29"":3,""30"":1,""31"":1,""32"":2,""33"":3,""34"":1,""35"":4,""36"":2,""38"":1,""40"":2,""41"":1,""42"":1,""44"":1,""45"":2,""54"":1}","X....X
...XX.
.X....
XXX...
.....X
.X.X..",,,,,,,,,
215,6,11,all,0,0aa01c0621,02682220b1,4,"0,0;3,1;5,4;5,5","0,0;1,2;0,1;0,0",1,232,0,"{""94"":1,""118"":1,""125"":2,""140"":2,""151"":2,""232"":3}",102,0,"{""8"":1,""16"":2,""18"":1,""20"":1,""24"":1,""26"":1,""27"":1,""33"":1,""34"":1,""36"":2,""37"":1,""39"":1,""41"":3,""47"":1,""49"":3,""50"":1,""51"":1,""52"":1,""53"":1,""54"":3,""55"":4,""57"":3,""58"":2,""60"":3,""65"":1,""66"":1,""67"":1,""76"":1,""79"":2,""80"":1,""85"":2,""86"":1,""87"":2,""94"":1,""102"":2}",54,0,"{""3"":5,""4"":3,""5"":7,""6"":4,""7"":7,""8"":8,""9"":8,""10"":5,""11"":2,""12"":2,""13"":10,""14"":3,""15"":3,""16"":3,""17"":2,""18"":7,""19"":7,""20"":9,""21"":3,""22"":5,""23"":9,""24"":1,""25"":5,""26"":4,""27"":5,""28"":3,""29"":3,""30"":3,""31"":1,""32"":3,""33"":3,""34"":1,""35"":4,""36"":3,""37"":2,""38"":2,""40"":3,""41"":1,""42"":1,""44"":1,""45"":3,""54"":1}","X....X
...XX.
......
XXX...
.....X
.X.X.X",31,11,"{""1"":11,""2"":37,""3"":39,""4"":38,""5"":35,""6"":21,""7"":10,""8"":17,""9"":9,""10"":21,""11"":11,""12"":13,""13"":7,""14"":14,""15"":6,""16"":7,""17"":6,""18"":8,""19"":2,""20"":4,""21"":3,""22"":3,""23"":2,""24"":2,""25"":2,""26"":1,""31"":1}",,,,,,
216,6,11,all,0,051800ba21,00f05a0105,3,"3,1;3,2;3,4","1,2;2,2;1,2",1,232,0,"{""94"":1,""118"":1,""125"":3,""140"":2,""151"":2,""232"":2}",102,0,"{""6"":1,""8"":1,""18"":1,""19"":1,""21"":1,""24"":1,""25"":1,""26"":1,""27"":1,""28"":1,""29"":1,""30"":1,""31"":2,""32"":1,""34"":2,""36"":1,""40"":2,""41"":2,""43"":1,""47"":1,""49"":1,""50"":2,""51"":1,""52"":3,""53"":1,""54"":2,""55"":1,""57"":1,""58"":4,""60"":2,""65"":3,""66"":1,""67"":1,""76"":2,""79"":1,""85"":1,""86"":1,""87"":2,""102"":1}",45,2,"{""1"":2,""2"":2,""3"":9,""4"":5,""5"":4,""6"":6,""7"":4,""8"":7,""9"":8,""10"":6,""11"":4,""12"":2,""13"":9,""14"":8,""15"":5,""16"":5,""17"":5,""18"":4,""19"":6,""20"":6,""21"":4,""22"":2,""23"":3,""24"":6,""25"":3,""26"":3,""27"":4,""28"":4,""29"":4,""30"":5,""31"":3,""34"":2,""35"":4,""36"":3,""37"":4,""38"":1,""40"":1,""45"":2}","X....X
...X.X
XX.X..
......
...XX.
..X.X.",,,,,,,,,
217,6,11,all,0,0d1000ba21,0144806c23,4,"5,0;3,1;3,2;5,5","0,0;1,2;2,2;0,0",1,232,0,"{""94"":1,""118"":1,""125"":2,""140"":2,""151"":2,""232"":3}",102,0,"{""8"":1,""19"":1,""21"":1,""24"":1,""25"":1,""27"":1,""28"":1,""30"":1,""31"":2,""32"":1,""34"":1,""40"":1,""41"":2,""43"":1,""49"":1,""50"":2,""51"":1,""52"":3,""53"":1,""54"":2,""55"":3,""57"":1,""58"":4,""60"":4,""65"":3,""66"":1,""67"":1,""76"":2,""79"":1,""80"":1,""85"":2,""86"":1,""87"":2,""94"":1,""102"":2}",54,0,"{""3"":3,""4"":4,""5"":4,""6"":4,""7"":2,""8"":3,""9"":4,""10"":6,""11"":3,""12"":2,""13"":9,""14"":6,""15"":5,""16"":5,""17"":5,""18"":6,""19"":7,""20"":5,""21"":4,""22"":7,""23"":6,""24"":7,""25"":4,""26"":5,""27"":2,""28"":5,""29"":5,""30"":5,""31"":5,""32"":1,""33"":2,""34"":2,""35"":5,""36"":3,""37"":5,""38"":1,""40"":2,""42"":1,""44"":1,""45"":3,""54"":1}","X....X
...X.X
XX.X..
......
....X.
..X.XX",31,2,"{""1"":2,""2"":30,""3"":28,""4"":26,""5"":18,""6"":20,""7"":16,""8"":27,""9"":23,""10"":22,""11"":24,""12"":18,""13"":9,""14"":13,""15"":10,""16"":14,""17"":3,""18"":4,""19"":5,""20"":2,""21"":4,""22"":3,""23"":2,""24"":3,""25"":2,""27"":1,""31"":1}",,,,,,
218,6,11,all,0,050b081a21,00e04a0615,3,"3,1;0,4;3,4","1,2;0,1;1,2",1,232,0,"{""118"":1,""125"":3,""140"":3,""151"":2,""232"":2}",102,0,"{""6"":1,""11"":1,""18"":1,""19"":1,""20"":2,""26"":1,""29"":2,""30"":1,""31"":2,""32"":1,""36"":3,""40"":3,""41"":4,""43"":1,""47"":1,""49"":2,""50"":2,""51"":1,""52"":1,""54"":1,""55"":1,""57"":3,""58"":2,""60"":2,""65"":3,""66"":1,""67"":1,""76"":2,""79"":2,""85"":1,""86"":2,""87"":2,""102"":1}",45,1,"{""1"":1,""2"":5,""3"":10,""4"":5,""5"":6,""6"":7,""7"":4,""8"":5,""9"":7,""10"":4,""11"":4,""12"":3,""13"":11,""14"":9,""15"":3,""16"":7,""17"":6,""18"":2,""19"":4,""20"":4,""21"":3,""22"":4,""23"":1,""24"":3,""25"":4,""26"":4,""27"":7,""28"":4,""29"":4,""30"":3,""31"":2,""32"":1,""33"":1,""34"":1,""35"":5,""36"":2,""37"":4,""38"":1,""40"":2,""45"":2}","X....X
...X.X
X.....
.X....
XX.X..
..X.X.",,,,,,,,,
219,6,11,all,0,0628085c21,0148130893,3,"4,1;5,4;4,5","1,1;0,1;0,1",1,232,0,"{""94"":1,""118"":1,""125"":2,""140"":3,""151"":2,""232"":2}",102,0,"{""10"":1,""16"":1,""19"":2,""21"":2,""24"":1,""27"":1,""28"":1,""29"":1,""30"":1,""31"":1,""33"":1,""36"":4,""37"":1,""39"":1,""40"":3,""41"":1,""45"":2,""47"":1,""49"":3,""51"":1,""52"":2,""54"":2,""55"":2,""57"":2,""58"":1,""60"":2,""65"":1,""66"":1,""67"":1,""76"":2,""79"":2,""85"":1,""86"":2,""87"":2,""94"":1,""102"":1}",54,1,"{""1"":1,""2"":4,""3"":1,""4"":4,""5"":6,""6"":4,""7"":3,""8"":7,""9"":8,""10"":3,""11"":7,""12"":11,""13"":6,""14"":4,""15"":7,""16"":7,""17"":7,""18"":5,""19"":7,""20"":7,""21"":1,""22"":5,""23"":5,""24"":2,""25"":4,""26"":2,""27"":4,""28"":5,""29"":4,""30"":2,""31"":2,""32"":2,""33"":1,""35"":3,""36"":3,""37"":3,""38"":2,""40"":2,""41"":1,""42"":1,""45"":1,""54"":1}","X....X
....XX
X.X...
.X....
...X.X
...XX.",,,,,,,,,
220,6,11,all,0,02880c9c21,00c2d00a0d,4,"4,1;5,1;3,2;3,4","1,1;0,1;2,2;1,2",1,232,0,"{""94"":1,""118"":1,""125"":2,""140"":2,""151"":3,""232"":2}",102,0,"{""18"":1,""24"":2,""25"":2,""28"":1,""29"":1,""30"":2,""31"":1,""32"":1,""34"":1,""36"":3,""37"":1,""38"":1,""39"":1,""40"":2,""41"":2,""44"":1,""45"":1,""47"":1,""49"":3,""51"":1,""52"":1,""53"":1,""54"":3,""55"":1,""57"":1,""58"":2,""60"":3,""65"":1,""66"":1,""67"":1,""76"":2,""79"":1,""85"":2,""86"":2,""87"":2,""94"":1,""102"":1}",54,0,"{""4"":3,""5"":2,""6"":5,""7"":3,""8"":9,""9"":3,""10"":7,""11"":3,""12"":11,""13"":4,""14"":5,""15"":4,""16"":9,""17"":10,""18"":10,""19"":6,""20"":7,""21"":3,""22"":7,""23"":6,""24"":3,""25"":2,""26"":2,""27"":6,""28"":3,""29"":4,""30"":1,""31"":2,""33"":3,""34"":2,""35"":4,""36"":3,""37"":3,""38"":2,""40"":1,""41"":1,""42"":2,""44"":1,""45"":2,""54"":1}","X....X
....XX
X..X..
XX....
...X..
.X.X..",31,8,"{""1"":8,""2"":15,""3"":26,""4"":33,""5"":20,""6"":30,""7"":32,""8"":20,""9"":21,""10"":24,""11"":16,""12"":16,""13"":12,""14"":8,""15"":11,""16"":8,""17"":4,""18"":8,""19"":3,""20"":3,""22"":1,""23"":3,""24"":4,""25"":1,""26"":1,""27"":1,""31"":1}",,,,,,
221,6,11,all,0,010588b421,010588b421,4,"0,0;0,2;1,2;1,3","0,0;0,2;1,2;1,2",1,232,0,"{""94"":1,""118"":1,""125"":3,""140"":1,""151"":3,""232"":2}",102,0,"{""16"":1,""20"":1,""25"":1,""28"":2,""29"":1,""30"":2,""31"":2,""34"":2,""37"":2,""38"":1,""39"":1,""40"":1,""41"":2,""43"":1,""44"":1,""45"":1,""49"":2,""50"":1,""51"":1,""52"":1,""53"":1,""54"":3,""55"":2,""57"":1,""58"":4,""60"":3,""62"":1,""65"":2,""66"":1,""67"":1,""79"":1,""85"":2,""86"":2,""87"":2,""94"":1,""102"":1}",54,0,"{""3"":2,""4"":2,""5"":1,""6"":4,""7"":3,""8"":5,""9"":4,""10"":6,""11"":1,""12"":9,""13"":5,""14"":5,""15"":3,""16"":5,""17"":8,""18"":6,""19"":9,""20"":8,""21"":6,""22"":8,""23"":6,""24"":6,""25"":4,""26"":1,""27"":7,""28"":5,""29"":2,""30"":3,""31"":3,""32"":1,""33"":3,""34"":2,""35"":6,""36"":3,""37"":2,""38"":2,""40"":1,""41"":1,""42"":1,""44"":1,""45"":3,""54"":2}","X....X
....X.
XX.X..
.X...X
X.X...
..X...",31,4,"{""1"":4,""2"":12,""3"":26,""4"":17,""5"":24,""6"":23,""7"":14,""8"":27,""9"":23,""10"":19,""11"":26,""12"":24,""13"":16,""14"":12,""15"":12,""16"":8,""17"":6,""18"":9,""19"":4,""20"":5,""21"":3,""22"":3,""23"":3,""24"":5,""25"":1,""26"":1,""27"":2,""31"":1}",,,,,,
222,6,11,all,0,090580b421,02680740a1,6,"0,0;4,1;0,2;1,2;3,2;5,5","0,0;1,1;0,2;1,2;2,2;0,0",1,232,0,"{""94"":1,""118"":1,""125"":2,""140"":1,""151"":3,""232"":3}",102,0,"{""25"":1,""28"":1,""30"":1,""31"":2,""34"":2,""37"":1,""38"":1,""39"":1,""41"":2,""43"":1,""44"":1,""45"":1,""49"":2,""50"":1,""51"":1,""52"":1,""53"":1,""54"":4,""55"":3,""57"":1,""58"":4,""60"":3,""62"":1,""65"":2,""66"":1,""67"":2,""76"":1,""79"":1,""80"":1,""85"":3,""86"":2,""87"":2,""94"":1,""102"":2}",54,0,"{""8"":1,""9"":1,""10"":3,""12"":6,""13"":6,""14"":3,""15"":2,""16"":7,""17"":8,""18"":8,""19"":8,""20"":10,""21"":6,""22"":11,""23"":10,""24"":4,""25"":8,""26"":5,""27"":6,""28"":6,""29"":3,""30"":3,""31"":3,""32"":1,""33"":5,""34"":2,""35"":8,""36"":4,""37"":4,""38"":2,""40"":2,""41"":1,""42"":2,""44"":1,""45"":4,""54"":1}","X....X
....X.
XX.X..
.....X
X.X...
..X..X",31,0,"{""3"":3,""4"":3,""5"":8,""6"":13,""7"":14,""8"":35,""9"":32,""10"":36,""11"":31,""12"":31,""13"":24,""14"":21,""15"":14,""16"":12,""17"":7,""18"":12,""19"":6,""20"":5,""21"":3,""22"":4,""23"":3,""24"":7,""25"":2,""26"":1,""27"":2,""31"":1}",20,0,"{""2"":7,""3"":31,""4"":35,""5"":65,""6"":61,""7"":77,""8"":68,""9"":39,""10"":33,""11"":14,""12"":11,""13"":4,""14"":6,""15"":3,""16"":3,""17"":2,""18"":1,""20"":2}",14,3,"{""1"":3,""2"":41,""3"":74,""4"":84,""5"":98,""6"":69,""7"":47,""8"":21,""9"":16,""10"":5,""11"":3,""14"":1}"
223,6,11,all,0,02a80c9421,02a80c9421,4,"0,2;3,2;5,4;3,5","0,2;2,2;0,1;0,2",1,232,0,"{""94"":1,""118"":1,""125"":2,""140"":2,""151"":3,""232"":2}",102,0,"{""15"":1,""24"":1,""25"":2,""28"":1,""29"":1,""30"":2,""31"":1,""32"":1,""34"":1,""36"":1,""37"":1,""38"":1,""39"":1,""41"":3,""44"":1,""45"":1,""47"":1,""49"":3,""51"":2,""52"":2,""53"":1,""54"":3,""55"":2,""57"":3,""58"":2,""60"":2,""65"":1,""66"":1,""67"":1,""76"":1,""79"":2,""85"":2,""86"":2,""87"":2,""94"":1,""102"":1}",54,0,"{""4"":4,""5"":1,""6"":2,""7"":1,""8"":8,""9"":5,""10"":4,""11"":1,""12"":11,""13"":4,""14"":4,""15"":7,""16"":8,""17"":7,""18"":10,""19"":4,""20"":9,""21"":4,""22"":8,""23"":8,""24"":2,""25"":2,""26"":2,""27"":7,""28"":4,""29"":5,""30"":2,""31"":2,""32"":2,""33"":3,""34"":2,""35"":5,""36"":3,""37"":2,""38"":2,""40"":2,""41"":2,""42"":2,""44"":1,""45"":2,""54"":1}","X....X
....X.
X..X..
XX....
...X.X
.X.X..",31,2,"{""1"":2,""2"":12,""3"":21,""4"":21,""5"":25,""6"":29,""7"":28,""8"":19,""9"":21,""10"":26,""11"":16,""12"":19,""13"":15,""14"":15,""15"":14,""16"":7,""17"":6,""18"":10,""19"":5,""20"":4,""21"":1,""22"":2,""23"":3,""24"":4,""25"":2,""26"":1,""27"":1,""31"":1}",,,,,,
224,6,11,all,0,0420e212c1,004b878810,3,"0,1;1,1;0,2","0,1;1,1;0,2",1,232,0,"{""94"":1,""118"":1,""125"":2,""140"":3,""151"":3,""232"":1}",94,0,"{""4"":1,""8"":1,""10"":1,""11"":1,""16"":2,""18"":1,""20"":2,""21"":2,""24"":2,""28"":1,""29"":1,""30"":2,""31"":1,""32"":1,""33"":1,""34"":2,""36"":4,""39"":1,""40"":2,""41"":3,""43"":1,""45"":1,""49"":2,""50"":1,""51"":1,""52"":1,""53"":1,""54"":1,""57"":1,""58"":1,""60"":2,""62"":1,""65"":1,""66"":1,""67"":1,""79"":2,""85"":1,""86"":1,""87"":1,""94"":1}",54,4,"{""1"":4,""2"":15,""3"":6,""4"":9,""5"":17,""6"":11,""7"":5,""8"":13,""9"":5,""10"":3,""11"":4,""12"":7,""13"":7,""14"":9,""15"":4,""16"":3,""17"":4,""18"":3,""19"":3,""20"":3,""22"":3,""23"":1,""24"":2,""25"":2,""26"":3,""27"":2,""28"":2,""30"":1,""31"":1,""34"":1,""35"":3,""36"":3,""37"":1,""38"":1,""41"":1,""42"":1,""44"":1,""54"":1}","X.....
XX.X..
X....X
...XXX
.....X
....X.",,,,,,,,,
225,6,11,all,0,0184c2a0c1,0043ab0106,3,"1,1;1,2;1,5","1,1;1,2;0,1",1,232,0,"{""94"":1,""118"":1,""125"":3,""140"":2,""151"":3,""232"":1}",94,0,"{""19"":2,""20"":2,""21"":2,""24"":1,""26"":1,""27"":1,""28"":1,""29"":1,""30"":2,""31"":2,""33"":1,""34"":3,""36"":4,""37"":1,""39"":1,""40"":5,""43"":1,""45"":1,""47"":1,""49"":2,""50"":1,""53"":1,""54"":2,""55"":1,""57"":1,""58"":3,""60"":2,""65"":2,""66"":1,""76"":1,""85"":1,""86"":1,""87"":2,""94"":1}",54,1,"{""1"":1,""3"":3,""4"":6,""5"":6,""6"":5,""7"":2,""8"":10,""9"":7,""10"":5,""11"":11,""12"":14,""13"":10,""14"":9,""15"":7,""16"":6,""17"":7,""18"":7,""19"":8,""20"":7,""21"":2,""22"":5,""23"":2,""24"":1,""25"":2,""26"":2,""27"":3,""29"":1,""30"":1,""31"":3,""34"":1,""35"":2,""36"":1,""37"":2,""38"":2,""42"":1,""44"":1,""45"":1,""54"":1}","X.....
XX....
.X.X.X
....XX
..X...
.XX...",,,,,,,,,
226,6,11,all,0,02c20b0941,0065c0208b,4,"0,0;0,1;2,1;5,1","0,0;0,1;1,2;0,1",1,232,0,"{""118"":1,""125"":3,""140"":3,""151"":2,""232"":2}",102,0,"{""14"":1,""18"":1,""19"":1,""20"":1,""21"":1,""26"":1,""30"":1,""31"":3,""34"":1,""36"":1,""39"":1,""40"":3,""41"":3,""43"":2,""44"":1,""49"":1,""50"":2,""51"":2,""52"":2,""53"":1,""54"":2,""55"":1,""57"":1,""58"":4,""60"":4,""65"":3,""66"":1,""76"":2,""79"":1,""85"":2,""86"":1,""87"":1,""94"":1,""102"":1}",54,0,"{""2"":2,""3"":3,""4"":3,""5"":7,""6"":4,""7"":5,""8"":5,""9"":4,""10"":6,""11"":3,""12"":4,""13"":11,""14"":6,""15"":9,""16"":4,""17"":6,""18"":4,""19"":4,""20"":6,""21"":5,""22"":8,""23"":6,""24"":8,""25"":3,""26"":1,""27"":2,""28"":3,""29"":4,""30"":3,""31"":5,""32"":1,""33"":2,""34"":2,""35"":3,""36"":3,""37"":4,""40"":1,""42"":1,""44"":1,""45"":2,""54"":1}","X.....
X.X..X
....XX
.X....
.X....
XX.X..",31,19,"{""1"":19,""2"":42,""3"":32,""4"":9,""5"":30,""6"":17,""7"":28,""8"":25,""9"":16,""10"":20,""11"":17,""12"":14,""13"":9,""14"":11,""15"":10,""16"":7,""17"":2,""18"":6,""19"":2,""20"":2,""21"":3,""22"":2,""24"":3,""25"":2,""27"":1,""31"":1}",,,,,,
227,6,11,all,0,00a2e21241,0049878882,3,"0,0;3,3;1,5","0,0;2,2;0,1",1,232,0,"{""94"":1,""118"":1,""125"":2,""140"":3,""151"":3,""232"":1}",87,0,"{""4"":1,""8"":1,""15"":1,""16"":1,""19"":1,""20"":1,""21"":3,""24"":1,""28"":1,""29"":1,""30"":3,""31"":2,""32"":1,""33"":1,""34"":2,""36"":6,""39"":1,""40"":3,""41"":2,""43"":1,""45"":1,""49"":2,""50"":1,""53"":1,""54"":2,""57"":2,""58"":1,""60"":2,""62"":1,""65"":1,""66"":1,""67"":1,""76"":1,""79"":1,""85"":1,""86"":1,""87"":1}",42,3,"{""1"":3,""2"":11,""3"":5,""4"":11,""5"":17,""6"":6,""7"":6,""8"":10,""9"":4,""10"":4,""11"":6,""12"":10,""13"":6,""14"":7,""15"":4,""16"":9,""17"":6,""18"":3,""19"":7,""20"":3,""21"":2,""23"":3,""24"":3,""25"":5,""26"":2,""27"":2,""28"":1,""30"":1,""31"":1,""35"":3,""37"":2,""40"":1,""42"":1}","X.....
X..X..
X....X
...XXX
.X...X
.X....",,,,,,,,,
228,6,11,all,0,040ac07881,00621f0290,3,"1,1;5,1;1,4","1,1;0,1;1,1",1,232,0,"{""94"":1,""118"":2,""125"":3,""140"":2,""151"":2,""232"":1}",94,0,"{""4"":1,""8"":1,""11"":2,""18"":1,""19"":2,""20"":1,""21"":1,""26"":1,""27"":1,""28"":2,""30"":2,""31"":1,""33"":1,""34"":1,""36"":1,""37"":2,""38"":1,""40"":1,""41"":4,""43"":2,""44"":1,""45"":1,""47"":1,""49"":1,""50"":1,""51"":1,""52"":2,""53"":1,""54"":3,""57"":2,""60"":2,""62"":1,""65"":1,""66"":1,""67"":1,""76"":1,""79"":1,""85"":1,""86"":2,""94"":1}",54,11,"{""1"":11,""2"":8,""3"":2,""4"":4,""5"":11,""6"":7,""7"":6,""8"":4,""9"":9,""10"":2,""11"":2,""12"":7,""13"":8,""14"":5,""15"":3,""16"":3,""17"":6,""18"":11,""19"":5,""20"":8,""21"":4,""22"":6,""23"":1,""24"":5,""25"":2,""27"":5,""28"":4,""29"":1,""30"":1,""34"":2,""35"":4,""36"":2,""40"":1,""41"":1,""42"":1,""44"":1,""54"":2}","X.....
.X...X
XXX...
....XX
.X.X..
....X.",,,,,,,,,
229,6,11,all,0,095080ba01,00682e0425,4,"0,0;3,1;5,3;4,4","0,0;1,2;0,2;1,1",1,232,0,"{""94"":1,""118"":1,""125"":2,""140"":1,""151"":3,""232"":3}",102,0,"{""8"":1,""16"":1,""20"":1,""21"":1,""24"":1,""25"":1,""28"":1,""30"":1,""31"":2,""32"":1,""34"":2,""39"":1,""41"":2,""43"":2,""49"":2,""50"":1,""51"":1,""52"":1,""53"":1,""54"":2,""55"":3,""58"":3,""60"":3,""62"":1,""65"":3,""66"":1,""67"":3,""76"":1,""79"":1,""80"":1,""85"":2,""86"":2,""87"":2,""94"":1,""102"":2}",54,0,"{""2"":1,""3"":5,""4"":7,""5"":5,""6"":4,""7"":5,""8"":6,""9"":2,""10"":3,""11"":1,""12"":4,""13"":5,""14"":4,""15"":5,""16"":6,""17"":6,""18"":5,""19"":5,""20"":5,""21"":6,""22"":7,""23"":7,""24"":4,""25"":7,""26"":7,""27"":3,""28"":2,""29"":4,""30"":4,""31"":1,""32"":2,""33"":4,""34"":2,""35"":6,""36"":2,""37"":4,""38"":2,""40"":1,""41"":1,""42"":1,""44"":1,""45"":2,""54"":1}","X.....
...X.X
XX.X..
.....X
....X.
X.X..X",31,30,"{""1"":30,""2"":25,""3"":49,""4"":26,""5"":18,""6"":13,""7"":5,""8"":17,""9"":29,""10"":17,""11"":16,""12"":10,""13"":10,""14"":14,""15"":13,""16"":9,""17"":6,""18"":7,""19"":4,""20"":1,""21"":2,""22"":3,""23"":1,""24"":3,""25"":1,""31"":1}",,,,,,
230,6,11,all,0,0c43520a01,00688140f1,4,"0,0;3,1;5,2;0,4","0,0;1,2;0,2;0,1",1,232,0,"{""94"":1,""118"":1,""125"":2,""140"":3,""151"":1,""232"":3}",102,0,"{""15"":1,""19"":1,""21"":1,""24"":1,""28"":1,""29"":1,""30"":2,""31"":1,""32"":1,""34"":1,""36"":1,""37"":1,""38"":1,""40"":1,""41"":2,""44"":1,""45"":1,""49"":1,""50"":2,""51"":2,""52"":3,""53"":1,""54"":2,""55"":5,""57"":2,""58"":2,""60"":4,""76"":2,""79"":2,""80"":1,""85"":1,""86"":2,""87"":1,""94"":1,""102"":2}",54,0,"{""2"":2,""3"":4,""4"":1,""5"":3,""6"":8,""7"":2,""8"":6,""9"":5,""10"":1,""11"":1,""12"":7,""13"":8,""14"":5,""15"":6,""16"":8,""17"":4,""18"":5,""19"":7,""20"":13,""21"":4,""22"":5,""23"":8,""24"":6,""25"":6,""26"":3,""27"":6,""28"":5,""29"":3,""30"":2,""31"":2,""32"":4,""33"":2,""34"":1,""36"":2,""37"":2,""40"":3,""41"":2,""44"":1,""45"":1,""54"":1}","X.....
...X.X
.....X
..X.X.
XX....
X...XX",26,22,"{""1"":22,""2"":36,""3"":24,""4"":20,""5"":26,""6"":22,""7"":22,""8"":24,""9"":18,""10"":19,""11"":20,""12"":23,""13"":12,""14"":9,""15"":7,""16"":2,""17"":4,""18"":7,""19"":6,""21"":1,""22"":2,""23"":1,""24"":1,""25"":1,""26"":1}",,,,,,
231,6,11,all,0,04c6074201,0048d01193,4,"0,0;3,1;5,2;2,4","0,0;1,2;0,2;1,2",1,232,0,"{""94"":1,""118"":1,""125"":3,""140"":2,""151"":2,""232"":2}",102,0,"{""16"":1,""18"":1,""19"":2,""20"":2,""21"":1,""25"":1,""26"":1,""27"":1,""28"":1,""30"":2,""32"":1,""34"":4,""36"":1,""40"":3,""41"":1,""43"":1,""44"":1,""45"":1,""47"":2,""49"":1,""50"":1,""52"":2,""53"":1,""54"":2,""55"":2,""57"":1,""58"":2,""60"":4,""62"":1,""65"":1,""67"":1,""76"":1,""79"":1,""85"":1,""86"":2,""87"":1,""94"":1,""102"":1}",54,0,"{""3"":1,""4"":2,""5"":5,""6"":6,""7"":7,""8"":10,""9"":11,""10"":5,""11"":3,""12"":12,""13"":10,""14"":10,""15"":9,""16"":5,""17"":3,""18"":8,""19"":7,""20"":6,""21"":2,""22"":2,""23"":2,""24"":5,""25"":3,""26"":3,""27"":3,""28"":3,""29"":3,""30"":3,""31"":2,""32"":2,""33"":1,""34"":1,""35"":1,""36"":1,""37"":2,""40"":1,""42"":1,""44"":1,""45"":1,""54"":2}","X.....
...X..
..X.XX
X.....
.XX...
XX..X.",31,10,"{""1"":10,""2"":12,""3"":26,""4"":43,""5"":46,""6"":52,""7"":28,""8"":18,""9"":19,""10"":17,""11"":19,""12"":10,""13"":6,""14"":2,""15"":4,""16"":3,""17"":6,""18"":1,""20"":1,""21"":1,""22"":1,""24"":2,""25"":2,""31"":1}",,,,,,
232,6,11,all,0,0e1001414e,004b878810,3,"3,0;4,4;3,5","0,2;1,1;0,2",1,232,0,"{""94"":1,""118"":1,""125"":2,""140"":3,""151"":3,""232"":1}",94,0,"{""4"":1,""8"":1,""10"":1,""11"":1,""16"":2,""18"":1,""20"":2,""21"":2,""24"":2,""28"":1,""29"":1,""30"":2,""31"":1,""32"":1,""33"":1,""34"":2,""36"":4,""39"":1,""40"":2,""41"":3,""43"":1,""45"":1,""49"":2,""50"":1,""51"":1,""52"":1,""53"":1,""54"":1,""57"":1,""58"":1,""60"":2,""62"":1,""65"":1,""66"":1,""67"":1,""79"":2,""85"":1,""86"":1,""87"":1,""94"":1}",54,4,"{""1"":4,""2"":15,""3"":6,""4"":9,""5"":17,""6"":11,""7"":5,""8"":13,""9"":5,""10"":3,""11"":4,""12"":7,""13"":7,""14"":9,""15"":4,""16"":3,""17"":4,""18"":3,""19"":3,""20"":3,""22"":3,""23"":1,""24"":2,""25"":2,""26"":3,""27"":2,""28"":2,""30"":1,""31"":1,""34"":1,""35"":3,""36"":3,""37"":1,""38"":1,""41"":1,""42"":1,""44"":1,""54"":1}",".XXX..
X.X...
..X.X.
......
....X.
...XXX",,,,,,,,,
233,6,11,all,0,0e0301410e,0049878882,3,"3,0;1,4;3,5","0,2;1,1;0,2",1,232,0,"{""94"":1,""118"":1,""125"":2,""140"":3,""151"":3,""232"":1}",87,0,"{""4"":1,""8"":1,""15"":1,""16"":1,""19"":1,""20"":1,""21"":3,""24"":1,""28"":1,""29"":1,""30"":3,""31"":2,""32"":1,""33"":1,""34"":2,""36"":6,""39"":1,""40"":3,""41"":2,""43"":1,""45"":1,""49"":2,""50"":1,""53"":1,""54"":2,""57"":2,""58"":1,""60"":2,""62"":1,""65"":1,""66"":1,""67"":1,""76"":1,""79"":1,""85"":1,""86"":1,""87"":1}",42,3,"{""1"":3,""2"":11,""3"":5,""4"":11,""5"":17,""6"":6,""7"":6,""8"":10,""9"":4,""10"":4,""11"":6,""12"":10,""13"":6,""14"":7,""15"":4,""16"":9,""17"":6,""18"":3,""19"":7,""20"":3,""21"":2,""23"":3,""24"":3,""25"":5,""26"":2,""27"":2,""28"":1,""30"":1,""31"":1,""35"":3,""37"":2,""40"":1,""42"":1}",".XXX..
..X...
..X.X.
......
XX....
...XXX",,,,,,,,,
234,6,11,all,0,00f404420e,0082c2a845,4,"1,0;2,0;3,0;3,1","0,1;0,2;0,2;1,2",1,232,0,"{""94"":1,""118"":1,""125"":2,""140"":3,""151"":3,""232"":1}",87,0,"{""11"":1,""14"":1,""16"":1,""18"":1,""19"":1,""20"":2,""21"":1,""24"":2,""27"":1,""29"":1,""30"":3,""32"":1,""33"":1,""34"":4,""36"":3,""40"":3,""41"":3,""43"":1,""44"":1,""45"":1,""47"":1,""49"":2,""50"":1,""52"":1,""53"":1,""54"":2,""55"":1,""57"":2,""60"":1,""65"":2,""66"":2,""67"":1,""76"":2,""85"":1,""86"":1,""87"":1}",42,0,"{""2"":1,""3"":6,""4"":10,""5"":12,""6"":10,""7"":8,""8"":6,""9"":9,""10"":4,""11"":5,""12"":8,""13"":10,""14"":8,""15"":6,""16"":6,""17"":3,""18"":8,""19"":6,""20"":5,""21"":1,""22"":6,""23"":4,""24"":4,""25"":3,""26"":1,""27"":3,""28"":1,""29"":1,""30"":1,""31"":2,""34"":1,""35"":2,""37"":2,""38"":1,""42"":1}",".XXX..
...X..
..X...
X.....
..X.XX
XX....",22,30,"{""1"":30,""2"":48,""3"":63,""4"":41,""5"":31,""6"":18,""7"":19,""8"":15,""9"":15,""10"":13,""11"":10,""12"":7,""13"":4,""14"":4,""15"":4,""16"":4,""17"":2,""21"":1,""22"":1}",,,,,,
235,6,11,all,0,0c11a01126,00e2160219,3,"2,0;2,1;0,2","0,2;1,2;0,2",1,232,0,"{""94"":1,""118"":1,""125"":1,""140"":3,""151"":3,""232"":2}",102,0,"{""10"":1,""19"":1,""20"":1,""21"":1,""24"":2,""27"":1,""28"":2,""30"":1,""33"":1,""36"":3,""37"":1,""38"":1,""40"":3,""41"":2,""45"":1,""47"":1,""49"":1,""50"":1,""52"":1,""53"":2,""54"":2,""55"":2,""57"":4,""60"":4,""62"":1,""65"":2,""66"":1,""67"":1,""76"":2,""79"":2,""85"":2,""86"":1,""87"":1,""94"":1,""102"":1}",54,1,"{""1"":1,""2"":3,""3"":1,""4"":1,""5"":6,""6"":6,""7"":4,""8"":5,""9"":5,""10"":2,""11"":9,""12"":6,""13"":9,""14"":4,""15"":5,""16"":7,""17"":9,""18"":4,""19"":7,""20"":7,""21"":4,""22"":5,""23"":3,""24"":5,""25"":5,""26"":2,""27"":5,""28"":4,""29"":2,""30"":3,""31"":3,""32"":1,""33"":2,""34"":2,""35"":6,""36"":3,""37"":1,""40"":3,""42"":1,""44"":2,""45"":1,""54"":1}",".XX..X
..X...
X.....
...X.X
X...X.
....XX",,,,,,,,,
236,6,11,all,0,0c11a02126,00a8c040e5,4,"1,0;1,2;0,4;4,5","0,1;1,2;0,1;0,1",1,232,0,"{""94"":1,""118"":1,""125"":2,""140"":3,""151"":2,""232"":2}",102,0,"{""19"":2,""20"":1,""21"":1,""24"":2,""27"":1,""28"":2,""30"":1,""33"":1,""36"":3,""37"":2,""38"":1,""40"":3,""41"":1,""43"":1,""44"":1,""45"":1,""47"":1,""49"":1,""50"":1,""51"":1,""52"":1,""53"":1,""54"":2,""55"":2,""57"":3,""58"":1,""60"":5,""65"":1,""66"":1,""67"":1,""76"":2,""79"":2,""85"":1,""86"":2,""94"":1,""102"":1}",54,0,"{""2"":1,""3"":2,""4"":2,""5"":4,""6"":8,""7"":3,""8"":4,""9"":6,""10"":4,""11"":11,""12"":10,""13"":8,""14"":4,""15"":4,""16"":6,""17"":8,""18"":3,""19"":6,""20"":8,""21"":4,""22"":4,""23"":5,""24"":7,""25"":7,""26"":2,""27"":5,""28"":5,""29"":2,""31"":2,""32"":1,""33"":2,""34"":2,""35"":3,""36"":3,""37"":1,""40"":3,""41"":1,""42"":1,""44"":1,""54"":2}",".XX..X
..X...
.X....
...X.X
X...X.
....XX",31,8,"{""1"":8,""2"":29,""3"":31,""4"":32,""5"":43,""6"":23,""7"":23,""8"":24,""9"":18,""10"":14,""11"":15,""12"":16,""13"":11,""14"":8,""15"":8,""16"":3,""17"":5,""18"":7,""19"":4,""21"":1,""23"":3,""24"":2,""26"":1,""31"":1}",,,,,,
237,6,11,all,0,0c50202a26,00688140f1,4,"1,0;2,0;5,0;3,1","0,1;0,2;0,0;1,2",1,232,0,"{""94"":1,""118"":1,""125"":2,""140"":3,""151"":1,""232"":3}",102,0,"{""15"":1,""19"":1,""21"":1,""24"":1,""28"":1,""29"":1,""30"":2,""31"":1,""32"":1,""34"":1,""36"":1,""37"":1,""38"":1,""40"":1,""41"":2,""44"":1,""45"":1,""49"":1,""50"":2,""51"":2,""52"":3,""53"":1,""54"":2,""55"":5,""57"":2,""58"":2,""60"":4,""76"":2,""79"":2,""80"":1,""85"":1,""86"":2,""87"":1,""94"":1,""102"":2}",54,0,"{""2"":2,""3"":4,""4"":1,""5"":3,""6"":8,""7"":2,""8"":6,""9"":5,""10"":1,""11"":1,""12"":7,""13"":8,""14"":5,""15"":6,""16"":8,""17"":4,""18"":5,""19"":7,""20"":13,""21"":4,""22"":5,""23"":8,""24"":6,""25"":6,""26"":3,""27"":6,""28"":5,""29"":3,""30"":2,""31"":2,""32"":4,""33"":2,""34"":1,""36"":2,""37"":2,""40"":3,""41"":2,""44"":1,""45"":1,""54"":1}",".XX..X
...X.X
.X....
...X..
....X.
X...XX",26,22,"{""1"":22,""2"":36,""3"":24,""4"":20,""5"":26,""6"":22,""7"":22,""8"":24,""9"":18,""10"":19,""11"":20,""12"":23,""13"":12,""14"":9,""15"":7,""16"":2,""17"":4,""18"":7,""19"":6,""21"":1,""22"":2,""23"":1,""24"":1,""25"":1,""26"":1}",,,,,,
238,6,11,all,0,04450e0426,0162011278,4,"1,0;2,0;5,0;5,2","0,1;0,2;0,0;0,2",1,232,0,"{""118"":1,""125"":2,""140"":3,""151"":3,""232"":2}",94,0,"{""19"":1,""20"":3,""21"":2,""28"":1,""30"":1,""31"":1,""32"":3,""36"":3,""40"":4,""41"":2,""43"":1,""44"":1,""47"":1,""50"":3,""51"":1,""52"":1,""53"":1,""54"":1,""55"":2,""57"":2,""58"":1,""60"":4,""62"":1,""65"":2,""67"":2,""76"":2,""79"":1,""80"":1,""85"":2,""86"":2,""87"":1,""94"":1}",54,0,"{""3"":1,""4"":5,""5"":4,""6"":6,""7"":7,""8"":7,""9"":6,""10"":6,""11"":9,""12"":9,""13"":5,""14"":14,""15"":8,""16"":8,""17"":4,""18"":4,""19"":6,""20"":5,""21"":1,""22"":5,""23"":3,""24"":4,""25"":10,""26"":2,""27"":2,""28"":3,""29"":2,""30"":2,""31"":2,""32"":1,""33"":1,""34"":1,""35"":2,""36"":1,""37"":1,""38"":1,""40"":1,""41"":1,""42"":1,""44"":1,""45"":1,""54"":2}",".XX..X
....X.
.....X
XX....
X.X...
X...X.",31,9,"{""1"":9,""2"":39,""3"":45,""4"":35,""5"":41,""6"":31,""7"":36,""8"":18,""9"":16,""10"":9,""11"":14,""12"":7,""13"":5,""14"":6,""15"":4,""16"":2,""17"":1,""18"":3,""19"":2,""20"":1,""21"":1,""24"":2,""25"":1,""26"":1,""31"":1}",,,,,,
239,6,11,all,0,0c450c0426,01e4880461,4,"4,1;0,5;4,5;5,5","1,1;0,0;0,1;0,0",1,232,0,"{""118"":1,""125"":2,""140"":3,""151"":2,""232"":3}",102,0,"{""19"":1,""20"":2,""21"":2,""28"":1,""30"":1,""31"":1,""32"":2,""36"":2,""40"":3,""41"":2,""44"":1,""49"":1,""50"":3,""51"":1,""52"":1,""53"":1,""54"":2,""55"":2,""57"":2,""58"":2,""60"":5,""65"":1,""67"":1,""76"":3,""79"":2,""80"":1,""85"":2,""86"":2,""87"":2,""94"":1,""102"":2}",54,0,"{""4"":3,""5"":4,""6"":6,""7"":6,""8"":4,""9"":6,""10"":8,""11"":6,""12"":7,""13"":6,""14"":11,""15"":8,""16"":5,""17"":4,""18"":3,""19"":4,""20"":7,""21"":1,""22"":5,""23"":2,""24"":5,""25"":9,""26"":3,""27"":3,""28"":3,""29"":4,""30"":4,""31"":3,""32"":2,""33"":3,""34"":1,""35"":1,""36"":4,""37"":2,""38"":1,""40"":3,""41"":1,""42"":1,""44"":1,""45"":3,""54"":2}",".XX..X
....X.
......
XX....
X.X...
X...XX",31,3,"{""1"":3,""2"":30,""3"":35,""4"":45,""5"":37,""6"":28,""7"":34,""8"":16,""9"":19,""10"":13,""11"":17,""12"":8,""13"":2,""14"":5,""15"":5,""16"":3,""17"":3,""18"":6,""19"":4,""20"":2,""21"":2,""22"":3,""24"":5,""25"":2,""26"":1,""27"":1,""31"":1}",,,,,,
240,6,11,all,0,0843a10146,0148130893,3,"1,0;0,1;1,4","0,1;0,1;1,1",1,232,0,"{""94"":1,""118"":1,""125"":2,""140"":3,""151"":2,""232"":2}",102,0,"{""10"":1,""16"":1,""19"":2,""21"":2,""24"":1,""27"":1,""28"":1,""29"":1,""30"":1,""31"":1,""33"":1,""36"":4,""37"":1,""39"":1,""40"":3,""41"":1,""45"":2,""47"":1,""49"":3,""51"":1,""52"":2,""54"":2,""55"":2,""57"":2,""58"":1,""60"":2,""65"":1,""66"":1,""67"":1,""76"":2,""79"":2,""85"":1,""86"":2,""87"":2,""94"":1,""102"":1}",54,1,"{""1"":1,""2"":4,""3"":1,""4"":4,""5"":6,""6"":4,""7"":3,""8"":7,""9"":8,""10"":3,""11"":7,""12"":11,""13"":6,""14"":4,""15"":7,""16"":7,""17"":7,""18"":5,""19"":7,""20"":7,""21"":1,""22"":5,""23"":5,""24"":2,""25"":4,""26"":2,""27"":4,""28"":5,""29"":4,""30"":2,""31"":2,""32"":2,""33"":1,""35"":3,""36"":3,""37"":3,""38"":2,""40"":2,""41"":1,""42"":1,""45"":1,""54"":1}",".XX...
X.X...
....X.
...X.X
XX....
X....X",,,,,,,,,
241,6,11,all,0,0851142906,01a4085461,3,"1,0;2,0;2,3","0,1;0,2;2,2",1,232,0,"{""94"":1,""118"":1,""125"":2,""140"":3,""151"":2,""232"":2}",102,0,"{""19"":2,""20"":1,""21"":3,""24"":1,""25"":1,""27"":1,""28"":1,""29"":1,""30"":1,""32"":2,""33"":1,""34"":1,""36"":2,""39"":1,""40"":2,""41"":2,""44"":1,""45"":1,""49"":2,""50"":1,""51"":1,""52"":2,""53"":1,""54"":2,""55"":2,""57"":2,""58"":1,""60"":3,""65"":1,""67"":1,""76"":2,""79"":2,""85"":1,""86"":2,""87"":2,""94"":1,""102"":1}",54,1,"{""1"":1,""3"":2,""4"":2,""5"":8,""6"":5,""7"":6,""8"":5,""9"":12,""10"":6,""11"":8,""12"":11,""13"":8,""14"":7,""15"":5,""16"":8,""17"":2,""18"":8,""19"":5,""20"":4,""21"":2,""22"":2,""23"":2,""24"":2,""25"":5,""26"":1,""27"":5,""28"":5,""29"":4,""30"":3,""31"":1,""32"":2,""33"":1,""34"":1,""36"":3,""37"":1,""38"":2,""40"":3,""41"":1,""42"":1,""44"":1,""45"":2,""54"":2}",".XX...
..X..X
.X....
X.X...
X...X.
X....X",,,,,,,,,
242,6,11,all,0,0851a22106,00e8c0408d,3,"5,2;5,3;4,4","0,2;0,2;1,1",1,232,0,"{""94"":1,""118"":1,""125"":2,""140"":2,""151"":3,""232"":2}",102,0,"{""19"":1,""20"":2,""21"":1,""24"":1,""27"":1,""28"":2,""30"":2,""31"":1,""33"":1,""34"":1,""36"":2,""37"":2,""38"":1,""40"":3,""41"":1,""43"":1,""44"":1,""45"":1,""47"":1,""49"":1,""51"":1,""52"":1,""53"":1,""54"":2,""55"":1,""57"":1,""58"":2,""60"":4,""65"":2,""66"":1,""67"":1,""76"":2,""79"":1,""85"":2,""86"":2,""87"":2,""94"":1,""102"":1}",54,1,"{""1"":1,""3"":1,""4"":1,""5"":5,""6"":7,""7"":5,""8"":2,""9"":7,""10"":7,""11"":6,""12"":12,""13"":9,""14"":6,""15"":6,""16"":2,""17"":7,""18"":3,""19"":8,""20"":7,""21"":3,""22"":5,""23"":2,""24"":5,""25"":6,""27"":5,""28"":5,""29"":3,""30"":2,""31"":2,""33"":3,""34"":2,""35"":3,""36"":4,""37"":4,""40"":2,""41"":1,""42"":1,""44"":1,""45"":2,""54"":2}",".XX...
..X...
.X...X
...X.X
X...X.
X....X",,,,,,,,,
243,6,11,all,0,0043ab0106,0043ab0106,3,"1,0;1,3;1,4","0,1;1,2;1,1",1,232,0,"{""94"":1,""118"":1,""125"":3,""140"":2,""151"":3,""232"":1}",94,0,"{""19"":2,""20"":2,""21"":2,""24"":1,""26"":1,""27"":1,""28"":1,""29"":1,""30"":2,""31"":2,""33"":1,""34"":3,""36"":4,""37"":1,""39"":1,""40"":5,""43"":1,""45"":1,""47"":1,""49"":2,""50"":1,""53"":1,""54"":2,""55"":1,""57"":1,""58"":3,""60"":2,""65"":2,""66"":1,""76"":1,""85"":1,""86"":1,""87"":2,""94"":1}",54,1,"{""1"":1,""3"":3,""4"":6,""5"":6,""6"":5,""7"":2,""8"":10,""9"":7,""10"":5,""11"":11,""12"":14,""13"":10,""14"":9,""15"":7,""16"":6,""17"":7,""18"":7,""19"":8,""20"":7,""21"":2,""22"":5,""23"":2,""24"":1,""25"":2,""26"":2,""27"":3,""29"":1,""30"":1,""31"":3,""34"":1,""35"":2,""36"":1,""37"":2,""38"":2,""42"":1,""44"":1,""45"":1,""54"":1}",".XX...
..X...
....XX
.X.X.X
XX....
X.....",,,,,,,,,
244,6,11,all,0,08f8060106,0161c0208b,4,"1,0;2,1;5,2;0,3","0,1;1,2;0,2;0,2",1,232,0,"{""118"":1,""125"":2,""140"":3,""151"":3,""232"":2}",102,0,"{""14"":1,""18"":1,""19"":1,""21"":1,""26"":1,""31"":1,""32"":1,""34"":1,""36"":1,""39"":2,""40"":3,""41"":3,""43"":1,""44"":1,""49"":2,""50"":1,""51"":1,""52"":1,""53"":1,""54"":2,""55"":1,""57"":2,""58"":3,""60"":4,""62"":1,""65"":4,""66"":2,""67"":1,""76"":2,""79"":1,""85"":2,""86"":1,""87"":2,""94"":1,""102"":1}",54,0,"{""2"":1,""3"":3,""4"":1,""5"":3,""6"":4,""7"":5,""8"":6,""9"":4,""10"":4,""11"":2,""12"":4,""13"":10,""14"":7,""15"":6,""16"":3,""17"":4,""18"":5,""19"":4,""20"":6,""21"":6,""22"":8,""23"":6,""24"":6,""25"":6,""26"":2,""27"":3,""28"":3,""29"":5,""30"":5,""31"":6,""32"":1,""33"":2,""34"":3,""35"":4,""36"":3,""37"":5,""38"":2,""40"":1,""42"":1,""44"":1,""45"":3,""54"":1}",".XX...
..X...
.....X
X.....
...XXX
XX...X",31,6,"{""1"":6,""2"":36,""3"":23,""4"":5,""5"":26,""6"":23,""7"":35,""8"":25,""9"":14,""10"":19,""11"":19,""12"":15,""13"":11,""14"":19,""15"":9,""16"":10,""17"":6,""18"":8,""19"":2,""20"":3,""21"":5,""22"":3,""23"":1,""24"":3,""25"":2,""27"":1,""31"":1}",,,,,,
245,6,11,all,0,08f80a0106,0065c0208b,4,"1,0;2,0;1,3;4,4","0,1;0,2;1,2;1,1",1,232,0,"{""118"":1,""125"":3,""140"":3,""151"":2,""232"":2}",102,0,"{""14"":1,""18"":1,""19"":1,""20"":1,""21"":1,""26"":1,""30"":1,""31"":3,""34"":1,""36"":1,""39"":1,""40"":3,""41"":3,""43"":2,""44"":1,""49"":1,""50"":2,""51"":2,""52"":2,""53"":1,""54"":2,""55"":1,""57"":1,""58"":4,""60"":4,""65"":3,""66"":1,""76"":2,""79"":1,""85"":2,""86"":1,""87"":1,""94"":1,""102"":1}",54,0,"{""2"":2,""3"":3,""4"":3,""5"":7,""6"":4,""7"":5,""8"":5,""9"":4,""10"":6,""11"":3,""12"":4,""13"":11,""14"":6,""15"":9,""16"":4,""17"":6,""18"":4,""19"":4,""20"":6,""21"":5,""22"":8,""23"":6,""24"":8,""25"":3,""26"":1,""27"":2,""28"":3,""29"":4,""30"":3,""31"":5,""32"":1,""33"":2,""34"":2,""35"":3,""36"":3,""37"":4,""40"":1,""42"":1,""44"":1,""45"":2,""54"":1}",".XX...
..X...
.....X
.X....
...XXX
XX...X",31,19,"{""1"":19,""2"":42,""3"":32,""4"":9,""5"":30,""6"":17,""7"":28,""8"":25,""9"":16,""10"":20,""11"":17,""12"":14,""13"":9,""14"":11,""15"":10,""16"":7,""17"":2,""18"":6,""19"":2,""20"":2,""21"":3,""22"":2,""24"":3,""25"":2,""27"":1,""31"":1}",,,,,,
246,6,11,all,0,0c58045806,01a0141631,4,"1,0;2,0;5,1;0,2","0,1;0,2;0,1;0,2",1,232,0,"{""94"":1,""118"":1,""125"":1,""140"":3,""151"":3,""232"":2}",102,0,"{""10"":1,""16"":2,""21"":1,""24"":1,""26"":1,""27"":1,""30"":1,""32"":2,""33"":2,""34"":1,""36"":4,""37"":1,""40"":3,""41"":2,""43"":1,""45"":1,""47"":1,""49"":2,""50"":2,""53"":2,""54"":1,""55"":3,""57"":3,""58"":1,""60"":2,""65"":2,""66"":1,""67"":1,""76"":1,""79"":2,""85"":2,""87"":2,""94"":1,""102"":1}",45,0,"{""2"":1,""3"":2,""4"":2,""5"":8,""6"":7,""7"":6,""8"":8,""9"":5,""10"":7,""11"":4,""12"":8,""13"":10,""14"":13,""15"":7,""16"":9,""17"":5,""18"":7,""19"":2,""20"":8,""21"":2,""22"":7,""23"":5,""24"":2,""25"":4,""26"":3,""27"":2,""29"":1,""30"":3,""31"":2,""32"":1,""33"":1,""35"":3,""36"":2,""38"":2,""40"":2,""44"":2,""45"":2}",".XX...
.....X
X.X...
X.....
...XX.
X...XX",23,17,"{""1"":17,""2"":40,""3"":38,""4"":43,""5"":49,""6"":30,""7"":24,""8"":19,""9"":16,""10"":10,""11"":11,""12"":5,""13"":4,""14"":5,""15"":5,""16"":2,""17"":4,""18"":3,""19"":1,""20"":1,""22"":2,""23"":1}",,,,,,
247,6,11,all,0,0c014811aa,00e04a0615,3,"1,0;1,3;4,3","0,1;1,2;1,2",1,232,0,"{""118"":1,""125"":3,""140"":3,""151"":2,""232"":2}",102,0,"{""6"":1,""11"":1,""18"":1,""19"":1,""20"":2,""26"":1,""29"":2,""30"":1,""31"":2,""32"":1,""36"":3,""40"":3,""41"":4,""43"":1,""47"":1,""49"":2,""50"":2,""51"":1,""52"":1,""54"":1,""55"":1,""57"":3,""58"":2,""60"":2,""65"":3,""66"":1,""67"":1,""76"":2,""79"":2,""85"":1,""86"":2,""87"":2,""102"":1}",45,1,"{""1"":1,""2"":5,""3"":10,""4"":5,""5"":6,""6"":7,""7"":4,""8"":5,""9"":7,""10"":4,""11"":4,""12"":3,""13"":11,""14"":9,""15"":3,""16"":7,""17"":6,""18"":2,""19"":4,""20"":4,""21"":3,""22"":4,""23"":1,""24"":3,""25"":4,""26"":4,""27"":7,""28"":4,""29"":4,""30"":3,""31"":2,""32"":1,""33"":1,""34"":1,""35"":5,""36"":2,""37"":4,""38"":1,""40"":2,""45"":2}",".X.X.X
.XX...
X.....
.X..X.
X.....
....XX",,,,,,,,,
248,6,11,all,0,091020332a,010588b421,4,"3,0;5,0;2,1;3,1","0,2;0,0;1,2;1,2",1,232,0,"{""94"":1,""118"":1,""125"":3,""140"":1,""151"":3,""232"":2}",102,0,"{""16"":1,""20"":1,""25"":1,""28"":2,""29"":1,""30"":2,""31"":2,""34"":2,""37"":2,""38"":1,""39"":1,""40"":1,""41"":2,""43"":1,""44"":1,""45"":1,""49"":2,""50"":1,""51"":1,""52"":1,""53"":1,""54"":3,""55"":2,""57"":1,""58"":4,""60"":3,""62"":1,""65"":2,""66"":1,""67"":1,""79"":1,""85"":2,""86"":2,""87"":2,""94"":1,""102"":1}",54,0,"{""3"":2,""4"":2,""5"":1,""6"":4,""7"":3,""8"":5,""9"":4,""10"":6,""11"":1,""12"":9,""13"":5,""14"":5,""15"":3,""16"":5,""17"":8,""18"":6,""19"":9,""20"":8,""21"":6,""22"":8,""23"":6,""24"":6,""25"":4,""26"":1,""27"":7,""28"":5,""29"":2,""30"":3,""31"":3,""32"":1,""33"":3,""34"":2,""35"":6,""36"":3,""37"":2,""38"":2,""40"":1,""41"":1,""42"":1,""44"":1,""45"":3,""54"":2}",".X.X.X
..XX..
XX....
...X..
....X.
..X..X",31,4,"{""1"":4,""2"":12,""3"":26,""4"":17,""5"":24,""6"":23,""7"":14,""8"":27,""9"":23,""10"":19,""11"":26,""12"":24,""13"":16,""14"":12,""15"":12,""16"":8,""17"":6,""18"":9,""19"":4,""20"":5,""21"":3,""22"":3,""23"":3,""24"":5,""25"":1,""26"":1,""27"":2,""31"":1}",,,,,,
249,6,11,all,0,095020322a,02680740a1,6,"1,0;3,0;5,0;3,1;3,3;0,5","0,1;0,2;0,0;1,2;2,2;0,0",1,232,0,"{""94"":1,""118"":1,""125"":2,""140"":1,""151"":3,""232"":3}",102,0,"{""25"":1,""28"":1,""30"":1,""31"":2,""34"":2,""37"":1,""38"":1,""39"":1,""41"":2,""43"":1,""44"":1,""45"":1,""49"":2,""50"":1,""51"":1,""52"":1,""53"":1,""54"":4,""55"":3,""57"":1,""58"":4,""60"":3,""62"":1,""65"":2,""66"":1,""67"":2,""76"":1,""79"":1,""80"":1,""85"":3,""86"":2,""87"":2,""94"":1,""102"":2}",54,0,"{""8"":1,""9"":1,""10"":3,""12"":6,""13"":6,""14"":3,""15"":2,""16"":7,""17"":8,""18"":8,""19"":8,""20"":10,""21"":6,""22"":11,""23"":10,""24"":4,""25"":8,""26"":5,""27"":6,""28"":6,""29"":3,""30"":3,""31"":3,""32"":1,""33"":5,""34"":2,""35"":8,""36"":4,""37"":4,""38"":2,""40"":2,""41"":1,""42"":2,""44"":1,""45"":4,""54"":1}",".X.X.X
...X..
XX....
...X..
....X.
X.X..X",31,0,"{""3"":3,""4"":3,""5"":8,""6"":13,""7"":14,""8"":35,""9"":32,""10"":36,""11"":31,""12"":31,""13"":24,""14"":21,""15"":14,""16"":12,""17"":7,""18"":12,""19"":6,""20"":5,""21"":3,""22"":4,""23"":3,""24"":7,""25"":2,""26"":1,""27"":2,""31"":1}",20,0,"{""2"":7,""3"":31,""4"":35,""5"":65,""6"":61,""7"":77,""8"":68,""9"":39,""10"":33,""11"":14,""12"":11,""13"":4,""14"":6,""15"":3,""16"":3,""17"":2,""18"":1,""20"":2}",14,3,"{""1"":3,""2"":41,""3"":74,""4"":84,""5"":98,""6"":69,""7"":47,""8"":21,""9"":16,""10"":5,""11"":3,""14"":1}"
250,6,11,all,0,097000322a,02680700a3,4,"1,0;3,0;5,0;5,4","0,1;0,2;0,0;0,1",1,232,0,"{""118"":1,""125"":2,""140"":2,""151"":3,""232"":3}",102,0,"{""18"":1,""30"":1,""31"":2,""32"":1,""36"":3,""39"":1,""40"":2,""41"":2,""43"":1,""44"":1,""49"":2,""50"":1,""51"":1,""53"":1,""54"":4,""55"":2,""57"":1,""58"":4,""60"":4,""62"":1,""65"":2,""66"":1,""67"":2,""76"":2,""79"":1,""80"":1,""85"":3,""86"":2,""87"":2,""94"":1,""102"":2}",54,0,"{""2"":1,""4"":2,""5"":1,""6"":4,""7"":1,""8"":5,""9"":2,""10"":2,""11"":2,""12"":4,""13"":4,""14"":6,""15"":2,""16"":11,""17"":6,""18"":6,""19"":4,""20"":6,""21"":5,""22"":9,""23"":8,""24"":4,""25"":10,""26"":6,""27"":5,""28"":2,""29"":4,""30"":3,""31"":4,""32"":1,""33"":5,""34"":1,""35"":8,""36"":4,""37"":4,""38"":2,""40"":2,""41"":1,""42"":2,""44"":1,""45"":4,""54"":1}",".X.X.X
...X..
XX....
......
....XX
X.X..X",31,12,"{""1"":12,""2"":9,""3"":20,""4"":24,""5"":15,""6"":16,""7"":17,""8"":19,""9"":27,""10"":23,""11"":20,""12"":21,""13"":17,""14"":18,""15"":11,""16"":11,""17"":8,""18"":12,""19"":3,""20"":5,""21"":3,""22"":4,""23"":2,""24"":7,""25"":2,""26"":1,""27"":2,""31"":1}",,,,,,
251,6,11,all,0,084780122a,02e20b0025,5,"1,0;3,0;5,0;0,4;0,5","0,1;0,2;0,0;0,1;0,0",1,232,0,"{""118"":1,""125"":2,""140"":2,""151"":3,""232"":3}",102,0,"{""19"":2,""26"":1,""31"":1,""32"":1,""34"":1,""39"":2,""40"":1,""41"":2,""43"":1,""44"":1,""49"":2,""50"":2,""51"":1,""52"":1,""53"":1,""54"":2,""55"":1,""57"":2,""58"":3,""60"":4,""62"":1,""65"":4,""66"":1,""67"":2,""76"":2,""79"":2,""80"":1,""85"":2,""86"":2,""87"":3,""94"":1,""102"":2}",54,0,"{""4"":1,""5"":1,""6"":1,""7"":1,""8"":4,""9"":5,""10"":3,""11"":6,""12"":2,""13"":8,""14"":7,""15"":5,""16"":2,""17"":4,""18"":2,""19"":4,""20"":5,""21"":5,""22"":8,""23"":7,""24"":6,""25"":8,""26"":7,""27"":6,""28"":3,""29"":5,""30"":6,""31"":4,""32"":2,""33"":3,""34"":2,""35"":8,""36"":5,""37"":6,""38"":3,""40"":2,""41"":1,""42"":1,""44"":1,""45"":4,""54"":1}",".X.X.X
...X..
X.....
.....X
XXX...
X....X",31,0,"{""2"":4,""3"":15,""4"":14,""5"":25,""6"":24,""7"":31,""8"":33,""9"":25,""10"":22,""11"":15,""12"":17,""13"":10,""14"":19,""15"":4,""16"":21,""17"":11,""18"":10,""19"":6,""20"":3,""21"":5,""22"":6,""23"":4,""24"":3,""25"":1,""27"":1,""31"":1}",20,6,"{""1"":6,""2"":53,""3"":79,""4"":69,""5"":64,""6"":59,""7"":40,""8"":29,""9"":18,""10"":17,""11"":6,""12"":9,""13"":4,""14"":2,""15"":2,""16"":1,""17"":2,""18"":1,""20"":1}",,,
252,6,11,all,0,0c0780122a,00f8060115,5,"1,0;3,0;5,0;3,1;4,5","0,1;0,2;0,0;1,2;0,1",1,232,0,"{""118"":1,""125"":2,""140"":3,""151"":3,""232"":2}",102,0,"{""19"":2,""26"":1,""31"":1,""32"":1,""34"":1,""39"":2,""40"":1,""41"":3,""43"":1,""44"":2,""49"":2,""50"":2,""51"":1,""52"":2,""53"":1,""54"":2,""55"":1,""57"":4,""58"":3,""60"":3,""62"":1,""65"":5,""66"":2,""67"":2,""76"":2,""79"":2,""85"":1,""86"":1,""87"":2,""102"":1}",45,0,"{""4"":1,""5"":1,""6"":1,""7"":1,""8"":4,""9"":5,""10"":3,""11"":6,""12"":2,""13"":11,""14"":7,""15"":3,""16"":4,""17"":3,""18"":2,""19"":8,""20"":7,""21"":8,""22"":9,""23"":7,""24"":8,""25"":7,""26"":4,""27"":4,""28"":4,""29"":4,""30"":6,""31"":4,""32"":2,""33"":1,""34"":3,""35"":10,""36"":4,""37"":4,""38"":2,""40"":2,""41"":1,""45"":2}",".X.X.X
...X..
X.....
.....X
XXX...
....XX",27,0,"{""2"":5,""3"":16,""4"":16,""5"":20,""6"":21,""7"":41,""8"":32,""9"":24,""10"":21,""11"":19,""12"":15,""13"":10,""14"":26,""15"":8,""16"":18,""17"":10,""18"":8,""19"":6,""20"":1,""21"":5,""22"":4,""23"":3,""27"":1}",17,9,"{""1"":9,""2"":53,""3"":70,""4"":55,""5"":68,""6"":74,""7"":43,""8"":33,""9"":16,""10"":18,""11"":7,""12"":9,""13"":4,""14"":1,""16"":1,""17"":1}",,,
253,6,11,all,0,094480642a,00682e0425,4,"1,0;3,0;5,0;4,1","0,1;0,2;0,0;1,1",1,232,0,"{""94"":1,""118"":1,""125"":2,""140"":1,""151"":3,""232"":3}",102,0,"{""8"":1,""16"":1,""20"":1,""21"":1,""24"":1,""25"":1,""28"":1,""30"":1,""31"":2,""32"":1,""34"":2,""39"":1,""41"":2,""43"":2,""49"":2,""50"":1,""51"":1,""52"":1,""53"":1,""54"":2,""55"":3,""58"":3,""60"":3,""62"":1,""65"":3,""66"":1,""67"":3,""76"":1,""79"":1,""80"":1,""85"":2,""86"":2,""87"":2,""94"":1,""102"":2}",54,0,"{""2"":1,""3"":5,""4"":7,""5"":5,""6"":4,""7"":5,""8"":6,""9"":2,""10"":3,""11"":1,""12"":4,""13"":5,""14"":4,""15"":5,""16"":6,""17"":6,""18"":5,""19"":5,""20"":5,""21"":6,""22"":7,""23"":7,""24"":4,""25"":7,""26"":7,""27"":3,""28"":2,""29"":4,""30"":4,""31"":1,""32"":2,""33"":4,""34"":2,""35"":6,""36"":2,""37"":4,""38"":2,""40"":1,""41"":1,""42"":1,""44"":1,""45"":2,""54"":1}",".X.X.X
....X.
.XX...
.....X
..X...
X.X..X",31,30,"{""1"":30,""2"":25,""3"":49,""4"":26,""5"":18,""6"":13,""7"":5,""8"":17,""9"":29,""10"":17,""11"":16,""12"":10,""13"":10,""14"":14,""15"":13,""16"":9,""17"":6,""18"":7,""19"":4,""20"":1,""21"":2,""22"":3,""23"":1,""24"":3,""25"":1,""31"":1}",,,,,,
254,6,11,all,0,085800782a,02682220b1,4,"1,0;3,0;5,0;3,4","0,1;0,2;0,0;1,2",1,232,0,"{""94"":1,""118"":1,""125"":2,""140"":2,""151"":2,""232"":3}",102,0,"{""8"":1,""16"":2,""18"":1,""20"":1,""24"":1,""26"":1,""27"":1,""33"":1,""34"":1,""36"":2,""37"":1,""39"":1,""41"":3,""47"":1,""49"":3,""50"":1,""51"":1,""52"":1,""53"":1,""54"":3,""55"":4,""57"":3,""58"":2,""60"":3,""65"":1,""66"":1,""67"":1,""76"":1,""79"":2,""80"":1,""85"":2,""86"":1,""87"":2,""94"":1,""102"":2}",54,0,"{""3"":5,""4"":3,""5"":7,""6"":4,""7"":7,""8"":8,""9"":8,""10"":5,""11"":2,""12"":2,""13"":10,""14"":3,""15"":3,""16"":3,""17"":2,""18"":7,""19"":7,""20"":9,""21"":3,""22"":5,""23"":9,""24"":1,""25"":5,""26"":4,""27"":5,""28"":3,""29"":3,""30"":3,""31"":1,""32"":3,""33"":3,""34"":1,""35"":4,""36"":3,""37"":2,""38"":2,""40"":3,""41"":1,""42"":1,""44"":1,""45"":3,""54"":1}",".X.X.X
.....X
XXX...
......
...XX.
X....X",31,11,"{""1"":11,""2"":37,""3"":39,""4"":38,""5"":35,""6"":21,""7"":10,""8"":17,""9"":9,""10"":21,""11"":11,""12"":13,""13"":7,""14"":14,""15"":6,""16"":7,""17"":6,""18"":8,""19"":2,""20"":4,""21"":3,""22"":3,""23"":2,""24"":2,""25"":2,""26"":1,""31"":1}",,,,,,
255,6,11,all,0,095020382a,02680640b1,4,"3,0;5,0;5,1;3,3","0,2;0,0;0,1;2,2",1,232,0,"{""94"":1,""118"":1,""125"":1,""140"":2,""151"":3,""232"":3}",102,0,"{""15"":1,""25"":1,""28"":1,""31"":1,""34"":1,""37"":1,""38"":1,""39"":1,""41"":3,""45"":1,""49"":2,""51"":1,""52"":2,""53"":1,""54"":3,""55"":4,""57"":3,""58"":2,""60"":4,""62"":1,""65"":3,""66"":2,""67"":2,""76"":1,""79"":2,""80"":1,""85"":3,""86"":1,""87"":2,""94"":1,""102"":2}",54,0,"{""5"":1,""6"":1,""8"":4,""9"":3,""10"":3,""12"":6,""13"":6,""14"":1,""15"":1,""16"":2,""17"":5,""18"":6,""19"":8,""20"":10,""21"":5,""22"":8,""23"":11,""24"":3,""25"":9,""26"":5,""27"":7,""28"":7,""29"":4,""30"":4,""31"":4,""32"":3,""33"":5,""34"":3,""35"":10,""36"":4,""37"":3,""38"":2,""40"":3,""41"":1,""42"":1,""44"":1,""45"":4,""54"":1}",".X.X.X
.....X
XX....
...X..
....X.
X.X..X",31,1,"{""1"":1,""2"":1,""3"":10,""4"":8,""5"":8,""6"":21,""7"":20,""8"":33,""9"":17,""10"":28,""11"":26,""12"":26,""13"":15,""14"":27,""15"":14,""16"":13,""17"":14,""18"":13,""19"":7,""20"":5,""21"":5,""22"":4,""23"":4,""24"":5,""25"":2,""26"":1,""27"":1,""31"":1}",,,,,,
256,6,11,all,0,0c14a0034a,008148bc28,3,"2,1;3,1;2,4","1,2;1,2;1,2",1,232,0,"{""94"":1,""118"":1,""125"":3,""140"":3,""151"":2,""232"":1}",94,0,"{""6"":1,""10"":1,""11"":1,""16"":1,""18"":1,""19"":1,""20"":2,""24"":1,""25"":1,""29"":1,""30"":1,""32"":1,""33"":1,""34"":2,""36"":3,""37"":1,""38"":1,""39"":1,""40"":2,""41"":3,""43"":1,""44"":2,""45"":2,""47"":1,""49"":2,""50"":1,""51"":1,""52"":3,""54"":1,""57"":1,""58"":2,""60"":2,""65"":2,""66"":1,""67"":1,""79"":2,""86"":1,""87"":1,""94"":1}",54,4,"{""1"":4,""2"":3,""3"":8,""4"":8,""5"":8,""6"":9,""7"":5,""8"":11,""9"":6,""10"":5,""11"":5,""12"":5,""13"":9,""14"":5,""15"":3,""16"":6,""17"":4,""18"":5,""19"":8,""20"":7,""21"":4,""22"":4,""23"":3,""24"":4,""26"":4,""27"":4,""28"":4,""29"":1,""31"":2,""34"":1,""35"":1,""36"":4,""37"":1,""38"":2,""41"":1,""54"":1}",".X.X..
X.XX..
......
...X.X
..X.X.
....XX",,,,,,,,,
257,6,11,all,0,0d10a0034a,008188bc28,4,"1,0;0,1;2,1;2,5","0,1;0,1;1,2;0,2",1,232,0,"{""94"":1,""118"":1,""125"":2,""140"":3,""151"":3,""232"":1}",94,0,"{""10"":1,""16"":1,""18"":1,""20"":3,""24"":1,""25"":1,""29"":1,""30"":1,""31"":1,""32"":1,""33"":1,""34"":2,""36"":2,""37"":1,""38"":1,""39"":1,""40"":3,""41"":4,""43"":1,""44"":1,""45"":2,""47"":1,""49"":1,""50"":1,""51"":1,""52"":2,""54"":1,""57"":1,""58"":1,""60"":3,""62"":1,""65"":3,""66"":2,""67"":1,""79"":2,""86"":1,""87"":1,""94"":1}",54,0,"{""2"":1,""3"":3,""4"":5,""5"":7,""6"":6,""7"":8,""8"":10,""9"":4,""10"":8,""11"":6,""12"":6,""13"":12,""14"":7,""15"":5,""16"":8,""17"":5,""18"":6,""19"":7,""20"":7,""21"":6,""22"":5,""23"":4,""24"":4,""26"":1,""27"":5,""28"":3,""29"":1,""31"":2,""34"":2,""35"":2,""36"":4,""37"":1,""38"":2,""41"":1,""54"":1}",".X.X..
X.XX..
......
...X.X
....X.
..X.XX",26,11,"{""1"":11,""2"":39,""3"":51,""4"":49,""5"":32,""6"":29,""7"":19,""8"":22,""9"":17,""10"":10,""11"":6,""12"":7,""13"":9,""14"":6,""15"":6,""16"":4,""17"":3,""18"":5,""19"":3,""23"":1,""26"":1}",,,,,,
258,6,11,all,0,0941a1024a,0148d01813,4,"1,0;3,0;0,1;0,4","0,1;0,2;0,1;0,1",1,232,0,"{""94"":1,""125"":2,""140"":3,""151"":3,""232"":2}",102,0,"{""10"":1,""16"":1,""19"":2,""20"":1,""25"":1,""27"":1,""28"":1,""29"":1,""30"":1,""32"":1,""33"":1,""34"":2,""36"":3,""39"":1,""40"":1,""41"":1,""43"":1,""44"":1,""45"":2,""47"":1,""49"":1,""52"":2,""54"":1,""55"":2,""57"":2,""58"":1,""60"":2,""62"":1,""65"":4,""66"":2,""67"":2,""76"":2,""79"":2,""85"":1,""86"":2,""87"":2,""102"":1}",45,0,"{""2"":3,""3"":1,""4"":3,""5"":6,""6"":3,""7"":5,""8"":9,""9"":6,""10"":6,""11"":2,""12"":9,""13"":7,""14"":11,""15"":6,""16"":8,""17"":2,""18"":6,""19"":7,""20"":3,""21"":6,""22"":4,""23"":4,""24"":1,""25"":4,""26"":3,""27"":3,""28"":5,""29"":3,""30"":2,""31"":3,""32"":2,""33"":1,""34"":2,""35"":6,""36"":3,""37"":4,""38"":2,""40"":1,""42"":1,""45"":2}",".X.X..
X..X..
....X.
...X.X
X.....
X.X..X",25,14,"{""1"":14,""2"":32,""3"":19,""4"":43,""5"":33,""6"":33,""7"":21,""8"":20,""9"":23,""10"":18,""11"":13,""12"":11,""13"":9,""14"":8,""15"":5,""16"":8,""17"":9,""19"":3,""21"":3,""22"":2,""23"":2,""25"":1}",,,,,,
259,6,11,all,0,0941c0218a,00f8460105,4,"1,0;1,1;2,1;1,2","0,1;1,1;1,2;1,2",1,232,0,"{""118"":1,""125"":3,""140"":2,""151"":3,""232"":2}",102,0,"{""18"":1,""19"":1,""20"":1,""26"":2,""28"":1,""29"":1,""31"":1,""32"":1,""34"":1,""36"":1,""39"":2,""40"":2,""41"":2,""43"":1,""44"":1,""47"":1,""49"":2,""50"":1,""51"":1,""52"":1,""53"":1,""54"":2,""57"":2,""58"":4,""60"":3,""62"":1,""65"":4,""66"":2,""67"":2,""76"":2,""79"":1,""85"":1,""86"":2,""87"":2,""102"":1}",45,0,"{""2"":1,""3"":2,""4"":2,""5"":2,""6"":3,""7"":3,""8"":7,""9"":7,""10"":5,""11"":5,""12"":2,""13"":11,""14"":10,""15"":4,""16"":3,""17"":2,""18"":2,""19"":5,""20"":6,""21"":7,""22"":5,""23"":7,""24"":6,""25"":7,""26"":3,""27"":5,""28"":4,""29"":5,""30"":5,""31"":4,""33"":1,""34"":3,""35"":7,""36"":3,""37"":5,""38"":2,""40"":1,""41"":1,""45"":2}",".X.X..
.XX...
.X....
....XX
X.....
X.X..X",27,15,"{""1"":15,""2"":20,""3"":17,""4"":19,""5"":18,""6"":26,""7"":40,""8"":25,""9"":16,""10"":21,""11"":20,""12"":9,""13"":9,""14"":20,""15"":11,""16"":13,""17"":7,""18"":8,""19"":4,""20"":1,""21"":4,""22"":4,""23"":2,""27"":1}",,,,,,
260,6,11,all,0,0c018a818a,00b442804d,4,"1,0;3,0;2,1;5,2","0,1;0,2;1,2;0,2",1,232,0,"{""94"":1,""118"":1,""125"":2,""140"":3,""151"":3,""232"":1}",87,0,"{""10"":1,""11"":1,""15"":1,""19"":1,""20"":2,""21"":1,""26"":1,""27"":1,""29"":1,""30"":1,""31"":2,""32"":2,""33"":2,""34"":1,""36"":4,""37"":1,""40"":4,""41"":3,""43"":1,""45"":1,""47"":2,""49"":1,""50"":1,""53"":1,""55"":1,""57"":3,""58"":2,""60"":2,""65"":3,""66"":2,""67"":1,""76"":1,""79"":1,""86"":1,""87"":1}",40,0,"{""2"":3,""3"":7,""4"":6,""5"":13,""6"":9,""7"":3,""8"":6,""9"":5,""10"":3,""11"":6,""12"":11,""13"":12,""14"":14,""15"":5,""16"":6,""17"":3,""18"":4,""19"":7,""20"":5,""21"":2,""22"":6,""23"":4,""24"":4,""25"":2,""26"":1,""27"":3,""28"":1,""29"":1,""31"":2,""34"":1,""35"":4,""36"":1,""37"":3,""38"":1,""40"":1}",".X.X..
.XX...
...X.X
.X...X
X.....
....XX",23,38,"{""1"":38,""2"":56,""3"":56,""4"":36,""5"":18,""6"":21,""7"":19,""8"":12,""9"":14,""10"":14,""11"":13,""12"":5,""13"":7,""14"":4,""15"":7,""16"":3,""17"":2,""18"":1,""19"":1,""21"":1,""22"":1,""23"":1}",,,,,,
261,6,11,all,0,0845d0018a,00f05a0105,3,"1,1;2,1;2,4","1,1;1,2;1,2",1,232,0,"{""94"":1,""118"":1,""125"":3,""140"":2,""151"":2,""232"":2}",102,0,"{""6"":1,""8"":1,""18"":1,""19"":1,""21"":1,""24"":1,""25"":1,""26"":1,""27"":1,""28"":1,""29"":1,""30"":1,""31"":2,""32"":1,""34"":2,""36"":1,""40"":2,""41"":2,""43"":1,""47"":1,""49"":1,""50"":2,""51"":1,""52"":3,""53"":1,""54"":2,""55"":1,""57"":1,""58"":4,""60"":2,""65"":3,""66"":1,""67"":1,""76"":2,""79"":1,""85"":1,""86"":1,""87"":2,""102"":1}",45,2,"{""1"":2,""2"":2,""3"":9,""4"":5,""5"":4,""6"":6,""7"":4,""8"":7,""9"":8,""10"":6,""11"":4,""12"":2,""13"":9,""14"":8,""15"":5,""16"":5,""17"":5,""18"":4,""19"":6,""20"":6,""21"":4,""22"":2,""23"":3,""24"":6,""25"":3,""26"":3,""27"":4,""28"":4,""29"":4,""30"":5,""31"":3,""34"":2,""35"":4,""36"":3,""37"":4,""38"":1,""40"":1,""45"":2}",".X.X..
.XX...
......
..X.XX
X.X...
X....X",,,,,,,,,
262,6,11,all,0,0941c0288a,00f8060115,5,"1,0;5,1;4,3;5,3;0,4","0,1;0,1;1,2;0,2;0,1",1,232,0,"{""118"":1,""125"":2,""140"":3,""151"":3,""232"":2}",102,0,"{""19"":2,""26"":1,""31"":1,""32"":1,""34"":1,""39"":2,""40"":1,""41"":3,""43"":1,""44"":2,""49"":2,""50"":2,""51"":1,""52"":2,""53"":1,""54"":2,""55"":1,""57"":4,""58"":3,""60"":3,""62"":1,""65"":5,""66"":2,""67"":2,""76"":2,""79"":2,""85"":1,""86"":1,""87"":2,""102"":1}",45,0,"{""4"":1,""5"":1,""6"":1,""7"":1,""8"":4,""9"":5,""10"":3,""11"":6,""12"":2,""13"":11,""14"":7,""15"":3,""16"":4,""17"":3,""18"":2,""19"":8,""20"":7,""21"":8,""22"":9,""23"":7,""24"":8,""25"":7,""26"":4,""27"":4,""28"":4,""29"":4,""30"":6,""31"":4,""32"":2,""33"":1,""34"":3,""35"":10,""36"":4,""37"":4,""38"":2,""40"":2,""41"":1,""45"":2}",".X.X..
.X...X
.X....
....XX
X.....
X.X..X",27,0,"{""2"":5,""3"":16,""4"":16,""5"":20,""6"":21,""7"":41,""8"":32,""9"":24,""10"":21,""11"":19,""12"":15,""13"":10,""14"":26,""15"":8,""16"":18,""17"":10,""18"":8,""19"":6,""20"":1,""21"":5,""22"":4,""23"":3,""27"":1}",17,9,"{""1"":9,""2"":53,""3"":70,""4"":55,""5"":68,""6"":74,""7"":43,""8"":33,""9"":16,""10"":18,""11"":7,""12"":9,""13"":4,""14"":1,""16"":1,""17"":1}",,,
263,6,11,all,0,0845810d0a,00e04a0615,3,"2,1;5,1;2,4","1,2;0,1;1,2",1,232,0,"{""118"":1,""125"":3,""140"":3,""151"":2,""232"":2}",102,0,"{""6"":1,""11"":1,""18"":1,""19"":1,""20"":2,""26"":1,""29"":2,""30"":1,""31"":2,""32"":1,""36"":3,""40"":3,""41"":4,""43"":1,""47"":1,""49"":2,""50"":2,""51"":1,""52"":1,""54"":1,""55"":1,""57"":3,""58"":2,""60"":2,""65"":3,""66"":1,""67"":1,""76"":2,""79"":2,""85"":1,""86"":2,""87"":2,""102"":1}",45,1,"{""1"":1,""2"":5,""3"":10,""4"":5,""5"":6,""6"":7,""7"":4,""8"":5,""9"":7,""10"":4,""11"":4,""12"":3,""13"":11,""14"":9,""15"":3,""16"":7,""17"":6,""18"":2,""19"":4,""20"":4,""21"":3,""22"":4,""23"":1,""24"":3,""25"":4,""26"":4,""27"":7,""28"":4,""29"":4,""30"":3,""31"":2,""32"":1,""33"":1,""34"":1,""35"":5,""36"":2,""37"":4,""38"":1,""40"":2,""45"":2}",".X.X..
..X.XX
....X.
.....X
X.X...
X....X",,,,,,,,,
264,6,11,all,0,0c9880910a,0121095c28,4,"1,0;3,0;0,2;3,2","0,1;0,2;0,2;2,2",1,232,0,"{""94"":1,""118"":1,""125"":2,""140"":3,""151"":3,""232"":1}",94,0,"{""14"":1,""15"":1,""16"":1,""19"":1,""20"":2,""21"":1,""25"":1,""26"":1,""27"":1,""29"":1,""30"":2,""32"":1,""33"":1,""34"":3,""36"":3,""40"":4,""41"":3,""44"":1,""45"":1,""47"":2,""49"":1,""50"":2,""52"":1,""53"":1,""55"":2,""57"":2,""60"":2,""62"":1,""65"":4,""66"":1,""67"":1,""79"":1,""85"":1,""86"":1,""87"":1,""94"":1}",54,0,"{""2"":1,""3"":4,""4"":3,""5"":7,""6"":7,""7"":7,""8"":8,""9"":6,""10"":4,""11"":4,""12"":12,""13"":12,""14"":9,""15"":10,""16"":8,""17"":4,""18"":8,""19"":5,""20"":4,""21"":2,""22"":6,""23"":2,""24"":4,""25"":1,""26"":1,""27"":4,""28"":1,""29"":2,""30"":3,""31"":3,""32"":1,""34"":1,""35"":3,""36"":2,""37"":1,""38"":2,""44"":1,""45"":1,""54"":1}",".X.X..
..X...
X..X..
.....X
...XX.
.X..XX",25,6,"{""1"":6,""2"":35,""3"":26,""4"":32,""5"":43,""6"":45,""7"":29,""8"":15,""9"":22,""10"":21,""11"":11,""12"":10,""13"":9,""14"":6,""15"":1,""16"":6,""17"":4,""18"":4,""19"":1,""20"":1,""21"":1,""23"":1,""25"":1}",,,,,,
265,6,11,all,0,0943a1010a,00e2464205,3,"2,1;1,4;2,5","1,2;1,1;0,2",1,232,0,"{""94"":1,""118"":1,""125"":2,""140"":2,""151"":3,""232"":2}",102,0,"{""19"":2,""20"":2,""21"":1,""25"":1,""27"":1,""29"":2,""30"":2,""31"":1,""33"":1,""34"":1,""36"":3,""37"":1,""40"":2,""41"":1,""45"":1,""47"":2,""49"":2,""52"":1,""53"":1,""54"":1,""55"":1,""57"":2,""58"":1,""60"":3,""62"":1,""65"":4,""66"":2,""67"":2,""76"":2,""79"":1,""85"":1,""86"":2,""87"":2,""94"":1,""102"":1}",54,1,"{""1"":1,""4"":2,""5"":2,""6"":5,""7"":6,""8"":6,""9"":7,""10"":2,""11"":6,""12"":10,""13"":8,""14"":9,""15"":5,""16"":6,""17"":5,""18"":4,""19"":8,""20"":3,""21"":5,""22"":6,""23"":5,""24"":4,""25"":3,""26"":2,""27"":8,""28"":3,""29"":3,""30"":3,""31"":4,""33"":1,""34"":2,""35"":6,""36"":2,""37"":4,""38"":3,""40"":2,""44"":1,""45"":2,""54"":1}",".X.X..
..X...
....X.
...X.X
XX....
X.X..X",,,,,,,,,
266,6,11,all,0,0850243a0a,02a80c9421,4,"3,0;5,1;0,3;3,3","0,2;0,1;0,2;2,2",1,232,0,"{""94"":1,""118"":1,""125"":2,""140"":2,""151"":3,""232"":2}",102,0,"{""15"":1,""24"":1,""25"":2,""28"":1,""29"":1,""30"":2,""31"":1,""32"":1,""34"":1,""36"":1,""37"":1,""38"":1,""39"":1,""41"":3,""44"":1,""45"":1,""47"":1,""49"":3,""51"":2,""52"":2,""53"":1,""54"":3,""55"":2,""57"":3,""58"":2,""60"":2,""65"":1,""66"":1,""67"":1,""76"":1,""79"":2,""85"":2,""86"":2,""87"":2,""94"":1,""102"":1}",54,0,"{""4"":4,""5"":1,""6"":2,""7"":1,""8"":8,""9"":5,""10"":4,""11"":1,""12"":11,""13"":4,""14"":4,""15"":7,""16"":8,""17"":7,""18"":10,""19"":4,""20"":9,""21"":4,""22"":8,""23"":8,""24"":2,""25"":2,""26"":2,""27"":7,""28"":4,""29"":5,""30"":2,""31"":2,""32"":2,""33"":3,""34"":2,""35"":5,""36"":3,""37"":2,""38"":2,""40"":2,""41"":2,""42"":2,""44"":1,""45"":2,""54"":1}",".X.X..
...X.X
XX....
X..X..
....X.
X....X",31,2,"{""1"":2,""2"":12,""3"":21,""4"":21,""5"":25,""6"":29,""7"":28,""8"":19,""9"":21,""10"":26,""11"":16,""12"":19,""13"":15,""14"":15,""15"":14,""16"":7,""17"":6,""18"":10,""19"":5,""20"":4,""21"":1,""22"":2,""23"":3,""24"":4,""25"":2,""26"":1,""27"":1,""31"":1}",,,,,,
267,6,11,all,0,0950203a0a,0268074091,6,"1,0;3,0;3,1;5,1;3,3;2,5","0,1;0,2;1,2;0,1;2,2;0,2",1,232,0,"{""94"":1,""118"":1,""125"":2,""140"":2,""151"":3,""232"":2}",102,0,"{""15"":1,""25"":1,""28"":1,""30"":1,""31"":2,""34"":2,""37"":1,""38"":1,""39"":1,""41"":3,""43"":1,""44"":1,""45"":1,""49"":2,""51"":2,""52"":2,""53"":1,""54"":3,""55"":2,""57"":3,""58"":3,""60"":3,""62"":1,""65"":3,""66"":2,""67"":1,""76"":1,""79"":2,""85"":2,""86"":2,""87"":1,""94"":1,""102"":1}",54,0,"{""5"":1,""6"":1,""8"":5,""9"":1,""10"":2,""12"":8,""13"":5,""14"":1,""15"":4,""16"":6,""17"":8,""18"":10,""19"":4,""20"":10,""21"":7,""22"":12,""23"":8,""24"":4,""25"":5,""26"":4,""27"":7,""28"":5,""29"":5,""30"":2,""31"":4,""32"":2,""33"":4,""34"":3,""35"":9,""36"":4,""37"":3,""38"":1,""40"":2,""41"":2,""42"":2,""44"":1,""45"":2,""54"":1}",".X.X..
...X.X
XX....
...X..
....X.
X.X..X",31,0,"{""3"":9,""4"":5,""5"":10,""6"":11,""7"":20,""8"":30,""9"":29,""10"":32,""11"":24,""12"":27,""13"":26,""14"":23,""15"":18,""16"":13,""17"":10,""18"":12,""19"":7,""20"":5,""21"":2,""22"":3,""23"":4,""24"":5,""25"":2,""26"":1,""27"":1,""31"":1}",20,0,"{""2"":16,""3"":34,""4"":38,""5"":61,""6"":63,""7"":73,""8"":60,""9"":35,""10"":31,""11"":18,""12"":14,""13"":7,""14"":5,""15"":2,""16"":3,""18"":1,""20"":1}",11,5,"{""1"":5,""2"":51,""3"":89,""4"":92,""5"":79,""6"":61,""7"":45,""8"":17,""9"":14,""10"":6,""11"":3}"
268,6,11,all,0,0970003a0a,0268070093,3,"1,0;5,1;5,4","0,1;0,1;0,1",1,232,0,"{""118"":1,""125"":2,""140"":3,""151"":3,""232"":2}",102,0,"{""16"":1,""18"":1,""30"":1,""31"":2,""32"":1,""36"":3,""39"":1,""40"":2,""41"":3,""43"":1,""44"":1,""49"":2,""51"":2,""52"":1,""53"":1,""54"":3,""55"":1,""57"":3,""58"":3,""60"":4,""62"":1,""65"":3,""66"":2,""67"":1,""76"":2,""79"":2,""85"":2,""86"":2,""87"":1,""94"":1,""102"":1}",54,1,"{""1"":1,""2"":1,""4"":1,""5"":3,""6"":3,""7"":3,""8"":7,""9"":1,""10"":2,""11"":2,""12"":4,""13"":3,""14"":3,""15"":3,""16"":8,""17"":6,""18"":8,""19"":3,""20"":7,""21"":6,""22"":10,""23"":7,""24"":4,""25"":7,""26"":5,""27"":6,""28"":3,""29"":6,""30"":2,""31"":5,""32"":2,""33"":4,""34"":2,""35"":9,""36"":4,""37"":3,""38"":1,""40"":2,""41"":2,""42"":2,""44"":1,""45"":2,""54"":1}",".X.X..
...X.X
XX....
......
....XX
X.X..X",,,,,,,,,
269,6,11,all,0,0d10142a0a,01281700d1,3,"1,2;2,3;4,5","1,2;2,2;0,1",1,232,0,"{""94"":1,""118"":1,""125"":2,""140"":3,""151"":3,""232"":1}",94,0,"{""10"":1,""15"":1,""19"":2,""21"":1,""24"":1,""27"":1,""28"":1,""29"":1,""30"":1,""31"":2,""32"":1,""33"":2,""36"":1,""37"":1,""39"":1,""40"":2,""41"":4,""43"":1,""44"":1,""45"":1,""47"":1,""49"":2,""50"":1,""51"":2,""52"":2,""54"":1,""55"":2,""57"":3,""58"":2,""60"":3,""62"":1,""65"":1,""66"":2,""79"":1,""86"":1,""87"":2,""94"":1}",54,1,"{""1"":1,""2"":4,""3"":3,""4"":4,""5"":9,""6"":7,""7"":1,""8"":3,""9"":9,""10"":2,""11"":4,""12"":8,""13"":9,""14"":5,""15"":8,""16"":8,""17"":4,""18"":9,""19"":9,""20"":8,""21"":6,""22"":7,""23"":4,""24"":3,""25"":5,""27"":5,""28"":2,""29"":3,""30"":2,""31"":1,""32"":1,""35"":3,""36"":2,""37"":2,""38"":2,""41"":1,""54"":1}",".X.X..
...X.X
.X....
X.X...
....X.
..X.XX",,,,,,,,,
270,6,11,all,0,0156110a0a,00621f0290,3,"1,0;1,4;4,4","0,1;1,1;1,1",1,232,0,"{""94"":1,""118"":2,""125"":3,""140"":2,""151"":2,""232"":1}",94,0,"{""4"":1,""8"":1,""11"":2,""18"":1,""19"":2,""20"":1,""21"":1,""26"":1,""27"":1,""28"":2,""30"":2,""31"":1,""33"":1,""34"":1,""36"":1,""37"":2,""38"":1,""40"":1,""41"":4,""43"":2,""44"":1,""45"":1,""47"":1,""49"":1,""50"":1,""51"":1,""52"":2,""53"":1,""54"":3,""57"":2,""60"":2,""62"":1,""65"":1,""66"":1,""67"":1,""76"":1,""79"":1,""85"":1,""86"":2,""94"":1}",54,11,"{""1"":11,""2"":8,""3"":2,""4"":4,""5"":11,""6"":7,""7"":6,""8"":4,""9"":9,""10"":2,""11"":2,""12"":7,""13"":8,""14"":5,""15"":3,""16"":3,""17"":6,""18"":11,""19"":5,""20"":8,""21"":4,""22"":6,""23"":1,""24"":5,""25"":2,""27"":5,""28"":4,""29"":1,""30"":1,""34"":2,""35"":4,""36"":2,""40"":1,""41"":1,""42"":1,""44"":1,""54"":2}",".X.X..
...X.X
....X.
..X...
.XX.X.
X.X...",,,,,,,,,
271,6,11,all,0,087024320a,00c2d00a0d,4,"1,0;3,0;3,3;5,4","0,1;0,2;2,2;0,1",1,232,0,"{""94"":1,""118"":1,""125"":2,""140"":2,""151"":3,""232"":2}",102,0,"{""18"":1,""24"":2,""25"":2,""28"":1,""29"":1,""30"":2,""31"":1,""32"":1,""34"":1,""36"":3,""37"":1,""38"":1,""39"":1,""40"":2,""41"":2,""44"":1,""45"":1,""47"":1,""49"":3,""51"":1,""52"":1,""53"":1,""54"":3,""55"":1,""57"":1,""58"":2,""60"":3,""65"":1,""66"":1,""67"":1,""76"":2,""79"":1,""85"":2,""86"":2,""87"":2,""94"":1,""102"":1}",54,0,"{""4"":3,""5"":2,""6"":5,""7"":3,""8"":9,""9"":3,""10"":7,""11"":3,""12"":11,""13"":4,""14"":5,""15"":4,""16"":9,""17"":10,""18"":10,""19"":6,""20"":7,""21"":3,""22"":7,""23"":6,""24"":3,""25"":2,""26"":2,""27"":6,""28"":3,""29"":4,""30"":1,""31"":2,""33"":3,""34"":2,""35"":4,""36"":3,""37"":3,""38"":2,""40"":1,""41"":1,""42"":2,""44"":1,""45"":2,""54"":1}",".X.X..
...X..
XX....
X..X..
....XX
X....X",31,8,"{""1"":8,""2"":15,""3"":26,""4"":33,""5"":20,""6"":30,""7"":32,""8"":20,""9"":21,""10"":24,""11"":16,""12"":16,""13"":12,""14"":8,""15"":11,""16"":8,""17"":4,""18"":8,""19"":3,""20"":3,""22"":1,""23"":3,""24"":4,""25"":1,""26"":1,""27"":1,""31"":1}",,,,,,
272,6,11,all,0,085808780a,026c222091,3,"1,0;2,2;1,3","0,1;2,2;1,2",1,232,0,"{""94"":1,""118"":1,""125"":3,""140"":2,""151"":2,""232"":2}",102,0,"{""8"":1,""16"":3,""18"":1,""19"":1,""20"":2,""24"":1,""26"":1,""27"":1,""29"":1,""30"":1,""31"":1,""33"":1,""34"":1,""36"":3,""37"":1,""39"":1,""41"":3,""47"":2,""49"":3,""50"":2,""51"":1,""52"":1,""53"":1,""54"":2,""55"":2,""57"":3,""58"":1,""60"":2,""65"":1,""66"":1,""76"":1,""79"":2,""85"":2,""86"":1,""87"":1,""94"":1,""102"":1}",54,3,"{""1"":3,""2"":1,""3"":6,""4"":6,""5"":12,""6"":6,""7"":10,""8"":10,""9"":7,""10"":6,""11"":2,""12"":5,""13"":10,""14"":5,""15"":2,""16"":4,""17"":2,""18"":7,""19"":3,""20"":7,""21"":3,""22"":4,""23"":7,""24"":1,""25"":2,""26"":2,""27"":5,""28"":1,""29"":3,""30"":1,""31"":1,""32"":2,""33"":3,""34"":1,""35"":4,""36"":2,""38"":1,""40"":2,""41"":1,""42"":1,""44"":1,""45"":2,""54"":1}",".X.X..
.....X
XXX...
.X....
...XX.
X....X",,,,,,,,,
273,6,11,all,0,094313080a,00e2160219,3,"3,0;4,2;5,2","0,2;1,2;0,2",1,232,0,"{""94"":1,""118"":1,""125"":1,""140"":3,""151"":3,""232"":2}",102,0,"{""10"":1,""19"":1,""20"":1,""21"":1,""24"":2,""27"":1,""28"":2,""30"":1,""33"":1,""36"":3,""37"":1,""38"":1,""40"":3,""41"":2,""45"":1,""47"":1,""49"":1,""50"":1,""52"":1,""53"":2,""54"":2,""55"":2,""57"":4,""60"":4,""62"":1,""65"":2,""66"":1,""67"":1,""76"":2,""79"":2,""85"":2,""86"":1,""87"":1,""94"":1,""102"":1}",54,1,"{""1"":1,""2"":3,""3"":1,""4"":1,""5"":6,""6"":6,""7"":4,""8"":5,""9"":5,""10"":2,""11"":9,""12"":6,""13"":9,""14"":4,""15"":5,""16"":7,""17"":9,""18"":4,""19"":7,""20"":7,""21"":4,""22"":5,""23"":3,""24"":5,""25"":5,""26"":2,""27"":5,""28"":4,""29"":2,""30"":3,""31"":3,""32"":1,""33"":2,""34"":2,""35"":6,""36"":3,""37"":1,""40"":3,""42"":1,""44"":2,""45"":1,""54"":1}",".X.X..
.....X
....XX
..X...
XX....
X.X..X",,,,,,,,,
274,6,11,all,0,0847a2200a,00ea0a400d,3,"1,0;1,2;1,4","0,1;1,2;1,1",1,232,0,"{""94"":1,""118"":1,""125"":2,""140"":2,""151"":3,""232"":2}",102,0,"{""10"":1,""11"":1,""19"":2,""20"":1,""21"":1,""25"":1,""26"":1,""27"":1,""30"":1,""31"":1,""33"":1,""34"":1,""36"":1,""37"":1,""39"":1,""40"":2,""41"":1,""43"":2,""44"":1,""45"":1,""47"":1,""49"":3,""50"":1,""51"":2,""52"":2,""53"":2,""54"":1,""55"":1,""57"":1,""58"":1,""60"":2,""65"":3,""66"":1,""67"":1,""76"":2,""79"":1,""85"":2,""86"":1,""87"":2,""94"":1,""102"":1}",45,3,"{""1"":3,""2"":2,""3"":3,""4"":5,""5"":9,""6"":6,""7"":5,""8"":4,""9"":7,""10"":4,""11"":6,""12"":9,""13"":6,""14"":6,""15"":9,""16"":3,""17"":3,""18"":5,""19"":5,""20"":6,""21"":3,""22"":5,""23"":2,""24"":5,""25"":2,""26"":3,""27"":4,""28"":4,""29"":5,""30"":3,""31"":3,""33"":2,""34"":1,""35"":3,""36"":2,""37"":3,""38"":2,""40"":2,""41"":1,""44"":2,""45"":2}",".X.X..
......
.X...X
...X.X
XXX...
X....X",,,,,,,,,
275,6,11,all,0,0a04203472,0148130893,3,"1,0;0,1;4,1","0,1;0,1;1,1",1,232,0,"{""94"":1,""118"":1,""125"":2,""140"":3,""151"":2,""232"":2}",102,0,"{""10"":1,""16"":1,""19"":2,""21"":2,""24"":1,""27"":1,""28"":1,""29"":1,""30"":1,""31"":1,""33"":1,""36"":4,""37"":1,""39"":1,""40"":3,""41"":1,""45"":2,""47"":1,""49"":3,""51"":1,""52"":2,""54"":2,""55"":2,""57"":2,""58"":1,""60"":2,""65"":1,""66"":1,""67"":1,""76"":2,""79"":2,""85"":1,""86"":2,""87"":2,""94"":1,""102"":1}",54,1,"{""1"":1,""2"":4,""3"":1,""4"":4,""5"":6,""6"":4,""7"":3,""8"":7,""9"":8,""10"":3,""11"":7,""12"":11,""13"":6,""14"":4,""15"":7,""16"":7,""17"":7,""18"":5,""19"":7,""20"":7,""21"":1,""22"":5,""23"":5,""24"":2,""25"":4,""26"":2,""27"":4,""28"":5,""29"":4,""30"":2,""31"":2,""32"":2,""33"":1,""35"":3,""36"":3,""37"":3,""38"":2,""40"":2,""41"":1,""42"":1,""45"":1,""54"":1}",".X..XX
X...X.
XX....
...X..
..X...
...X.X",,,,,,,,,
276,6,11,all,0,0a042e0072,0148d01813,4,"1,0;4,0;0,1;5,2","0,1;0,1;0,1;0,2",1,232,0,"{""94"":1,""125"":2,""140"":3,""151"":3,""232"":2}",102,0,"{""10"":1,""16"":1,""19"":2,""20"":1,""25"":1,""27"":1,""28"":1,""29"":1,""30"":1,""32"":1,""33"":1,""34"":2,""36"":3,""39"":1,""40"":1,""41"":1,""43"":1,""44"":1,""45"":2,""47"":1,""49"":1,""52"":2,""54"":1,""55"":2,""57"":2,""58"":1,""60"":2,""62"":1,""65"":4,""66"":2,""67"":2,""76"":2,""79"":2,""85"":1,""86"":2,""87"":2,""102"":1}",45,0,"{""2"":3,""3"":1,""4"":3,""5"":6,""6"":3,""7"":5,""8"":9,""9"":6,""10"":6,""11"":2,""12"":9,""13"":7,""14"":11,""15"":6,""16"":8,""17"":2,""18"":6,""19"":7,""20"":3,""21"":6,""22"":4,""23"":4,""24"":1,""25"":4,""26"":3,""27"":3,""28"":5,""29"":3,""30"":2,""31"":3,""32"":2,""33"":1,""34"":2,""35"":6,""36"":3,""37"":4,""38"":2,""40"":1,""42"":1,""45"":2}",".X..XX
X.....
.....X
XX.X..
..X...
...X.X",25,14,"{""1"":14,""2"":32,""3"":19,""4"":43,""5"":33,""6"":33,""7"":21,""8"":20,""9"":23,""10"":18,""11"":13,""12"":11,""13"":9,""14"":8,""15"":5,""16"":8,""17"":9,""19"":3,""21"":3,""22"":2,""23"":2,""25"":1}",,,,,,
277,6,11,all,0,00842e0632,00842e0632,4,"1,0;4,0;1,3;1,5","0,1;0,1;1,2;0,1",1,232,0,"{""94"":1,""118"":1,""125"":3,""140"":3,""151"":2,""232"":1}",94,0,"{""14"":1,""15"":1,""16"":1,""18"":1,""19"":2,""20"":2,""21"":1,""25"":1,""26"":1,""27"":1,""28"":1,""30"":2,""32"":1,""34"":4,""36"":2,""40"":4,""41"":2,""43"":1,""44"":1,""45"":1,""47"":2,""50"":2,""51"":1,""52"":1,""53"":1,""54"":1,""55"":2,""57"":2,""60"":3,""62"":1,""65"":2,""67"":1,""79"":1,""85"":1,""86"":2,""94"":1}",54,0,"{""2"":2,""3"":3,""4"":4,""5"":7,""6"":9,""7"":8,""8"":10,""9"":9,""10"":4,""11"":4,""12"":12,""13"":11,""14"":7,""15"":9,""16"":7,""17"":4,""18"":8,""19"":4,""20"":3,""21"":1,""22"":5,""23"":2,""24"":6,""25"":2,""26"":1,""27"":3,""28"":2,""29"":2,""30"":3,""31"":2,""32"":1,""34"":1,""35"":2,""36"":2,""41"":1,""42"":1,""44"":1,""54"":2}",".X..XX
...XX.
.....X
XX.X..
..X...
.X....",31,13,"{""1"":13,""2"":19,""3"":38,""4"":33,""5"":46,""6"":43,""7"":30,""8"":19,""9"":20,""10"":17,""11"":15,""12"":9,""13"":8,""14"":3,""15"":1,""16"":4,""17"":3,""18"":3,""20"":2,""24"":1,""25"":1,""26"":1,""31"":1}",,,,,,
278,6,11,all,0,04042e0632,0088d01193,3,"4,0;4,1;4,5","0,1;1,1;0,1",1,232,0,"{""94"":1,""118"":1,""125"":3,""140"":3,""151"":2,""232"":1}",94,0,"{""14"":1,""16"":1,""18"":1,""19"":3,""20"":2,""21"":1,""24"":1,""25"":1,""26"":1,""27"":1,""28"":1,""30"":2,""32"":2,""34"":4,""36"":2,""40"":4,""41"":1,""43"":1,""44"":2,""45"":1,""47"":2,""50"":2,""52"":2,""53"":1,""54"":1,""55"":2,""57"":1,""60"":3,""62"":1,""65"":1,""67"":1,""76"":1,""85"":1,""86"":2,""94"":1}",54,2,"{""1"":2,""2"":1,""3"":2,""4"":2,""5"":6,""6"":11,""7"":9,""8"":11,""9"":10,""10"":4,""11"":5,""12"":13,""13"":9,""14"":10,""15"":11,""16"":8,""17"":3,""18"":8,""19"":7,""20"":4,""21"":1,""22"":1,""23"":1,""24"":5,""25"":4,""26"":1,""27"":1,""28"":2,""29"":2,""30"":2,""31"":2,""32"":1,""34"":1,""35"":1,""42"":1,""44"":1,""54"":2}",".X..XX
...XX.
.....X
XX.X..
..X...
....X.",,,,,,,,,
279,6,11,all,0,08042e0632,0048d01193,4,"1,0;4,0;3,1;5,5","0,1;0,1;1,2;0,0",1,232,0,"{""94"":1,""118"":1,""125"":3,""140"":2,""151"":2,""232"":2}",102,0,"{""16"":1,""18"":1,""19"":2,""20"":2,""21"":1,""25"":1,""26"":1,""27"":1,""28"":1,""30"":2,""32"":1,""34"":4,""36"":1,""40"":3,""41"":1,""43"":1,""44"":1,""45"":1,""47"":2,""49"":1,""50"":1,""52"":2,""53"":1,""54"":2,""55"":2,""57"":1,""58"":2,""60"":4,""62"":1,""65"":1,""67"":1,""76"":1,""79"":1,""85"":1,""86"":2,""87"":1,""94"":1,""102"":1}",54,0,"{""3"":1,""4"":2,""5"":5,""6"":6,""7"":7,""8"":10,""9"":11,""10"":5,""11"":3,""12"":12,""13"":10,""14"":10,""15"":9,""16"":5,""17"":3,""18"":8,""19"":7,""20"":6,""21"":2,""22"":2,""23"":2,""24"":5,""25"":3,""26"":3,""27"":3,""28"":3,""29"":3,""30"":3,""31"":2,""32"":2,""33"":1,""34"":1,""35"":1,""36"":1,""37"":2,""40"":1,""42"":1,""44"":1,""45"":1,""54"":2}",".X..XX
...XX.
.....X
XX.X..
..X...
.....X",31,10,"{""1"":10,""2"":12,""3"":26,""4"":43,""5"":46,""6"":52,""7"":28,""8"":18,""9"":19,""10"":17,""11"":19,""12"":10,""13"":6,""14"":2,""15"":4,""16"":3,""17"":6,""18"":1,""20"":1,""21"":1,""22"":1,""24"":2,""25"":2,""31"":1}",,,,,,
280,6,11,all,0,0284260632,0121095c28,4,"1,0;3,1;3,3;3,5","0,1;1,2;2,2;0,2",1,232,0,"{""94"":1,""118"":1,""125"":2,""140"":3,""151"":3,""232"":1}",94,0,"{""14"":1,""15"":1,""16"":1,""19"":1,""20"":2,""21"":1,""25"":1,""26"":1,""27"":1,""29"":1,""30"":2,""32"":1,""33"":1,""34"":3,""36"":3,""40"":4,""41"":3,""44"":1,""45"":1,""47"":2,""49"":1,""50"":2,""52"":1,""53"":1,""55"":2,""57"":2,""60"":2,""62"":1,""65"":4,""66"":1,""67"":1,""79"":1,""85"":1,""86"":1,""87"":1,""94"":1}",54,0,"{""2"":1,""3"":4,""4"":3,""5"":7,""6"":7,""7"":7,""8"":8,""9"":6,""10"":4,""11"":4,""12"":12,""13"":12,""14"":9,""15"":10,""16"":8,""17"":4,""18"":8,""19"":5,""20"":4,""21"":2,""22"":6,""23"":2,""24"":4,""25"":1,""26"":1,""27"":4,""28"":1,""29"":2,""30"":3,""31"":3,""32"":1,""34"":1,""35"":3,""36"":2,""37"":1,""38"":2,""44"":1,""45"":1,""54"":1}",".X..XX
...XX.
.....X
X..X..
..X...
.X.X..",25,6,"{""1"":6,""2"":35,""3"":26,""4"":32,""5"":43,""6"":45,""7"":29,""8"":15,""9"":22,""10"":21,""11"":11,""12"":10,""13"":9,""14"":6,""15"":1,""16"":6,""17"":4,""18"":4,""19"":1,""20"":1,""21"":1,""23"":1,""25"":1}",,,,,,
281,6,11,all,0,02c4060632,0143890868,4,"1,0;4,0;5,0;0,5","0,1;0,1;0,0;0,0",1,232,0,"{""118"":1,""125"":2,""140"":3,""151"":3,""232"":2}",94,0,"{""14"":1,""16"":1,""20"":2,""26"":1,""29"":1,""30"":2,""32"":2,""34"":1,""36"":3,""40"":4,""41"":3,""44"":1,""47"":2,""49"":1,""50"":3,""52"":1,""53"":1,""55"":1,""57"":2,""60"":4,""62"":1,""65"":4,""66"":1,""67"":2,""76"":1,""79"":2,""80"":1,""85"":2,""86"":2,""87"":1,""94"":1}",54,0,"{""3"":1,""4"":2,""5"":7,""6"":7,""7"":6,""8"":4,""9"":2,""10"":5,""11"":4,""12"":6,""13"":12,""14"":10,""15"":9,""16"":8,""17"":4,""18"":7,""19"":6,""20"":2,""21"":3,""22"":6,""23"":5,""24"":7,""25"":4,""26"":3,""27"":4,""28"":3,""29"":3,""30"":3,""31"":4,""32"":1,""33"":1,""34"":1,""35"":6,""36"":3,""37"":1,""38"":2,""44"":1,""45"":1,""54"":1}",".X..XX
...XX.
.....X
X.....
..X...
XX.X..",25,11,"{""1"":11,""2"":28,""3"":27,""4"":27,""5"":39,""6"":44,""7"":25,""8"":19,""9"":20,""10"":20,""11"":12,""12"":12,""13"":10,""14"":10,""15"":1,""16"":7,""17"":7,""18"":6,""19"":1,""20"":1,""21"":1,""23"":1,""25"":1}",,,,,,
282,6,11,all,0,0905803432,0268070093,3,"1,0;4,0;0,4","0,1;0,1;0,1",1,232,0,"{""118"":1,""125"":2,""140"":3,""151"":3,""232"":2}",102,0,"{""16"":1,""18"":1,""30"":1,""31"":2,""32"":1,""36"":3,""39"":1,""40"":2,""41"":3,""43"":1,""44"":1,""49"":2,""51"":2,""52"":1,""53"":1,""54"":3,""55"":1,""57"":3,""58"":3,""60"":4,""62"":1,""65"":3,""66"":2,""67"":1,""76"":2,""79"":2,""85"":2,""86"":2,""87"":1,""94"":1,""102"":1}",54,1,"{""1"":1,""2"":1,""4"":1,""5"":3,""6"":3,""7"":3,""8"":7,""9"":1,""10"":2,""11"":2,""12"":4,""13"":3,""14"":3,""15"":3,""16"":8,""17"":6,""18"":8,""19"":3,""20"":7,""21"":6,""22"":10,""23"":7,""24"":4,""25"":7,""26"":5,""27"":6,""28"":3,""29"":6,""30"":2,""31"":5,""32"":2,""33"":4,""34"":2,""35"":9,""36"":4,""37"":3,""38"":1,""40"":2,""41"":2,""42"":2,""44"":1,""45"":2,""54"":1}",".X..XX
....X.
XX....
.....X
X.X...
..X..X",,,,,,,,,
283,6,11,all,0,0445a240a2,00f028406c,4,"1,0;1,1;2,2;3,3","0,1;1,1;2,2;2,2",1,232,0,"{""94"":2,""118"":1,""125"":1,""140"":3,""151"":2,""232"":2}",87,0,"{""8"":1,""15"":1,""16"":1,""19"":1,""24"":2,""25"":1,""27"":1,""28"":1,""30"":2,""32"":1,""33"":1,""34"":2,""36"":1,""38"":1,""40"":2,""41"":2,""44"":1,""45"":2,""47"":1,""49"":1,""50"":2,""51"":1,""52"":1,""53"":1,""54"":2,""55"":6,""57"":3,""58"":1,""60"":2,""65"":1,""66"":1,""67"":1,""76"":2,""79"":1,""80"":1,""85"":1,""86"":1,""87"":1}",41,0,"{""2"":5,""4"":4,""5"":4,""6"":6,""7"":3,""8"":9,""9"":4,""10"":6,""11"":3,""12"":7,""13"":7,""14"":9,""15"":7,""16"":8,""17"":6,""18"":10,""19"":7,""20"":11,""21"":1,""22"":10,""23"":5,""24"":4,""25"":8,""26"":2,""27"":1,""28"":5,""29"":2,""30"":2,""31"":1,""32"":1,""35"":2,""37"":3,""40"":1,""41"":1}",".X...X
.X....
..X..X
...X.X
X.X...
X...X.",22,9,"{""1"":9,""2"":38,""3"":25,""4"":39,""5"":40,""6"":30,""7"":32,""8"":23,""9"":22,""10"":19,""11"":15,""12"":11,""13"":7,""14"":7,""15"":1,""16"":6,""17"":1,""18"":1,""19"":2,""22"":2}",,,,,,
284,6,11,all,0,0c10242b22,00c2910351,4,"1,0;5,0;2,1;5,1","0,1;0,0;1,2;0,1",1,232,0,"{""94"":1,""118"":1,""125"":3,""140"":3,""151"":1,""232"":2}",102,0,"{""15"":1,""16"":1,""19"":1,""20"":1,""24"":1,""25"":1,""28"":1,""29"":1,""30"":1,""31"":1,""32"":1,""34"":1,""36"":2,""37"":2,""38"":1,""39"":1,""40"":3,""41"":2,""44"":1,""45"":1,""47"":1,""49"":2,""50"":2,""51"":2,""52"":3,""54"":1,""55"":3,""57"":2,""58"":2,""60"":4,""76"":1,""79"":1,""85"":1,""86"":2,""87"":1,""94"":1,""102"":1}",54,0,"{""2"":2,""3"":4,""4"":2,""5"":3,""6"":8,""7"":3,""8"":10,""9"":6,""10"":6,""11"":3,""12"":6,""13"":6,""14"":5,""15"":8,""16"":7,""17"":6,""18"":8,""19"":7,""20"":9,""21"":3,""22"":3,""23"":8,""24"":8,""25"":4,""26"":1,""27"":7,""28"":4,""29"":3,""30"":1,""31"":2,""32"":2,""33"":1,""34"":1,""36"":1,""37"":1,""38"":1,""40"":1,""41"":1,""45"":1,""54"":2}",".X...X
..XX.X
.X....
X..X..
....X.
....XX",26,27,"{""1"":27,""2"":27,""3"":32,""4"":27,""5"":28,""6"":29,""7"":32,""8"":23,""9"":17,""10"":17,""11"":16,""12"":16,""13"":9,""14"":6,""15"":5,""16"":1,""17"":1,""18"":5,""19"":4,""20"":1,""21"":1,""23"":2,""24"":2,""25"":1,""26"":1}",,,,,,
285,6,11,all,0,0910a03322,010588a429,4,"2,1;3,1;1,2;5,3","1,2;1,2;1,2;0,2",1,232,0,"{""94"":1,""118"":1,""125"":3,""140"":1,""151"":3,""232"":2}",102,0,"{""16"":1,""20"":2,""28"":2,""30"":2,""31"":2,""33"":1,""34"":2,""37"":2,""38"":1,""39"":1,""40"":1,""41"":1,""43"":2,""44"":1,""45"":1,""47"":1,""49"":1,""50"":1,""51"":1,""52"":1,""53"":1,""54"":2,""55"":2,""57"":1,""58"":4,""60"":4,""62"":1,""65"":3,""66"":1,""67"":1,""79"":1,""85"":2,""86"":2,""87"":1,""94"":1,""102"":1}",54,0,"{""3"":2,""4"":1,""5"":2,""6"":3,""7"":4,""8"":4,""9"":5,""10"":6,""11"":1,""12"":7,""13"":9,""14"":7,""15"":3,""16"":4,""17"":8,""18"":4,""19"":9,""20"":8,""21"":5,""22"":10,""23"":5,""24"":7,""25"":5,""26"":2,""27"":6,""28"":5,""29"":2,""30"":3,""31"":2,""32"":1,""33"":4,""34"":3,""35"":5,""36"":3,""37"":2,""40"":1,""41"":1,""42"":1,""44"":1,""45"":2,""54"":2}",".X...X
..XX..
XX....
...X.X
....X.
..X..X",31,1,"{""1"":1,""2"":10,""3"":27,""4"":26,""5"":31,""6"":25,""7"":11,""8"":26,""9"":21,""10"":21,""11"":26,""12"":22,""13"":18,""14"":9,""15"":13,""16"":5,""17"":6,""18"":8,""19"":4,""20"":4,""21"":3,""22"":2,""23"":2,""24"":5,""25"":1,""26"":1,""27"":1,""31"":1}",,,,,,
286,6,11,all,0,0440245e22,00e228406c,4,"1,0;3,1;4,1;2,2","0,1;1,2;1,1;2,2",1,232,0,"{""94"":2,""118"":1,""125"":1,""140"":3,""151"":2,""232"":2}",94,0,"{""8"":1,""15"":1,""19"":2,""21"":2,""24"":2,""25"":1,""26"":1,""27"":1,""28"":1,""30"":1,""32"":2,""33"":1,""34"":2,""36"":1,""40"":2,""41"":1,""44"":1,""45"":2,""47"":1,""49"":1,""50"":2,""51"":1,""52"":1,""53"":1,""55"":6,""57"":3,""58"":1,""60"":2,""65"":1,""66"":1,""67"":1,""76"":2,""79"":1,""80"":1,""85"":1,""86"":1,""87"":1,""94"":1}",44,0,"{""2"":5,""3"":1,""4"":5,""5"":6,""6"":5,""7"":2,""8"":12,""9"":3,""10"":6,""11"":8,""12"":9,""13"":7,""14"":10,""15"":7,""16"":8,""17"":3,""18"":8,""19"":6,""20"":8,""21"":1,""22"":10,""23"":1,""24"":2,""25"":8,""26"":2,""27"":1,""28"":5,""29"":3,""30"":1,""31"":2,""32"":1,""35"":2,""37"":3,""38"":1,""40"":1,""41"":1,""44"":1}",".X...X
...XXX
X.X...
X..X..
......
X...X.",22,16,"{""1"":16,""2"":41,""3"":34,""4"":40,""5"":37,""6"":30,""7"":25,""8"":23,""9"":21,""10"":17,""11"":15,""12"":10,""13"":5,""14"":4,""16"":5,""17"":1,""18"":2,""19"":2,""22"":2}",,,,,,
287,6,11,all,0,0950203a22,02680540b1,5,"5,0;3,1;5,1;3,3;2,5","0,0;1,2;0,1;2,2;0,2",1,232,0,"{""94"":1,""118"":1,""125"":2,""140"":2,""151"":2,""232"":3}",102,0,"{""15"":1,""28"":1,""30"":1,""31"":2,""34"":2,""37"":1,""38"":1,""41"":2,""43"":1,""44"":1,""45"":1,""49"":1,""50"":1,""51"":2,""52"":2,""53"":1,""54"":3,""55"":4,""57"":2,""58"":4,""60"":4,""65"":2,""66"":2,""67"":1,""76"":1,""79"":2,""80"":1,""85"":2,""86"":2,""87"":1,""94"":1,""102"":2}",54,0,"{""6"":1,""8"":4,""9"":2,""10"":1,""12"":4,""13"":6,""14"":2,""15"":5,""16"":5,""17"":8,""18"":5,""19"":7,""20"":11,""21"":5,""22"":12,""23"":11,""24"":5,""25"":8,""26"":6,""27"":4,""28"":7,""29"":4,""30"":3,""31"":3,""32"":3,""33"":4,""34"":3,""35"":7,""36"":4,""37"":5,""40"":3,""41"":2,""42"":1,""44"":1,""45"":2,""54"":1}",".X...X
...X.X
XX....
...X..
....X.
X.X..X",31,0,"{""3"":4,""4"":5,""5"":8,""6"":12,""7"":17,""8"":35,""9"":31,""10"":34,""11"":32,""12"":27,""13"":23,""14"":22,""15"":19,""16"":11,""17"":7,""18"":11,""19"":8,""20"":4,""21"":4,""22"":4,""23"":2,""24"":5,""25"":2,""26"":1,""27"":1,""31"":1}",20,1,"{""1"":1,""2"":12,""3"":28,""4"":42,""5"":73,""6"":57,""7"":82,""8"":60,""9"":35,""10"":28,""11"":13,""12"":12,""13"":6,""14"":5,""15"":2,""16"":2,""17"":2,""18"":1,""20"":1}",,,
288,6,11,all,0,0450245a22,00f028406c,4,"1,0;2,2;3,3;4,4","0,1;2,2;2,2;1,1",1,232,0,"{""94"":2,""118"":1,""125"":1,""140"":3,""151"":2,""232"":2}",87,0,"{""8"":1,""15"":1,""16"":1,""19"":1,""24"":2,""25"":1,""27"":1,""28"":1,""30"":2,""32"":1,""33"":1,""34"":2,""36"":1,""38"":1,""40"":2,""41"":2,""44"":1,""45"":2,""47"":1,""49"":1,""50"":2,""51"":1,""52"":1,""53"":1,""54"":2,""55"":6,""57"":3,""58"":1,""60"":2,""65"":1,""66"":1,""67"":1,""76"":2,""79"":1,""80"":1,""85"":1,""86"":1,""87"":1}",41,0,"{""2"":5,""4"":4,""5"":4,""6"":6,""7"":3,""8"":9,""9"":4,""10"":6,""11"":3,""12"":7,""13"":7,""14"":9,""15"":7,""16"":8,""17"":6,""18"":10,""19"":7,""20"":11,""21"":1,""22"":10,""23"":5,""24"":4,""25"":8,""26"":2,""27"":1,""28"":5,""29"":2,""30"":2,""31"":1,""32"":1,""35"":2,""37"":3,""40"":1,""41"":1}",".X...X
...X.X
X.X...
X..X..
....X.
X...X.",22,9,"{""1"":9,""2"":38,""3"":25,""4"":39,""5"":40,""6"":30,""7"":32,""8"":23,""9"":22,""10"":19,""11"":15,""12"":11,""13"":7,""14"":7,""15"":1,""16"":6,""17"":1,""18"":1,""19"":2,""22"":2}",,,,,,
289,6,11,all,0,0642070a22,0162011278,4,"1,0;5,0;0,3;1,4","0,1;0,0;0,2;1,1",1,232,0,"{""118"":1,""125"":2,""140"":3,""151"":3,""232"":2}",94,0,"{""19"":1,""20"":3,""21"":2,""28"":1,""30"":1,""31"":1,""32"":3,""36"":3,""40"":4,""41"":2,""43"":1,""44"":1,""47"":1,""50"":3,""51"":1,""52"":1,""53"":1,""54"":1,""55"":2,""57"":2,""58"":1,""60"":4,""62"":1,""65"":2,""67"":2,""76"":2,""79"":1,""80"":1,""85"":2,""86"":2,""87"":1,""94"":1}",54,0,"{""3"":1,""4"":5,""5"":4,""6"":6,""7"":7,""8"":7,""9"":6,""10"":6,""11"":9,""12"":9,""13"":5,""14"":14,""15"":8,""16"":8,""17"":4,""18"":4,""19"":6,""20"":5,""21"":1,""22"":5,""23"":3,""24"":4,""25"":10,""26"":2,""27"":2,""28"":3,""29"":2,""30"":2,""31"":2,""32"":1,""33"":1,""34"":1,""35"":2,""36"":1,""37"":1,""38"":1,""40"":1,""41"":1,""42"":1,""44"":1,""45"":1,""54"":2}",".X...X
...X.X
....XX
X.....
.X....
X..XX.",31,9,"{""1"":9,""2"":39,""3"":45,""4"":35,""5"":41,""6"":31,""7"":36,""8"":18,""9"":16,""10"":9,""11"":14,""12"":7,""13"":5,""14"":6,""15"":4,""16"":2,""17"":1,""18"":3,""19"":2,""20"":1,""21"":1,""24"":2,""25"":1,""26"":1,""31"":1}",,,,,,
290,6,11,all,0,0950a03222,02680540a5,5,"1,0;5,0;5,3;4,4;0,5","0,1;0,0;0,2;1,1;0,0",1,232,0,"{""94"":1,""118"":1,""125"":2,""140"":1,""151"":3,""232"":3}",102,0,"{""20"":1,""28"":1,""30"":1,""31"":2,""33"":1,""34"":2,""37"":1,""38"":1,""39"":1,""41"":1,""43"":2,""44"":1,""45"":1,""49"":1,""50"":1,""51"":1,""52"":1,""53"":1,""54"":3,""55"":3,""57"":1,""58"":4,""60"":4,""62"":1,""65"":3,""66"":1,""67"":2,""76"":1,""79"":1,""80"":1,""85"":2,""86"":2,""87"":2,""94"":1,""102"":2}",54,0,"{""5"":2,""6"":1,""8"":2,""9"":3,""10"":2,""12"":4,""13"":8,""14"":6,""15"":2,""16"":6,""17"":9,""18"":3,""19"":9,""20"":9,""21"":5,""22"":13,""23"":8,""24"":5,""25"":8,""26"":7,""27"":5,""28"":6,""29"":3,""30"":4,""31"":2,""32"":1,""33"":5,""34"":3,""35"":6,""36"":4,""37"":5,""38"":1,""40"":2,""41"":1,""42"":1,""44"":1,""45"":2,""54"":1}",".X...X
...X..
XX....
...X.X
....X.
X.X..X",31,0,"{""2"":5,""3"":15,""4"":15,""5"":17,""6"":11,""7"":8,""8"":33,""9"":30,""10"":34,""11"":27,""12"":26,""13"":26,""14"":19,""15"":13,""16"":9,""17"":6,""18"":9,""19"":6,""20"":4,""21"":4,""22"":3,""23"":1,""24"":5,""25"":1,""26"":1,""27"":1,""31"":1}",20,17,"{""1"":17,""2"":67,""3"":50,""4"":38,""5"":40,""6"":39,""7"":69,""8"":56,""9"":32,""10"":21,""11"":9,""12"":8,""13"":3,""14"":5,""15"":2,""16"":2,""17"":2,""18"":1,""20"":1}",,,
291,6,11,all,0,0c47801222,02e2090065,5,"1,0;3,1;0,4;0,5;4,5","0,1;1,2;0,1;0,0;0,1",1,232,0,"{""118"":1,""125"":2,""140"":3,""151"":2,""232"":3}",102,0,"{""19"":2,""26"":1,""31"":1,""32"":1,""34"":1,""39"":2,""40"":1,""41"":2,""44"":2,""49"":2,""50"":3,""51"":1,""52"":2,""54"":1,""55"":2,""57"":4,""58"":3,""60"":5,""62"":1,""65"":2,""66"":1,""67"":1,""76"":3,""79"":2,""80"":1,""85"":1,""86"":2,""87"":2,""94"":1,""102"":2}",54,0,"{""4"":1,""5"":1,""6"":1,""8"":4,""9"":4,""10"":3,""11"":6,""13"":9,""14"":6,""15"":6,""16"":3,""17"":2,""18"":3,""19"":8,""20"":10,""21"":3,""22"":11,""23"":7,""24"":7,""25"":8,""26"":7,""27"":4,""28"":6,""29"":7,""30"":6,""31"":4,""32"":3,""33"":2,""35"":7,""36"":3,""37"":6,""38"":1,""40"":3,""41"":1,""45"":1,""54"":1}",".X...X
...X..
X.....
.....X
XXX...
X...XX",25,0,"{""2"":3,""3"":9,""4"":14,""5"":25,""6"":24,""7"":38,""8"":29,""9"":26,""10"":29,""11"":26,""12"":21,""13"":12,""14"":21,""15"":3,""16"":15,""17"":10,""18"":9,""19"":5,""20"":2,""21"":2,""22"":3,""23"":2,""24"":1,""25"":1}",16,5,"{""1"":5,""2"":36,""3"":84,""4"":85,""5"":75,""6"":55,""7"":49,""8"":29,""9"":12,""10"":17,""11"":5,""12"":3,""13"":4,""14"":1,""15"":1,""16"":1}",,,
292,6,11,all,0,0340283c22,00c2a20364,4,"1,0;5,0;1,3;2,5","0,1;0,0;1,2;0,2",1,232,0,"{""94"":1,""118"":1,""125"":2,""140"":2,""151"":3,""232"":2}",94,0,"{""15"":1,""16"":1,""20"":1,""21"":1,""24"":1,""28"":1,""29"":1,""30"":3,""32"":1,""33"":1,""34"":2,""36"":2,""37"":1,""39"":1,""40"":2,""41"":1,""45"":1,""47"":1,""49"":3,""50"":1,""51"":1,""52"":1,""53"":1,""54"":1,""55"":3,""57"":2,""58"":2,""60"":4,""65"":2,""66"":2,""67"":1,""76"":1,""79"":1,""80"":1,""85"":1,""86"":1,""87"":2,""94"":1}",54,0,"{""3"":3,""4"":4,""5"":4,""6"":7,""7"":5,""8"":8,""9"":7,""10"":5,""11"":5,""12"":8,""13"":11,""14"":5,""15"":8,""16"":6,""17"":5,""18"":3,""19"":10,""20"":5,""21"":4,""22"":5,""23"":7,""24"":2,""25"":4,""26"":6,""27"":3,""28"":3,""29"":4,""31"":4,""34"":1,""35"":4,""36"":2,""37"":1,""38"":2,""40"":1,""44"":1,""45"":1,""54"":1}",".X...X
....XX
XX....
.X.X..
......
X.XX..",27,29,"{""1"":29,""2"":33,""3"":49,""4"":34,""5"":23,""6"":23,""7"":22,""8"":26,""9"":17,""10"":18,""11"":11,""12"":8,""13"":6,""14"":7,""15"":7,""16"":3,""17"":4,""18"":3,""19"":2,""20"":1,""21"":1,""23"":2,""27"":1}",,,,,,
293,6,11,all,0,0205a03c22,01281700d1,3,"5,1;3,3;2,4","0,1;2,2;1,2",1,232,0,"{""94"":1,""118"":1,""125"":2,""140"":3,""151"":3,""232"":1}",94,0,"{""10"":1,""15"":1,""19"":2,""21"":1,""24"":1,""27"":1,""28"":1,""29"":1,""30"":1,""31"":2,""32"":1,""33"":2,""36"":1,""37"":1,""39"":1,""40"":2,""41"":4,""43"":1,""44"":1,""45"":1,""47"":1,""49"":2,""50"":1,""51"":2,""52"":2,""54"":1,""55"":2,""57"":3,""58"":2,""60"":3,""62"":1,""65"":1,""66"":2,""79"":1,""86"":1,""87"":2,""94"":1}",54,1,"{""1"":1,""2"":4,""3"":3,""4"":4,""5"":9,""6"":7,""7"":1,""8"":3,""9"":9,""10"":2,""11"":4,""12"":8,""13"":9,""14"":5,""15"":8,""16"":8,""17"":4,""18"":9,""19"":9,""20"":8,""21"":6,""22"":7,""23"":4,""24"":3,""25"":5,""27"":5,""28"":2,""29"":3,""30"":2,""31"":1,""32"":1,""35"":3,""36"":2,""37"":2,""38"":2,""41"":1,""54"":1}",".X...X
....XX
XX....
...X.X
X.X...
...X..",,,,,,,,,
294,6,11,all,0,0b08111c22,0101a301a3,4,"1,0;3,4;3,5;5,5","0,1;1,2;0,2;0,0",1,232,0,"{""94"":1,""118"":1,""125"":2,""140"":2,""151"":3,""232"":2}",102,0,"{""16"":2,""19"":1,""20"":1,""24"":1,""26"":1,""27"":1,""29"":1,""30"":2,""31"":1,""33"":1,""34"":2,""36"":4,""37"":1,""40"":3,""41"":1,""45"":1,""47"":2,""49"":3,""50"":2,""53"":1,""54"":2,""55"":3,""57"":2,""58"":2,""60"":2,""65"":2,""66"":2,""67"":1,""79"":1,""85"":2,""87"":2,""94"":1,""102"":1}",45,0,"{""2"":1,""3"":1,""4"":3,""5"":7,""6"":4,""7"":5,""8"":11,""9"":8,""10"":5,""11"":6,""12"":8,""13"":12,""14"":14,""15"":6,""16"":7,""17"":4,""18"":8,""19"":4,""20"":7,""21"":2,""22"":5,""23"":7,""24"":2,""25"":3,""26"":1,""27"":2,""28"":1,""29"":1,""30"":2,""31"":3,""32"":1,""33"":2,""34"":1,""35"":3,""36"":1,""37"":1,""38"":2,""40"":1,""44"":1,""45"":2}",".X...X
....XX
X...X.
..X...
...X..
..XX.X",24,13,"{""1"":13,""2"":28,""3"":46,""4"":48,""5"":49,""6"":32,""7"":18,""8"":18,""9"":23,""10"":11,""11"":12,""12"":7,""13"":2,""14"":5,""15"":6,""16"":1,""17"":4,""18"":3,""21"":2,""23"":1,""24"":1}",,,,,,
295,6,11,all,0,0b01150c22,01a0141631,4,"1,0;5,0;0,3;2,3","0,1;0,0;0,2;2,2",1,232,0,"{""94"":1,""118"":1,""125"":1,""140"":3,""151"":3,""232"":2}",102,0,"{""10"":1,""16"":2,""21"":1,""24"":1,""26"":1,""27"":1,""30"":1,""32"":2,""33"":2,""34"":1,""36"":4,""37"":1,""40"":3,""41"":2,""43"":1,""45"":1,""47"":1,""49"":2,""50"":2,""53"":2,""54"":1,""55"":3,""57"":3,""58"":1,""60"":2,""65"":2,""66"":1,""67"":1,""76"":1,""79"":2,""85"":2,""87"":2,""94"":1,""102"":1}",45,0,"{""2"":1,""3"":2,""4"":2,""5"":8,""6"":7,""7"":6,""8"":8,""9"":5,""10"":7,""11"":4,""12"":8,""13"":10,""14"":13,""15"":7,""16"":9,""17"":5,""18"":7,""19"":2,""20"":8,""21"":2,""22"":7,""23"":5,""24"":2,""25"":4,""26"":3,""27"":2,""29"":1,""30"":3,""31"":2,""32"":1,""33"":1,""35"":3,""36"":2,""38"":2,""40"":2,""44"":2,""45"":2}",".X...X
....XX
....X.
X.X...
X.....
..XX.X",23,17,"{""1"":17,""2"":40,""3"":38,""4"":43,""5"":49,""6"":30,""7"":24,""8"":19,""9"":16,""10"":10,""11"":11,""12"":5,""13"":4,""14"":5,""15"":5,""16"":2,""17"":4,""18"":3,""19"":1,""20"":1,""22"":2,""23"":1}",,,,,,
296,6,11,all,0,090580b422,0268074091,6,"1,0;5,0;0,2;1,2;3,2;5,3","0,1;0,0;0,2;1,2;2,2;0,2",1,232,0,"{""94"":1,""118"":1,""125"":2,""140"":2,""151"":3,""232"":2}",102,0,"{""15"":1,""25"":1,""28"":1,""30"":1,""31"":2,""34"":2,""37"":1,""38"":1,""39"":1,""41"":3,""43"":1,""44"":1,""45"":1,""49"":2,""51"":2,""52"":2,""53"":1,""54"":3,""55"":2,""57"":3,""58"":3,""60"":3,""62"":1,""65"":3,""66"":2,""67"":1,""76"":1,""79"":2,""85"":2,""86"":2,""87"":1,""94"":1,""102"":1}",54,0,"{""5"":1,""6"":1,""8"":5,""9"":1,""10"":2,""12"":8,""13"":5,""14"":1,""15"":4,""16"":6,""17"":8,""18"":10,""19"":4,""20"":10,""21"":7,""22"":12,""23"":8,""24"":4,""25"":5,""26"":4,""27"":7,""28"":5,""29"":5,""30"":2,""31"":4,""32"":2,""33"":4,""34"":3,""35"":9,""36"":4,""37"":3,""38"":1,""40"":2,""41"":2,""42"":2,""44"":1,""45"":2,""54"":1}",".X...X
....X.
XX.X..
.....X
X.X...
..X..X",31,0,"{""3"":9,""4"":5,""5"":10,""6"":11,""7"":20,""8"":30,""9"":29,""10"":32,""11"":24,""12"":27,""13"":26,""14"":23,""15"":18,""16"":13,""17"":10,""18"":12,""19"":7,""20"":5,""21"":2,""22"":3,""23"":4,""24"":5,""25"":2,""26"":1,""27"":1,""31"":1}",20,0,"{""2"":16,""3"":34,""4"":38,""5"":61,""6"":63,""7"":73,""8"":60,""9"":35,""10"":31,""11"":18,""12"":14,""13"":7,""14"":5,""15"":2,""16"":3,""18"":1,""20"":1}",11,5,"{""1"":5,""2"":51,""3"":89,""4"":92,""5"":79,""6"":61,""7"":45,""8"":17,""9"":14,""10"":6,""11"":3}"
297,6,11,all,0,0b0500b422,02a80c9421,4,"1,0;0,2;3,2;3,5","0,1;0,2;2,2;0,2",1,232,0,"{""94"":1,""118"":1,""125"":2,""140"":2,""151"":3,""232"":2}",102,0,"{""15"":1,""24"":1,""25"":2,""28"":1,""29"":1,""30"":2,""31"":1,""32"":1,""34"":1,""36"":1,""37"":1,""38"":1,""39"":1,""41"":3,""44"":1,""45"":1,""47"":1,""49"":3,""51"":2,""52"":2,""53"":1,""54"":3,""55"":2,""57"":3,""58"":2,""60"":2,""65"":1,""66"":1,""67"":1,""76"":1,""79"":2,""85"":2,""86"":2,""87"":2,""94"":1,""102"":1}",54,0,"{""4"":4,""5"":1,""6"":2,""7"":1,""8"":8,""9"":5,""10"":4,""11"":1,""12"":11,""13"":4,""14"":4,""15"":7,""16"":8,""17"":7,""18"":10,""19"":4,""20"":9,""21"":4,""22"":8,""23"":8,""24"":2,""25"":2,""26"":2,""27"":7,""28"":4,""29"":5,""30"":2,""31"":2,""32"":2,""33"":3,""34"":2,""35"":5,""36"":3,""37"":2,""38"":2,""40"":2,""41"":2,""42"":2,""44"":1,""45"":2,""54"":1}",".X...X
....X.
XX.X..
......
X.X...
..XX.X",31,2,"{""1"":2,""2"":12,""3"":21,""4"":21,""5"":25,""6"":29,""7"":28,""8"":19,""9"":21,""10"":26,""11"":16,""12"":19,""13"":15,""14"":15,""15"":14,""16"":7,""17"":6,""18"":10,""19"":5,""20"":4,""21"":1,""22"":2,""23"":3,""24"":4,""25"":2,""26"":1,""27"":1,""31"":1}",,,,,,
298,6,11,all,0,090d111422,026c222091,3,"4,2;2,4;3,4","1,2;1,2;1,2",1,232,0,"{""94"":1,""118"":1,""125"":3,""140"":2,""151"":2,""232"":2}",102,0,"{""8"":1,""16"":3,""18"":1,""19"":1,""20"":2,""24"":1,""26"":1,""27"":1,""29"":1,""30"":1,""31"":1,""33"":1,""34"":1,""36"":3,""37"":1,""39"":1,""41"":3,""47"":2,""49"":3,""50"":2,""51"":1,""52"":1,""53"":1,""54"":2,""55"":2,""57"":3,""58"":1,""60"":2,""65"":1,""66"":1,""76"":1,""79"":2,""85"":2,""86"":1,""87"":1,""94"":1,""102"":1}",54,3,"{""1"":3,""2"":1,""3"":6,""4"":6,""5"":12,""6"":6,""7"":10,""8"":10,""9"":7,""10"":6,""11"":2,""12"":5,""13"":10,""14"":5,""15"":2,""16"":4,""17"":2,""18"":7,""19"":3,""20"":7,""21"":3,""22"":4,""23"":7,""24"":1,""25"":2,""26"":2,""27"":5,""28"":1,""29"":3,""30"":1,""31"":1,""32"":2,""33"":3,""34"":1,""35"":4,""36"":2,""38"":1,""40"":2,""41"":1,""42"":1,""44"":1,""45"":2,""54"":1}",".X...X
....X.
X...X.
..X...
X.XX..
..X..X",,,,,,,,,
299,6,11,all,0,0e052c0422,01a4085461,3,"0,3;3,3;0,4","0,2;2,2;0,1",1,232,0,"{""94"":1,""118"":1,""125"":2,""140"":3,""151"":2,""232"":2}",102,0,"{""19"":2,""20"":1,""21"":3,""24"":1,""25"":1,""27"":1,""28"":1,""29"":1,""30"":1,""32"":2,""33"":1,""34"":1,""36"":2,""39"":1,""40"":2,""41"":2,""44"":1,""45"":1,""49"":2,""50"":1,""51"":1,""52"":2,""53"":1,""54"":2,""55"":2,""57"":2,""58"":1,""60"":3,""65"":1,""67"":1,""76"":2,""79"":2,""85"":1,""86"":2,""87"":2,""94"":1,""102"":1}",54,1,"{""1"":1,""3"":2,""4"":2,""5"":8,""6"":5,""7"":6,""8"":5,""9"":12,""10"":6,""11"":8,""12"":11,""13"":8,""14"":7,""15"":5,""16"":8,""17"":2,""18"":8,""19"":5,""20"":4,""21"":2,""22"":2,""23"":2,""24"":2,""25"":5,""26"":1,""27"":5,""28"":5,""29"":4,""30"":3,""31"":1,""32"":2,""33"":1,""34"":1,""36"":3,""37"":1,""38"":2,""40"":3,""41"":1,""42"":1,""44"":1,""45"":2,""54"":2}",".X...X
....X.
......
XX.X..
X.X...
...XXX",,,,,,,,,
300,6,11,all,0,0447a24022,00e228406c,4,"1,0;5,0;2,2;1,4","0,1;0,0;2,2;1,1",1,232,0,"{""94"":2,""118"":1,""125"":1,""140"":3,""151"":2,""232"":2}",94,0,"{""8"":1,""15"":1,""19"":2,""21"":2,""24"":2,""25"":1,""26"":1,""27"":1,""28"":1,""30"":1,""32"":2,""33"":1,""34"":2,""36"":1,""40"":2,""41"":1,""44"":1,""45"":2,""47"":1,""49"":1,""50"":2,""51"":1,""52"":1,""53"":1,""55"":6,""57"":3,""58"":1,""60"":2,""65"":1,""66"":1,""67"":1,""76"":2,""79"":1,""80"":1,""85"":1,""86"":1,""87"":1,""94"":1}",44,0,"{""2"":5,""3"":1,""4"":5,""5"":6,""6"":5,""7"":2,""8"":12,""9"":3,""10"":6,""11"":8,""12"":9,""13"":7,""14"":10,""15"":7,""16"":8,""17"":3,""18"":8,""19"":6,""20"":8,""21"":1,""22"":10,""23"":1,""24"":2,""25"":8,""26"":2,""27"":1,""28"":5,""29"":3,""30"":1,""31"":2,""32"":1,""35"":2,""37"":3,""38"":1,""40"":1,""41"":1,""44"":1}",".X...X
......
..X..X
...X.X
XXX...
X...X.",22,16,"{""1"":16,""2"":41,""3"":34,""4"":40,""5"":37,""6"":30,""7"":25,""8"":23,""9"":21,""10"":17,""11"":15,""12"":10,""13"":5,""14"":4,""16"":5,""17"":1,""18"":2,""19"":2,""22"":2}",,,,,,
301,6,11,all,0,0834847042,004b878810,3,"1,2;2,4;4,4","1,2;1,2;1,1",1,232,0,"{""94"":1,""118"":1,""125"":2,""140"":3,""151"":3,""232"":1}",94,0,"{""4"":1,""8"":1,""10"":1,""11"":1,""16"":2,""18"":1,""20"":2,""21"":2,""24"":2,""28"":1,""29"":1,""30"":2,""31"":1,""32"":1,""33"":1,""34"":2,""36"":4,""39"":1,""40"":2,""41"":3,""43"":1,""45"":1,""49"":2,""50"":1,""51"":1,""52"":1,""53"":1,""54"":1,""57"":1,""58"":1,""60"":2,""62"":1,""65"":1,""66"":1,""67"":1,""79"":2,""85"":1,""86"":1,""87"":1,""94"":1}",54,4,"{""1"":4,""2"":15,""3"":6,""4"":9,""5"":17,""6"":11,""7"":5,""8"":13,""9"":5,""10"":3,""11"":4,""12"":7,""13"":7,""14"":9,""15"":4,""16"":3,""17"":4,""18"":3,""19"":3,""20"":3,""22"":3,""23"":1,""24"":2,""25"":2,""26"":3,""27"":2,""28"":2,""30"":1,""31"":1,""34"":1,""35"":3,""36"":3,""37"":1,""38"":1,""41"":1,""42"":1,""44"":1,""54"":1}",".X....
X.....
XXX...
X....X
..X.XX
.....X",,,,,,,,,
302,6,11,all,0,0a302d2042,008148bc28,3,"1,2;4,2;1,3","1,2;1,2;1,2",1,232,0,"{""94"":1,""118"":1,""125"":3,""140"":3,""151"":2,""232"":1}",94,0,"{""6"":1,""10"":1,""11"":1,""16"":1,""18"":1,""19"":1,""20"":2,""24"":1,""25"":1,""29"":1,""30"":1,""32"":1,""33"":1,""34"":2,""36"":3,""37"":1,""38"":1,""39"":1,""40"":2,""41"":3,""43"":1,""44"":2,""45"":2,""47"":1,""49"":2,""50"":1,""51"":1,""52"":3,""54"":1,""57"":1,""58"":2,""60"":2,""65"":2,""66"":1,""67"":1,""79"":2,""86"":1,""87"":1,""94"":1}",54,4,"{""1"":4,""2"":3,""3"":8,""4"":8,""5"":8,""6"":9,""7"":5,""8"":11,""9"":6,""10"":5,""11"":5,""12"":5,""13"":9,""14"":5,""15"":3,""16"":6,""17"":4,""18"":5,""19"":8,""20"":7,""21"":4,""22"":4,""23"":3,""24"":4,""26"":4,""27"":4,""28"":4,""29"":1,""31"":2,""34"":1,""35"":1,""36"":4,""37"":1,""38"":2,""41"":1,""54"":1}",".X....
X.....
.X..X.
XX.X..
....XX
...X.X",,,,,,,,,
303,6,11,all,0,0a302e2042,008188bc28,4,"1,0;0,1;1,2;5,2","0,1;0,1;1,2;0,2",1,232,0,"{""94"":1,""118"":1,""125"":2,""140"":3,""151"":3,""232"":1}",94,0,"{""10"":1,""16"":1,""18"":1,""20"":3,""24"":1,""25"":1,""29"":1,""30"":1,""31"":1,""32"":1,""33"":1,""34"":2,""36"":2,""37"":1,""38"":1,""39"":1,""40"":3,""41"":4,""43"":1,""44"":1,""45"":2,""47"":1,""49"":1,""50"":1,""51"":1,""52"":2,""54"":1,""57"":1,""58"":1,""60"":3,""62"":1,""65"":3,""66"":2,""67"":1,""79"":2,""86"":1,""87"":1,""94"":1}",54,0,"{""2"":1,""3"":3,""4"":5,""5"":7,""6"":6,""7"":8,""8"":10,""9"":4,""10"":8,""11"":6,""12"":6,""13"":12,""14"":7,""15"":5,""16"":8,""17"":5,""18"":6,""19"":7,""20"":7,""21"":6,""22"":5,""23"":4,""24"":4,""26"":1,""27"":5,""28"":3,""29"":1,""31"":2,""34"":2,""35"":2,""36"":4,""37"":1,""38"":2,""41"":1,""54"":1}",".X....
X.....
.X...X
XX.X..
....XX
...X.X",26,11,"{""1"":11,""2"":39,""3"":51,""4"":49,""5"":32,""6"":29,""7"":19,""8"":22,""9"":17,""10"":10,""11"":6,""12"":7,""13"":9,""14"":6,""15"":6,""16"":4,""17"":3,""18"":5,""19"":3,""23"":1,""26"":1}",,,,,,
304,6,11,all,0,0141ab0182,0086c2a045,3,"2,1;1,3;2,5","1,2;1,2;0,2",1,232,0,"{""94"":1,""118"":1,""125"":3,""140"":2,""151"":3,""232"":1}",87,0,"{""11"":1,""16"":1,""19"":1,""20"":3,""24"":1,""26"":1,""27"":1,""29"":1,""30"":3,""31"":2,""33"":1,""34"":4,""36"":4,""37"":1,""40"":4,""41"":1,""43"":1,""45"":1,""47"":2,""49"":2,""50"":1,""53"":1,""54"":2,""55"":1,""57"":2,""58"":2,""60"":1,""65"":2,""66"":2,""67"":1,""76"":1,""85"":1,""86"":1,""87"":1}",42,1,"{""1"":1,""3"":3,""4"":8,""5"":9,""6"":8,""7"":3,""8"":8,""9"":10,""10"":4,""11"":8,""12"":12,""13"":11,""14"":9,""15"":6,""16"":6,""17"":4,""18"":6,""19"":7,""20"":8,""21"":1,""22"":6,""23"":5,""24"":3,""25"":3,""26"":1,""27"":3,""29"":1,""30"":1,""31"":2,""34"":1,""35"":3,""37"":2,""38"":1,""42"":1}",".X....
.XX...
....XX
.X.X.X
X.....
X.X...",,,,,,,,,
305,6,11,all,0,0049878882,0049878882,3,"1,0;3,2;4,2","0,1;2,2;1,2",1,232,0,"{""94"":1,""118"":1,""125"":2,""140"":3,""151"":3,""232"":1}",87,0,"{""4"":1,""8"":1,""15"":1,""16"":1,""19"":1,""20"":1,""21"":3,""24"":1,""28"":1,""29"":1,""30"":3,""31"":2,""32"":1,""33"":1,""34"":2,""36"":6,""39"":1,""40"":3,""41"":2,""43"":1,""45"":1,""49"":2,""50"":1,""53"":1,""54"":2,""57"":2,""58"":1,""60"":2,""62"":1,""65"":1,""66"":1,""67"":1,""76"":1,""79"":1,""85"":1,""86"":1,""87"":1}",42,3,"{""1"":3,""2"":11,""3"":5,""4"":11,""5"":17,""6"":6,""7"":6,""8"":10,""9"":4,""10"":4,""11"":6,""12"":10,""13"":6,""14"":7,""15"":4,""16"":9,""17"":6,""18"":3,""19"":7,""20"":3,""21"":2,""23"":3,""24"":3,""25"":5,""26"":2,""27"":2,""28"":1,""30"":1,""31"":1,""35"":3,""37"":2,""40"":1,""42"":1}",".X....
.X...X
...XXX
X....X
X..X..
X.....",,,,,,,,,
306,6,11,all,0,0161ab0082,0082c2a845,4,"1,0;4,2;5,3;5,4","0,1;1,2;0,2;0,1",1,232,0,"{""94"":1,""118"":1,""125"":2,""140"":3,""151"":3,""232"":1}",87,0,"{""11"":1,""14"":1,""16"":1,""18"":1,""19"":1,""20"":2,""21"":1,""24"":2,""27"":1,""29"":1,""30"":3,""32"":1,""33"":1,""34"":4,""36"":3,""40"":3,""41"":3,""43"":1,""44"":1,""45"":1,""47"":1,""49"":2,""50"":1,""52"":1,""53"":1,""54"":2,""55"":1,""57"":2,""60"":1,""65"":2,""66"":2,""67"":1,""76"":2,""85"":1,""86"":1,""87"":1}",42,0,"{""2"":1,""3"":6,""4"":10,""5"":12,""6"":10,""7"":8,""8"":6,""9"":9,""10"":4,""11"":5,""12"":8,""13"":10,""14"":8,""15"":6,""16"":6,""17"":3,""18"":8,""19"":6,""20"":5,""21"":1,""22"":6,""23"":4,""24"":4,""25"":3,""26"":1,""27"":3,""28"":1,""29"":1,""30"":1,""31"":2,""34"":1,""35"":2,""37"":2,""38"":1,""42"":1}",".X....
.X....
....XX
.X.X.X
X....X
X.X...",22,30,"{""1"":30,""2"":48,""3"":63,""4"":41,""5"":31,""6"":18,""7"":19,""8"":15,""9"":15,""10"":13,""11"":10,""12"":7,""13"":4,""14"":4,""15"":4,""16"":4,""17"":2,""21"":1,""22"":1}",,,,,,
307,6,11,all,0,0341a10d02,00b442804d,4,"1,0;2,1;0,5;3,5","0,1;1,2;0,0;0,2",1,232,0,"{""94"":1,""118"":1,""125"":2,""140"":3,""151"":3,""232"":1}",87,0,"{""10"":1,""11"":1,""15"":1,""19"":1,""20"":2,""21"":1,""26"":1,""27"":1,""29"":1,""30"":1,""31"":2,""32"":2,""33"":2,""34"":1,""36"":4,""37"":1,""40"":4,""41"":3,""43"":1,""45"":1,""47"":2,""49"":1,""50"":1,""53"":1,""55"":1,""57"":3,""58"":2,""60"":2,""65"":3,""66"":2,""67"":1,""76"":1,""79"":1,""86"":1,""87"":1}",40,0,"{""2"":3,""3"":7,""4"":6,""5"":13,""6"":9,""7"":3,""8"":6,""9"":5,""10"":3,""11"":6,""12"":11,""13"":12,""14"":14,""15"":5,""16"":6,""17"":3,""18"":4,""19"":7,""20"":5,""21"":2,""22"":6,""23"":4,""24"":4,""25"":2,""26"":1,""27"":3,""28"":1,""29"":1,""31"":2,""34"":1,""35"":4,""36"":1,""37"":3,""38"":1,""40"":1}",".X....
..X.XX
....X.
...X.X
X.....
X.XX..",23,38,"{""1"":38,""2"":56,""3"":56,""4"":36,""5"":18,""6"":21,""7"":19,""8"":12,""9"":14,""10"":14,""11"":13,""12"":5,""13"":7,""14"":4,""15"":7,""16"":3,""17"":2,""18"":1,""19"":1,""21"":1,""22"":1,""23"":1}",,,,,,
308,6,11,all,0,0811e03502,00621f0290,3,"1,0;4,1;4,3","0,1;1,1;1,2",1,232,0,"{""94"":1,""118"":2,""125"":3,""140"":2,""151"":2,""232"":1}",94,0,"{""4"":1,""8"":1,""11"":2,""18"":1,""19"":2,""20"":1,""21"":1,""26"":1,""27"":1,""28"":2,""30"":2,""31"":1,""33"":1,""34"":1,""36"":1,""37"":2,""38"":1,""40"":1,""41"":4,""43"":2,""44"":1,""45"":1,""47"":1,""49"":1,""50"":1,""51"":1,""52"":2,""53"":1,""54"":3,""57"":2,""60"":2,""62"":1,""65"":1,""66"":1,""67"":1,""76"":1,""79"":1,""85"":1,""86"":2,""94"":1}",54,11,"{""1"":11,""2"":8,""3"":2,""4"":4,""5"":11,""6"":7,""7"":6,""8"":4,""9"":9,""10"":2,""11"":2,""12"":7,""13"":8,""14"":5,""15"":3,""16"":3,""17"":6,""18"":11,""19"":5,""20"":8,""21"":4,""22"":6,""23"":1,""24"":5,""25"":2,""27"":5,""28"":4,""29"":1,""30"":1,""34"":2,""35"":4,""36"":2,""40"":1,""41"":1,""42"":1,""44"":1,""54"":2}",".X....
..X.X.
XX....
...XXX
X...X.
.....X",,,,,,,,,
309,6,11,all,0,0c9880b102,00842e0632,4,"1,0;2,1;1,2;3,2","0,1;1,2;1,2;2,2",1,232,0,"{""94"":1,""118"":1,""125"":3,""140"":3,""151"":2,""232"":1}",94,0,"{""14"":1,""15"":1,""16"":1,""18"":1,""19"":2,""20"":2,""21"":1,""25"":1,""26"":1,""27"":1,""28"":1,""30"":2,""32"":1,""34"":4,""36"":2,""40"":4,""41"":2,""43"":1,""44"":1,""45"":1,""47"":2,""50"":2,""51"":1,""52"":1,""53"":1,""54"":1,""55"":2,""57"":2,""60"":3,""62"":1,""65"":2,""67"":1,""79"":1,""85"":1,""86"":2,""94"":1}",54,0,"{""2"":2,""3"":3,""4"":4,""5"":7,""6"":9,""7"":8,""8"":10,""9"":9,""10"":4,""11"":4,""12"":12,""13"":11,""14"":7,""15"":9,""16"":7,""17"":4,""18"":8,""19"":4,""20"":3,""21"":1,""22"":5,""23"":2,""24"":6,""25"":2,""26"":1,""27"":3,""28"":2,""29"":2,""30"":3,""31"":2,""32"":1,""34"":1,""35"":2,""36"":2,""41"":1,""42"":1,""44"":1,""54"":2}",".X....
..X...
XX.X..
.....X
...XX.
.X..XX",31,13,"{""1"":13,""2"":19,""3"":38,""4"":33,""5"":46,""6"":43,""7"":30,""8"":19,""9"":20,""10"":17,""11"":15,""12"":9,""13"":8,""14"":3,""15"":1,""16"":4,""17"":3,""18"":3,""20"":2,""24"":1,""25"":1,""26"":1,""31"":1}",,,,,,
310,6,11,all,0,0943130a02,00a8c040e5,4,"1,0;3,1;5,1;0,4","0,1;1,2;0,1;0,1",1,232,0,"{""94"":1,""118"":1,""125"":2,""140"":3,""151"":2,""232"":2}",102,0,"{""19"":2,""20"":1,""21"":1,""24"":2,""27"":1,""28"":2,""30"":1,""33"":1,""36"":3,""37"":2,""38"":1,""40"":3,""41"":1,""43"":1,""44"":1,""45"":1,""47"":1,""49"":1,""50"":1,""51"":1,""52"":1,""53"":1,""54"":2,""55"":2,""57"":3,""58"":1,""60"":5,""65"":1,""66"":1,""67"":1,""76"":2,""79"":2,""85"":1,""86"":2,""94"":1,""102"":1}",54,0,"{""2"":1,""3"":2,""4"":2,""5"":4,""6"":8,""7"":3,""8"":4,""9"":6,""10"":4,""11"":11,""12"":10,""13"":8,""14"":4,""15"":4,""16"":6,""17"":8,""18"":3,""19"":6,""20"":8,""21"":4,""22"":4,""23"":5,""24"":7,""25"":7,""26"":2,""27"":5,""28"":5,""29"":2,""31"":2,""32"":1,""33"":2,""34"":2,""35"":3,""36"":3,""37"":1,""40"":3,""41"":1,""42"":1,""44"":1,""54"":2}",".X....
...X.X
....XX
..X...
XX....
X.X..X",31,8,"{""1"":8,""2"":29,""3"":31,""4"":32,""5"":43,""6"":23,""7"":23,""8"":24,""9"":18,""10"":14,""11"":15,""12"":16,""13"":11,""14"":8,""15"":8,""16"":3,""17"":5,""18"":7,""19"":4,""21"":1,""23"":3,""24"":2,""26"":1,""31"":1}",,,,,,
311,6,11,all,0,04c6074202,0088d01193,3,"1,0;4,2;1,5","0,1;1,2;0,1",1,232,0,"{""94"":1,""118"":1,""125"":3,""140"":3,""151"":2,""232"":1}",94,0,"{""14"":1,""16"":1,""18"":1,""19"":3,""20"":2,""21"":1,""24"":1,""25"":1,""26"":1,""27"":1,""28"":1,""30"":2,""32"":2,""34"":4,""36"":2,""40"":4,""41"":1,""43"":1,""44"":2,""45"":1,""47"":2,""50"":2,""52"":2,""53"":1,""54"":1,""55"":2,""57"":1,""60"":3,""62"":1,""65"":1,""67"":1,""76"":1,""85"":1,""86"":2,""94"":1}",54,2,"{""1"":2,""2"":1,""3"":2,""4"":2,""5"":6,""6"":11,""7"":9,""8"":11,""9"":10,""10"":4,""11"":5,""12"":13,""13"":9,""14"":10,""15"":11,""16"":8,""17"":3,""18"":8,""19"":7,""20"":4,""21"":1,""22"":1,""23"":1,""24"":5,""25"":4,""26"":1,""27"":1,""28"":2,""29"":2,""30"":2,""31"":2,""32"":1,""34"":1,""35"":1,""42"":1,""44"":1,""54"":2}",".X....
...X..
..X.XX
X.....
.XX...
XX..X.",,,,,,,,,
312,6,11,all,0,0c0b80811c,0082c2a845,4,"2,0;3,0;4,0;2,1","0,2;0,2;0,1;1,2",1,232,0,"{""94"":1,""118"":1,""125"":2,""140"":3,""151"":3,""232"":1}",87,0,"{""11"":1,""14"":1,""16"":1,""18"":1,""19"":1,""20"":2,""21"":1,""24"":2,""27"":1,""29"":1,""30"":3,""32"":1,""33"":1,""34"":4,""36"":3,""40"":3,""41"":3,""43"":1,""44"":1,""45"":1,""47"":1,""49"":2,""50"":1,""52"":1,""53"":1,""54"":2,""55"":1,""57"":2,""60"":1,""65"":2,""66"":2,""67"":1,""76"":2,""85"":1,""86"":1,""87"":1}",42,0,"{""2"":1,""3"":6,""4"":10,""5"":12,""6"":10,""7"":8,""8"":6,""9"":9,""10"":4,""11"":5,""12"":8,""13"":10,""14"":8,""15"":6,""16"":6,""17"":3,""18"":8,""19"":6,""20"":5,""21"":1,""22"":6,""23"":4,""24"":4,""25"":3,""26"":1,""27"":3,""28"":1,""29"":1,""30"":1,""31"":2,""34"":1,""35"":2,""37"":2,""38"":1,""42"":1}","..XXX.
..X...
...X..
.....X
XX.X..
....XX",22,30,"{""1"":30,""2"":48,""3"":63,""4"":41,""5"":31,""6"":18,""7"":19,""8"":15,""9"":15,""10"":13,""11"":10,""12"":7,""13"":4,""14"":4,""15"":4,""16"":4,""17"":2,""21"":1,""22"":1}",,,,,,
313,6,11,all,0,01c200aa1c,004b878810,3,"2,0;1,4;2,5","0,2;1,1;0,2",1,232,0,"{""94"":1,""118"":1,""125"":2,""140"":3,""151"":3,""232"":1}",94,0,"{""4"":1,""8"":1,""10"":1,""11"":1,""16"":2,""18"":1,""20"":2,""21"":2,""24"":2,""28"":1,""29"":1,""30"":2,""31"":1,""32"":1,""33"":1,""34"":2,""36"":4,""39"":1,""40"":2,""41"":3,""43"":1,""45"":1,""49"":2,""50"":1,""51"":1,""52"":1,""53"":1,""54"":1,""57"":1,""58"":1,""60"":2,""62"":1,""65"":1,""66"":1,""67"":1,""79"":2,""85"":1,""86"":1,""87"":1,""94"":1}",54,4,"{""1"":4,""2"":15,""3"":6,""4"":9,""5"":17,""6"":11,""7"":5,""8"":13,""9"":5,""10"":3,""11"":4,""12"":7,""13"":7,""14"":9,""15"":4,""16"":3,""17"":4,""18"":3,""19"":3,""20"":3,""22"":3,""23"":1,""24"":2,""25"":2,""26"":3,""27"":2,""28"":2,""30"":1,""31"":1,""34"":1,""35"":3,""36"":3,""37"":1,""38"":1,""41"":1,""42"":1,""44"":1,""54"":1}","..XXX.
...X.X
.X.X..
......
.X....
XXX...",,,,,,,,,
314,6,11,all,0,01f000a21c,0049878882,3,"2,0;4,4;2,5","0,2;1,1;0,2",1,232,0,"{""94"":1,""118"":1,""125"":2,""140"":3,""151"":3,""232"":1}",87,0,"{""4"":1,""8"":1,""15"":1,""16"":1,""19"":1,""20"":1,""21"":3,""24"":1,""28"":1,""29"":1,""30"":3,""31"":2,""32"":1,""33"":1,""34"":2,""36"":6,""39"":1,""40"":3,""41"":2,""43"":1,""45"":1,""49"":2,""50"":1,""53"":1,""54"":2,""57"":2,""58"":1,""60"":2,""62"":1,""65"":1,""66"":1,""67"":1,""76"":1,""79"":1,""85"":1,""86"":1,""87"":1}",42,3,"{""1"":3,""2"":11,""3"":5,""4"":11,""5"":17,""6"":6,""7"":6,""8"":10,""9"":4,""10"":4,""11"":6,""12"":10,""13"":6,""14"":7,""15"":4,""16"":9,""17"":6,""18"":3,""19"":7,""20"":3,""21"":2,""23"":3,""24"":3,""25"":5,""26"":2,""27"":2,""28"":1,""30"":1,""31"":1,""35"":3,""37"":2,""40"":1,""42"":1}","..XXX.
...X..
.X.X..
......
....XX
XXX...",,,,,,,,,
315,6,11,all,0,08902c016c,02a80c9421,4,"2,0;3,0;2,1;1,5","0,2;0,2;1,2;0,1",1,232,0,"{""94"":1,""118"":1,""125"":2,""140"":2,""151"":3,""232"":2}",102,0,"{""15"":1,""24"":1,""25"":2,""28"":1,""29"":1,""30"":2,""31"":1,""32"":1,""34"":1,""36"":1,""37"":1,""38"":1,""39"":1,""41"":3,""44"":1,""45"":1,""47"":1,""49"":3,""51"":2,""52"":2,""53"":1,""54"":3,""55"":2,""57"":3,""58"":2,""60"":2,""65"":1,""66"":1,""67"":1,""76"":1,""79"":2,""85"":2,""86"":2,""87"":2,""94"":1,""102"":1}",54,0,"{""4"":4,""5"":1,""6"":2,""7"":1,""8"":8,""9"":5,""10"":4,""11"":1,""12"":11,""13"":4,""14"":4,""15"":7,""16"":8,""17"":7,""18"":10,""19"":4,""20"":9,""21"":4,""22"":8,""23"":8,""24"":2,""25"":2,""26"":2,""27"":7,""28"":4,""29"":5,""30"":2,""31"":2,""32"":2,""33"":3,""34"":2,""35"":5,""36"":3,""37"":2,""38"":2,""40"":2,""41"":2,""42"":2,""44"":1,""45"":2,""54"":1}","..XX.X
X.X...
......
XX.X..
....X.
.X...X",31,2,"{""1"":2,""2"":12,""3"":21,""4"":21,""5"":25,""6"":29,""7"":28,""8"":19,""9"":21,""10"":26,""11"":16,""12"":19,""13"":15,""14"":15,""15"":14,""16"":7,""17"":6,""18"":10,""19"":5,""20"":4,""21"":1,""22"":2,""23"":3,""24"":4,""25"":2,""26"":1,""27"":1,""31"":1}",,,,,,
316,6,11,all,0,0c102c016c,00c2d00a0d,4,"2,0;3,0;3,3;4,5","0,2;0,2;2,2;0,1",1,232,0,"{""94"":1,""118"":1,""125"":2,""140"":2,""151"":3,""232"":2}",102,0,"{""18"":1,""24"":2,""25"":2,""28"":1,""29"":1,""30"":2,""31"":1,""32"":1,""34"":1,""36"":3,""37"":1,""38"":1,""39"":1,""40"":2,""41"":2,""44"":1,""45"":1,""47"":1,""49"":3,""51"":1,""52"":1,""53"":1,""54"":3,""55"":1,""57"":1,""58"":2,""60"":3,""65"":1,""66"":1,""67"":1,""76"":2,""79"":1,""85"":2,""86"":2,""87"":2,""94"":1,""102"":1}",54,0,"{""4"":3,""5"":2,""6"":5,""7"":3,""8"":9,""9"":3,""10"":7,""11"":3,""12"":11,""13"":4,""14"":5,""15"":4,""16"":9,""17"":10,""18"":10,""19"":6,""20"":7,""21"":3,""22"":7,""23"":6,""24"":3,""25"":2,""26"":2,""27"":6,""28"":3,""29"":4,""30"":1,""31"":2,""33"":3,""34"":2,""35"":4,""36"":3,""37"":3,""38"":2,""40"":1,""41"":1,""42"":2,""44"":1,""45"":2,""54"":1}","..XX.X
X.X...
......
XX.X..
....X.
....XX",31,8,"{""1"":8,""2"":15,""3"":26,""4"":33,""5"":20,""6"":30,""7"":32,""8"":20,""9"":21,""10"":24,""11"":16,""12"":16,""13"":12,""14"":8,""15"":11,""16"":8,""17"":4,""18"":8,""19"":3,""20"":3,""22"":1,""23"":3,""24"":4,""25"":1,""26"":1,""27"":1,""31"":1}",,,,,,
317,6,11,all,0,08b040506c,01a0141631,4,"2,0;3,0;0,1;0,2","0,2;0,2;0,1;0,2",1,232,0,"{""94"":1,""118"":1,""125"":1,""140"":3,""151"":3,""232"":2}",102,0,"{""10"":1,""16"":2,""21"":1,""24"":1,""26"":1,""27"":1,""30"":1,""32"":2,""33"":2,""34"":1,""36"":4,""37"":1,""40"":3,""41"":2,""43"":1,""45"":1,""47"":1,""49"":2,""50"":2,""53"":2,""54"":1,""55"":3,""57"":3,""58"":1,""60"":2,""65"":2,""66"":1,""67"":1,""76"":1,""79"":2,""85"":2,""87"":2,""94"":1,""102"":1}",45,0,"{""2"":1,""3"":2,""4"":2,""5"":8,""6"":7,""7"":6,""8"":8,""9"":5,""10"":7,""11"":4,""12"":8,""13"":10,""14"":13,""15"":7,""16"":9,""17"":5,""18"":7,""19"":2,""20"":8,""21"":2,""22"":7,""23"":5,""24"":2,""25"":4,""26"":3,""27"":2,""29"":1,""30"":3,""31"":2,""32"":1,""33"":1,""35"":3,""36"":2,""38"":2,""40"":2,""44"":2,""45"":2}","..XX.X
X.....
X.X...
....X.
....XX
.X...X",23,17,"{""1"":17,""2"":40,""3"":38,""4"":43,""5"":49,""6"":30,""7"":24,""8"":19,""9"":16,""10"":10,""11"":11,""12"":5,""13"":4,""14"":5,""15"":5,""16"":2,""17"":4,""18"":3,""19"":1,""20"":1,""22"":2,""23"":1}",,,,,,
318,6,11,all,0,00e228406c,00e228406c,4,"2,0;3,0;0,1;1,4","0,2;0,2;0,1;1,1",1,232,0,"{""94"":2,""118"":1,""125"":1,""140"":3,""151"":2,""232"":2}",94,0,"{""8"":1,""15"":1,""19"":2,""21"":2,""24"":2,""25"":1,""26"":1,""27"":1,""28"":1,""30"":1,""32"":2,""33"":1,""34"":2,""36"":1,""40"":2,""41"":1,""44"":1,""45"":2,""47"":1,""49"":1,""50"":2,""51"":1,""52"":1,""53"":1,""55"":6,""57"":3,""58"":1,""60"":2,""65"":1,""66"":1,""67"":1,""76"":2,""79"":1,""80"":1,""85"":1,""86"":1,""87"":1,""94"":1}",44,0,"{""2"":5,""3"":1,""4"":5,""5"":6,""6"":5,""7"":2,""8"":12,""9"":3,""10"":6,""11"":8,""12"":9,""13"":7,""14"":10,""15"":7,""16"":8,""17"":3,""18"":8,""19"":6,""20"":8,""21"":1,""22"":10,""23"":1,""24"":2,""25"":8,""26"":2,""27"":1,""28"":5,""29"":3,""30"":1,""31"":2,""32"":1,""35"":2,""37"":3,""38"":1,""40"":1,""41"":1,""44"":1}","..XX.X
X.....
..X...
.X.X..
.X...X
XX....",22,16,"{""1"":16,""2"":41,""3"":34,""4"":40,""5"":37,""6"":30,""7"":25,""8"":23,""9"":21,""10"":17,""11"":15,""12"":10,""13"":5,""14"":4,""16"":5,""17"":1,""18"":2,""19"":2,""22"":2}",,,,,,
319,6,11,all,0,00f028406c,00f028406c,4,"2,0;2,2;1,3;4,4","0,2;2,2;1,2;1,1",1,232,0,"{""94"":2,""118"":1,""125"":1,""140"":3,""151"":2,""232"":2}",87,0,"{""8"":1,""15"":1,""16"":1,""19"":1,""24"":2,""25"":1,""27"":1,""28"":1,""30"":2,""32"":1,""33"":1,""34"":2,""36"":1,""38"":1,""40"":2,""41"":2,""44"":1,""45"":2,""47"":1,""49"":1,""50"":2,""51"":1,""52"":1,""53"":1,""54"":2,""55"":6,""57"":3,""58"":1,""60"":2,""65"":1,""66"":1,""67"":1,""76"":2,""79"":1,""80"":1,""85"":1,""86"":1,""87"":1}",41,0,"{""2"":5,""4"":4,""5"":4,""6"":6,""7"":3,""8"":9,""9"":4,""10"":6,""11"":3,""12"":7,""13"":7,""14"":9,""15"":7,""16"":8,""17"":6,""18"":10,""19"":7,""20"":11,""21"":1,""22"":10,""23"":5,""24"":4,""25"":8,""26"":2,""27"":1,""28"":5,""29"":2,""30"":2,""31"":1,""32"":1,""35"":2,""37"":3,""40"":1,""41"":1}","..XX.X
X.....
..X...
.X.X..
....XX
XX....",22,9,"{""1"":9,""2"":38,""3"":25,""4"":39,""5"":40,""6"":30,""7"":32,""8"":23,""9"":22,""10"":19,""11"":15,""12"":11,""13"":7,""14"":7,""15"":1,""16"":6,""17"":1,""18"":1,""19"":2,""22"":2}",,,,,,
320,6,11,all,0,08b044422c,0101a301a3,4,"2,0;3,0;5,0;3,1","0,2;0,2;0,0;1,2",1,232,0,"{""94"":1,""118"":1,""125"":2,""140"":2,""151"":3,""232"":2}",102,0,"{""16"":2,""19"":1,""20"":1,""24"":1,""26"":1,""27"":1,""29"":1,""30"":2,""31"":1,""33"":1,""34"":2,""36"":4,""37"":1,""40"":3,""41"":1,""45"":1,""47"":2,""49"":3,""50"":2,""53"":1,""54"":2,""55"":3,""57"":2,""58"":2,""60"":2,""65"":2,""66"":2,""67"":1,""79"":1,""85"":2,""87"":2,""94"":1,""102"":1}",45,0,"{""2"":1,""3"":1,""4"":3,""5"":7,""6"":4,""7"":5,""8"":11,""9"":8,""10"":5,""11"":6,""12"":8,""13"":12,""14"":14,""15"":6,""16"":7,""17"":4,""18"":8,""19"":4,""20"":7,""21"":2,""22"":5,""23"":7,""24"":2,""25"":3,""26"":1,""27"":2,""28"":1,""29"":1,""30"":2,""31"":3,""32"":1,""33"":2,""34"":1,""35"":3,""36"":1,""37"":1,""38"":2,""40"":1,""44"":1,""45"":2}","..XX.X
...X..
..X...
X...X.
....XX
.X...X",24,13,"{""1"":13,""2"":28,""3"":46,""4"":48,""5"":49,""6"":32,""7"":18,""8"":18,""9"":23,""10"":11,""11"":12,""12"":7,""13"":2,""14"":5,""15"":6,""16"":1,""17"":4,""18"":3,""21"":2,""23"":1,""24"":1}",,,,,,
321,6,11,all,0,0c050c842c,00e8c0408d,3,"2,0;3,0;4,1","0,2;0,2;1,1",1,232,0,"{""94"":1,""118"":1,""125"":2,""140"":2,""151"":3,""232"":2}",102,0,"{""19"":1,""20"":2,""21"":1,""24"":1,""27"":1,""28"":2,""30"":2,""31"":1,""33"":1,""34"":1,""36"":2,""37"":2,""38"":1,""40"":3,""41"":1,""43"":1,""44"":1,""45"":1,""47"":1,""49"":1,""51"":1,""52"":1,""53"":1,""54"":2,""55"":1,""57"":1,""58"":2,""60"":4,""65"":2,""66"":1,""67"":1,""76"":2,""79"":1,""85"":2,""86"":2,""87"":2,""94"":1,""102"":1}",54,1,"{""1"":1,""3"":1,""4"":1,""5"":5,""6"":7,""7"":5,""8"":2,""9"":7,""10"":7,""11"":6,""12"":12,""13"":9,""14"":6,""15"":6,""16"":2,""17"":7,""18"":3,""19"":8,""20"":7,""21"":3,""22"":5,""23"":2,""24"":5,""25"":6,""27"":5,""28"":5,""29"":3,""30"":2,""31"":2,""33"":3,""34"":2,""35"":3,""36"":4,""37"":4,""40"":2,""41"":1,""42"":1,""44"":1,""45"":2,""54"":2}","..XX.X
....X.
...X..
XX....
X.X...
....XX",,,,,,,,,
322,6,11,all,0,040b08582c,00b442804d,4,"2,0;3,0;5,0;5,1","0,2;0,2;0,0;0,1",1,232,0,"{""94"":1,""118"":1,""125"":2,""140"":3,""151"":3,""232"":1}",87,0,"{""10"":1,""11"":1,""15"":1,""19"":1,""20"":2,""21"":1,""26"":1,""27"":1,""29"":1,""30"":1,""31"":2,""32"":2,""33"":2,""34"":1,""36"":4,""37"":1,""40"":4,""41"":3,""43"":1,""45"":1,""47"":2,""49"":1,""50"":1,""53"":1,""55"":1,""57"":3,""58"":2,""60"":2,""65"":3,""66"":2,""67"":1,""76"":1,""79"":1,""86"":1,""87"":1}",40,0,"{""2"":3,""3"":7,""4"":6,""5"":13,""6"":9,""7"":3,""8"":6,""9"":5,""10"":3,""11"":6,""12"":11,""13"":12,""14"":14,""15"":5,""16"":6,""17"":3,""18"":4,""19"":7,""20"":5,""21"":2,""22"":6,""23"":4,""24"":4,""25"":2,""26"":1,""27"":3,""28"":1,""29"":1,""31"":2,""34"":1,""35"":4,""36"":1,""37"":3,""38"":1,""40"":1}","..XX.X
.....X
X.X...
.X....
XX.X..
....X.",23,38,"{""1"":38,""2"":56,""3"":56,""4"":36,""5"":18,""6"":21,""7"":19,""8"":12,""9"":14,""10"":14,""11"":13,""12"":5,""13"":7,""14"":4,""15"":7,""16"":3,""17"":2,""18"":1,""19"":1,""21"":1,""22"":1,""23"":1}",,,,,,
323,6,11,all,0,0c1540902c,00ea0a400d,3,"2,0;0,2;3,2","0,2;0,2;2,2",1,232,0,"{""94"":1,""118"":1,""125"":2,""140"":2,""151"":3,""232"":2}",102,0,"{""10"":1,""11"":1,""19"":2,""20"":1,""21"":1,""25"":1,""26"":1,""27"":1,""30"":1,""31"":1,""33"":1,""34"":1,""36"":1,""37"":1,""39"":1,""40"":2,""41"":1,""43"":2,""44"":1,""45"":1,""47"":1,""49"":3,""50"":1,""51"":2,""52"":2,""53"":2,""54"":1,""55"":1,""57"":1,""58"":1,""60"":2,""65"":3,""66"":1,""67"":1,""76"":2,""79"":1,""85"":2,""86"":1,""87"":2,""94"":1,""102"":1}",45,3,"{""1"":3,""2"":2,""3"":3,""4"":5,""5"":9,""6"":6,""7"":5,""8"":4,""9"":7,""10"":4,""11"":6,""12"":9,""13"":6,""14"":6,""15"":9,""16"":3,""17"":3,""18"":5,""19"":5,""20"":6,""21"":3,""22"":5,""23"":2,""24"":5,""25"":2,""26"":3,""27"":4,""28"":4,""29"":5,""30"":3,""31"":3,""33"":2,""34"":1,""35"":3,""36"":2,""37"":3,""38"":2,""40"":2,""41"":1,""44"":2,""45"":2}","..XX.X
......
X..X..
....X.
X.X.X.
....XX",,,,,,,,,
324,6,11,all,0,0443c1402c,00c2a20364,4,"2,0;3,0;5,0;4,2","0,2;0,2;0,0;1,2",1,232,0,"{""94"":1,""118"":1,""125"":2,""140"":2,""151"":3,""232"":2}",94,0,"{""15"":1,""16"":1,""20"":1,""21"":1,""24"":1,""28"":1,""29"":1,""30"":3,""32"":1,""33"":1,""34"":2,""36"":2,""37"":1,""39"":1,""40"":2,""41"":1,""45"":1,""47"":1,""49"":3,""50"":1,""51"":1,""52"":1,""53"":1,""54"":1,""55"":3,""57"":2,""58"":2,""60"":4,""65"":2,""66"":2,""67"":1,""76"":1,""79"":1,""80"":1,""85"":1,""86"":1,""87"":2,""94"":1}",54,0,"{""3"":3,""4"":4,""5"":4,""6"":7,""7"":5,""8"":8,""9"":7,""10"":5,""11"":5,""12"":8,""13"":11,""14"":5,""15"":8,""16"":6,""17"":5,""18"":3,""19"":10,""20"":5,""21"":4,""22"":5,""23"":7,""24"":2,""25"":4,""26"":6,""27"":3,""28"":3,""29"":4,""31"":4,""34"":1,""35"":4,""36"":2,""37"":1,""38"":2,""40"":1,""44"":1,""45"":1,""54"":1}","..XX.X
......
..X.X.
....XX
XX....
X...X.",27,29,"{""1"":29,""2"":33,""3"":49,""4"":34,""5"":23,""6"":23,""7"":22,""8"":26,""9"":17,""10"":18,""11"":11,""12"":8,""13"":6,""14"":7,""15"":7,""16"":3,""17"":4,""18"":3,""19"":2,""20"":1,""21"":1,""23"":2,""27"":1}",,,,,,
325,6,11,all,0,0c190c810c,0043ab0106,3,"0,4;3,4;4,4","0,1;1,2;1,1",1,232,0,"{""94"":1,""118"":1,""125"":3,""140"":2,""151"":3,""232"":1}",94,0,"{""19"":2,""20"":2,""21"":2,""24"":1,""26"":1,""27"":1,""28"":1,""29"":1,""30"":2,""31"":2,""33"":1,""34"":3,""36"":4,""37"":1,""39"":1,""40"":5,""43"":1,""45"":1,""47"":1,""49"":2,""50"":1,""53"":1,""54"":2,""55"":1,""57"":1,""58"":3,""60"":2,""65"":2,""66"":1,""76"":1,""85"":1,""86"":1,""87"":2,""94"":1}",54,1,"{""1"":1,""3"":3,""4"":6,""5"":6,""6"":5,""7"":2,""8"":10,""9"":7,""10"":5,""11"":11,""12"":14,""13"":10,""14"":9,""15"":7,""16"":6,""17"":7,""18"":7,""19"":8,""20"":7,""21"":2,""22"":5,""23"":2,""24"":1,""25"":2,""26"":2,""27"":3,""29"":1,""30"":1,""31"":3,""34"":1,""35"":2,""36"":1,""37"":2,""38"":2,""42"":1,""44"":1,""45"":1,""54"":1}","..XX..
..X...
...X..
XX....
X..XX.
....XX",,,,,,,,,
326,6,11,all,0,0c0b88810c,0086c2a045,3,"1,3;5,3;3,4","1,2;0,2;1,2",1,232,0,"{""94"":1,""118"":1,""125"":3,""140"":2,""151"":3,""232"":1}",87,0,"{""11"":1,""16"":1,""19"":1,""20"":3,""24"":1,""26"":1,""27"":1,""29"":1,""30"":3,""31"":2,""33"":1,""34"":4,""36"":4,""37"":1,""40"":4,""41"":1,""43"":1,""45"":1,""47"":2,""49"":2,""50"":1,""53"":1,""54"":2,""55"":1,""57"":2,""58"":2,""60"":1,""65"":2,""66"":2,""67"":1,""76"":1,""85"":1,""86"":1,""87"":1}",42,1,"{""1"":1,""3"":3,""4"":8,""5"":9,""6"":8,""7"":3,""8"":8,""9"":10,""10"":4,""11"":8,""12"":12,""13"":11,""14"":9,""15"":6,""16"":6,""17"":4,""18"":6,""19"":7,""20"":8,""21"":1,""22"":6,""23"":5,""24"":3,""25"":3,""26"":1,""27"":3,""29"":1,""30"":1,""31"":2,""34"":1,""35"":3,""37"":2,""38"":1,""42"":1}","..XX..
..X...
...X..
.X...X
XX.X..
....XX",,,,,,,,,
327,6,11,all,0,00f444420c,0086c2a045,3,"0,3;4,3;2,4","0,2;1,2;1,2",1,232,0,"{""94"":1,""118"":1,""125"":3,""140"":2,""151"":3,""232"":1}",87,0,"{""11"":1,""16"":1,""19"":1,""20"":3,""24"":1,""26"":1,""27"":1,""29"":1,""30"":3,""31"":2,""33"":1,""34"":4,""36"":4,""37"":1,""40"":4,""41"":1,""43"":1,""45"":1,""47"":2,""49"":2,""50"":1,""53"":1,""54"":2,""55"":1,""57"":2,""58"":2,""60"":1,""65"":2,""66"":2,""67"":1,""76"":1,""85"":1,""86"":1,""87"":1}",42,1,"{""1"":1,""3"":3,""4"":8,""5"":9,""6"":8,""7"":3,""8"":8,""9"":10,""10"":4,""11"":8,""12"":12,""13"":11,""14"":9,""15"":6,""16"":6,""17"":4,""18"":6,""19"":7,""20"":8,""21"":1,""22"":6,""23"":5,""24"":3,""25"":3,""26"":1,""27"":3,""29"":1,""30"":1,""31"":2,""34"":1,""35"":3,""37"":2,""38"":1,""42"":1}","..XX..
...X..
..X...
X...X.
..X.XX
XX....",,,,,,,,,
328,6,11,all,0,00e6c0420c,0043ab0106,3,"1,4;2,4;5,4","1,1;1,2;0,1",1,232,0,"{""94"":1,""118"":1,""125"":3,""140"":2,""151"":3,""232"":1}",94,0,"{""19"":2,""20"":2,""21"":2,""24"":1,""26"":1,""27"":1,""28"":1,""29"":1,""30"":2,""31"":2,""33"":1,""34"":3,""36"":4,""37"":1,""39"":1,""40"":5,""43"":1,""45"":1,""47"":1,""49"":2,""50"":1,""53"":1,""54"":2,""55"":1,""57"":1,""58"":3,""60"":2,""65"":2,""66"":1,""76"":1,""85"":1,""86"":1,""87"":2,""94"":1}",54,1,"{""1"":1,""3"":3,""4"":6,""5"":6,""6"":5,""7"":2,""8"":10,""9"":7,""10"":5,""11"":11,""12"":14,""13"":10,""14"":9,""15"":7,""16"":6,""17"":7,""18"":7,""19"":8,""20"":7,""21"":2,""22"":5,""23"":2,""24"":1,""25"":2,""26"":2,""27"":3,""29"":1,""30"":1,""31"":3,""34"":1,""35"":2,""36"":1,""37"":2,""38"":2,""42"":1,""44"":1,""45"":1,""54"":1}","..XX..
...X..
..X...
....XX
.XX..X
XX....",,,,,,,,,
329,6,11,all,0,0a400d0474,02e20b0025,5,"2,0;4,0;5,0;0,1;0,3","0,2;0,1;0,0;0,1;0,2",1,232,0,"{""118"":1,""125"":2,""140"":2,""151"":3,""232"":3}",102,0,"{""19"":2,""26"":1,""31"":1,""32"":1,""34"":1,""39"":2,""40"":1,""41"":2,""43"":1,""44"":1,""49"":2,""50"":2,""51"":1,""52"":1,""53"":1,""54"":2,""55"":1,""57"":2,""58"":3,""60"":4,""62"":1,""65"":4,""66"":1,""67"":2,""76"":2,""79"":2,""80"":1,""85"":2,""86"":2,""87"":3,""94"":1,""102"":2}",54,0,"{""4"":1,""5"":1,""6"":1,""7"":1,""8"":4,""9"":5,""10"":3,""11"":6,""12"":2,""13"":8,""14"":7,""15"":5,""16"":2,""17"":4,""18"":2,""19"":4,""20"":5,""21"":5,""22"":8,""23"":7,""24"":6,""25"":8,""26"":7,""27"":6,""28"":3,""29"":5,""30"":6,""31"":4,""32"":2,""33"":3,""34"":2,""35"":8,""36"":5,""37"":6,""38"":3,""40"":2,""41"":1,""42"":1,""44"":1,""45"":4,""54"":1}","..X.XX
X...X.
....X.
XX....
......
X..X.X",31,0,"{""2"":4,""3"":15,""4"":14,""5"":25,""6"":24,""7"":31,""8"":33,""9"":25,""10"":22,""11"":15,""12"":17,""13"":10,""14"":19,""15"":4,""16"":21,""17"":11,""18"":10,""19"":6,""20"":3,""21"":5,""22"":6,""23"":4,""24"":3,""25"":1,""27"":1,""31"":1}",20,6,"{""1"":6,""2"":53,""3"":79,""4"":69,""5"":64,""6"":59,""7"":40,""8"":29,""9"":18,""10"":17,""11"":6,""12"":9,""13"":4,""14"":2,""15"":2,""16"":1,""17"":2,""18"":1,""20"":1}",,,
330,6,11,all,0,0a60090474,02e2090065,5,"2,0;4,0;5,0;0,1;5,4","0,2;0,1;0,0;0,1;0,1",1,232,0,"{""118"":1,""125"":2,""140"":3,""151"":2,""232"":3}",102,0,"{""19"":2,""26"":1,""31"":1,""32"":1,""34"":1,""39"":2,""40"":1,""41"":2,""44"":2,""49"":2,""50"":3,""51"":1,""52"":2,""54"":1,""55"":2,""57"":4,""58"":3,""60"":5,""62"":1,""65"":2,""66"":1,""67"":1,""76"":3,""79"":2,""80"":1,""85"":1,""86"":2,""87"":2,""94"":1,""102"":2}",54,0,"{""4"":1,""5"":1,""6"":1,""8"":4,""9"":4,""10"":3,""11"":6,""13"":9,""14"":6,""15"":6,""16"":3,""17"":2,""18"":3,""19"":8,""20"":10,""21"":3,""22"":11,""23"":7,""24"":7,""25"":8,""26"":7,""27"":4,""28"":6,""29"":7,""30"":6,""31"":4,""32"":3,""33"":2,""35"":7,""36"":3,""37"":6,""38"":1,""40"":3,""41"":1,""45"":1,""54"":1}","..X.XX
X...X.
....X.
.X....
.....X
X..X.X",25,0,"{""2"":3,""3"":9,""4"":14,""5"":25,""6"":24,""7"":38,""8"":29,""9"":26,""10"":29,""11"":26,""12"":21,""13"":12,""14"":21,""15"":3,""16"":15,""17"":10,""18"":9,""19"":5,""20"":2,""21"":2,""22"":3,""23"":2,""24"":1,""25"":1}",16,5,"{""1"":5,""2"":36,""3"":84,""4"":85,""5"":75,""6"":55,""7"":49,""8"":29,""9"":12,""10"":17,""11"":5,""12"":3,""13"":4,""14"":1,""15"":1,""16"":1}",,,
331,6,11,all,0,00c01603b4,00c01603b4,3,"2,0;1,1;2,3","0,2;1,1;2,2",1,232,0,"{""94"":1,""118"":1,""125"":2,""140"":2,""151"":3,""232"":2}",87,0,"{""11"":1,""16"":2,""19"":1,""20"":1,""21"":1,""24"":1,""25"":1,""26"":1,""28"":1,""29"":1,""30"":1,""31"":1,""33"":1,""34"":1,""36"":1,""37"":1,""39"":1,""40"":1,""41"":2,""44"":1,""45"":1,""47"":1,""49"":2,""50"":2,""52"":2,""54"":3,""57"":2,""58"":2,""60"":3,""62"":1,""65"":4,""66"":1,""67"":2,""79"":2,""80"":1,""85"":2,""86"":1,""87"":1}",45,3,"{""1"":3,""2"":4,""3"":2,""4"":6,""5"":7,""6"":11,""7"":3,""8"":12,""9"":5,""10"":5,""11"":3,""12"":2,""13"":8,""14"":5,""15"":1,""16"":7,""17"":5,""18"":5,""19"":8,""20"":8,""21"":4,""22"":5,""23"":7,""24"":4,""25"":3,""26"":4,""27"":3,""28"":3,""29"":1,""30"":2,""31"":4,""33"":1,""34"":1,""35"":7,""36"":3,""37"":1,""38"":1,""45"":1}","..X.XX
.XXX..
.....X
X.X...
......
XX....",,,,,,,,,
332,6,11,all,0,04c6060234,0143890868,4,"2,0;4,0;5,0;1,4","0,2;0,1;0,0;1,1",1,232,0,"{""118"":1,""125"":2,""140"":3,""151"":3,""232"":2}",94,0,"{""14"":1,""16"":1,""20"":2,""26"":1,""29"":1,""30"":2,""32"":2,""34"":1,""36"":3,""40"":4,""41"":3,""44"":1,""47"":2,""49"":1,""50"":3,""52"":1,""53"":1,""55"":1,""57"":2,""60"":4,""62"":1,""65"":4,""66"":1,""67"":2,""76"":1,""79"":2,""80"":1,""85"":2,""86"":2,""87"":1,""94"":1}",54,0,"{""3"":1,""4"":2,""5"":7,""6"":7,""7"":6,""8"":4,""9"":2,""10"":5,""11"":4,""12"":6,""13"":12,""14"":10,""15"":9,""16"":8,""17"":4,""18"":7,""19"":6,""20"":2,""21"":3,""22"":6,""23"":5,""24"":7,""25"":4,""26"":3,""27"":4,""28"":3,""29"":3,""30"":3,""31"":4,""32"":1,""33"":1,""34"":1,""35"":6,""36"":3,""37"":1,""38"":2,""44"":1,""45"":1,""54"":1}","..X.XX
...X..
.....X
X.....
.XX...
XX..X.",25,11,"{""1"":11,""2"":28,""3"":27,""4"":27,""5"":39,""6"":44,""7"":25,""8"":19,""9"":20,""10"":20,""11"":12,""12"":12,""13"":10,""14"":10,""15"":1,""16"":7,""17"":7,""18"":6,""19"":1,""20"":1,""21"":1,""23"":1,""25"":1}",,,,,,
333,6,11,all,0,02a8085434,01281700d1,3,"4,0;2,2;1,3","0,1;2,2;1,2",1,232,0,"{""94"":1,""118"":1,""125"":2,""140"":3,""151"":3,""232"":1}",94,0,"{""10"":1,""15"":1,""19"":2,""21"":1,""24"":1,""27"":1,""28"":1,""29"":1,""30"":1,""31"":2,""32"":1,""33"":2,""36"":1,""37"":1,""39"":1,""40"":2,""41"":4,""43"":1,""44"":1,""45"":1,""47"":1,""49"":2,""50"":1,""51"":2,""52"":2,""54"":1,""55"":2,""57"":3,""58"":2,""60"":3,""62"":1,""65"":1,""66"":2,""79"":1,""86"":1,""87"":2,""94"":1}",54,1,"{""1"":1,""2"":4,""3"":3,""4"":4,""5"":9,""6"":7,""7"":1,""8"":3,""9"":9,""10"":2,""11"":4,""12"":8,""13"":9,""14"":5,""15"":8,""16"":8,""17"":4,""18"":9,""19"":9,""20"":8,""21"":6,""22"":7,""23"":4,""24"":3,""25"":5,""27"":5,""28"":2,""29"":3,""30"":2,""31"":1,""32"":1,""35"":3,""36"":2,""37"":2,""38"":2,""41"":1,""54"":1}","..X.XX
....X.
X.X...
.X....
...X.X
.X.X..",,,,,,,,,
334,6,11,all,0,028d028434,008188bc28,4,"2,0;4,0;5,0;3,2","0,2;0,1;0,0;2,2",1,232,0,"{""94"":1,""118"":1,""125"":2,""140"":3,""151"":3,""232"":1}",94,0,"{""10"":1,""16"":1,""18"":1,""20"":3,""24"":1,""25"":1,""29"":1,""30"":1,""31"":1,""32"":1,""33"":1,""34"":2,""36"":2,""37"":1,""38"":1,""39"":1,""40"":3,""41"":4,""43"":1,""44"":1,""45"":2,""47"":1,""49"":1,""50"":1,""51"":1,""52"":2,""54"":1,""57"":1,""58"":1,""60"":3,""62"":1,""65"":3,""66"":2,""67"":1,""79"":2,""86"":1,""87"":1,""94"":1}",54,0,"{""2"":1,""3"":3,""4"":5,""5"":7,""6"":6,""7"":8,""8"":10,""9"":4,""10"":8,""11"":6,""12"":6,""13"":12,""14"":7,""15"":5,""16"":8,""17"":5,""18"":6,""19"":7,""20"":7,""21"":6,""22"":5,""23"":4,""24"":4,""26"":1,""27"":5,""28"":3,""29"":1,""31"":2,""34"":2,""35"":2,""36"":4,""37"":1,""38"":2,""41"":1,""54"":1}","..X.XX
....X.
...X.X
......
X.XX..
.X.X..",26,11,"{""1"":11,""2"":39,""3"":51,""4"":49,""5"":32,""6"":29,""7"":19,""8"":22,""9"":17,""10"":10,""11"":6,""12"":7,""13"":9,""14"":6,""15"":6,""16"":4,""17"":3,""18"":5,""19"":3,""23"":1,""26"":1}",,,,,,
335,6,11,all,0,08290d0434,0065c0208b,4,"2,0;4,1;4,2;3,4","0,2;1,1;1,2;1,2",1,232,0,"{""118"":1,""125"":3,""140"":3,""151"":2,""232"":2}",102,0,"{""14"":1,""18"":1,""19"":1,""20"":1,""21"":1,""26"":1,""30"":1,""31"":3,""34"":1,""36"":1,""39"":1,""40"":3,""41"":3,""43"":2,""44"":1,""49"":1,""50"":2,""51"":2,""52"":2,""53"":1,""54"":2,""55"":1,""57"":1,""58"":4,""60"":4,""65"":3,""66"":1,""76"":2,""79"":1,""85"":2,""86"":1,""87"":1,""94"":1,""102"":1}",54,0,"{""2"":2,""3"":3,""4"":3,""5"":7,""6"":4,""7"":5,""8"":5,""9"":4,""10"":6,""11"":3,""12"":4,""13"":11,""14"":6,""15"":9,""16"":4,""17"":6,""18"":4,""19"":4,""20"":6,""21"":5,""22"":8,""23"":6,""24"":8,""25"":3,""26"":1,""27"":2,""28"":3,""29"":4,""30"":3,""31"":5,""32"":1,""33"":2,""34"":2,""35"":3,""36"":3,""37"":4,""40"":1,""42"":1,""44"":1,""45"":2,""54"":1}","..X.XX
....X.
....X.
XX....
X..X.X
.....X",31,19,"{""1"":19,""2"":42,""3"":32,""4"":9,""5"":30,""6"":17,""7"":28,""8"":25,""9"":16,""10"":20,""11"":17,""12"":14,""13"":9,""14"":11,""15"":10,""16"":7,""17"":2,""18"":6,""19"":2,""20"":2,""21"":3,""22"":2,""24"":3,""25"":2,""27"":1,""31"":1}",,,,,,
336,6,11,all,0,0a210d0434,0161c0208b,4,"2,0;1,3;0,4;3,5","0,2;1,2;0,1;0,2",1,232,0,"{""118"":1,""125"":2,""140"":3,""151"":3,""232"":2}",102,0,"{""14"":1,""18"":1,""19"":1,""21"":1,""26"":1,""31"":1,""32"":1,""34"":1,""36"":1,""39"":2,""40"":3,""41"":3,""43"":1,""44"":1,""49"":2,""50"":1,""51"":1,""52"":1,""53"":1,""54"":2,""55"":1,""57"":2,""58"":3,""60"":4,""62"":1,""65"":4,""66"":2,""67"":1,""76"":2,""79"":1,""85"":2,""86"":1,""87"":2,""94"":1,""102"":1}",54,0,"{""2"":1,""3"":3,""4"":1,""5"":3,""6"":4,""7"":5,""8"":6,""9"":4,""10"":4,""11"":2,""12"":4,""13"":10,""14"":7,""15"":6,""16"":3,""17"":4,""18"":5,""19"":4,""20"":6,""21"":6,""22"":8,""23"":6,""24"":6,""25"":6,""26"":2,""27"":3,""28"":3,""29"":5,""30"":5,""31"":6,""32"":1,""33"":2,""34"":3,""35"":4,""36"":3,""37"":5,""38"":2,""40"":1,""42"":1,""44"":1,""45"":3,""54"":1}","..X.XX
....X.
....X.
XX....
X....X
...X.X",31,6,"{""1"":6,""2"":36,""3"":23,""4"":5,""5"":26,""6"":23,""7"":35,""8"":25,""9"":14,""10"":19,""11"":19,""12"":15,""13"":11,""14"":19,""15"":9,""16"":10,""17"":6,""18"":8,""19"":2,""20"":3,""21"":5,""22"":3,""23"":1,""24"":3,""25"":2,""27"":1,""31"":1}",,,,,,
337,6,11,all,0,0a600d0434,0144801e23,6,"5,0;4,1;4,2;0,3;5,4;0,5","0,0;1,1;1,2;0,2;0,1;0,0",1,232,0,"{""118"":1,""125"":2,""140"":2,""151"":3,""232"":3}",102,0,"{""19"":1,""26"":1,""31"":1,""32"":1,""34"":1,""39"":2,""40"":1,""41"":2,""43"":1,""44"":1,""49"":2,""50"":2,""51"":1,""52"":1,""53"":1,""54"":2,""55"":1,""57"":2,""58"":3,""60"":5,""62"":1,""65"":4,""66"":2,""67"":2,""76"":2,""79"":1,""80"":1,""85"":2,""86"":2,""87"":3,""94"":1,""102"":2}",54,0,"{""8"":3,""9"":3,""10"":3,""11"":3,""12"":2,""13"":9,""14"":8,""15"":5,""16"":1,""17"":3,""18"":3,""19"":5,""20"":7,""21"":7,""22"":9,""23"":9,""24"":7,""25"":8,""26"":6,""27"":4,""28"":3,""29"":7,""30"":7,""31"":6,""32"":1,""33"":3,""34"":3,""35"":7,""36"":3,""37"":7,""38"":3,""40"":2,""41"":1,""42"":1,""44"":1,""45"":4,""54"":1}","..X.XX
....X.
....X.
XX....
.....X
X..X.X",31,0,"{""4"":3,""5"":16,""6"":24,""7"":37,""8"":37,""9"":25,""10"":28,""11"":25,""12"":18,""13"":14,""14"":23,""15"":10,""16"":19,""17"":11,""18"":10,""19"":5,""20"":3,""21"":6,""22"":6,""23"":3,""24"":3,""25"":2,""27"":1,""31"":1}",20,0,"{""2"":5,""3"":30,""4"":80,""5"":87,""6"":87,""7"":60,""8"":39,""9"":21,""10"":22,""11"":9,""12"":10,""13"":3,""14"":2,""15"":2,""16"":1,""17"":2,""18"":1,""20"":1}",14,5,"{""1"":5,""2"":51,""3"":102,""4"":134,""5"":91,""6"":49,""7"":18,""8"":4,""9"":5,""10"":1,""11"":1,""14"":1}"
338,6,11,all,0,08682c0434,0144806c23,4,"2,0;4,0;5,0;3,3","0,2;0,1;0,0;2,2",1,232,0,"{""94"":1,""118"":1,""125"":2,""140"":2,""151"":2,""232"":3}",102,0,"{""8"":1,""19"":1,""21"":1,""24"":1,""25"":1,""27"":1,""28"":1,""30"":1,""31"":2,""32"":1,""34"":1,""40"":1,""41"":2,""43"":1,""49"":1,""50"":2,""51"":1,""52"":3,""53"":1,""54"":2,""55"":3,""57"":1,""58"":4,""60"":4,""65"":3,""66"":1,""67"":1,""76"":2,""79"":1,""80"":1,""85"":2,""86"":1,""87"":2,""94"":1,""102"":2}",54,0,"{""3"":3,""4"":4,""5"":4,""6"":4,""7"":2,""8"":3,""9"":4,""10"":6,""11"":3,""12"":2,""13"":9,""14"":6,""15"":5,""16"":5,""17"":5,""18"":6,""19"":7,""20"":5,""21"":4,""22"":7,""23"":6,""24"":7,""25"":4,""26"":5,""27"":2,""28"":5,""29"":5,""30"":5,""31"":5,""32"":1,""33"":2,""34"":2,""35"":5,""36"":3,""37"":5,""38"":1,""40"":2,""42"":1,""44"":1,""45"":3,""54"":1}","..X.XX
....X.
......
XX.X..
...X.X
X....X",31,2,"{""1"":2,""2"":30,""3"":28,""4"":26,""5"":18,""6"":20,""7"":16,""8"":27,""9"":23,""10"":22,""11"":24,""12"":18,""13"":9,""14"":13,""15"":10,""16"":14,""17"":3,""18"":4,""19"":5,""20"":2,""21"":4,""22"":3,""23"":2,""24"":3,""25"":2,""27"":1,""31"":1}",,,,,,
339,6,11,all,0,08680422d4,00e04a0615,3,"0,1;3,1;3,4","0,1;1,2;1,2",1,232,0,"{""118"":1,""125"":3,""140"":3,""151"":2,""232"":2}",102,0,"{""6"":1,""11"":1,""18"":1,""19"":1,""20"":2,""26"":1,""29"":2,""30"":1,""31"":2,""32"":1,""36"":3,""40"":3,""41"":4,""43"":1,""47"":1,""49"":2,""50"":2,""51"":1,""52"":1,""54"":1,""55"":1,""57"":3,""58"":2,""60"":2,""65"":3,""66"":1,""67"":1,""76"":2,""79"":2,""85"":1,""86"":2,""87"":2,""102"":1}",45,1,"{""1"":1,""2"":5,""3"":10,""4"":5,""5"":6,""6"":7,""7"":4,""8"":5,""9"":7,""10"":4,""11"":4,""12"":3,""13"":11,""14"":9,""15"":3,""16"":7,""17"":6,""18"":2,""19"":4,""20"":4,""21"":3,""22"":4,""23"":1,""24"":3,""25"":4,""26"":4,""27"":7,""28"":4,""29"":4,""30"":3,""31"":2,""32"":1,""33"":1,""34"":1,""35"":5,""36"":2,""37"":4,""38"":1,""40"":2,""45"":2}","..X.X.
XX.X..
.X....
X.....
...X.X
X....X",,,,,,,,,
340,6,11,all,0,0a1a202154,00621f0290,3,"4,0;1,4;4,4","0,1;1,1;1,1",1,232,0,"{""94"":1,""118"":2,""125"":3,""140"":2,""151"":2,""232"":1}",94,0,"{""4"":1,""8"":1,""11"":2,""18"":1,""19"":2,""20"":1,""21"":1,""26"":1,""27"":1,""28"":2,""30"":2,""31"":1,""33"":1,""34"":1,""36"":1,""37"":2,""38"":1,""40"":1,""41"":4,""43"":2,""44"":1,""45"":1,""47"":1,""49"":1,""50"":1,""51"":1,""52"":2,""53"":1,""54"":3,""57"":2,""60"":2,""62"":1,""65"":1,""66"":1,""67"":1,""76"":1,""79"":1,""85"":1,""86"":2,""94"":1}",54,11,"{""1"":11,""2"":8,""3"":2,""4"":4,""5"":11,""6"":7,""7"":6,""8"":4,""9"":9,""10"":2,""11"":2,""12"":7,""13"":8,""14"":5,""15"":3,""16"":3,""17"":6,""18"":11,""19"":5,""20"":8,""21"":4,""22"":6,""23"":1,""24"":5,""25"":2,""27"":5,""28"":4,""29"":1,""30"":1,""34"":2,""35"":4,""36"":2,""40"":1,""41"":1,""42"":1,""44"":1,""54"":2}","..X.X.
X.X...
.X....
...X..
.X.XX.
...X.X",,,,,,,,,
341,6,11,all,0,0842930154,02a80c9421,4,"2,0;0,1;2,3;5,3","0,2;0,1;2,2;0,2",1,232,0,"{""94"":1,""118"":1,""125"":2,""140"":2,""151"":3,""232"":2}",102,0,"{""15"":1,""24"":1,""25"":2,""28"":1,""29"":1,""30"":2,""31"":1,""32"":1,""34"":1,""36"":1,""37"":1,""38"":1,""39"":1,""41"":3,""44"":1,""45"":1,""47"":1,""49"":3,""51"":2,""52"":2,""53"":1,""54"":3,""55"":2,""57"":3,""58"":2,""60"":2,""65"":1,""66"":1,""67"":1,""76"":1,""79"":2,""85"":2,""86"":2,""87"":2,""94"":1,""102"":1}",54,0,"{""4"":4,""5"":1,""6"":2,""7"":1,""8"":8,""9"":5,""10"":4,""11"":1,""12"":11,""13"":4,""14"":4,""15"":7,""16"":8,""17"":7,""18"":10,""19"":4,""20"":9,""21"":4,""22"":8,""23"":8,""24"":2,""25"":2,""26"":2,""27"":7,""28"":4,""29"":5,""30"":2,""31"":2,""32"":2,""33"":3,""34"":2,""35"":5,""36"":3,""37"":2,""38"":2,""40"":2,""41"":2,""42"":2,""44"":1,""45"":2,""54"":1}","..X.X.
X.X...
....XX
..X..X
.X....
X....X",31,2,"{""1"":2,""2"":12,""3"":21,""4"":21,""5"":25,""6"":29,""7"":28,""8"":19,""9"":21,""10"":26,""11"":16,""12"":19,""13"":15,""14"":15,""15"":14,""16"":7,""17"":6,""18"":10,""19"":5,""20"":4,""21"":1,""22"":2,""23"":3,""24"":4,""25"":2,""26"":1,""27"":1,""31"":1}",,,,,,
342,6,11,all,0,0a42130154,0268074091,6,"2,0;4,0;0,1;2,1;2,3;3,5","0,2;0,1;0,1;1,2;2,2;0,2",1,232,0,"{""94"":1,""118"":1,""125"":2,""140"":2,""151"":3,""232"":2}",102,0,"{""15"":1,""25"":1,""28"":1,""30"":1,""31"":2,""34"":2,""37"":1,""38"":1,""39"":1,""41"":3,""43"":1,""44"":1,""45"":1,""49"":2,""51"":2,""52"":2,""53"":1,""54"":3,""55"":2,""57"":3,""58"":3,""60"":3,""62"":1,""65"":3,""66"":2,""67"":1,""76"":1,""79"":2,""85"":2,""86"":2,""87"":1,""94"":1,""102"":1}",54,0,"{""5"":1,""6"":1,""8"":5,""9"":1,""10"":2,""12"":8,""13"":5,""14"":1,""15"":4,""16"":6,""17"":8,""18"":10,""19"":4,""20"":10,""21"":7,""22"":12,""23"":8,""24"":4,""25"":5,""26"":4,""27"":7,""28"":5,""29"":5,""30"":2,""31"":4,""32"":2,""33"":4,""34"":3,""35"":9,""36"":4,""37"":3,""38"":1,""40"":2,""41"":2,""42"":2,""44"":1,""45"":2,""54"":1}","..X.X.
X.X...
....XX
..X...
.X....
X..X.X",31,0,"{""3"":9,""4"":5,""5"":10,""6"":11,""7"":20,""8"":30,""9"":29,""10"":32,""11"":24,""12"":27,""13"":26,""14"":23,""15"":18,""16"":13,""17"":10,""18"":12,""19"":7,""20"":5,""21"":2,""22"":3,""23"":4,""24"":5,""25"":2,""26"":1,""27"":1,""31"":1}",20,0,"{""2"":16,""3"":34,""4"":38,""5"":61,""6"":63,""7"":73,""8"":60,""9"":35,""10"":31,""11"":18,""12"":14,""13"":7,""14"":5,""15"":2,""16"":3,""18"":1,""20"":1}",11,5,"{""1"":5,""2"":51,""3"":89,""4"":92,""5"":79,""6"":61,""7"":45,""8"":17,""9"":14,""10"":6,""11"":3}"
343,6,11,all,0,0a43030154,0268070093,3,"4,0;0,1;0,4","0,1;0,1;0,1",1,232,0,"{""118"":1,""125"":2,""140"":3,""151"":3,""232"":2}",102,0,"{""16"":1,""18"":1,""30"":1,""31"":2,""32"":1,""36"":3,""39"":1,""40"":2,""41"":3,""43"":1,""44"":1,""49"":2,""51"":2,""52"":1,""53"":1,""54"":3,""55"":1,""57"":3,""58"":3,""60"":4,""62"":1,""65"":3,""66"":2,""67"":1,""76"":2,""79"":2,""85"":2,""86"":2,""87"":1,""94"":1,""102"":1}",54,1,"{""1"":1,""2"":1,""4"":1,""5"":3,""6"":3,""7"":3,""8"":7,""9"":1,""10"":2,""11"":2,""12"":4,""13"":3,""14"":3,""15"":3,""16"":8,""17"":6,""18"":8,""19"":3,""20"":7,""21"":6,""22"":10,""23"":7,""24"":4,""25"":7,""26"":5,""27"":6,""28"":3,""29"":6,""30"":2,""31"":5,""32"":2,""33"":4,""34"":2,""35"":9,""36"":4,""37"":3,""38"":1,""40"":2,""41"":2,""42"":2,""44"":1,""45"":2,""54"":1}","..X.X.
X.X...
....XX
......
XX....
X..X.X",,,,,,,,,
344,6,11,all,0,02c2a10154,01281700d1,3,"4,2;3,3;1,5","1,2;2,2;0,1",1,232,0,"{""94"":1,""118"":1,""125"":2,""140"":3,""151"":3,""232"":1}",94,0,"{""10"":1,""15"":1,""19"":2,""21"":1,""24"":1,""27"":1,""28"":1,""29"":1,""30"":1,""31"":2,""32"":1,""33"":2,""36"":1,""37"":1,""39"":1,""40"":2,""41"":4,""43"":1,""44"":1,""45"":1,""47"":1,""49"":2,""50"":1,""51"":2,""52"":2,""54"":1,""55"":2,""57"":3,""58"":2,""60"":3,""62"":1,""65"":1,""66"":2,""79"":1,""86"":1,""87"":2,""94"":1}",54,1,"{""1"":1,""2"":4,""3"":3,""4"":4,""5"":9,""6"":7,""7"":1,""8"":3,""9"":9,""10"":2,""11"":4,""12"":8,""13"":9,""14"":5,""15"":8,""16"":8,""17"":4,""18"":9,""19"":9,""20"":8,""21"":6,""22"":7,""23"":4,""24"":3,""25"":5,""27"":5,""28"":2,""29"":3,""30"":2,""31"":1,""32"":1,""35"":3,""36"":2,""37"":2,""38"":2,""41"":1,""54"":1}","..X.X.
X.X...
....X.
...X.X
.X....
XX.X..",,,,,,,,,
345,6,11,all,0,0a600d0454,00f8060115,5,"2,0;0,1;4,1;0,3;5,4","0,2;0,1;1,1;0,2;0,1",1,232,0,"{""118"":1,""125"":2,""140"":3,""151"":3,""232"":2}",102,0,"{""19"":2,""26"":1,""31"":1,""32"":1,""34"":1,""39"":2,""40"":1,""41"":3,""43"":1,""44"":2,""49"":2,""50"":2,""51"":1,""52"":2,""53"":1,""54"":2,""55"":1,""57"":4,""58"":3,""60"":3,""62"":1,""65"":5,""66"":2,""67"":2,""76"":2,""79"":2,""85"":1,""86"":1,""87"":2,""102"":1}",45,0,"{""4"":1,""5"":1,""6"":1,""7"":1,""8"":4,""9"":5,""10"":3,""11"":6,""12"":2,""13"":11,""14"":7,""15"":3,""16"":4,""17"":3,""18"":2,""19"":8,""20"":7,""21"":8,""22"":9,""23"":7,""24"":8,""25"":7,""26"":4,""27"":4,""28"":4,""29"":4,""30"":6,""31"":4,""32"":2,""33"":1,""34"":3,""35"":10,""36"":4,""37"":4,""38"":2,""40"":2,""41"":1,""45"":2}","..X.X.
X...X.
....X.
XX....
.....X
X..X.X",27,0,"{""2"":5,""3"":16,""4"":16,""5"":20,""6"":21,""7"":41,""8"":32,""9"":24,""10"":21,""11"":19,""12"":15,""13"":10,""14"":26,""15"":8,""16"":18,""17"":10,""18"":8,""19"":6,""20"":1,""21"":5,""22"":4,""23"":3,""27"":1}",17,9,"{""1"":9,""2"":53,""3"":70,""4"":55,""5"":68,""6"":74,""7"":43,""8"":33,""9"":16,""10"":18,""11"":7,""12"":9,""13"":4,""14"":1,""16"":1,""17"":1}",,,
346,6,11,all,0,0a70203054,00e2160219,3,"2,0;0,2;1,2","0,2;0,2;1,2",1,232,0,"{""94"":1,""118"":1,""125"":1,""140"":3,""151"":3,""232"":2}",102,0,"{""10"":1,""19"":1,""20"":1,""21"":1,""24"":2,""27"":1,""28"":2,""30"":1,""33"":1,""36"":3,""37"":1,""38"":1,""40"":3,""41"":2,""45"":1,""47"":1,""49"":1,""50"":1,""52"":1,""53"":2,""54"":2,""55"":2,""57"":4,""60"":4,""62"":1,""65"":2,""66"":1,""67"":1,""76"":2,""79"":2,""85"":2,""86"":1,""87"":1,""94"":1,""102"":1}",54,1,"{""1"":1,""2"":3,""3"":1,""4"":1,""5"":6,""6"":6,""7"":4,""8"":5,""9"":5,""10"":2,""11"":9,""12"":6,""13"":9,""14"":4,""15"":5,""16"":7,""17"":9,""18"":4,""19"":7,""20"":7,""21"":4,""22"":5,""23"":3,""24"":5,""25"":5,""26"":2,""27"":5,""28"":4,""29"":2,""30"":3,""31"":3,""32"":1,""33"":2,""34"":2,""35"":6,""36"":3,""37"":1,""40"":3,""42"":1,""44"":2,""45"":1,""54"":1}","..X.X.
X.....
XX....
...X..
....XX
X..X.X",,,,,,,,,
347,6,11,all,0,0846438054,026c222091,3,"4,0;3,2;4,3","0,1;2,2;1,2",1,232,0,"{""94"":1,""118"":1,""125"":3,""140"":2,""151"":2,""232"":2}",102,0,"{""8"":1,""16"":3,""18"":1,""19"":1,""20"":2,""24"":1,""26"":1,""27"":1,""29"":1,""30"":1,""31"":1,""33"":1,""34"":1,""36"":3,""37"":1,""39"":1,""41"":3,""47"":2,""49"":3,""50"":2,""51"":1,""52"":1,""53"":1,""54"":2,""55"":2,""57"":3,""58"":1,""60"":2,""65"":1,""66"":1,""76"":1,""79"":2,""85"":2,""86"":1,""87"":1,""94"":1,""102"":1}",54,3,"{""1"":3,""2"":1,""3"":6,""4"":6,""5"":12,""6"":6,""7"":10,""8"":10,""9"":7,""10"":6,""11"":2,""12"":5,""13"":10,""14"":5,""15"":2,""16"":4,""17"":2,""18"":7,""19"":3,""20"":7,""21"":3,""22"":4,""23"":7,""24"":1,""25"":2,""26"":2,""27"":5,""28"":1,""29"":3,""30"":1,""31"":1,""32"":2,""33"":3,""34"":1,""35"":4,""36"":2,""38"":1,""40"":2,""41"":1,""42"":1,""44"":1,""45"":2,""54"":1}","..X.X.
X.....
...XXX
....X.
.XX...
X....X",,,,,,,,,
348,6,11,all,0,00ca140b14,008148bc28,3,"2,1;3,1;3,4","1,2;1,2;1,2",1,232,0,"{""94"":1,""118"":1,""125"":3,""140"":3,""151"":2,""232"":1}",94,0,"{""6"":1,""10"":1,""11"":1,""16"":1,""18"":1,""19"":1,""20"":2,""24"":1,""25"":1,""29"":1,""30"":1,""32"":1,""33"":1,""34"":2,""36"":3,""37"":1,""38"":1,""39"":1,""40"":2,""41"":3,""43"":1,""44"":2,""45"":2,""47"":1,""49"":2,""50"":1,""51"":1,""52"":3,""54"":1,""57"":1,""58"":2,""60"":2,""65"":2,""66"":1,""67"":1,""79"":2,""86"":1,""87"":1,""94"":1}",54,4,"{""1"":4,""2"":3,""3"":8,""4"":8,""5"":8,""6"":9,""7"":5,""8"":11,""9"":6,""10"":5,""11"":5,""12"":5,""13"":9,""14"":5,""15"":3,""16"":6,""17"":4,""18"":5,""19"":8,""20"":7,""21"":4,""22"":4,""23"":3,""24"":4,""26"":4,""27"":4,""28"":4,""29"":1,""31"":2,""34"":1,""35"":1,""36"":4,""37"":1,""38"":2,""41"":1,""54"":1}","..X.X.
..XX.X
......
X.X...
.X.X..
XX....",,,,,,,,,
349,6,11,all,0,02c2140b14,008188bc28,4,"2,0;3,1;5,1;3,5","0,2;1,2;0,1;0,2",1,232,0,"{""94"":1,""118"":1,""125"":2,""140"":3,""151"":3,""232"":1}",94,0,"{""10"":1,""16"":1,""18"":1,""20"":3,""24"":1,""25"":1,""29"":1,""30"":1,""31"":1,""32"":1,""33"":1,""34"":2,""36"":2,""37"":1,""38"":1,""39"":1,""40"":3,""41"":4,""43"":1,""44"":1,""45"":2,""47"":1,""49"":1,""50"":1,""51"":1,""52"":2,""54"":1,""57"":1,""58"":1,""60"":3,""62"":1,""65"":3,""66"":2,""67"":1,""79"":2,""86"":1,""87"":1,""94"":1}",54,0,"{""2"":1,""3"":3,""4"":5,""5"":7,""6"":6,""7"":8,""8"":10,""9"":4,""10"":8,""11"":6,""12"":6,""13"":12,""14"":7,""15"":5,""16"":8,""17"":5,""18"":6,""19"":7,""20"":7,""21"":6,""22"":5,""23"":4,""24"":4,""26"":1,""27"":5,""28"":3,""29"":1,""31"":2,""34"":2,""35"":2,""36"":4,""37"":1,""38"":2,""41"":1,""54"":1}","..X.X.
..XX.X
......
X.X...
.X....
XX.X..",26,11,"{""1"":11,""2"":39,""3"":51,""4"":49,""5"":32,""6"":29,""7"":19,""8"":22,""9"":17,""10"":10,""11"":6,""12"":7,""13"":9,""14"":6,""15"":6,""16"":4,""17"":3,""18"":5,""19"":3,""23"":1,""26"":1}",,,,,,
350,6,11,all,0,0a60142914,0148d01813,4,"2,0;4,0;5,1;5,4","0,2;0,1;0,1;0,1",1,232,0,"{""94"":1,""125"":2,""140"":3,""151"":3,""232"":2}",102,0,"{""10"":1,""16"":1,""19"":2,""20"":1,""25"":1,""27"":1,""28"":1,""29"":1,""30"":1,""32"":1,""33"":1,""34"":2,""36"":3,""39"":1,""40"":1,""41"":1,""43"":1,""44"":1,""45"":2,""47"":1,""49"":1,""52"":2,""54"":1,""55"":2,""57"":2,""58"":1,""60"":2,""62"":1,""65"":4,""66"":2,""67"":2,""76"":2,""79"":2,""85"":1,""86"":2,""87"":2,""102"":1}",45,0,"{""2"":3,""3"":1,""4"":3,""5"":6,""6"":3,""7"":5,""8"":9,""9"":6,""10"":6,""11"":2,""12"":9,""13"":7,""14"":11,""15"":6,""16"":8,""17"":2,""18"":6,""19"":7,""20"":3,""21"":6,""22"":4,""23"":4,""24"":1,""25"":4,""26"":3,""27"":3,""28"":5,""29"":3,""30"":2,""31"":3,""32"":2,""33"":1,""34"":2,""35"":6,""36"":3,""37"":4,""38"":2,""40"":1,""42"":1,""45"":2}","..X.X.
..X..X
.X....
X.X...
.....X
X..X.X",25,14,"{""1"":14,""2"":32,""3"":19,""4"":43,""5"":33,""6"":33,""7"":21,""8"":20,""9"":23,""10"":18,""11"":13,""12"":11,""13"":9,""14"":8,""15"":5,""16"":8,""17"":9,""19"":3,""21"":3,""22"":2,""23"":2,""25"":1}",,,,,,
351,6,11,all,0,0843930114,00c2d00a0d,4,"2,0;4,0;2,3;0,4","0,2;0,1;2,2;0,1",1,232,0,"{""94"":1,""118"":1,""125"":2,""140"":2,""151"":3,""232"":2}",102,0,"{""18"":1,""24"":2,""25"":2,""28"":1,""29"":1,""30"":2,""31"":1,""32"":1,""34"":1,""36"":3,""37"":1,""38"":1,""39"":1,""40"":2,""41"":2,""44"":1,""45"":1,""47"":1,""49"":3,""51"":1,""52"":1,""53"":1,""54"":3,""55"":1,""57"":1,""58"":2,""60"":3,""65"":1,""66"":1,""67"":1,""76"":2,""79"":1,""85"":2,""86"":2,""87"":2,""94"":1,""102"":1}",54,0,"{""4"":3,""5"":2,""6"":5,""7"":3,""8"":9,""9"":3,""10"":7,""11"":3,""12"":11,""13"":4,""14"":5,""15"":4,""16"":9,""17"":10,""18"":10,""19"":6,""20"":7,""21"":3,""22"":7,""23"":6,""24"":3,""25"":2,""26"":2,""27"":6,""28"":3,""29"":4,""30"":1,""31"":2,""33"":3,""34"":2,""35"":4,""36"":3,""37"":3,""38"":2,""40"":1,""41"":1,""42"":2,""44"":1,""45"":2,""54"":1}","..X.X.
..X...
....XX
..X..X
XX....
X....X",31,8,"{""1"":8,""2"":15,""3"":26,""4"":33,""5"":20,""6"":30,""7"":32,""8"":20,""9"":21,""10"":24,""11"":16,""12"":16,""13"":12,""14"":8,""15"":11,""16"":8,""17"":4,""18"":8,""19"":3,""20"":3,""22"":1,""23"":3,""24"":4,""25"":1,""26"":1,""27"":1,""31"":1}",,,,,,
352,6,11,all,0,00e0445614,00b442804d,4,"2,0;4,0;3,1;0,2","0,2;0,1;1,2;0,2",1,232,0,"{""94"":1,""118"":1,""125"":2,""140"":3,""151"":3,""232"":1}",87,0,"{""10"":1,""11"":1,""15"":1,""19"":1,""20"":2,""21"":1,""26"":1,""27"":1,""29"":1,""30"":1,""31"":2,""32"":2,""33"":2,""34"":1,""36"":4,""37"":1,""40"":4,""41"":3,""43"":1,""45"":1,""47"":2,""49"":1,""50"":1,""53"":1,""55"":1,""57"":3,""58"":2,""60"":2,""65"":3,""66"":2,""67"":1,""76"":1,""79"":1,""86"":1,""87"":1}",40,0,"{""2"":3,""3"":7,""4"":6,""5"":13,""6"":9,""7"":3,""8"":6,""9"":5,""10"":3,""11"":6,""12"":11,""13"":12,""14"":14,""15"":5,""16"":6,""17"":3,""18"":4,""19"":7,""20"":5,""21"":2,""22"":6,""23"":4,""24"":4,""25"":2,""26"":1,""27"":3,""28"":1,""29"":1,""31"":2,""34"":1,""35"":4,""36"":1,""37"":3,""38"":1,""40"":1}","..X.X.
...XX.
X.X...
X...X.
.....X
XX....",23,38,"{""1"":38,""2"":56,""3"":56,""4"":36,""5"":18,""6"":21,""7"":19,""8"":12,""9"":14,""10"":14,""11"":13,""12"":5,""13"":7,""14"":4,""15"":7,""16"":3,""17"":2,""18"":1,""19"":1,""21"":1,""22"":1,""23"":1}",,,,,,
353,6,11,all,0,0a600d0614,00f8460105,4,"2,0;3,1;4,1;4,2","0,2;1,2;1,1;1,2",1,232,0,"{""118"":1,""125"":3,""140"":2,""151"":3,""232"":2}",102,0,"{""18"":1,""19"":1,""20"":1,""26"":2,""28"":1,""29"":1,""31"":1,""32"":1,""34"":1,""36"":1,""39"":2,""40"":2,""41"":2,""43"":1,""44"":1,""47"":1,""49"":2,""50"":1,""51"":1,""52"":1,""53"":1,""54"":2,""57"":2,""58"":4,""60"":3,""62"":1,""65"":4,""66"":2,""67"":2,""76"":2,""79"":1,""85"":1,""86"":2,""87"":2,""102"":1}",45,0,"{""2"":1,""3"":2,""4"":2,""5"":2,""6"":3,""7"":3,""8"":7,""9"":7,""10"":5,""11"":5,""12"":2,""13"":11,""14"":10,""15"":4,""16"":3,""17"":2,""18"":2,""19"":5,""20"":6,""21"":7,""22"":5,""23"":7,""24"":6,""25"":7,""26"":3,""27"":5,""28"":4,""29"":5,""30"":5,""31"":4,""33"":1,""34"":3,""35"":7,""36"":3,""37"":5,""38"":2,""40"":1,""41"":1,""45"":2}","..X.X.
...XX.
....X.
XX....
.....X
X..X.X",27,15,"{""1"":15,""2"":20,""3"":17,""4"":19,""5"":18,""6"":26,""7"":40,""8"":25,""9"":16,""10"":21,""11"":20,""12"":9,""13"":9,""14"":20,""15"":11,""16"":13,""17"":7,""18"":8,""19"":4,""20"":1,""21"":4,""22"":4,""23"":2,""27"":1}",,,,,,
354,6,11,all,0,08682c0614,00f05a0105,3,"3,1;4,1;3,4","1,2;1,1;1,2",1,232,0,"{""94"":1,""118"":1,""125"":3,""140"":2,""151"":2,""232"":2}",102,0,"{""6"":1,""8"":1,""18"":1,""19"":1,""21"":1,""24"":1,""25"":1,""26"":1,""27"":1,""28"":1,""29"":1,""30"":1,""31"":2,""32"":1,""34"":2,""36"":1,""40"":2,""41"":2,""43"":1,""47"":1,""49"":1,""50"":2,""51"":1,""52"":3,""53"":1,""54"":2,""55"":1,""57"":1,""58"":4,""60"":2,""65"":3,""66"":1,""67"":1,""76"":2,""79"":1,""85"":1,""86"":1,""87"":2,""102"":1}",45,2,"{""1"":2,""2"":2,""3"":9,""4"":5,""5"":4,""6"":6,""7"":4,""8"":7,""9"":8,""10"":6,""11"":4,""12"":2,""13"":9,""14"":8,""15"":5,""16"":5,""17"":5,""18"":4,""19"":6,""20"":6,""21"":4,""22"":2,""23"":3,""24"":6,""25"":3,""26"":3,""27"":4,""28"":4,""29"":4,""30"":5,""31"":3,""34"":2,""35"":4,""36"":3,""37"":4,""38"":1,""40"":1,""45"":2}","..X.X.
...XX.
......
XX.X..
...X.X
X....X",,,,,,,,,
355,6,11,all,0,0a70142214,00e2464205,3,"3,1;4,4;3,5","1,2;1,1;0,2",1,232,0,"{""94"":1,""118"":1,""125"":2,""140"":2,""151"":3,""232"":2}",102,0,"{""19"":2,""20"":2,""21"":1,""25"":1,""27"":1,""29"":2,""30"":2,""31"":1,""33"":1,""34"":1,""36"":3,""37"":1,""40"":2,""41"":1,""45"":1,""47"":2,""49"":2,""52"":1,""53"":1,""54"":1,""55"":1,""57"":2,""58"":1,""60"":3,""62"":1,""65"":4,""66"":2,""67"":2,""76"":2,""79"":1,""85"":1,""86"":2,""87"":2,""94"":1,""102"":1}",54,1,"{""1"":1,""4"":2,""5"":2,""6"":5,""7"":6,""8"":6,""9"":7,""10"":2,""11"":6,""12"":10,""13"":8,""14"":9,""15"":5,""16"":6,""17"":5,""18"":4,""19"":8,""20"":3,""21"":5,""22"":6,""23"":5,""24"":4,""25"":3,""26"":2,""27"":8,""28"":3,""29"":3,""30"":3,""31"":4,""33"":1,""34"":2,""35"":6,""36"":2,""37"":4,""38"":3,""40"":2,""44"":1,""45"":2,""54"":1}","..X.X.
...X..
.X....
X.X...
....XX
X..X.X",,,,,,,,,
356,6,11,all,0,04c6064214,0121095c28,4,"2,0;4,0;2,2;5,2","0,2;0,1;2,2;0,2",1,232,0,"{""94"":1,""118"":1,""125"":2,""140"":3,""151"":3,""232"":1}",94,0,"{""14"":1,""15"":1,""16"":1,""19"":1,""20"":2,""21"":1,""25"":1,""26"":1,""27"":1,""29"":1,""30"":2,""32"":1,""33"":1,""34"":3,""36"":3,""40"":4,""41"":3,""44"":1,""45"":1,""47"":2,""49"":1,""50"":2,""52"":1,""53"":1,""55"":2,""57"":2,""60"":2,""62"":1,""65"":4,""66"":1,""67"":1,""79"":1,""85"":1,""86"":1,""87"":1,""94"":1}",54,0,"{""2"":1,""3"":4,""4"":3,""5"":7,""6"":7,""7"":7,""8"":8,""9"":6,""10"":4,""11"":4,""12"":12,""13"":12,""14"":9,""15"":10,""16"":8,""17"":4,""18"":8,""19"":5,""20"":4,""21"":2,""22"":6,""23"":2,""24"":4,""25"":1,""26"":1,""27"":4,""28"":1,""29"":2,""30"":3,""31"":3,""32"":1,""34"":1,""35"":3,""36"":2,""37"":1,""38"":2,""44"":1,""45"":1,""54"":1}","..X.X.
...X..
..X..X
X.....
.XX...
XX..X.",25,6,"{""1"":6,""2"":35,""3"":26,""4"":32,""5"":43,""6"":45,""7"":29,""8"":15,""9"":22,""10"":21,""11"":11,""12"":10,""13"":9,""14"":6,""15"":1,""16"":6,""17"":4,""18"":4,""19"":1,""20"":1,""21"":1,""23"":1,""25"":1}",,,,,,
357,6,11,all,0,0878151014,00ea0a400d,3,"2,0;0,2;4,2","0,2;0,2;1,2",1,232,0,"{""94"":1,""118"":1,""125"":2,""140"":2,""151"":3,""232"":2}",102,0,"{""10"":1,""11"":1,""19"":2,""20"":1,""21"":1,""25"":1,""26"":1,""27"":1,""30"":1,""31"":1,""33"":1,""34"":1,""36"":1,""37"":1,""39"":1,""40"":2,""41"":1,""43"":2,""44"":1,""45"":1,""47"":1,""49"":3,""50"":1,""51"":2,""52"":2,""53"":2,""54"":1,""55"":1,""57"":1,""58"":1,""60"":2,""65"":3,""66"":1,""67"":1,""76"":2,""79"":1,""85"":2,""86"":1,""87"":2,""94"":1,""102"":1}",45,3,"{""1"":3,""2"":2,""3"":3,""4"":5,""5"":9,""6"":6,""7"":5,""8"":4,""9"":7,""10"":4,""11"":6,""12"":9,""13"":6,""14"":6,""15"":9,""16"":3,""17"":3,""18"":5,""19"":5,""20"":6,""21"":3,""22"":5,""23"":2,""24"":5,""25"":2,""26"":3,""27"":4,""28"":4,""29"":5,""30"":3,""31"":3,""33"":2,""34"":1,""35"":3,""36"":2,""37"":3,""38"":2,""40"":2,""41"":1,""44"":2,""45"":2}","..X.X.
......
X...X.
X.X...
...XXX
X....X",,,,,,,,,
358,6,11,all,0,0890444364,026c222091,3,"0,1;3,1;2,2","0,1;1,2;2,2",1,232,0,"{""94"":1,""118"":1,""125"":3,""140"":2,""151"":2,""232"":2}",102,0,"{""8"":1,""16"":3,""18"":1,""19"":1,""20"":2,""24"":1,""26"":1,""27"":1,""29"":1,""30"":1,""31"":1,""33"":1,""34"":1,""36"":3,""37"":1,""39"":1,""41"":3,""47"":2,""49"":3,""50"":2,""51"":1,""52"":1,""53"":1,""54"":2,""55"":2,""57"":3,""58"":1,""60"":2,""65"":1,""66"":1,""76"":1,""79"":2,""85"":2,""86"":1,""87"":1,""94"":1,""102"":1}",54,3,"{""1"":3,""2"":1,""3"":6,""4"":6,""5"":12,""6"":6,""7"":10,""8"":10,""9"":7,""10"":6,""11"":2,""12"":5,""13"":10,""14"":5,""15"":2,""16"":4,""17"":2,""18"":7,""19"":3,""20"":7,""21"":3,""22"":4,""23"":7,""24"":1,""25"":2,""26"":2,""27"":5,""28"":1,""29"":3,""30"":1,""31"":1,""32"":2,""33"":3,""34"":1,""35"":4,""36"":2,""38"":1,""40"":2,""41"":1,""42"":1,""44"":1,""45"":2,""54"":1}","..X..X
X.XX..
..X...
X...X.
....X.
.X...X",,,,,,,,,
359,6,11,all,0,00c2a20364,00c2a20364,4,"2,0;5,0;2,1;1,4","0,2;0,0;1,2;1,1",1,232,0,"{""94"":1,""118"":1,""125"":2,""140"":2,""151"":3,""232"":2}",94,0,"{""15"":1,""16"":1,""20"":1,""21"":1,""24"":1,""28"":1,""29"":1,""30"":3,""32"":1,""33"":1,""34"":2,""36"":2,""37"":1,""39"":1,""40"":2,""41"":1,""45"":1,""47"":1,""49"":3,""50"":1,""51"":1,""52"":1,""53"":1,""54"":1,""55"":3,""57"":2,""58"":2,""60"":4,""65"":2,""66"":2,""67"":1,""76"":1,""79"":1,""80"":1,""85"":1,""86"":1,""87"":2,""94"":1}",54,0,"{""3"":3,""4"":4,""5"":4,""6"":7,""7"":5,""8"":8,""9"":7,""10"":5,""11"":5,""12"":8,""13"":11,""14"":5,""15"":8,""16"":6,""17"":5,""18"":3,""19"":10,""20"":5,""21"":4,""22"":5,""23"":7,""24"":2,""25"":4,""26"":6,""27"":3,""28"":3,""29"":4,""31"":4,""34"":1,""35"":4,""36"":2,""37"":1,""38"":2,""40"":1,""44"":1,""45"":1,""54"":1}","..X..X
X.XX..
.....X
...X.X
.X....
XX....",27,29,"{""1"":29,""2"":33,""3"":49,""4"":34,""5"":23,""6"":23,""7"":22,""8"":26,""9"":17,""10"":18,""11"":11,""12"":8,""13"":6,""14"":7,""15"":7,""16"":3,""17"":4,""18"":3,""19"":2,""20"":1,""21"":1,""23"":2,""27"":1}",,,,,,
360,6,11,all,0,08d0444164,02682220b1,4,"2,0;2,1;2,2;0,5","0,2;1,2;2,2;0,0",1,232,0,"{""94"":1,""118"":1,""125"":2,""140"":2,""151"":2,""232"":3}",102,0,"{""8"":1,""16"":2,""18"":1,""20"":1,""24"":1,""26"":1,""27"":1,""33"":1,""34"":1,""36"":2,""37"":1,""39"":1,""41"":3,""47"":1,""49"":3,""50"":1,""51"":1,""52"":1,""53"":1,""54"":3,""55"":4,""57"":3,""58"":2,""60"":3,""65"":1,""66"":1,""67"":1,""76"":1,""79"":2,""80"":1,""85"":2,""86"":1,""87"":2,""94"":1,""102"":2}",54,0,"{""3"":5,""4"":3,""5"":7,""6"":4,""7"":7,""8"":8,""9"":8,""10"":5,""11"":2,""12"":2,""13"":10,""14"":3,""15"":3,""16"":3,""17"":2,""18"":7,""19"":7,""20"":9,""21"":3,""22"":5,""23"":9,""24"":1,""25"":5,""26"":4,""27"":5,""28"":3,""29"":3,""30"":3,""31"":1,""32"":3,""33"":3,""34"":1,""35"":4,""36"":3,""37"":2,""38"":2,""40"":3,""41"":1,""42"":1,""44"":1,""45"":3,""54"":1}","..X..X
X.X...
..X...
X...X.
....X.
XX...X",31,11,"{""1"":11,""2"":37,""3"":39,""4"":38,""5"":35,""6"":21,""7"":10,""8"":17,""9"":9,""10"":21,""11"":11,""12"":13,""13"":7,""14"":14,""15"":6,""16"":7,""17"":6,""18"":8,""19"":2,""20"":4,""21"":3,""22"":3,""23"":2,""24"":2,""25"":2,""26"":1,""31"":1}",,,,,,
361,6,11,all,0,08502e0164,02680740a1,6,"5,0;0,1;0,3;1,3;3,3;0,5","0,0;0,1;0,2;1,2;2,2;0,0",1,232,0,"{""94"":1,""118"":1,""125"":2,""140"":1,""151"":3,""232"":3}",102,0,"{""25"":1,""28"":1,""30"":1,""31"":2,""34"":2,""37"":1,""38"":1,""39"":1,""41"":2,""43"":1,""44"":1,""45"":1,""49"":2,""50"":1,""51"":1,""52"":1,""53"":1,""54"":4,""55"":3,""57"":1,""58"":4,""60"":3,""62"":1,""65"":2,""66"":1,""67"":2,""76"":1,""79"":1,""80"":1,""85"":3,""86"":2,""87"":2,""94"":1,""102"":2}",54,0,"{""8"":1,""9"":1,""10"":3,""12"":6,""13"":6,""14"":3,""15"":2,""16"":7,""17"":8,""18"":8,""19"":8,""20"":10,""21"":6,""22"":11,""23"":10,""24"":4,""25"":8,""26"":5,""27"":6,""28"":6,""29"":3,""30"":3,""31"":3,""32"":1,""33"":5,""34"":2,""35"":8,""36"":4,""37"":4,""38"":2,""40"":2,""41"":1,""42"":2,""44"":1,""45"":4,""54"":1}","..X..X
X.X...
.....X
XX.X..
....X.
X....X",31,0,"{""3"":3,""4"":3,""5"":8,""6"":13,""7"":14,""8"":35,""9"":32,""10"":36,""11"":31,""12"":31,""13"":24,""14"":21,""15"":14,""16"":12,""17"":7,""18"":12,""19"":6,""20"":5,""21"":3,""22"":4,""23"":3,""24"":7,""25"":2,""26"":1,""27"":2,""31"":1}",20,0,"{""2"":7,""3"":31,""4"":35,""5"":65,""6"":61,""7"":77,""8"":68,""9"":39,""10"":33,""11"":14,""12"":11,""13"":4,""14"":6,""15"":3,""16"":3,""17"":2,""18"":1,""20"":2}",14,3,"{""1"":3,""2"":41,""3"":74,""4"":84,""5"":98,""6"":69,""7"":47,""8"":21,""9"":16,""10"":5,""11"":3,""14"":1}"
362,6,11,all,0,08902e0164,0268074091,6,"2,0;5,2;0,3;1,3;3,3;1,5","0,2;0,2;0,2;1,2;2,2;0,1",1,232,0,"{""94"":1,""118"":1,""125"":2,""140"":2,""151"":3,""232"":2}",102,0,"{""15"":1,""25"":1,""28"":1,""30"":1,""31"":2,""34"":2,""37"":1,""38"":1,""39"":1,""41"":3,""43"":1,""44"":1,""45"":1,""49"":2,""51"":2,""52"":2,""53"":1,""54"":3,""55"":2,""57"":3,""58"":3,""60"":3,""62"":1,""65"":3,""66"":2,""67"":1,""76"":1,""79"":2,""85"":2,""86"":2,""87"":1,""94"":1,""102"":1}",54,0,"{""5"":1,""6"":1,""8"":5,""9"":1,""10"":2,""12"":8,""13"":5,""14"":1,""15"":4,""16"":6,""17"":8,""18"":10,""19"":4,""20"":10,""21"":7,""22"":12,""23"":8,""24"":4,""25"":5,""26"":4,""27"":7,""28"":5,""29"":5,""30"":2,""31"":4,""32"":2,""33"":4,""34"":3,""35"":9,""36"":4,""37"":3,""38"":1,""40"":2,""41"":2,""42"":2,""44"":1,""45"":2,""54"":1}","..X..X
X.X...
.....X
XX.X..
....X.
.X...X",31,0,"{""3"":9,""4"":5,""5"":10,""6"":11,""7"":20,""8"":30,""9"":29,""10"":32,""11"":24,""12"":27,""13"":26,""14"":23,""15"":18,""16"":13,""17"":10,""18"":12,""19"":7,""20"":5,""21"":2,""22"":3,""23"":4,""24"":5,""25"":2,""26"":1,""27"":1,""31"":1}",20,0,"{""2"":16,""3"":34,""4"":38,""5"":61,""6"":63,""7"":73,""8"":60,""9"":35,""10"":31,""11"":18,""12"":14,""13"":7,""14"":5,""15"":2,""16"":3,""18"":1,""20"":1}",11,5,"{""1"":5,""2"":51,""3"":89,""4"":92,""5"":79,""6"":61,""7"":45,""8"":17,""9"":14,""10"":6,""11"":3}"
363,6,11,all,0,0c500e0164,02680700a3,4,"2,0;0,1;0,5;4,5","0,2;0,1;0,0;0,1",1,232,0,"{""118"":1,""125"":2,""140"":2,""151"":3,""232"":3}",102,0,"{""18"":1,""30"":1,""31"":2,""32"":1,""36"":3,""39"":1,""40"":2,""41"":2,""43"":1,""44"":1,""49"":2,""50"":1,""51"":1,""53"":1,""54"":4,""55"":2,""57"":1,""58"":4,""60"":4,""62"":1,""65"":2,""66"":1,""67"":2,""76"":2,""79"":1,""80"":1,""85"":3,""86"":2,""87"":2,""94"":1,""102"":2}",54,0,"{""2"":1,""4"":2,""5"":1,""6"":4,""7"":1,""8"":5,""9"":2,""10"":2,""11"":2,""12"":4,""13"":4,""14"":6,""15"":2,""16"":11,""17"":6,""18"":6,""19"":4,""20"":6,""21"":5,""22"":9,""23"":8,""24"":4,""25"":10,""26"":6,""27"":5,""28"":2,""29"":4,""30"":3,""31"":4,""32"":1,""33"":5,""34"":1,""35"":8,""36"":4,""37"":4,""38"":2,""40"":2,""41"":1,""42"":2,""44"":1,""45"":4,""54"":1}","..X..X
X.X...
.....X
XX....
....X.
X...XX",31,12,"{""1"":12,""2"":9,""3"":20,""4"":24,""5"":15,""6"":16,""7"":17,""8"":19,""9"":27,""10"":23,""11"":20,""12"":21,""13"":17,""14"":18,""15"":11,""16"":11,""17"":8,""18"":12,""19"":3,""20"":5,""21"":3,""22"":4,""23"":2,""24"":7,""25"":2,""26"":1,""27"":2,""31"":1}",,,,,,
364,6,11,all,0,0c900e0164,0268070093,3,"0,1;1,5;4,5","0,1;0,1;0,1",1,232,0,"{""118"":1,""125"":2,""140"":3,""151"":3,""232"":2}",102,0,"{""16"":1,""18"":1,""30"":1,""31"":2,""32"":1,""36"":3,""39"":1,""40"":2,""41"":3,""43"":1,""44"":1,""49"":2,""51"":2,""52"":1,""53"":1,""54"":3,""55"":1,""57"":3,""58"":3,""60"":4,""62"":1,""65"":3,""66"":2,""67"":1,""76"":2,""79"":2,""85"":2,""86"":2,""87"":1,""94"":1,""102"":1}",54,1,"{""1"":1,""2"":1,""4"":1,""5"":3,""6"":3,""7"":3,""8"":7,""9"":1,""10"":2,""11"":2,""12"":4,""13"":3,""14"":3,""15"":3,""16"":8,""17"":6,""18"":8,""19"":3,""20"":7,""21"":6,""22"":10,""23"":7,""24"":4,""25"":7,""26"":5,""27"":6,""28"":3,""29"":6,""30"":2,""31"":5,""32"":2,""33"":4,""34"":2,""35"":9,""36"":4,""37"":3,""38"":1,""40"":2,""41"":2,""42"":2,""44"":1,""45"":2,""54"":1}","..X..X
X.X...
.....X
XX....
....X.
.X..XX",,,,,,,,,
365,6,11,all,0,08d0260164,02680640b1,4,"0,3;3,3;0,5;1,5","0,2;2,2;0,0;0,1",1,232,0,"{""94"":1,""118"":1,""125"":1,""140"":2,""151"":3,""232"":3}",102,0,"{""15"":1,""25"":1,""28"":1,""31"":1,""34"":1,""37"":1,""38"":1,""39"":1,""41"":3,""45"":1,""49"":2,""51"":1,""52"":2,""53"":1,""54"":3,""55"":4,""57"":3,""58"":2,""60"":4,""62"":1,""65"":3,""66"":2,""67"":2,""76"":1,""79"":2,""80"":1,""85"":3,""86"":1,""87"":2,""94"":1,""102"":2}",54,0,"{""5"":1,""6"":1,""8"":4,""9"":3,""10"":3,""12"":6,""13"":6,""14"":1,""15"":1,""16"":2,""17"":5,""18"":6,""19"":8,""20"":10,""21"":5,""22"":8,""23"":11,""24"":3,""25"":9,""26"":5,""27"":7,""28"":7,""29"":4,""30"":4,""31"":4,""32"":3,""33"":5,""34"":3,""35"":10,""36"":4,""37"":3,""38"":2,""40"":3,""41"":1,""42"":1,""44"":1,""45"":4,""54"":1}","..X..X
X.X...
.....X
X..X..
....X.
XX...X",31,1,"{""1"":1,""2"":1,""3"":10,""4"":8,""5"":8,""6"":21,""7"":20,""8"":33,""9"":17,""10"":28,""11"":26,""12"":26,""13"":15,""14"":27,""15"":14,""16"":13,""17"":14,""18"":13,""19"":7,""20"":5,""21"":5,""22"":4,""23"":4,""24"":5,""25"":2,""26"":1,""27"":1,""31"":1}",,,,,,
366,6,11,all,0,08d02a0164,02680540b1,5,"5,2;1,3;3,3;0,5;1,5","0,2;1,2;2,2;0,0;0,1",1,232,0,"{""94"":1,""118"":1,""125"":2,""140"":2,""151"":2,""232"":3}",102,0,"{""15"":1,""28"":1,""30"":1,""31"":2,""34"":2,""37"":1,""38"":1,""41"":2,""43"":1,""44"":1,""45"":1,""49"":1,""50"":1,""51"":2,""52"":2,""53"":1,""54"":3,""55"":4,""57"":2,""58"":4,""60"":4,""65"":2,""66"":2,""67"":1,""76"":1,""79"":2,""80"":1,""85"":2,""86"":2,""87"":1,""94"":1,""102"":2}",54,0,"{""6"":1,""8"":4,""9"":2,""10"":1,""12"":4,""13"":6,""14"":2,""15"":5,""16"":5,""17"":8,""18"":5,""19"":7,""20"":11,""21"":5,""22"":12,""23"":11,""24"":5,""25"":8,""26"":6,""27"":4,""28"":7,""29"":4,""30"":3,""31"":3,""32"":3,""33"":4,""34"":3,""35"":7,""36"":4,""37"":5,""40"":3,""41"":2,""42"":1,""44"":1,""45"":2,""54"":1}","..X..X
X.X...
.....X
.X.X..
....X.
XX...X",31,0,"{""3"":4,""4"":5,""5"":8,""6"":12,""7"":17,""8"":35,""9"":31,""10"":34,""11"":32,""12"":27,""13"":23,""14"":22,""15"":19,""16"":11,""17"":7,""18"":11,""19"":8,""20"":4,""21"":4,""22"":4,""23"":2,""24"":5,""25"":2,""26"":1,""27"":1,""31"":1}",20,1,"{""1"":1,""2"":12,""3"":28,""4"":42,""5"":73,""6"":57,""7"":82,""8"":60,""9"":35,""10"":28,""11"":13,""12"":12,""13"":6,""14"":5,""15"":2,""16"":2,""17"":2,""18"":1,""20"":1}",,,
367,6,11,all,0,0a502a0164,02680540a5,5,"2,0;5,0;0,1;2,1;3,5","0,2;0,0;0,1;1,2;0,2",1,232,0,"{""94"":1,""118"":1,""125"":2,""140"":1,""151"":3,""232"":3}",102,0,"{""20"":1,""28"":1,""30"":1,""31"":2,""33"":1,""34"":2,""37"":1,""38"":1,""39"":1,""41"":1,""43"":2,""44"":1,""45"":1,""49"":1,""50"":1,""51"":1,""52"":1,""53"":1,""54"":3,""55"":3,""57"":1,""58"":4,""60"":4,""62"":1,""65"":3,""66"":1,""67"":2,""76"":1,""79"":1,""80"":1,""85"":2,""86"":2,""87"":2,""94"":1,""102"":2}",54,0,"{""5"":2,""6"":1,""8"":2,""9"":3,""10"":2,""12"":4,""13"":8,""14"":6,""15"":2,""16"":6,""17"":9,""18"":3,""19"":9,""20"":9,""21"":5,""22"":13,""23"":8,""24"":5,""25"":8,""26"":7,""27"":5,""28"":6,""29"":3,""30"":4,""31"":2,""32"":1,""33"":5,""34"":3,""35"":6,""36"":4,""37"":5,""38"":1,""40"":2,""41"":1,""42"":1,""44"":1,""45"":2,""54"":1}","..X..X
X.X...
.....X
.X.X..
....X.
X..X.X",31,0,"{""2"":5,""3"":15,""4"":15,""5"":17,""6"":11,""7"":8,""8"":33,""9"":30,""10"":34,""11"":27,""12"":26,""13"":26,""14"":19,""15"":13,""16"":9,""17"":6,""18"":9,""19"":6,""20"":4,""21"":4,""22"":3,""23"":1,""24"":5,""25"":1,""26"":1,""27"":1,""31"":1}",20,17,"{""1"":17,""2"":67,""3"":50,""4"":38,""5"":40,""6"":39,""7"":69,""8"":56,""9"":32,""10"":21,""11"":9,""12"":8,""13"":3,""14"":5,""15"":2,""16"":2,""17"":2,""18"":1,""20"":1}",,,
368,6,11,all,0,0241444ca4,00ca8050b8,3,"1,1;4,1;5,1","1,1;1,1;0,1",1,232,0,"{""94"":1,""118"":2,""125"":1,""140"":2,""151"":3,""232"":2}",94,0,"{""4"":1,""11"":1,""15"":1,""19"":1,""20"":2,""21"":2,""27"":1,""28"":1,""30"":1,""31"":2,""32"":3,""33"":1,""34"":1,""36"":1,""37"":1,""38"":1,""40"":3,""41"":2,""44"":1,""47"":1,""49"":2,""50"":1,""52"":1,""53"":2,""54"":2,""55"":2,""58"":1,""60"":5,""62"":1,""65"":2,""67"":1,""79"":2,""80"":1,""85"":1,""87"":2,""94"":1}",45,4,"{""1"":4,""2"":6,""3"":5,""4"":5,""5"":11,""6"":9,""7"":6,""8"":5,""9"":7,""10"":4,""11"":5,""12"":8,""13"":9,""14"":11,""15"":6,""16"":6,""17"":3,""18"":5,""19"":10,""20"":6,""21"":1,""22"":4,""23"":5,""24"":5,""25"":2,""26"":3,""27"":4,""28"":1,""30"":2,""31"":1,""33"":1,""36"":1,""38"":2,""44"":1,""45"":1}","..X..X
.X..XX
..X...
X...X.
X.....
X..X..",,,,,,,,,
369,6,11,all,0,088c0e8424,010588a429,4,"5,2;1,3;2,4;3,4","0,2;1,2;1,2;1,2",1,232,0,"{""94"":1,""118"":1,""125"":3,""140"":1,""151"":3,""232"":2}",102,0,"{""16"":1,""20"":2,""28"":2,""30"":2,""31"":2,""33"":1,""34"":2,""37"":2,""38"":1,""39"":1,""40"":1,""41"":1,""43"":2,""44"":1,""45"":1,""47"":1,""49"":1,""50"":1,""51"":1,""52"":1,""53"":1,""54"":2,""55"":2,""57"":1,""58"":4,""60"":4,""62"":1,""65"":3,""66"":1,""67"":1,""79"":1,""85"":2,""86"":2,""87"":1,""94"":1,""102"":1}",54,0,"{""3"":2,""4"":1,""5"":2,""6"":3,""7"":4,""8"":4,""9"":5,""10"":6,""11"":1,""12"":7,""13"":9,""14"":7,""15"":3,""16"":4,""17"":8,""18"":4,""19"":9,""20"":8,""21"":5,""22"":10,""23"":5,""24"":7,""25"":5,""26"":2,""27"":6,""28"":5,""29"":2,""30"":3,""31"":2,""32"":1,""33"":4,""34"":3,""35"":5,""36"":3,""37"":2,""40"":1,""41"":1,""42"":1,""44"":1,""45"":2,""54"":2}","..X..X
....X.
...X.X
XX....
..XX..
.X...X",31,1,"{""1"":1,""2"":10,""3"":27,""4"":26,""5"":31,""6"":25,""7"":11,""8"":26,""9"":21,""10"":21,""11"":26,""12"":22,""13"":18,""14"":9,""15"":13,""16"":5,""17"":6,""18"":8,""19"":4,""20"":4,""21"":3,""22"":2,""23"":2,""24"":5,""25"":1,""26"":1,""27"":1,""31"":1}",,,,,,
370,6,11,all,0,0a8c0c8424,010588b421,4,"2,0;0,3;2,4;3,5","0,2;0,2;1,2;0,2",1,232,0,"{""94"":1,""118"":1,""125"":3,""140"":1,""151"":3,""232"":2}",102,0,"{""16"":1,""20"":1,""25"":1,""28"":2,""29"":1,""30"":2,""31"":2,""34"":2,""37"":2,""38"":1,""39"":1,""40"":1,""41"":2,""43"":1,""44"":1,""45"":1,""49"":2,""50"":1,""51"":1,""52"":1,""53"":1,""54"":3,""55"":2,""57"":1,""58"":4,""60"":3,""62"":1,""65"":2,""66"":1,""67"":1,""79"":1,""85"":2,""86"":2,""87"":2,""94"":1,""102"":1}",54,0,"{""3"":2,""4"":2,""5"":1,""6"":4,""7"":3,""8"":5,""9"":4,""10"":6,""11"":1,""12"":9,""13"":5,""14"":5,""15"":3,""16"":5,""17"":8,""18"":6,""19"":9,""20"":8,""21"":6,""22"":8,""23"":6,""24"":6,""25"":4,""26"":1,""27"":7,""28"":5,""29"":2,""30"":3,""31"":3,""32"":1,""33"":3,""34"":2,""35"":6,""36"":3,""37"":2,""38"":2,""40"":1,""41"":1,""42"":1,""44"":1,""45"":3,""54"":2}","..X..X
....X.
...X..
XX....
..XX..
.X.X.X",31,4,"{""1"":4,""2"":12,""3"":26,""4"":17,""5"":24,""6"":23,""7"":14,""8"":27,""9"":23,""10"":19,""11"":26,""12"":24,""13"":16,""14"":12,""15"":12,""16"":8,""17"":6,""18"":9,""19"":4,""20"":5,""21"":3,""22"":3,""23"":3,""24"":5,""25"":1,""26"":1,""27"":2,""31"":1}",,,,,,
371,6,11,all,0,0253222824,00ca8050b8,3,"5,0;1,4;4,4","0,0;1,1;1,1",1,232,0,"{""94"":1,""118"":2,""125"":1,""140"":2,""151"":3,""232"":2}",94,0,"{""4"":1,""11"":1,""15"":1,""19"":1,""20"":2,""21"":2,""27"":1,""28"":1,""30"":1,""31"":2,""32"":3,""33"":1,""34"":1,""36"":1,""37"":1,""38"":1,""40"":3,""41"":2,""44"":1,""47"":1,""49"":2,""50"":1,""52"":1,""53"":2,""54"":2,""55"":2,""58"":1,""60"":5,""62"":1,""65"":2,""67"":1,""79"":2,""80"":1,""85"":1,""87"":2,""94"":1}",45,4,"{""1"":4,""2"":6,""3"":5,""4"":5,""5"":11,""6"":9,""7"":6,""8"":5,""9"":7,""10"":4,""11"":5,""12"":8,""13"":9,""14"":11,""15"":6,""16"":6,""17"":3,""18"":5,""19"":10,""20"":6,""21"":1,""22"":4,""23"":5,""24"":5,""25"":2,""26"":3,""27"":4,""28"":1,""30"":2,""31"":1,""33"":1,""36"":1,""38"":2,""44"":1,""45"":1}","..X..X
.....X
.X...X
...X..
XX..X.
X..X..",,,,,,,,,
372,6,11,all,0,0a30502944,00842e0632,4,"2,0;0,1;2,1;5,1","0,2;0,1;1,2;0,1",1,232,0,"{""94"":1,""118"":1,""125"":3,""140"":3,""151"":2,""232"":1}",94,0,"{""14"":1,""15"":1,""16"":1,""18"":1,""19"":2,""20"":2,""21"":1,""25"":1,""26"":1,""27"":1,""28"":1,""30"":2,""32"":1,""34"":4,""36"":2,""40"":4,""41"":2,""43"":1,""44"":1,""45"":1,""47"":2,""50"":2,""51"":1,""52"":1,""53"":1,""54"":1,""55"":2,""57"":2,""60"":3,""62"":1,""65"":2,""67"":1,""79"":1,""85"":1,""86"":2,""94"":1}",54,0,"{""2"":2,""3"":3,""4"":4,""5"":7,""6"":9,""7"":8,""8"":10,""9"":9,""10"":4,""11"":4,""12"":12,""13"":11,""14"":7,""15"":9,""16"":7,""17"":4,""18"":8,""19"":4,""20"":3,""21"":1,""22"":5,""23"":2,""24"":6,""25"":2,""26"":1,""27"":3,""28"":2,""29"":2,""30"":3,""31"":2,""32"":1,""34"":1,""35"":2,""36"":2,""41"":1,""42"":1,""44"":1,""54"":2}","..X...
X.X..X
.X....
..X.X.
....XX
...X.X",31,13,"{""1"":13,""2"":19,""3"":38,""4"":33,""5"":46,""6"":43,""7"":30,""8"":19,""9"":20,""10"":17,""11"":15,""12"":9,""13"":8,""14"":3,""15"":1,""16"":4,""17"":3,""18"":3,""20"":2,""24"":1,""25"":1,""26"":1,""31"":1}",,,,,,
373,6,11,all,0,08502e2144,010588b421,4,"2,0;1,2;5,2;0,3","0,2;1,2;0,2;0,2",1,232,0,"{""94"":1,""118"":1,""125"":3,""140"":1,""151"":3,""232"":2}",102,0,"{""16"":1,""20"":1,""25"":1,""28"":2,""29"":1,""30"":2,""31"":2,""34"":2,""37"":2,""38"":1,""39"":1,""40"":1,""41"":2,""43"":1,""44"":1,""45"":1,""49"":2,""50"":1,""51"":1,""52"":1,""53"":1,""54"":3,""55"":2,""57"":1,""58"":4,""60"":3,""62"":1,""65"":2,""66"":1,""67"":1,""79"":1,""85"":2,""86"":2,""87"":2,""94"":1,""102"":1}",54,0,"{""3"":2,""4"":2,""5"":1,""6"":4,""7"":3,""8"":5,""9"":4,""10"":6,""11"":1,""12"":9,""13"":5,""14"":5,""15"":3,""16"":5,""17"":8,""18"":6,""19"":9,""20"":8,""21"":6,""22"":8,""23"":6,""24"":6,""25"":4,""26"":1,""27"":7,""28"":5,""29"":2,""30"":3,""31"":3,""32"":1,""33"":3,""34"":2,""35"":6,""36"":3,""37"":2,""38"":2,""40"":1,""41"":1,""42"":1,""44"":1,""45"":3,""54"":2}","..X...
X.X...
.X...X
XX.X..
....X.
X....X",31,4,"{""1"":4,""2"":12,""3"":26,""4"":17,""5"":24,""6"":23,""7"":14,""8"":27,""9"":23,""10"":19,""11"":26,""12"":24,""13"":16,""14"":12,""15"":12,""16"":8,""17"":6,""18"":9,""19"":4,""20"":5,""21"":3,""22"":3,""23"":3,""24"":5,""25"":1,""26"":1,""27"":2,""31"":1}",,,,,,
374,6,11,all,0,0a502a2144,010588a429,4,"2,1;1,2;1,3;3,5","1,2;1,2;1,2;0,2",1,232,0,"{""94"":1,""118"":1,""125"":3,""140"":1,""151"":3,""232"":2}",102,0,"{""16"":1,""20"":2,""28"":2,""30"":2,""31"":2,""33"":1,""34"":2,""37"":2,""38"":1,""39"":1,""40"":1,""41"":1,""43"":2,""44"":1,""45"":1,""47"":1,""49"":1,""50"":1,""51"":1,""52"":1,""53"":1,""54"":2,""55"":2,""57"":1,""58"":4,""60"":4,""62"":1,""65"":3,""66"":1,""67"":1,""79"":1,""85"":2,""86"":2,""87"":1,""94"":1,""102"":1}",54,0,"{""3"":2,""4"":1,""5"":2,""6"":3,""7"":4,""8"":4,""9"":5,""10"":6,""11"":1,""12"":7,""13"":9,""14"":7,""15"":3,""16"":4,""17"":8,""18"":4,""19"":9,""20"":8,""21"":5,""22"":10,""23"":5,""24"":7,""25"":5,""26"":2,""27"":6,""28"":5,""29"":2,""30"":3,""31"":2,""32"":1,""33"":4,""34"":3,""35"":5,""36"":3,""37"":2,""40"":1,""41"":1,""42"":1,""44"":1,""45"":2,""54"":2}","..X...
X.X...
.X...X
.X.X..
....X.
X..X.X",31,1,"{""1"":1,""2"":10,""3"":27,""4"":26,""5"":31,""6"":25,""7"":11,""8"":26,""9"":21,""10"":21,""11"":26,""12"":22,""13"":18,""14"":9,""15"":13,""16"":5,""17"":6,""18"":8,""19"":4,""20"":4,""21"":3,""22"":2,""23"":2,""24"":5,""25"":1,""26"":1,""27"":1,""31"":1}",,,,,,
375,6,11,all,0,0a30542844,0121095c28,4,"2,0;0,1;0,3;2,3","0,2;0,1;0,2;2,2",1,232,0,"{""94"":1,""118"":1,""125"":2,""140"":3,""151"":3,""232"":1}",94,0,"{""14"":1,""15"":1,""16"":1,""19"":1,""20"":2,""21"":1,""25"":1,""26"":1,""27"":1,""29"":1,""30"":2,""32"":1,""33"":1,""34"":3,""36"":3,""40"":4,""41"":3,""44"":1,""45"":1,""47"":2,""49"":1,""50"":2,""52"":1,""53"":1,""55"":2,""57"":2,""60"":2,""62"":1,""65"":4,""66"":1,""67"":1,""79"":1,""85"":1,""86"":1,""87"":1,""94"":1}",54,0,"{""2"":1,""3"":4,""4"":3,""5"":7,""6"":7,""7"":7,""8"":8,""9"":6,""10"":4,""11"":4,""12"":12,""13"":12,""14"":9,""15"":10,""16"":8,""17"":4,""18"":8,""19"":5,""20"":4,""21"":2,""22"":6,""23"":2,""24"":4,""25"":1,""26"":1,""27"":4,""28"":1,""29"":2,""30"":3,""31"":3,""32"":1,""34"":1,""35"":3,""36"":2,""37"":1,""38"":2,""44"":1,""45"":1,""54"":1}","..X...
X....X
.X....
X.X.X.
....XX
...X.X",25,6,"{""1"":6,""2"":35,""3"":26,""4"":32,""5"":43,""6"":45,""7"":29,""8"":15,""9"":22,""10"":21,""11"":11,""12"":10,""13"":9,""14"":6,""15"":1,""16"":6,""17"":4,""18"":4,""19"":1,""20"":1,""21"":1,""23"":1,""25"":1}",,,,,,
376,6,11,all,0,08c6c28044,0101a301a3,4,"2,0;4,3;5,3;5,5","0,2;1,2;0,2;0,0",1,232,0,"{""94"":1,""118"":1,""125"":2,""140"":2,""151"":3,""232"":2}",102,0,"{""16"":2,""19"":1,""20"":1,""24"":1,""26"":1,""27"":1,""29"":1,""30"":2,""31"":1,""33"":1,""34"":2,""36"":4,""37"":1,""40"":3,""41"":1,""45"":1,""47"":2,""49"":3,""50"":2,""53"":1,""54"":2,""55"":3,""57"":2,""58"":2,""60"":2,""65"":2,""66"":2,""67"":1,""79"":1,""85"":2,""87"":2,""94"":1,""102"":1}",45,0,"{""2"":1,""3"":1,""4"":3,""5"":7,""6"":4,""7"":5,""8"":11,""9"":8,""10"":5,""11"":6,""12"":8,""13"":12,""14"":14,""15"":6,""16"":7,""17"":4,""18"":8,""19"":4,""20"":7,""21"":2,""22"":5,""23"":7,""24"":2,""25"":3,""26"":1,""27"":2,""28"":1,""29"":1,""30"":2,""31"":3,""32"":1,""33"":2,""34"":1,""35"":3,""36"":1,""37"":1,""38"":2,""40"":1,""44"":1,""45"":2}","..X...
X.....
...X.X
....XX
.XX...
XX...X",24,13,"{""1"":13,""2"":28,""3"":46,""4"":48,""5"":49,""6"":32,""7"":18,""8"":18,""9"":23,""10"":11,""11"":12,""12"":7,""13"":2,""14"":5,""15"":6,""16"":1,""17"":4,""18"":3,""21"":2,""23"":1,""24"":1}",,,,,,
377,6,11,all,0,0a31502904,0088d01193,3,"2,1;0,4;5,4","1,2;0,1;0,1",1,232,0,"{""94"":1,""118"":1,""125"":3,""140"":3,""151"":2,""232"":1}",94,0,"{""14"":1,""16"":1,""18"":1,""19"":3,""20"":2,""21"":1,""24"":1,""25"":1,""26"":1,""27"":1,""28"":1,""30"":2,""32"":2,""34"":4,""36"":2,""40"":4,""41"":1,""43"":1,""44"":2,""45"":1,""47"":2,""50"":2,""52"":2,""53"":1,""54"":1,""55"":2,""57"":1,""60"":3,""62"":1,""65"":1,""67"":1,""76"":1,""85"":1,""86"":2,""94"":1}",54,2,"{""1"":2,""2"":1,""3"":2,""4"":2,""5"":6,""6"":11,""7"":9,""8"":11,""9"":10,""10"":4,""11"":5,""12"":13,""13"":9,""14"":10,""15"":11,""16"":8,""17"":3,""18"":8,""19"":7,""20"":4,""21"":1,""22"":1,""23"":1,""24"":5,""25"":4,""26"":1,""27"":1,""28"":2,""29"":2,""30"":2,""31"":2,""32"":1,""34"":1,""35"":1,""42"":1,""44"":1,""54"":2}","..X...
..X..X
.X....
..X.X.
X...XX
...X.X",,,,,,,,,
378,6,11,all,0,0a70502904,0048d01193,4,"2,0;1,2;4,3;0,5","0,2;1,2;1,2;0,0",1,232,0,"{""94"":1,""118"":1,""125"":3,""140"":2,""151"":2,""232"":2}",102,0,"{""16"":1,""18"":1,""19"":2,""20"":2,""21"":1,""25"":1,""26"":1,""27"":1,""28"":1,""30"":2,""32"":1,""34"":4,""36"":1,""40"":3,""41"":1,""43"":1,""44"":1,""45"":1,""47"":2,""49"":1,""50"":1,""52"":2,""53"":1,""54"":2,""55"":2,""57"":1,""58"":2,""60"":4,""62"":1,""65"":1,""67"":1,""76"":1,""79"":1,""85"":1,""86"":2,""87"":1,""94"":1,""102"":1}",54,0,"{""3"":1,""4"":2,""5"":5,""6"":6,""7"":7,""8"":10,""9"":11,""10"":5,""11"":3,""12"":12,""13"":10,""14"":10,""15"":9,""16"":5,""17"":3,""18"":8,""19"":7,""20"":6,""21"":2,""22"":2,""23"":2,""24"":5,""25"":3,""26"":3,""27"":3,""28"":3,""29"":3,""30"":3,""31"":2,""32"":2,""33"":1,""34"":1,""35"":1,""36"":1,""37"":2,""40"":1,""42"":1,""44"":1,""45"":1,""54"":2}","..X...
..X..X
.X....
..X.X.
....XX
X..X.X",31,10,"{""1"":10,""2"":12,""3"":26,""4"":43,""5"":46,""6"":52,""7"":28,""8"":18,""9"":19,""10"":17,""11"":19,""12"":10,""13"":6,""14"":2,""15"":4,""16"":3,""17"":6,""18"":1,""20"":1,""21"":1,""22"":1,""24"":2,""25"":2,""31"":1}",,,,,,
379,6,11,all,0,0443c05a04,01281700d1,3,"3,1;2,2;0,4","1,2;2,2;0,1",1,232,0,"{""94"":1,""118"":1,""125"":2,""140"":3,""151"":3,""232"":1}",94,0,"{""10"":1,""15"":1,""19"":2,""21"":1,""24"":1,""27"":1,""28"":1,""29"":1,""30"":1,""31"":2,""32"":1,""33"":2,""36"":1,""37"":1,""39"":1,""40"":2,""41"":4,""43"":1,""44"":1,""45"":1,""47"":1,""49"":2,""50"":1,""51"":2,""52"":2,""54"":1,""55"":2,""57"":3,""58"":2,""60"":3,""62"":1,""65"":1,""66"":2,""79"":1,""86"":1,""87"":2,""94"":1}",54,1,"{""1"":1,""2"":4,""3"":3,""4"":4,""5"":9,""6"":7,""7"":1,""8"":3,""9"":9,""10"":2,""11"":4,""12"":8,""13"":9,""14"":5,""15"":8,""16"":8,""17"":4,""18"":9,""19"":9,""20"":8,""21"":6,""22"":7,""23"":4,""24"":3,""25"":5,""27"":5,""28"":2,""29"":3,""30"":2,""31"":1,""32"":1,""35"":3,""36"":2,""37"":2,""38"":2,""41"":1,""54"":1}","..X...
...X.X
X.X...
....XX
XX....
X...X.",,,,,,,,,
380,6,11,all,0,0c43510a04,00c2910351,4,"2,0;3,1;4,2;4,3","0,2;1,2;1,2;1,2",1,232,0,"{""94"":1,""118"":1,""125"":3,""140"":3,""151"":1,""232"":2}",102,0,"{""15"":1,""16"":1,""19"":1,""20"":1,""24"":1,""25"":1,""28"":1,""29"":1,""30"":1,""31"":1,""32"":1,""34"":1,""36"":2,""37"":2,""38"":1,""39"":1,""40"":3,""41"":2,""44"":1,""45"":1,""47"":1,""49"":2,""50"":2,""51"":2,""52"":3,""54"":1,""55"":3,""57"":2,""58"":2,""60"":4,""76"":1,""79"":1,""85"":1,""86"":2,""87"":1,""94"":1,""102"":1}",54,0,"{""2"":2,""3"":4,""4"":2,""5"":3,""6"":8,""7"":3,""8"":10,""9"":6,""10"":6,""11"":3,""12"":6,""13"":6,""14"":5,""15"":8,""16"":7,""17"":6,""18"":8,""19"":7,""20"":9,""21"":3,""22"":3,""23"":8,""24"":8,""25"":4,""26"":1,""27"":7,""28"":4,""29"":3,""30"":1,""31"":2,""32"":2,""33"":1,""34"":1,""36"":1,""37"":1,""38"":1,""40"":1,""41"":1,""45"":1,""54"":2}","..X...
...X.X
....X.
..X.X.
XX....
X...XX",26,27,"{""1"":27,""2"":27,""3"":32,""4"":27,""5"":28,""6"":29,""7"":32,""8"":23,""9"":17,""10"":17,""11"":16,""12"":16,""13"":9,""14"":6,""15"":5,""16"":1,""17"":1,""18"":5,""19"":4,""20"":1,""21"":1,""23"":2,""24"":2,""25"":1,""26"":1}",,,,,,
381,6,11,all,0,03845000f8,0049878882,3,"3,0;1,1;3,5","0,2;1,1;0,2",1,232,0,"{""94"":1,""118"":1,""125"":2,""140"":3,""151"":3,""232"":1}",87,0,"{""4"":1,""8"":1,""15"":1,""16"":1,""19"":1,""20"":1,""21"":3,""24"":1,""28"":1,""29"":1,""30"":3,""31"":2,""32"":1,""33"":1,""34"":2,""36"":6,""39"":1,""40"":3,""41"":2,""43"":1,""45"":1,""49"":2,""50"":1,""53"":1,""54"":2,""57"":2,""58"":1,""60"":2,""62"":1,""65"":1,""66"":1,""67"":1,""76"":1,""79"":1,""85"":1,""86"":1,""87"":1}",42,3,"{""1"":3,""2"":11,""3"":5,""4"":11,""5"":17,""6"":6,""7"":6,""8"":10,""9"":4,""10"":4,""11"":6,""12"":10,""13"":6,""14"":7,""15"":4,""16"":9,""17"":6,""18"":3,""19"":7,""20"":3,""21"":2,""23"":3,""24"":3,""25"":5,""26"":2,""27"":2,""28"":1,""30"":1,""31"":1,""35"":3,""37"":2,""40"":1,""42"":1}","...XXX
XX....
......
..X.X.
..X...
.XXX..",,,,,,,,,
382,6,11,all,0,089000b178,01a4085461,3,"0,1;0,2;3,2","0,1;0,2;2,2",1,232,0,"{""94"":1,""118"":1,""125"":2,""140"":3,""151"":2,""232"":2}",102,0,"{""19"":2,""20"":1,""21"":3,""24"":1,""25"":1,""27"":1,""28"":1,""29"":1,""30"":1,""32"":2,""33"":1,""34"":1,""36"":2,""39"":1,""40"":2,""41"":2,""44"":1,""45"":1,""49"":2,""50"":1,""51"":1,""52"":2,""53"":1,""54"":2,""55"":2,""57"":2,""58"":1,""60"":3,""65"":1,""67"":1,""76"":2,""79"":2,""85"":1,""86"":2,""87"":2,""94"":1,""102"":1}",54,1,"{""1"":1,""3"":2,""4"":2,""5"":8,""6"":5,""7"":6,""8"":5,""9"":12,""10"":6,""11"":8,""12"":11,""13"":8,""14"":7,""15"":5,""16"":8,""17"":2,""18"":8,""19"":5,""20"":4,""21"":2,""22"":2,""23"":2,""24"":2,""25"":5,""26"":1,""27"":5,""28"":5,""29"":4,""30"":3,""31"":1,""32"":2,""33"":1,""34"":1,""36"":3,""37"":1,""38"":2,""40"":3,""41"":1,""42"":1,""44"":1,""45"":2,""54"":2}","...XXX
X.X...
XX.X..
......
....X.
.X...X",,,,,,,,,
383,6,11,all,0,0162011278,0162011278,4,"3,0;4,0;0,2;2,5","0,2;0,1;0,2;0,2",1,232,0,"{""118"":1,""125"":2,""140"":3,""151"":3,""232"":2}",94,0,"{""19"":1,""20"":3,""21"":2,""28"":1,""30"":1,""31"":1,""32"":3,""36"":3,""40"":4,""41"":2,""43"":1,""44"":1,""47"":1,""50"":3,""51"":1,""52"":1,""53"":1,""54"":1,""55"":2,""57"":2,""58"":1,""60"":4,""62"":1,""65"":2,""67"":2,""76"":2,""79"":1,""80"":1,""85"":2,""86"":2,""87"":1,""94"":1}",54,0,"{""3"":1,""4"":5,""5"":4,""6"":6,""7"":7,""8"":7,""9"":6,""10"":6,""11"":9,""12"":9,""13"":5,""14"":14,""15"":8,""16"":8,""17"":4,""18"":4,""19"":6,""20"":5,""21"":1,""22"":5,""23"":3,""24"":4,""25"":10,""26"":2,""27"":2,""28"":3,""29"":2,""30"":2,""31"":2,""32"":1,""33"":1,""34"":1,""35"":2,""36"":1,""37"":1,""38"":1,""40"":1,""41"":1,""42"":1,""44"":1,""45"":1,""54"":2}","...XXX
X..X..
X...X.
......
.X...X
X.X...",31,9,"{""1"":9,""2"":39,""3"":45,""4"":35,""5"":41,""6"":31,""7"":36,""8"":18,""9"":16,""10"":9,""11"":14,""12"":7,""13"":5,""14"":6,""15"":4,""16"":2,""17"":1,""18"":3,""19"":2,""20"":1,""21"":1,""24"":2,""25"":1,""26"":1,""31"":1}",,,,,,
384,6,11,all,0,0862011278,01e4880461,4,"3,0;5,0;4,2;5,5","0,2;0,0;1,2;0,0",1,232,0,"{""118"":1,""125"":2,""140"":3,""151"":2,""232"":3}",102,0,"{""19"":1,""20"":2,""21"":2,""28"":1,""30"":1,""31"":1,""32"":2,""36"":2,""40"":3,""41"":2,""44"":1,""49"":1,""50"":3,""51"":1,""52"":1,""53"":1,""54"":2,""55"":2,""57"":2,""58"":2,""60"":5,""65"":1,""67"":1,""76"":3,""79"":2,""80"":1,""85"":2,""86"":2,""87"":2,""94"":1,""102"":2}",54,0,"{""4"":3,""5"":4,""6"":6,""7"":6,""8"":4,""9"":6,""10"":8,""11"":6,""12"":7,""13"":6,""14"":11,""15"":8,""16"":5,""17"":4,""18"":3,""19"":4,""20"":7,""21"":1,""22"":5,""23"":2,""24"":5,""25"":9,""26"":3,""27"":3,""28"":3,""29"":4,""30"":4,""31"":3,""32"":2,""33"":3,""34"":1,""35"":1,""36"":4,""37"":2,""38"":1,""40"":3,""41"":1,""42"":1,""44"":1,""45"":3,""54"":2}","...XXX
X..X..
X...X.
......
.X...X
X....X",31,3,"{""1"":3,""2"":30,""3"":35,""4"":45,""5"":37,""6"":28,""7"":34,""8"":16,""9"":19,""10"":13,""11"":17,""12"":8,""13"":2,""14"":5,""15"":5,""16"":3,""17"":3,""18"":6,""19"":4,""20"":2,""21"":2,""22"":3,""24"":5,""25"":2,""26"":1,""27"":1,""31"":1}",,,,,,
385,6,11,all,0,00ca8050b8,00ca8050b8,3,"3,0;4,0;2,2","0,2;0,1;2,2",1,232,0,"{""94"":1,""118"":2,""125"":1,""140"":2,""151"":3,""232"":2}",94,0,"{""4"":1,""11"":1,""15"":1,""19"":1,""20"":2,""21"":2,""27"":1,""28"":1,""30"":1,""31"":2,""32"":3,""33"":1,""34"":1,""36"":1,""37"":1,""38"":1,""40"":3,""41"":2,""44"":1,""47"":1,""49"":2,""50"":1,""52"":1,""53"":2,""54"":2,""55"":2,""58"":1,""60"":5,""62"":1,""65"":2,""67"":1,""79"":2,""80"":1,""85"":1,""87"":2,""94"":1}",45,4,"{""1"":4,""2"":6,""3"":5,""4"":5,""5"":11,""6"":9,""7"":6,""8"":5,""9"":7,""10"":4,""11"":5,""12"":8,""13"":9,""14"":11,""15"":6,""16"":6,""17"":3,""18"":5,""19"":10,""20"":6,""21"":1,""22"":4,""23"":5,""24"":5,""25"":2,""26"":3,""27"":4,""28"":1,""30"":2,""31"":1,""33"":1,""36"":1,""38"":2,""44"":1,""45"":1}","...XXX
.X....
X.X...
.....X
.X.X..
XX....",,,,,,,,,
386,6,11,all,0,0385500438,004b878810,3,"3,0;4,0;4,1","0,2;0,1;1,1",1,232,0,"{""94"":1,""118"":1,""125"":2,""140"":3,""151"":3,""232"":1}",94,0,"{""4"":1,""8"":1,""10"":1,""11"":1,""16"":2,""18"":1,""20"":2,""21"":2,""24"":2,""28"":1,""29"":1,""30"":2,""31"":1,""32"":1,""33"":1,""34"":2,""36"":4,""39"":1,""40"":2,""41"":3,""43"":1,""45"":1,""49"":2,""50"":1,""51"":1,""52"":1,""53"":1,""54"":1,""57"":1,""58"":1,""60"":2,""62"":1,""65"":1,""66"":1,""67"":1,""79"":2,""85"":1,""86"":1,""87"":1,""94"":1}",54,4,"{""1"":4,""2"":15,""3"":6,""4"":9,""5"":17,""6"":11,""7"":5,""8"":13,""9"":5,""10"":3,""11"":4,""12"":7,""13"":7,""14"":9,""15"":4,""16"":3,""17"":4,""18"":3,""19"":3,""20"":3,""22"":3,""23"":1,""24"":2,""25"":2,""26"":3,""27"":2,""28"":2,""30"":1,""31"":1,""34"":1,""35"":3,""36"":3,""37"":1,""38"":1,""41"":1,""42"":1,""44"":1,""54"":1}","...XXX
....X.
......
..X.X.
X.X...
.XXX..",,,,,,,,,
387,6,11,all,0,0862a10258,01a4085461,3,"3,0;4,0;3,3","0,2;0,1;2,2",1,232,0,"{""94"":1,""118"":1,""125"":2,""140"":3,""151"":2,""232"":2}",102,0,"{""19"":2,""20"":1,""21"":3,""24"":1,""25"":1,""27"":1,""28"":1,""29"":1,""30"":1,""32"":2,""33"":1,""34"":1,""36"":2,""39"":1,""40"":2,""41"":2,""44"":1,""45"":1,""49"":2,""50"":1,""51"":1,""52"":2,""53"":1,""54"":2,""55"":2,""57"":2,""58"":1,""60"":3,""65"":1,""67"":1,""76"":2,""79"":2,""85"":1,""86"":2,""87"":2,""94"":1,""102"":1}",54,1,"{""1"":1,""3"":2,""4"":2,""5"":8,""6"":5,""7"":6,""8"":5,""9"":12,""10"":6,""11"":8,""12"":11,""13"":8,""14"":7,""15"":5,""16"":8,""17"":2,""18"":8,""19"":5,""20"":4,""21"":2,""22"":2,""23"":2,""24"":2,""25"":5,""26"":1,""27"":5,""28"":5,""29"":4,""30"":3,""31"":1,""32"":2,""33"":1,""34"":1,""36"":3,""37"":1,""38"":2,""40"":3,""41"":1,""42"":1,""44"":1,""45"":2,""54"":2}","...XX.
X..X..
....X.
...X.X
.X...X
X....X",,,,,,,,,
388,6,11,all,0,08c6828058,01a0141631,4,"3,0;4,0;0,1;5,2","0,2;0,1;0,1;0,2",1,232,0,"{""94"":1,""118"":1,""125"":1,""140"":3,""151"":3,""232"":2}",102,0,"{""10"":1,""16"":2,""21"":1,""24"":1,""26"":1,""27"":1,""30"":1,""32"":2,""33"":2,""34"":1,""36"":4,""37"":1,""40"":3,""41"":2,""43"":1,""45"":1,""47"":1,""49"":2,""50"":2,""53"":2,""54"":1,""55"":3,""57"":3,""58"":1,""60"":2,""65"":2,""66"":1,""67"":1,""76"":1,""79"":2,""85"":2,""87"":2,""94"":1,""102"":1}",45,0,"{""2"":1,""3"":2,""4"":2,""5"":8,""6"":7,""7"":6,""8"":8,""9"":5,""10"":7,""11"":4,""12"":8,""13"":10,""14"":13,""15"":7,""16"":9,""17"":5,""18"":7,""19"":2,""20"":8,""21"":2,""22"":7,""23"":5,""24"":2,""25"":4,""26"":3,""27"":2,""29"":1,""30"":3,""31"":2,""32"":1,""33"":1,""35"":3,""36"":2,""38"":2,""40"":2,""44"":2,""45"":2}","...XX.
X.....
...X.X
.....X
.XX...
XX...X",23,17,"{""1"":17,""2"":40,""3"":38,""4"":43,""5"":49,""6"":30,""7"":24,""8"":19,""9"":16,""10"":10,""11"":11,""12"":5,""13"":4,""14"":5,""15"":5,""16"":2,""17"":4,""18"":3,""19"":1,""20"":1,""22"":2,""23"":1}",,,,,,
389,6,11,all,0,0870142a18,0148130893,3,"4,0;5,1;4,4","0,1;0,1;1,1",1,232,0,"{""94"":1,""118"":1,""125"":2,""140"":3,""151"":2,""232"":2}",102,0,"{""10"":1,""16"":1,""19"":2,""21"":2,""24"":1,""27"":1,""28"":1,""29"":1,""30"":1,""31"":1,""33"":1,""36"":4,""37"":1,""39"":1,""40"":3,""41"":1,""45"":2,""47"":1,""49"":3,""51"":1,""52"":2,""54"":2,""55"":2,""57"":2,""58"":1,""60"":2,""65"":1,""66"":1,""67"":1,""76"":2,""79"":2,""85"":1,""86"":2,""87"":2,""94"":1,""102"":1}",54,1,"{""1"":1,""2"":4,""3"":1,""4"":4,""5"":6,""6"":4,""7"":3,""8"":7,""9"":8,""10"":3,""11"":7,""12"":11,""13"":6,""14"":4,""15"":7,""16"":7,""17"":7,""18"":5,""19"":7,""20"":7,""21"":1,""22"":5,""23"":5,""24"":2,""25"":4,""26"":2,""27"":4,""28"":5,""29"":4,""30"":2,""31"":2,""32"":2,""33"":1,""35"":3,""36"":3,""37"":3,""38"":2,""40"":2,""41"":1,""42"":1,""45"":1,""54"":1}","...XX.
...X.X
.X....
X.X...
....XX
X....X",,,,,,,,,
390,6,11,all,0,0830543218,0043ab0106,3,"4,0;4,3;4,4","0,1;1,2;1,1",1,232,0,"{""94"":1,""118"":1,""125"":3,""140"":2,""151"":3,""232"":1}",94,0,"{""19"":2,""20"":2,""21"":2,""24"":1,""26"":1,""27"":1,""28"":1,""29"":1,""30"":2,""31"":2,""33"":1,""34"":3,""36"":4,""37"":1,""39"":1,""40"":5,""43"":1,""45"":1,""47"":1,""49"":2,""50"":1,""53"":1,""54"":2,""55"":1,""57"":1,""58"":3,""60"":2,""65"":2,""66"":1,""76"":1,""85"":1,""86"":1,""87"":2,""94"":1}",54,1,"{""1"":1,""3"":3,""4"":6,""5"":6,""6"":5,""7"":2,""8"":10,""9"":7,""10"":5,""11"":11,""12"":14,""13"":10,""14"":9,""15"":7,""16"":6,""17"":7,""18"":7,""19"":8,""20"":7,""21"":2,""22"":5,""23"":2,""24"":1,""25"":2,""26"":2,""27"":3,""29"":1,""30"":1,""31"":3,""34"":1,""35"":2,""36"":1,""37"":2,""38"":2,""42"":1,""44"":1,""45"":1,""54"":1}","...XX.
...X..
XX....
X.X.X.
....XX
.....X",,,,,,,,,
391,6,11,all,0,0862151218,00e8c0408d,3,"0,2;0,3;1,4","0,2;0,2;1,1",1,232,0,"{""94"":1,""118"":1,""125"":2,""140"":2,""151"":3,""232"":2}",102,0,"{""19"":1,""20"":2,""21"":1,""24"":1,""27"":1,""28"":2,""30"":2,""31"":1,""33"":1,""34"":1,""36"":2,""37"":2,""38"":1,""40"":3,""41"":1,""43"":1,""44"":1,""45"":1,""47"":1,""49"":1,""51"":1,""52"":1,""53"":1,""54"":2,""55"":1,""57"":1,""58"":2,""60"":4,""65"":2,""66"":1,""67"":1,""76"":2,""79"":1,""85"":2,""86"":2,""87"":2,""94"":1,""102"":1}",54,1,"{""1"":1,""3"":1,""4"":1,""5"":5,""6"":7,""7"":5,""8"":2,""9"":7,""10"":7,""11"":6,""12"":12,""13"":9,""14"":6,""15"":6,""16"":2,""17"":7,""18"":3,""19"":8,""20"":7,""21"":3,""22"":5,""23"":2,""24"":5,""25"":6,""27"":5,""28"":5,""29"":3,""30"":2,""31"":2,""33"":3,""34"":2,""35"":3,""36"":4,""37"":4,""40"":2,""41"":1,""42"":1,""44"":1,""45"":2,""54"":2}","...XX.
...X..
X...X.
X.X...
.X...X
X....X",,,,,,,,,
392,6,11,all,0,0c47401218,0065c0208b,4,"3,0;4,0;4,3;1,4","0,2;0,1;1,2;1,1",1,232,0,"{""118"":1,""125"":3,""140"":3,""151"":2,""232"":2}",102,0,"{""14"":1,""18"":1,""19"":1,""20"":1,""21"":1,""26"":1,""30"":1,""31"":3,""34"":1,""36"":1,""39"":1,""40"":3,""41"":3,""43"":2,""44"":1,""49"":1,""50"":2,""51"":2,""52"":2,""53"":1,""54"":2,""55"":1,""57"":1,""58"":4,""60"":4,""65"":3,""66"":1,""76"":2,""79"":1,""85"":2,""86"":1,""87"":1,""94"":1,""102"":1}",54,0,"{""2"":2,""3"":3,""4"":3,""5"":7,""6"":4,""7"":5,""8"":5,""9"":4,""10"":6,""11"":3,""12"":4,""13"":11,""14"":6,""15"":9,""16"":4,""17"":6,""18"":4,""19"":4,""20"":6,""21"":5,""22"":8,""23"":6,""24"":8,""25"":3,""26"":1,""27"":2,""28"":3,""29"":4,""30"":3,""31"":5,""32"":1,""33"":2,""34"":2,""35"":3,""36"":3,""37"":4,""40"":1,""42"":1,""44"":1,""45"":2,""54"":1}","...XX.
...X..
X.....
....X.
XXX...
X...XX",31,19,"{""1"":19,""2"":42,""3"":32,""4"":9,""5"":30,""6"":17,""7"":28,""8"":25,""9"":16,""10"":20,""11"":17,""12"":14,""13"":9,""14"":11,""15"":10,""16"":7,""17"":2,""18"":6,""19"":2,""20"":2,""21"":3,""22"":2,""24"":3,""25"":2,""27"":1,""31"":1}",,,,,,
393,6,11,all,0,0c47801218,0161c0208b,4,"4,0;3,1;0,2;5,3","0,1;1,2;0,2;0,2",1,232,0,"{""118"":1,""125"":2,""140"":3,""151"":3,""232"":2}",102,0,"{""14"":1,""18"":1,""19"":1,""21"":1,""26"":1,""31"":1,""32"":1,""34"":1,""36"":1,""39"":2,""40"":3,""41"":3,""43"":1,""44"":1,""49"":2,""50"":1,""51"":1,""52"":1,""53"":1,""54"":2,""55"":1,""57"":2,""58"":3,""60"":4,""62"":1,""65"":4,""66"":2,""67"":1,""76"":2,""79"":1,""85"":2,""86"":1,""87"":2,""94"":1,""102"":1}",54,0,"{""2"":1,""3"":3,""4"":1,""5"":3,""6"":4,""7"":5,""8"":6,""9"":4,""10"":4,""11"":2,""12"":4,""13"":10,""14"":7,""15"":6,""16"":3,""17"":4,""18"":5,""19"":4,""20"":6,""21"":6,""22"":8,""23"":6,""24"":6,""25"":6,""26"":2,""27"":3,""28"":3,""29"":5,""30"":5,""31"":6,""32"":1,""33"":2,""34"":3,""35"":4,""36"":3,""37"":5,""38"":2,""40"":1,""42"":1,""44"":1,""45"":3,""54"":1}","...XX.
...X..
X.....
.....X
XXX...
X...XX",31,6,"{""1"":6,""2"":36,""3"":23,""4"":5,""5"":26,""6"":23,""7"":35,""8"":25,""9"":14,""10"":19,""11"":19,""12"":15,""13"":11,""14"":19,""15"":9,""16"":10,""17"":6,""18"":8,""19"":2,""20"":3,""21"":5,""22"":3,""23"":1,""24"":3,""25"":2,""27"":1,""31"":1}",,,,,,
394,6,11,all,0,0124094c68,0088d01193,3,"0,1;4,1;5,1","0,1;1,1;0,1",1,232,0,"{""94"":1,""118"":1,""125"":3,""140"":3,""151"":2,""232"":1}",94,0,"{""14"":1,""16"":1,""18"":1,""19"":3,""20"":2,""21"":1,""24"":1,""25"":1,""26"":1,""27"":1,""28"":1,""30"":2,""32"":2,""34"":4,""36"":2,""40"":4,""41"":1,""43"":1,""44"":2,""45"":1,""47"":2,""50"":2,""52"":2,""53"":1,""54"":1,""55"":2,""57"":1,""60"":3,""62"":1,""65"":1,""67"":1,""76"":1,""85"":1,""86"":2,""94"":1}",54,2,"{""1"":2,""2"":1,""3"":2,""4"":2,""5"":6,""6"":11,""7"":9,""8"":11,""9"":10,""10"":4,""11"":5,""12"":13,""13"":9,""14"":10,""15"":11,""16"":8,""17"":3,""18"":8,""19"":7,""20"":4,""21"":1,""22"":1,""23"":1,""24"":5,""25"":4,""26"":1,""27"":1,""28"":2,""29"":2,""30"":2,""31"":2,""32"":1,""34"":1,""35"":1,""42"":1,""44"":1,""54"":2}","...X.X
X...XX
..X.X.
.X....
..X..X
..X...",,,,,,,,,
395,6,11,all,0,01e4880468,0162011278,4,"3,0;5,0;5,3;5,4","0,2;0,0;0,2;0,1",1,232,0,"{""118"":1,""125"":2,""140"":3,""151"":3,""232"":2}",94,0,"{""19"":1,""20"":3,""21"":2,""28"":1,""30"":1,""31"":1,""32"":3,""36"":3,""40"":4,""41"":2,""43"":1,""44"":1,""47"":1,""50"":3,""51"":1,""52"":1,""53"":1,""54"":1,""55"":2,""57"":2,""58"":1,""60"":4,""62"":1,""65"":2,""67"":2,""76"":2,""79"":1,""80"":1,""85"":2,""86"":2,""87"":1,""94"":1}",54,0,"{""3"":1,""4"":5,""5"":4,""6"":6,""7"":7,""8"":7,""9"":6,""10"":6,""11"":9,""12"":9,""13"":5,""14"":14,""15"":8,""16"":8,""17"":4,""18"":4,""19"":6,""20"":5,""21"":1,""22"":5,""23"":3,""24"":4,""25"":10,""26"":2,""27"":2,""28"":3,""29"":2,""30"":2,""31"":2,""32"":1,""33"":1,""34"":1,""35"":2,""36"":1,""37"":1,""38"":1,""40"":1,""41"":1,""42"":1,""44"":1,""45"":1,""54"":2}","...X.X
X...X.
......
.X...X
..X..X
XXX...",31,9,"{""1"":9,""2"":39,""3"":45,""4"":35,""5"":41,""6"":31,""7"":36,""8"":18,""9"":16,""10"":9,""11"":14,""12"":7,""13"":5,""14"":6,""15"":4,""16"":2,""17"":1,""18"":3,""19"":2,""20"":1,""21"":1,""24"":2,""25"":1,""26"":1,""31"":1}",,,,,,
396,6,11,all,0,0d10403868,0161c0208b,4,"3,0;0,1;5,1;1,2","0,2;0,1;0,1;1,2",1,232,0,"{""118"":1,""125"":2,""140"":3,""151"":3,""232"":2}",102,0,"{""14"":1,""18"":1,""19"":1,""21"":1,""26"":1,""31"":1,""32"":1,""34"":1,""36"":1,""39"":2,""40"":3,""41"":3,""43"":1,""44"":1,""49"":2,""50"":1,""51"":1,""52"":1,""53"":1,""54"":2,""55"":1,""57"":2,""58"":3,""60"":4,""62"":1,""65"":4,""66"":2,""67"":1,""76"":2,""79"":1,""85"":2,""86"":1,""87"":2,""94"":1,""102"":1}",54,0,"{""2"":1,""3"":3,""4"":1,""5"":3,""6"":4,""7"":5,""8"":6,""9"":4,""10"":4,""11"":2,""12"":4,""13"":10,""14"":7,""15"":6,""16"":3,""17"":4,""18"":5,""19"":4,""20"":6,""21"":6,""22"":8,""23"":6,""24"":6,""25"":6,""26"":2,""27"":3,""28"":3,""29"":5,""30"":5,""31"":6,""32"":1,""33"":2,""34"":3,""35"":4,""36"":3,""37"":5,""38"":2,""40"":1,""42"":1,""44"":1,""45"":3,""54"":1}","...X.X
X....X
XX....
....X.
....X.
..X.XX",31,6,"{""1"":6,""2"":36,""3"":23,""4"":5,""5"":26,""6"":23,""7"":35,""8"":25,""9"":14,""10"":19,""11"":19,""12"":15,""13"":11,""14"":19,""15"":9,""16"":10,""17"":6,""18"":8,""19"":2,""20"":3,""21"":5,""22"":3,""23"":1,""24"":3,""25"":2,""27"":1,""31"":1}",,,,,,
397,6,11,all,0,04100d5868,0082c2a845,4,"3,0;0,1;5,1;0,3","0,2;0,1;0,1;0,2",1,232,0,"{""94"":1,""118"":1,""125"":2,""140"":3,""151"":3,""232"":1}",87,0,"{""11"":1,""14"":1,""16"":1,""18"":1,""19"":1,""20"":2,""21"":1,""24"":2,""27"":1,""29"":1,""30"":3,""32"":1,""33"":1,""34"":4,""36"":3,""40"":3,""41"":3,""43"":1,""44"":1,""45"":1,""47"":1,""49"":2,""50"":1,""52"":1,""53"":1,""54"":2,""55"":1,""57"":2,""60"":1,""65"":2,""66"":2,""67"":1,""76"":2,""85"":1,""86"":1,""87"":1}",42,0,"{""2"":1,""3"":6,""4"":10,""5"":12,""6"":10,""7"":8,""8"":6,""9"":9,""10"":4,""11"":5,""12"":8,""13"":10,""14"":8,""15"":6,""16"":6,""17"":3,""18"":8,""19"":6,""20"":5,""21"":1,""22"":6,""23"":4,""24"":4,""25"":3,""26"":1,""27"":3,""28"":1,""29"":1,""30"":1,""31"":2,""34"":1,""35"":2,""37"":2,""38"":1,""42"":1}","...X.X
X....X
X.X.X.
XX....
....X.
....X.",22,30,"{""1"":30,""2"":48,""3"":63,""4"":41,""5"":31,""6"":18,""7"":19,""8"":15,""9"":15,""10"":13,""11"":10,""12"":7,""13"":4,""14"":4,""15"":4,""16"":4,""17"":2,""21"":1,""22"":1}",,,,,,
398,6,11,all,0,0143890868,0143890868,4,"5,0;0,1;5,1;5,3","0,0;0,1;0,1;0,2",1,232,0,"{""118"":1,""125"":2,""140"":3,""151"":3,""232"":2}",94,0,"{""14"":1,""16"":1,""20"":2,""26"":1,""29"":1,""30"":2,""32"":2,""34"":1,""36"":3,""40"":4,""41"":3,""44"":1,""47"":2,""49"":1,""50"":3,""52"":1,""53"":1,""55"":1,""57"":2,""60"":4,""62"":1,""65"":4,""66"":1,""67"":2,""76"":1,""79"":2,""80"":1,""85"":2,""86"":2,""87"":1,""94"":1}",54,0,"{""3"":1,""4"":2,""5"":7,""6"":7,""7"":6,""8"":4,""9"":2,""10"":5,""11"":4,""12"":6,""13"":12,""14"":10,""15"":9,""16"":8,""17"":4,""18"":7,""19"":6,""20"":2,""21"":3,""22"":6,""23"":5,""24"":7,""25"":4,""26"":3,""27"":4,""28"":3,""29"":3,""30"":3,""31"":4,""32"":1,""33"":1,""34"":1,""35"":6,""36"":3,""37"":1,""38"":2,""44"":1,""45"":1,""54"":1}","...X.X
X....X
....X.
.X...X
XX....
X.X...",25,11,"{""1"":11,""2"":28,""3"":27,""4"":27,""5"":39,""6"":44,""7"":25,""8"":19,""9"":20,""10"":20,""11"":12,""12"":12,""13"":10,""14"":10,""15"":1,""16"":7,""17"":7,""18"":6,""19"":1,""20"":1,""21"":1,""23"":1,""25"":1}",,,,,,
399,6,11,all,0,05050886a8,00621f0290,3,"3,0;1,1;3,1","0,2;1,1;1,2",1,232,0,"{""94"":1,""118"":2,""125"":3,""140"":2,""151"":2,""232"":1}",94,0,"{""4"":1,""8"":1,""11"":2,""18"":1,""19"":2,""20"":1,""21"":1,""26"":1,""27"":1,""28"":2,""30"":2,""31"":1,""33"":1,""34"":1,""36"":1,""37"":2,""38"":1,""40"":1,""41"":4,""43"":2,""44"":1,""45"":1,""47"":1,""49"":1,""50"":1,""51"":1,""52"":2,""53"":1,""54"":3,""57"":2,""60"":2,""62"":1,""65"":1,""66"":1,""67"":1,""76"":1,""79"":1,""85"":1,""86"":2,""94"":1}",54,11,"{""1"":11,""2"":8,""3"":2,""4"":4,""5"":11,""6"":7,""7"":6,""8"":4,""9"":9,""10"":2,""11"":2,""12"":7,""13"":8,""14"":5,""15"":3,""16"":3,""17"":6,""18"":11,""19"":5,""20"":8,""21"":4,""22"":6,""23"":1,""24"":5,""25"":2,""27"":5,""28"":4,""29"":1,""30"":1,""34"":2,""35"":4,""36"":2,""40"":1,""41"":1,""42"":1,""44"":1,""54"":2}","...X.X
.X.XX.
...X..
.X....
X.X...
..X.X.",,,,,,,,,
400,6,11,all,0,014108b8a8,00c01603b4,3,"1,1;5,1;1,3","1,1;0,1;1,2",1,232,0,"{""94"":1,""118"":1,""125"":2,""140"":2,""151"":3,""232"":2}",87,0,"{""11"":1,""16"":2,""19"":1,""20"":1,""21"":1,""24"":1,""25"":1,""26"":1,""28"":1,""29"":1,""30"":1,""31"":1,""33"":1,""34"":1,""36"":1,""37"":1,""39"":1,""40"":1,""41"":2,""44"":1,""45"":1,""47"":1,""49"":2,""50"":2,""52"":2,""54"":3,""57"":2,""58"":2,""60"":3,""62"":1,""65"":4,""66"":1,""67"":2,""79"":2,""80"":1,""85"":2,""86"":1,""87"":1}",45,3,"{""1"":3,""2"":4,""3"":2,""4"":6,""5"":7,""6"":11,""7"":3,""8"":12,""9"":5,""10"":5,""11"":3,""12"":2,""13"":8,""14"":5,""15"":1,""16"":7,""17"":5,""18"":5,""19"":8,""20"":8,""21"":4,""22"":5,""23"":7,""24"":4,""25"":3,""26"":4,""27"":3,""28"":3,""29"":1,""30"":2,""31"":4,""33"":1,""34"":1,""35"":7,""36"":3,""37"":1,""38"":1,""45"":1}","...X.X
.X...X
XX.X..
.X....
X.....
X.X...",,,,,,,,,
401,6,11,all,0,0c8180b128,0148d01813,4,"3,0;2,1;1,2;4,5","0,2;1,2;1,2;0,1",1,232,0,"{""94"":1,""125"":2,""140"":3,""151"":3,""232"":2}",102,0,"{""10"":1,""16"":1,""19"":2,""20"":1,""25"":1,""27"":1,""28"":1,""29"":1,""30"":1,""32"":1,""33"":1,""34"":2,""36"":3,""39"":1,""40"":1,""41"":1,""43"":1,""44"":1,""45"":2,""47"":1,""49"":1,""52"":2,""54"":1,""55"":2,""57"":2,""58"":1,""60"":2,""62"":1,""65"":4,""66"":2,""67"":2,""76"":2,""79"":2,""85"":1,""86"":2,""87"":2,""102"":1}",45,0,"{""2"":3,""3"":1,""4"":3,""5"":6,""6"":3,""7"":5,""8"":9,""9"":6,""10"":6,""11"":2,""12"":9,""13"":7,""14"":11,""15"":6,""16"":8,""17"":2,""18"":6,""19"":7,""20"":3,""21"":6,""22"":4,""23"":4,""24"":1,""25"":4,""26"":3,""27"":3,""28"":5,""29"":3,""30"":2,""31"":3,""32"":2,""33"":1,""34"":2,""35"":6,""36"":3,""37"":4,""38"":2,""40"":1,""42"":1,""45"":2}","...X.X
..X...
XX.X..
.....X
X.....
.X..XX",25,14,"{""1"":14,""2"":32,""3"":19,""4"":43,""5"":33,""6"":33,""7"":21,""8"":20,""9"":23,""10"":18,""11"":13,""12"":11,""13"":9,""14"":8,""15"":5,""16"":8,""17"":9,""19"":3,""21"":3,""22"":2,""23"":2,""25"":1}",,,,,,
402,6,11,all,0,0c11889128,00e2464205,3,"1,3;5,3;4,4","1,2;0,2;1,1",1,232,0,"{""94"":1,""118"":1,""125"":2,""140"":2,""151"":3,""232"":2}",102,0,"{""19"":2,""20"":2,""21"":1,""25"":1,""27"":1,""29"":2,""30"":2,""31"":1,""33"":1,""34"":1,""36"":3,""37"":1,""40"":2,""41"":1,""45"":1,""47"":2,""49"":2,""52"":1,""53"":1,""54"":1,""55"":1,""57"":2,""58"":1,""60"":3,""62"":1,""65"":4,""66"":2,""67"":2,""76"":2,""79"":1,""85"":1,""86"":2,""87"":2,""94"":1,""102"":1}",54,1,"{""1"":1,""4"":2,""5"":2,""6"":5,""7"":6,""8"":6,""9"":7,""10"":2,""11"":6,""12"":10,""13"":8,""14"":9,""15"":5,""16"":6,""17"":5,""18"":4,""19"":8,""20"":3,""21"":5,""22"":6,""23"":5,""24"":4,""25"":3,""26"":2,""27"":8,""28"":3,""29"":3,""30"":3,""31"":4,""33"":1,""34"":2,""35"":6,""36"":2,""37"":4,""38"":3,""40"":2,""44"":1,""45"":2,""54"":1}","...X.X
..X...
X..X..
.X...X
X...X.
....XX",,,,,,,,,
403,6,11,all,0,0c910c8128,0148130893,3,"0,4;4,4;1,5","0,1;1,1;0,1",1,232,0,"{""94"":1,""118"":1,""125"":2,""140"":3,""151"":2,""232"":2}",102,0,"{""10"":1,""16"":1,""19"":2,""21"":2,""24"":1,""27"":1,""28"":1,""29"":1,""30"":1,""31"":1,""33"":1,""36"":4,""37"":1,""39"":1,""40"":3,""41"":1,""45"":2,""47"":1,""49"":3,""51"":1,""52"":2,""54"":2,""55"":2,""57"":2,""58"":1,""60"":2,""65"":1,""66"":1,""67"":1,""76"":2,""79"":2,""85"":1,""86"":2,""87"":2,""94"":1,""102"":1}",54,1,"{""1"":1,""2"":4,""3"":1,""4"":4,""5"":6,""6"":4,""7"":3,""8"":7,""9"":8,""10"":3,""11"":7,""12"":11,""13"":6,""14"":4,""15"":7,""16"":7,""17"":7,""18"":5,""19"":7,""20"":7,""21"":1,""22"":5,""23"":5,""24"":2,""25"":4,""26"":2,""27"":4,""28"":5,""29"":4,""30"":2,""31"":2,""32"":2,""33"":1,""35"":3,""36"":3,""37"":3,""38"":2,""40"":2,""41"":1,""42"":1,""45"":1,""54"":1}","...X.X
..X...
...X..
XX....
X...X.
.X..XX",,,,,,,,,
404,6,11,all,0,0c03681228,00f05a0105,3,"1,3;3,3;4,3","1,2;2,2;1,2",1,232,0,"{""94"":1,""118"":1,""125"":3,""140"":2,""151"":2,""232"":2}",102,0,"{""6"":1,""8"":1,""18"":1,""19"":1,""21"":1,""24"":1,""25"":1,""26"":1,""27"":1,""28"":1,""29"":1,""30"":1,""31"":2,""32"":1,""34"":2,""36"":1,""40"":2,""41"":2,""43"":1,""47"":1,""49"":1,""50"":2,""51"":1,""52"":3,""53"":1,""54"":2,""55"":1,""57"":1,""58"":4,""60"":2,""65"":3,""66"":1,""67"":1,""76"":2,""79"":1,""85"":1,""86"":1,""87"":2,""102"":1}",45,2,"{""1"":2,""2"":2,""3"":9,""4"":5,""5"":4,""6"":6,""7"":4,""8"":7,""9"":8,""10"":6,""11"":4,""12"":2,""13"":9,""14"":8,""15"":5,""16"":5,""17"":5,""18"":4,""19"":6,""20"":6,""21"":4,""22"":2,""23"":3,""24"":6,""25"":3,""26"":3,""27"":4,""28"":4,""29"":4,""30"":5,""31"":3,""34"":2,""35"":4,""36"":3,""37"":4,""38"":1,""40"":1,""45"":2}","...X.X
...X..
X.....
.X.XX.
XX....
....XX",,,,,,,,,
405,6,11,all,0,0c07881228,00f8460105,4,"3,0;1,3;1,4;2,4","0,2;1,2;1,1;1,2",1,232,0,"{""118"":1,""125"":3,""140"":2,""151"":3,""232"":2}",102,0,"{""18"":1,""19"":1,""20"":1,""26"":2,""28"":1,""29"":1,""31"":1,""32"":1,""34"":1,""36"":1,""39"":2,""40"":2,""41"":2,""43"":1,""44"":1,""47"":1,""49"":2,""50"":1,""51"":1,""52"":1,""53"":1,""54"":2,""57"":2,""58"":4,""60"":3,""62"":1,""65"":4,""66"":2,""67"":2,""76"":2,""79"":1,""85"":1,""86"":2,""87"":2,""102"":1}",45,0,"{""2"":1,""3"":2,""4"":2,""5"":2,""6"":3,""7"":3,""8"":7,""9"":7,""10"":5,""11"":5,""12"":2,""13"":11,""14"":10,""15"":4,""16"":3,""17"":2,""18"":2,""19"":5,""20"":6,""21"":7,""22"":5,""23"":7,""24"":6,""25"":7,""26"":3,""27"":5,""28"":4,""29"":5,""30"":5,""31"":4,""33"":1,""34"":3,""35"":7,""36"":3,""37"":5,""38"":2,""40"":1,""41"":1,""45"":2}","...X.X
...X..
X.....
.X...X
XXX...
....XX",27,15,"{""1"":15,""2"":20,""3"":17,""4"":19,""5"":18,""6"":26,""7"":40,""8"":25,""9"":16,""10"":21,""11"":20,""12"":9,""13"":9,""14"":20,""15"":11,""16"":13,""17"":7,""18"":8,""19"":4,""20"":1,""21"":4,""22"":4,""23"":2,""27"":1}",,,,,,
406,6,11,all,0,0c43601228,0144806c23,4,"0,2;3,3;0,4;0,5","0,2;2,2;0,1;0,0",1,232,0,"{""94"":1,""118"":1,""125"":2,""140"":2,""151"":2,""232"":3}",102,0,"{""8"":1,""19"":1,""21"":1,""24"":1,""25"":1,""27"":1,""28"":1,""30"":1,""31"":2,""32"":1,""34"":1,""40"":1,""41"":2,""43"":1,""49"":1,""50"":2,""51"":1,""52"":3,""53"":1,""54"":2,""55"":3,""57"":1,""58"":4,""60"":4,""65"":3,""66"":1,""67"":1,""76"":2,""79"":1,""80"":1,""85"":2,""86"":1,""87"":2,""94"":1,""102"":2}",54,0,"{""3"":3,""4"":4,""5"":4,""6"":4,""7"":2,""8"":3,""9"":4,""10"":6,""11"":3,""12"":2,""13"":9,""14"":6,""15"":5,""16"":5,""17"":5,""18"":6,""19"":7,""20"":5,""21"":4,""22"":7,""23"":6,""24"":7,""25"":4,""26"":5,""27"":2,""28"":5,""29"":5,""30"":5,""31"":5,""32"":1,""33"":2,""34"":2,""35"":5,""36"":3,""37"":5,""38"":1,""40"":2,""42"":1,""44"":1,""45"":3,""54"":1}","...X.X
...X..
X.....
...XX.
XX....
X...XX",31,2,"{""1"":2,""2"":30,""3"":28,""4"":26,""5"":18,""6"":20,""7"":16,""8"":27,""9"":23,""10"":22,""11"":24,""12"":18,""13"":9,""14"":13,""15"":10,""16"":14,""17"":3,""18"":4,""19"":5,""20"":2,""21"":4,""22"":3,""23"":2,""24"":3,""25"":2,""27"":1,""31"":1}",,,,,,
407,6,11,all,0,0c47801228,0144801e23,6,"3,0;5,0;3,1;5,3;0,5;4,5","0,2;0,0;1,2;0,2;0,0;0,1",1,232,0,"{""118"":1,""125"":2,""140"":2,""151"":3,""232"":3}",102,0,"{""19"":1,""26"":1,""31"":1,""32"":1,""34"":1,""39"":2,""40"":1,""41"":2,""43"":1,""44"":1,""49"":2,""50"":2,""51"":1,""52"":1,""53"":1,""54"":2,""55"":1,""57"":2,""58"":3,""60"":5,""62"":1,""65"":4,""66"":2,""67"":2,""76"":2,""79"":1,""80"":1,""85"":2,""86"":2,""87"":3,""94"":1,""102"":2}",54,0,"{""8"":3,""9"":3,""10"":3,""11"":3,""12"":2,""13"":9,""14"":8,""15"":5,""16"":1,""17"":3,""18"":3,""19"":5,""20"":7,""21"":7,""22"":9,""23"":9,""24"":7,""25"":8,""26"":6,""27"":4,""28"":3,""29"":7,""30"":7,""31"":6,""32"":1,""33"":3,""34"":3,""35"":7,""36"":3,""37"":7,""38"":3,""40"":2,""41"":1,""42"":1,""44"":1,""45"":4,""54"":1}","...X.X
...X..
X.....
.....X
XXX...
X...XX",31,0,"{""4"":3,""5"":16,""6"":24,""7"":37,""8"":37,""9"":25,""10"":28,""11"":25,""12"":18,""13"":14,""14"":23,""15"":10,""16"":19,""17"":11,""18"":10,""19"":5,""20"":3,""21"":6,""22"":6,""23"":3,""24"":3,""25"":2,""27"":1,""31"":1}",20,0,"{""2"":5,""3"":30,""4"":80,""5"":87,""6"":87,""7"":60,""8"":39,""9"":21,""10"":22,""11"":9,""12"":10,""13"":3,""14"":2,""15"":2,""16"":1,""17"":2,""18"":1,""20"":1}",14,5,"{""1"":5,""2"":51,""3"":102,""4"":134,""5"":91,""6"":49,""7"":18,""8"":4,""9"":5,""10"":1,""11"":1,""14"":1}"
408,6,11,all,0,008148bc28,008148bc28,3,"4,1;3,2;4,3","1,1;2,2;1,2",1,232,0,"{""94"":1,""118"":1,""125"":3,""140"":3,""151"":2,""232"":1}",94,0,"{""6"":1,""10"":1,""11"":1,""16"":1,""18"":1,""19"":1,""20"":2,""24"":1,""25"":1,""29"":1,""30"":1,""32"":1,""33"":1,""34"":2,""36"":3,""37"":1,""38"":1,""39"":1,""40"":2,""41"":3,""43"":1,""44"":2,""45"":2,""47"":1,""49"":2,""50"":1,""51"":1,""52"":3,""54"":1,""57"":1,""58"":2,""60"":2,""65"":2,""66"":1,""67"":1,""79"":2,""86"":1,""87"":1,""94"":1}",54,4,"{""1"":4,""2"":3,""3"":8,""4"":8,""5"":8,""6"":9,""7"":5,""8"":11,""9"":6,""10"":5,""11"":5,""12"":5,""13"":9,""14"":5,""15"":3,""16"":6,""17"":4,""18"":5,""19"":8,""20"":7,""21"":4,""22"":4,""23"":3,""24"":4,""26"":4,""27"":4,""28"":4,""29"":1,""31"":2,""34"":1,""35"":1,""36"":4,""37"":1,""38"":2,""41"":1,""54"":1}","...X.X
....XX
XX.X..
.X..X.
X.....
.X....",,,,,,,,,
409,6,11,all,0,008188bc28,008188bc28,4,"5,0;5,1;3,2;5,3","0,0;0,1;2,2;0,2",1,232,0,"{""94"":1,""118"":1,""125"":2,""140"":3,""151"":3,""232"":1}",94,0,"{""10"":1,""16"":1,""18"":1,""20"":3,""24"":1,""25"":1,""29"":1,""30"":1,""31"":1,""32"":1,""33"":1,""34"":2,""36"":2,""37"":1,""38"":1,""39"":1,""40"":3,""41"":4,""43"":1,""44"":1,""45"":2,""47"":1,""49"":1,""50"":1,""51"":1,""52"":2,""54"":1,""57"":1,""58"":1,""60"":3,""62"":1,""65"":3,""66"":2,""67"":1,""79"":2,""86"":1,""87"":1,""94"":1}",54,0,"{""2"":1,""3"":3,""4"":5,""5"":7,""6"":6,""7"":8,""8"":10,""9"":4,""10"":8,""11"":6,""12"":6,""13"":12,""14"":7,""15"":5,""16"":8,""17"":5,""18"":6,""19"":7,""20"":7,""21"":6,""22"":5,""23"":4,""24"":4,""26"":1,""27"":5,""28"":3,""29"":1,""31"":2,""34"":2,""35"":2,""36"":4,""37"":1,""38"":2,""41"":1,""54"":1}","...X.X
....XX
XX.X..
.X...X
X.....
.X....",26,11,"{""1"":11,""2"":39,""3"":51,""4"":49,""5"":32,""6"":29,""7"":19,""8"":22,""9"":17,""10"":10,""11"":6,""12"":7,""13"":9,""14"":6,""15"":6,""16"":4,""17"":3,""18"":5,""19"":3,""23"":1,""26"":1}",,,,,,
410,6,11,all,0,0121095c28,0121095c28,4,"4,1;0,2;2,2;0,4","1,1;0,2;2,2;0,1",1,232,0,"{""94"":1,""118"":1,""125"":2,""140"":3,""151"":3,""232"":1}",94,0,"{""14"":1,""15"":1,""16"":1,""19"":1,""20"":2,""21"":1,""25"":1,""26"":1,""27"":1,""29"":1,""30"":2,""32"":1,""33"":1,""34"":3,""36"":3,""40"":4,""41"":3,""44"":1,""45"":1,""47"":2,""49"":1,""50"":2,""52"":1,""53"":1,""55"":2,""57"":2,""60"":2,""62"":1,""65"":4,""66"":1,""67"":1,""79"":1,""85"":1,""86"":1,""87"":1,""94"":1}",54,0,"{""2"":1,""3"":4,""4"":3,""5"":7,""6"":7,""7"":7,""8"":8,""9"":6,""10"":4,""11"":4,""12"":12,""13"":12,""14"":9,""15"":10,""16"":8,""17"":4,""18"":8,""19"":5,""20"":4,""21"":2,""22"":6,""23"":2,""24"":4,""25"":1,""26"":1,""27"":4,""28"":1,""29"":2,""30"":3,""31"":3,""32"":1,""34"":1,""35"":3,""36"":2,""37"":1,""38"":2,""44"":1,""45"":1,""54"":1}","...X.X
....XX
X.X.X.
.X....
X....X
..X...",25,6,"{""1"":6,""2"":35,""3"":26,""4"":32,""5"":43,""6"":45,""7"":29,""8"":15,""9"":22,""10"":21,""11"":11,""12"":10,""13"":9,""14"":6,""15"":1,""16"":6,""17"":4,""18"":4,""19"":1,""20"":1,""21"":1,""23"":1,""25"":1}",,,,,,
411,6,11,all,0,0161091c28,0143890868,4,"3,0;4,1;0,2;0,5","0,2;1,1;0,2;0,0",1,232,0,"{""118"":1,""125"":2,""140"":3,""151"":3,""232"":2}",94,0,"{""14"":1,""16"":1,""20"":2,""26"":1,""29"":1,""30"":2,""32"":2,""34"":1,""36"":3,""40"":4,""41"":3,""44"":1,""47"":2,""49"":1,""50"":3,""52"":1,""53"":1,""55"":1,""57"":2,""60"":4,""62"":1,""65"":4,""66"":1,""67"":2,""76"":1,""79"":2,""80"":1,""85"":2,""86"":2,""87"":1,""94"":1}",54,0,"{""3"":1,""4"":2,""5"":7,""6"":7,""7"":6,""8"":4,""9"":2,""10"":5,""11"":4,""12"":6,""13"":12,""14"":10,""15"":9,""16"":8,""17"":4,""18"":7,""19"":6,""20"":2,""21"":3,""22"":6,""23"":5,""24"":7,""25"":4,""26"":3,""27"":4,""28"":3,""29"":3,""30"":3,""31"":4,""32"":1,""33"":1,""34"":1,""35"":6,""36"":3,""37"":1,""38"":2,""44"":1,""45"":1,""54"":1}","...X.X
....XX
X...X.
.X....
X....X
X.X...",25,11,"{""1"":11,""2"":28,""3"":27,""4"":27,""5"":39,""6"":44,""7"":25,""8"":19,""9"":20,""10"":20,""11"":12,""12"":12,""13"":10,""14"":10,""15"":1,""16"":7,""17"":7,""18"":6,""19"":1,""20"":1,""21"":1,""23"":1,""25"":1}",,,,,,
412,6,11,all,0,0125094c28,00842e0632,4,"5,0;0,4;2,4;5,4","0,0;0,1;1,2;0,1",1,232,0,"{""94"":1,""118"":1,""125"":3,""140"":3,""151"":2,""232"":1}",94,0,"{""14"":1,""15"":1,""16"":1,""18"":1,""19"":2,""20"":2,""21"":1,""25"":1,""26"":1,""27"":1,""28"":1,""30"":2,""32"":1,""34"":4,""36"":2,""40"":4,""41"":2,""43"":1,""44"":1,""45"":1,""47"":2,""50"":2,""51"":1,""52"":1,""53"":1,""54"":1,""55"":2,""57"":2,""60"":3,""62"":1,""65"":2,""67"":1,""79"":1,""85"":1,""86"":2,""94"":1}",54,0,"{""2"":2,""3"":3,""4"":4,""5"":7,""6"":9,""7"":8,""8"":10,""9"":9,""10"":4,""11"":4,""12"":12,""13"":11,""14"":7,""15"":9,""16"":7,""17"":4,""18"":8,""19"":4,""20"":3,""21"":1,""22"":5,""23"":2,""24"":6,""25"":2,""26"":1,""27"":3,""28"":2,""29"":2,""30"":3,""31"":2,""32"":1,""34"":1,""35"":2,""36"":2,""41"":1,""42"":1,""44"":1,""54"":2}","...X.X
....XX
..X.X.
.X....
X.X..X
..X...",31,13,"{""1"":13,""2"":19,""3"":38,""4"":33,""5"":46,""6"":43,""7"":30,""8"":19,""9"":20,""10"":17,""11"":15,""12"":9,""13"":8,""14"":3,""15"":1,""16"":4,""17"":3,""18"":3,""20"":2,""24"":1,""25"":1,""26"":1,""31"":1}",,,,,,
413,6,11,all,0,04180d5828,0086c2a045,3,"3,0;4,2;3,4","0,2;1,2;1,2",1,232,0,"{""94"":1,""118"":1,""125"":3,""140"":2,""151"":3,""232"":1}",87,0,"{""11"":1,""16"":1,""19"":1,""20"":3,""24"":1,""26"":1,""27"":1,""29"":1,""30"":3,""31"":2,""33"":1,""34"":4,""36"":4,""37"":1,""40"":4,""41"":1,""43"":1,""45"":1,""47"":2,""49"":2,""50"":1,""53"":1,""54"":2,""55"":1,""57"":2,""58"":2,""60"":1,""65"":2,""66"":2,""67"":1,""76"":1,""85"":1,""86"":1,""87"":1}",42,1,"{""1"":1,""3"":3,""4"":8,""5"":9,""6"":8,""7"":3,""8"":8,""9"":10,""10"":4,""11"":8,""12"":12,""13"":11,""14"":9,""15"":6,""16"":6,""17"":4,""18"":6,""19"":7,""20"":8,""21"":1,""22"":6,""23"":5,""24"":3,""25"":3,""26"":1,""27"":3,""29"":1,""30"":1,""31"":2,""34"":1,""35"":3,""37"":2,""38"":1,""42"":1}","...X.X
.....X
X.X.X.
XX....
...XX.
....X.",,,,,,,,,
414,6,11,all,0,0151d10828,00c01603b4,3,"4,2;4,3;4,4","1,2;1,2;1,1",1,232,0,"{""94"":1,""118"":1,""125"":2,""140"":2,""151"":3,""232"":2}",87,0,"{""11"":1,""16"":2,""19"":1,""20"":1,""21"":1,""24"":1,""25"":1,""26"":1,""28"":1,""29"":1,""30"":1,""31"":1,""33"":1,""34"":1,""36"":1,""37"":1,""39"":1,""40"":1,""41"":2,""44"":1,""45"":1,""47"":1,""49"":2,""50"":2,""52"":2,""54"":3,""57"":2,""58"":2,""60"":3,""62"":1,""65"":4,""66"":1,""67"":2,""79"":2,""80"":1,""85"":2,""86"":1,""87"":1}",45,3,"{""1"":3,""2"":4,""3"":2,""4"":6,""5"":7,""6"":11,""7"":3,""8"":12,""9"":5,""10"":5,""11"":3,""12"":2,""13"":8,""14"":5,""15"":1,""16"":7,""17"":5,""18"":5,""19"":8,""20"":8,""21"":4,""22"":5,""23"":7,""24"":4,""25"":3,""26"":4,""27"":3,""28"":3,""29"":1,""30"":2,""31"":4,""33"":1,""34"":1,""35"":7,""36"":3,""37"":1,""38"":1,""45"":1}","...X.X
.....X
....X.
..X.XX
X...X.
X.X...",,,,,,,,,
415,6,11,all,0,08f0282148,00c2910351,4,"3,0;0,1;1,2;1,3","0,2;0,1;1,2;1,2",1,232,0,"{""94"":1,""118"":1,""125"":3,""140"":3,""151"":1,""232"":2}",102,0,"{""15"":1,""16"":1,""19"":1,""20"":1,""24"":1,""25"":1,""28"":1,""29"":1,""30"":1,""31"":1,""32"":1,""34"":1,""36"":2,""37"":2,""38"":1,""39"":1,""40"":3,""41"":2,""44"":1,""45"":1,""47"":1,""49"":2,""50"":2,""51"":2,""52"":3,""54"":1,""55"":3,""57"":2,""58"":2,""60"":4,""76"":1,""79"":1,""85"":1,""86"":2,""87"":1,""94"":1,""102"":1}",54,0,"{""2"":2,""3"":4,""4"":2,""5"":3,""6"":8,""7"":3,""8"":10,""9"":6,""10"":6,""11"":3,""12"":6,""13"":6,""14"":5,""15"":8,""16"":7,""17"":6,""18"":8,""19"":7,""20"":9,""21"":3,""22"":3,""23"":8,""24"":8,""25"":4,""26"":1,""27"":7,""28"":4,""29"":3,""30"":1,""31"":2,""32"":2,""33"":1,""34"":1,""36"":1,""37"":1,""38"":1,""40"":1,""41"":1,""45"":1,""54"":2}","...X..
X.X...
.X....
.X.X..
....XX
XX...X",26,27,"{""1"":27,""2"":27,""3"":32,""4"":27,""5"":28,""6"":29,""7"":32,""8"":23,""9"":17,""10"":17,""11"":16,""12"":16,""13"":9,""14"":6,""15"":5,""16"":1,""17"":1,""18"":5,""19"":4,""20"":1,""21"":1,""23"":2,""24"":2,""25"":1,""26"":1}",,,,,,
416,6,11,all,0,08b00e8148,01281700d1,3,"2,1;3,2;5,4","1,2;2,2;0,1",1,232,0,"{""94"":1,""118"":1,""125"":2,""140"":3,""151"":3,""232"":1}",94,0,"{""10"":1,""15"":1,""19"":2,""21"":1,""24"":1,""27"":1,""28"":1,""29"":1,""30"":1,""31"":2,""32"":1,""33"":2,""36"":1,""37"":1,""39"":1,""40"":2,""41"":4,""43"":1,""44"":1,""45"":1,""47"":1,""49"":2,""50"":1,""51"":2,""52"":2,""54"":1,""55"":2,""57"":3,""58"":2,""60"":3,""62"":1,""65"":1,""66"":2,""79"":1,""86"":1,""87"":2,""94"":1}",54,1,"{""1"":1,""2"":4,""3"":3,""4"":4,""5"":9,""6"":7,""7"":1,""8"":3,""9"":9,""10"":2,""11"":4,""12"":8,""13"":9,""14"":5,""15"":8,""16"":8,""17"":4,""18"":9,""19"":9,""20"":8,""21"":6,""22"":7,""23"":4,""24"":3,""25"":5,""27"":5,""28"":2,""29"":3,""30"":2,""31"":1,""32"":1,""35"":3,""36"":2,""37"":2,""38"":2,""41"":1,""54"":1}","...X..
X.X...
...X.X
XX....
....XX
.X...X",,,,,,,,,
417,6,11,all,0,0143290a48,00842e0632,4,"3,0;0,1;3,1;5,1","0,2;0,1;1,2;0,1",1,232,0,"{""94"":1,""118"":1,""125"":3,""140"":3,""151"":2,""232"":1}",94,0,"{""14"":1,""15"":1,""16"":1,""18"":1,""19"":2,""20"":2,""21"":1,""25"":1,""26"":1,""27"":1,""28"":1,""30"":2,""32"":1,""34"":4,""36"":2,""40"":4,""41"":2,""43"":1,""44"":1,""45"":1,""47"":2,""50"":2,""51"":1,""52"":1,""53"":1,""54"":1,""55"":2,""57"":2,""60"":3,""62"":1,""65"":2,""67"":1,""79"":1,""85"":1,""86"":2,""94"":1}",54,0,"{""2"":2,""3"":3,""4"":4,""5"":7,""6"":9,""7"":8,""8"":10,""9"":9,""10"":4,""11"":4,""12"":12,""13"":11,""14"":7,""15"":9,""16"":7,""17"":4,""18"":8,""19"":4,""20"":3,""21"":1,""22"":5,""23"":2,""24"":6,""25"":2,""26"":1,""27"":3,""28"":2,""29"":2,""30"":3,""31"":2,""32"":1,""34"":1,""35"":2,""36"":2,""41"":1,""42"":1,""44"":1,""54"":2}","...X..
X..X.X
....X.
.X.X..
XX....
X.X...",31,13,"{""1"":13,""2"":19,""3"":38,""4"":33,""5"":46,""6"":43,""7"":30,""8"":19,""9"":20,""10"":17,""11"":15,""12"":9,""13"":8,""14"":3,""15"":1,""16"":4,""17"":3,""18"":3,""20"":2,""24"":1,""25"":1,""26"":1,""31"":1}",,,,,,
418,6,11,all,0,0163290248,0088d01193,3,"3,1;0,4;5,4","1,2;0,1;0,1",1,232,0,"{""94"":1,""118"":1,""125"":3,""140"":3,""151"":2,""232"":1}",94,0,"{""14"":1,""16"":1,""18"":1,""19"":3,""20"":2,""21"":1,""24"":1,""25"":1,""26"":1,""27"":1,""28"":1,""30"":2,""32"":2,""34"":4,""36"":2,""40"":4,""41"":1,""43"":1,""44"":2,""45"":1,""47"":2,""50"":2,""52"":2,""53"":1,""54"":1,""55"":2,""57"":1,""60"":3,""62"":1,""65"":1,""67"":1,""76"":1,""85"":1,""86"":2,""94"":1}",54,2,"{""1"":2,""2"":1,""3"":2,""4"":2,""5"":6,""6"":11,""7"":9,""8"":11,""9"":10,""10"":4,""11"":5,""12"":13,""13"":9,""14"":10,""15"":11,""16"":8,""17"":3,""18"":8,""19"":7,""20"":4,""21"":1,""22"":1,""23"":1,""24"":5,""25"":4,""26"":1,""27"":1,""28"":2,""29"":2,""30"":2,""31"":2,""32"":1,""34"":1,""35"":1,""42"":1,""44"":1,""54"":2}","...X..
X..X..
....X.
.X.X..
XX...X
X.X...",,,,,,,,,
419,6,11,all,0,0943290248,0048d01193,4,"3,0;4,2;1,3;5,5","0,2;1,2;1,2;0,0",1,232,0,"{""94"":1,""118"":1,""125"":3,""140"":2,""151"":2,""232"":2}",102,0,"{""16"":1,""18"":1,""19"":2,""20"":2,""21"":1,""25"":1,""26"":1,""27"":1,""28"":1,""30"":2,""32"":1,""34"":4,""36"":1,""40"":3,""41"":1,""43"":1,""44"":1,""45"":1,""47"":2,""49"":1,""50"":1,""52"":2,""53"":1,""54"":2,""55"":2,""57"":1,""58"":2,""60"":4,""62"":1,""65"":1,""67"":1,""76"":1,""79"":1,""85"":1,""86"":2,""87"":1,""94"":1,""102"":1}",54,0,"{""3"":1,""4"":2,""5"":5,""6"":6,""7"":7,""8"":10,""9"":11,""10"":5,""11"":3,""12"":12,""13"":10,""14"":10,""15"":9,""16"":5,""17"":3,""18"":8,""19"":7,""20"":6,""21"":2,""22"":2,""23"":2,""24"":5,""25"":3,""26"":3,""27"":3,""28"":3,""29"":3,""30"":3,""31"":2,""32"":2,""33"":1,""34"":1,""35"":1,""36"":1,""37"":2,""40"":1,""42"":1,""44"":1,""45"":1,""54"":2}","...X..
X..X..
....X.
.X.X..
XX....
X.X..X",31,10,"{""1"":10,""2"":12,""3"":26,""4"":43,""5"":46,""6"":52,""7"":28,""8"":18,""9"":19,""10"":17,""11"":19,""12"":10,""13"":6,""14"":2,""15"":4,""16"":3,""17"":6,""18"":1,""20"":1,""21"":1,""22"":1,""24"":2,""25"":2,""31"":1}",,,,,,
420,6,11,all,0,0143a90848,0121095c28,4,"3,0;5,1;3,3;5,3","0,2;0,1;2,2;0,2",1,232,0,"{""94"":1,""118"":1,""125"":2,""140"":3,""151"":3,""232"":1}",94,0,"{""14"":1,""15"":1,""16"":1,""19"":1,""20"":2,""21"":1,""25"":1,""26"":1,""27"":1,""29"":1,""30"":2,""32"":1,""33"":1,""34"":3,""36"":3,""40"":4,""41"":3,""44"":1,""45"":1,""47"":2,""49"":1,""50"":2,""52"":1,""53"":1,""55"":2,""57"":2,""60"":2,""62"":1,""65"":4,""66"":1,""67"":1,""79"":1,""85"":1,""86"":1,""87"":1,""94"":1}",54,0,"{""2"":1,""3"":4,""4"":3,""5"":7,""6"":7,""7"":7,""8"":8,""9"":6,""10"":4,""11"":4,""12"":12,""13"":12,""14"":9,""15"":10,""16"":8,""17"":4,""18"":8,""19"":5,""20"":4,""21"":2,""22"":6,""23"":2,""24"":4,""25"":1,""26"":1,""27"":4,""28"":1,""29"":2,""30"":3,""31"":3,""32"":1,""34"":1,""35"":3,""36"":2,""37"":1,""38"":2,""44"":1,""45"":1,""54"":1}","...X..
X....X
....X.
.X.X.X
XX....
X.X...",25,6,"{""1"":6,""2"":35,""3"":26,""4"":32,""5"":43,""6"":45,""7"":29,""8"":15,""9"":22,""10"":21,""11"":11,""12"":10,""13"":9,""14"":6,""15"":1,""16"":6,""17"":4,""18"":4,""19"":1,""20"":1,""21"":1,""23"":1,""25"":1}",,,,,,
421,6,11,all,0,0842d11a08,010588b421,4,"3,0;0,2;4,2;5,3","0,2;0,2;1,2;0,2",1,232,0,"{""94"":1,""118"":1,""125"":3,""140"":1,""151"":3,""232"":2}",102,0,"{""16"":1,""20"":1,""25"":1,""28"":2,""29"":1,""30"":2,""31"":2,""34"":2,""37"":2,""38"":1,""39"":1,""40"":1,""41"":2,""43"":1,""44"":1,""45"":1,""49"":2,""50"":1,""51"":1,""52"":1,""53"":1,""54"":3,""55"":2,""57"":1,""58"":4,""60"":3,""62"":1,""65"":2,""66"":1,""67"":1,""79"":1,""85"":2,""86"":2,""87"":2,""94"":1,""102"":1}",54,0,"{""3"":2,""4"":2,""5"":1,""6"":4,""7"":3,""8"":5,""9"":4,""10"":6,""11"":1,""12"":9,""13"":5,""14"":5,""15"":3,""16"":5,""17"":8,""18"":6,""19"":9,""20"":8,""21"":6,""22"":8,""23"":6,""24"":6,""25"":4,""26"":1,""27"":7,""28"":5,""29"":2,""30"":3,""31"":3,""32"":1,""33"":3,""34"":2,""35"":6,""36"":3,""37"":2,""38"":2,""40"":1,""41"":1,""42"":1,""44"":1,""45"":3,""54"":2}","...X..
...X.X
X...X.
..X.XX
.X....
X....X",31,4,"{""1"":4,""2"":12,""3"":26,""4"":17,""5"":24,""6"":23,""7"":14,""8"":27,""9"":23,""10"":19,""11"":26,""12"":24,""13"":16,""14"":12,""15"":12,""16"":8,""17"":6,""18"":9,""19"":4,""20"":5,""21"":3,""22"":3,""23"":3,""24"":5,""25"":1,""26"":1,""27"":2,""31"":1}",,,,,,
422,6,11,all,0,0942511a08,010588a429,4,"3,1;4,2;4,3;2,5","1,2;1,2;1,2;0,2",1,232,0,"{""94"":1,""118"":1,""125"":3,""140"":1,""151"":3,""232"":2}",102,0,"{""16"":1,""20"":2,""28"":2,""30"":2,""31"":2,""33"":1,""34"":2,""37"":2,""38"":1,""39"":1,""40"":1,""41"":1,""43"":2,""44"":1,""45"":1,""47"":1,""49"":1,""50"":1,""51"":1,""52"":1,""53"":1,""54"":2,""55"":2,""57"":1,""58"":4,""60"":4,""62"":1,""65"":3,""66"":1,""67"":1,""79"":1,""85"":2,""86"":2,""87"":1,""94"":1,""102"":1}",54,0,"{""3"":2,""4"":1,""5"":2,""6"":3,""7"":4,""8"":4,""9"":5,""10"":6,""11"":1,""12"":7,""13"":9,""14"":7,""15"":3,""16"":4,""17"":8,""18"":4,""19"":9,""20"":8,""21"":5,""22"":10,""23"":5,""24"":7,""25"":5,""26"":2,""27"":6,""28"":5,""29"":2,""30"":3,""31"":2,""32"":1,""33"":4,""34"":3,""35"":5,""36"":3,""37"":2,""40"":1,""41"":1,""42"":1,""44"":1,""45"":2,""54"":2}","...X..
...X.X
X...X.
..X.X.
.X....
X.X..X",31,1,"{""1"":1,""2"":10,""3"":27,""4"":26,""5"":31,""6"":25,""7"":11,""8"":26,""9"":21,""10"":21,""11"":26,""12"":22,""13"":18,""14"":9,""15"":13,""16"":5,""17"":6,""18"":8,""19"":4,""20"":4,""21"":3,""22"":2,""23"":2,""24"":5,""25"":1,""26"":1,""27"":1,""31"":1}",,,,,,
423,6,11,all,0,0c580c5808,0101a301a3,4,"3,0;0,3;1,3;0,5","0,2;0,2;1,2;0,0",1,232,0,"{""94"":1,""118"":1,""125"":2,""140"":2,""151"":3,""232"":2}",102,0,"{""16"":2,""19"":1,""20"":1,""24"":1,""26"":1,""27"":1,""29"":1,""30"":2,""31"":1,""33"":1,""34"":2,""36"":4,""37"":1,""40"":3,""41"":1,""45"":1,""47"":2,""49"":3,""50"":2,""53"":1,""54"":2,""55"":3,""57"":2,""58"":2,""60"":2,""65"":2,""66"":2,""67"":1,""79"":1,""85"":2,""87"":2,""94"":1,""102"":1}",45,0,"{""2"":1,""3"":1,""4"":3,""5"":7,""6"":4,""7"":5,""8"":11,""9"":8,""10"":5,""11"":6,""12"":8,""13"":12,""14"":14,""15"":6,""16"":7,""17"":4,""18"":8,""19"":4,""20"":7,""21"":2,""22"":5,""23"":7,""24"":2,""25"":3,""26"":1,""27"":2,""28"":1,""29"":1,""30"":2,""31"":3,""32"":1,""33"":2,""34"":1,""35"":3,""36"":1,""37"":1,""38"":2,""40"":1,""44"":1,""45"":2}","...X..
.....X
X.X...
XX....
...XX.
X...XX",24,13,"{""1"":13,""2"":28,""3"":46,""4"":48,""5"":49,""6"":32,""7"":18,""8"":18,""9"":23,""10"":11,""11"":12,""12"":7,""13"":2,""14"":5,""15"":6,""16"":1,""17"":4,""18"":3,""21"":2,""23"":1,""24"":1}",,,,,,
424,6,11,all,0,0a080621f0,00f8460105,4,"4,0;1,1;2,1;1,2","0,1;1,1;1,2;1,2",1,232,0,"{""118"":1,""125"":3,""140"":2,""151"":3,""232"":2}",102,0,"{""18"":1,""19"":1,""20"":1,""26"":2,""28"":1,""29"":1,""31"":1,""32"":1,""34"":1,""36"":1,""39"":2,""40"":2,""41"":2,""43"":1,""44"":1,""47"":1,""49"":2,""50"":1,""51"":1,""52"":1,""53"":1,""54"":2,""57"":2,""58"":4,""60"":3,""62"":1,""65"":4,""66"":2,""67"":2,""76"":2,""79"":1,""85"":1,""86"":2,""87"":2,""102"":1}",45,0,"{""2"":1,""3"":2,""4"":2,""5"":2,""6"":3,""7"":3,""8"":7,""9"":7,""10"":5,""11"":5,""12"":2,""13"":11,""14"":10,""15"":4,""16"":3,""17"":2,""18"":2,""19"":5,""20"":6,""21"":7,""22"":5,""23"":7,""24"":6,""25"":7,""26"":3,""27"":5,""28"":4,""29"":5,""30"":5,""31"":4,""33"":1,""34"":3,""35"":7,""36"":3,""37"":5,""38"":2,""40"":1,""41"":1,""45"":2}","....XX
XXX...
.X...X
X.....
...X..
...X.X",27,15,"{""1"":15,""2"":20,""3"":17,""4"":19,""5"":18,""6"":26,""7"":40,""8"":25,""9"":16,""10"":21,""11"":20,""12"":9,""13"":9,""14"":20,""15"":11,""16"":13,""17"":7,""18"":8,""19"":4,""20"":1,""21"":4,""22"":4,""23"":2,""27"":1}",,,,,,
425,6,11,all,0,0a880601f0,00f8060115,5,"4,0;0,1;3,4;1,5;3,5","0,1;0,1;1,2;0,1;0,2",1,232,0,"{""118"":1,""125"":2,""140"":3,""151"":3,""232"":2}",102,0,"{""19"":2,""26"":1,""31"":1,""32"":1,""34"":1,""39"":2,""40"":1,""41"":3,""43"":1,""44"":2,""49"":2,""50"":2,""51"":1,""52"":2,""53"":1,""54"":2,""55"":1,""57"":4,""58"":3,""60"":3,""62"":1,""65"":5,""66"":2,""67"":2,""76"":2,""79"":2,""85"":1,""86"":1,""87"":2,""102"":1}",45,0,"{""4"":1,""5"":1,""6"":1,""7"":1,""8"":4,""9"":5,""10"":3,""11"":6,""12"":2,""13"":11,""14"":7,""15"":3,""16"":4,""17"":3,""18"":2,""19"":8,""20"":7,""21"":8,""22"":9,""23"":7,""24"":8,""25"":7,""26"":4,""27"":4,""28"":4,""29"":4,""30"":6,""31"":4,""32"":2,""33"":1,""34"":3,""35"":10,""36"":4,""37"":4,""38"":2,""40"":2,""41"":1,""45"":2}","....XX
XXX...
.....X
X.....
...X..
.X.X.X",27,0,"{""2"":5,""3"":16,""4"":16,""5"":20,""6"":21,""7"":41,""8"":32,""9"":24,""10"":21,""11"":19,""12"":15,""13"":10,""14"":26,""15"":8,""16"":18,""17"":10,""18"":8,""19"":6,""20"":1,""21"":5,""22"":4,""23"":3,""27"":1}",17,9,"{""1"":9,""2"":53,""3"":70,""4"":55,""5"":68,""6"":74,""7"":43,""8"":33,""9"":16,""10"":18,""11"":7,""12"":9,""13"":4,""14"":1,""16"":1,""17"":1}",,,
426,6,11,all,0,03042222f0,0086c2a045,3,"3,1;1,2;5,2","1,2;1,2;0,2",1,232,0,"{""94"":1,""118"":1,""125"":3,""140"":2,""151"":3,""232"":1}",87,0,"{""11"":1,""16"":1,""19"":1,""20"":3,""24"":1,""26"":1,""27"":1,""29"":1,""30"":3,""31"":2,""33"":1,""34"":4,""36"":4,""37"":1,""40"":4,""41"":1,""43"":1,""45"":1,""47"":2,""49"":2,""50"":1,""53"":1,""54"":2,""55"":1,""57"":2,""58"":2,""60"":1,""65"":2,""66"":2,""67"":1,""76"":1,""85"":1,""86"":1,""87"":1}",42,1,"{""1"":1,""3"":3,""4"":8,""5"":9,""6"":8,""7"":3,""8"":8,""9"":10,""10"":4,""11"":8,""12"":12,""13"":11,""14"":9,""15"":6,""16"":6,""17"":4,""18"":6,""19"":7,""20"":8,""21"":1,""22"":6,""23"":5,""24"":3,""25"":3,""26"":1,""27"":3,""29"":1,""30"":1,""31"":2,""34"":1,""35"":3,""37"":2,""38"":1,""42"":1}","....XX
XX.X..
.X...X
...X..
..X...
..XX..",,,,,,,,,
427,6,11,all,0,07042202f0,0082c2a845,4,"4,0;5,0;2,5;4,5","0,1;0,0;0,2;0,1",1,232,0,"{""94"":1,""118"":1,""125"":2,""140"":3,""151"":3,""232"":1}",87,0,"{""11"":1,""14"":1,""16"":1,""18"":1,""19"":1,""20"":2,""21"":1,""24"":2,""27"":1,""29"":1,""30"":3,""32"":1,""33"":1,""34"":4,""36"":3,""40"":3,""41"":3,""43"":1,""44"":1,""45"":1,""47"":1,""49"":2,""50"":1,""52"":1,""53"":1,""54"":2,""55"":1,""57"":2,""60"":1,""65"":2,""66"":2,""67"":1,""76"":2,""85"":1,""86"":1,""87"":1}",42,0,"{""2"":1,""3"":6,""4"":10,""5"":12,""6"":10,""7"":8,""8"":6,""9"":9,""10"":4,""11"":5,""12"":8,""13"":10,""14"":8,""15"":6,""16"":6,""17"":3,""18"":8,""19"":6,""20"":5,""21"":1,""22"":6,""23"":4,""24"":4,""25"":3,""26"":1,""27"":3,""28"":1,""29"":1,""30"":1,""31"":2,""34"":1,""35"":2,""37"":2,""38"":1,""42"":1}","....XX
XX.X..
.....X
...X..
..X...
..XXX.",22,30,"{""1"":30,""2"":48,""3"":63,""4"":41,""5"":31,""6"":18,""7"":19,""8"":15,""9"":15,""10"":13,""11"":10,""12"":7,""13"":4,""14"":4,""15"":4,""16"":4,""17"":2,""21"":1,""22"":1}",,,,,,
428,6,11,all,0,0a0805a0f0,00f05a0105,3,"1,1;1,2;4,2","1,1;1,2;1,2",1,232,0,"{""94"":1,""118"":1,""125"":3,""140"":2,""151"":2,""232"":2}",102,0,"{""6"":1,""8"":1,""18"":1,""19"":1,""21"":1,""24"":1,""25"":1,""26"":1,""27"":1,""28"":1,""29"":1,""30"":1,""31"":2,""32"":1,""34"":2,""36"":1,""40"":2,""41"":2,""43"":1,""47"":1,""49"":1,""50"":2,""51"":1,""52"":3,""53"":1,""54"":2,""55"":1,""57"":1,""58"":4,""60"":2,""65"":3,""66"":1,""67"":1,""76"":2,""79"":1,""85"":1,""86"":1,""87"":2,""102"":1}",45,2,"{""1"":2,""2"":2,""3"":9,""4"":5,""5"":4,""6"":6,""7"":4,""8"":7,""9"":8,""10"":6,""11"":4,""12"":2,""13"":9,""14"":8,""15"":5,""16"":5,""17"":5,""18"":4,""19"":6,""20"":6,""21"":4,""22"":2,""23"":3,""24"":6,""25"":3,""26"":3,""27"":4,""28"":4,""29"":4,""30"":5,""31"":3,""34"":2,""35"":4,""36"":3,""37"":4,""38"":1,""40"":1,""45"":2}","....XX
XX....
.X.XX.
X.....
...X..
...X.X",,,,,,,,,
429,6,11,all,0,03602140f0,00f028406c,4,"4,0;1,1;2,2;3,3","0,1;1,1;2,2;2,2",1,232,0,"{""94"":2,""118"":1,""125"":1,""140"":3,""151"":2,""232"":2}",87,0,"{""8"":1,""15"":1,""16"":1,""19"":1,""24"":2,""25"":1,""27"":1,""28"":1,""30"":2,""32"":1,""33"":1,""34"":2,""36"":1,""38"":1,""40"":2,""41"":2,""44"":1,""45"":2,""47"":1,""49"":1,""50"":2,""51"":1,""52"":1,""53"":1,""54"":2,""55"":6,""57"":3,""58"":1,""60"":2,""65"":1,""66"":1,""67"":1,""76"":2,""79"":1,""80"":1,""85"":1,""86"":1,""87"":1}",41,0,"{""2"":5,""4"":4,""5"":4,""6"":6,""7"":3,""8"":9,""9"":4,""10"":6,""11"":3,""12"":7,""13"":7,""14"":9,""15"":7,""16"":8,""17"":6,""18"":10,""19"":7,""20"":11,""21"":1,""22"":10,""23"":5,""24"":4,""25"":8,""26"":2,""27"":1,""28"":5,""29"":2,""30"":2,""31"":1,""32"":1,""35"":2,""37"":3,""40"":1,""41"":1}","....XX
XX....
..X.X.
...X..
.....X
X.XX..",22,9,"{""1"":9,""2"":38,""3"":25,""4"":39,""5"":40,""6"":30,""7"":32,""8"":23,""9"":22,""10"":19,""11"":15,""12"":11,""13"":7,""14"":7,""15"":1,""16"":6,""17"":1,""18"":1,""19"":2,""22"":2}",,,,,,
430,6,11,all,0,0b00250570,00ea0a400d,3,"0,1;2,1;4,1","0,1;1,2;1,1",1,232,0,"{""94"":1,""118"":1,""125"":2,""140"":2,""151"":3,""232"":2}",102,0,"{""10"":1,""11"":1,""19"":2,""20"":1,""21"":1,""25"":1,""26"":1,""27"":1,""30"":1,""31"":1,""33"":1,""34"":1,""36"":1,""37"":1,""39"":1,""40"":2,""41"":1,""43"":2,""44"":1,""45"":1,""47"":1,""49"":3,""50"":1,""51"":2,""52"":2,""53"":2,""54"":1,""55"":1,""57"":1,""58"":1,""60"":2,""65"":3,""66"":1,""67"":1,""76"":2,""79"":1,""85"":2,""86"":1,""87"":2,""94"":1,""102"":1}",45,3,"{""1"":3,""2"":2,""3"":3,""4"":5,""5"":9,""6"":6,""7"":5,""8"":4,""9"":7,""10"":4,""11"":6,""12"":9,""13"":6,""14"":6,""15"":9,""16"":3,""17"":3,""18"":5,""19"":5,""20"":6,""21"":3,""22"":5,""23"":2,""24"":5,""25"":2,""26"":3,""27"":4,""28"":4,""29"":5,""30"":3,""31"":3,""33"":2,""34"":1,""35"":3,""36"":2,""37"":3,""38"":2,""40"":2,""41"":1,""44"":2,""45"":2}","....XX
X.X.X.
....X.
X..X..
......
..XX.X",,,,,,,,,
431,6,11,all,0,0b10203170,00e8c0408d,3,"4,4;2,5;3,5","1,1;0,2;0,2",1,232,0,"{""94"":1,""118"":1,""125"":2,""140"":2,""151"":3,""232"":2}",102,0,"{""19"":1,""20"":2,""21"":1,""24"":1,""27"":1,""28"":2,""30"":2,""31"":1,""33"":1,""34"":1,""36"":2,""37"":2,""38"":1,""40"":3,""41"":1,""43"":1,""44"":1,""45"":1,""47"":1,""49"":1,""51"":1,""52"":1,""53"":1,""54"":2,""55"":1,""57"":1,""58"":2,""60"":4,""65"":2,""66"":1,""67"":1,""76"":2,""79"":1,""85"":2,""86"":2,""87"":2,""94"":1,""102"":1}",54,1,"{""1"":1,""3"":1,""4"":1,""5"":5,""6"":7,""7"":5,""8"":2,""9"":7,""10"":7,""11"":6,""12"":12,""13"":9,""14"":6,""15"":6,""16"":2,""17"":7,""18"":3,""19"":8,""20"":7,""21"":3,""22"":5,""23"":2,""24"":5,""25"":6,""27"":5,""28"":5,""29"":3,""30"":2,""31"":2,""33"":3,""34"":2,""35"":3,""36"":4,""37"":4,""40"":2,""41"":1,""42"":1,""44"":1,""45"":2,""54"":2}","....XX
X.X...
XX....
...X..
....X.
..XX.X",,,,,,,,,
432,6,11,all,0,0304203670,0043ab0106,3,"0,1;3,1;4,1","0,1;1,2;1,1",1,232,0,"{""94"":1,""118"":1,""125"":3,""140"":2,""151"":3,""232"":1}",94,0,"{""19"":2,""20"":2,""21"":2,""24"":1,""26"":1,""27"":1,""28"":1,""29"":1,""30"":2,""31"":2,""33"":1,""34"":3,""36"":4,""37"":1,""39"":1,""40"":5,""43"":1,""45"":1,""47"":1,""49"":2,""50"":1,""53"":1,""54"":2,""55"":1,""57"":1,""58"":3,""60"":2,""65"":2,""66"":1,""76"":1,""85"":1,""86"":1,""87"":2,""94"":1}",54,1,"{""1"":1,""3"":3,""4"":6,""5"":6,""6"":5,""7"":2,""8"":10,""9"":7,""10"":5,""11"":11,""12"":14,""13"":10,""14"":9,""15"":7,""16"":6,""17"":7,""18"":7,""19"":8,""20"":7,""21"":2,""22"":5,""23"":2,""24"":1,""25"":2,""26"":2,""27"":3,""29"":1,""30"":1,""31"":3,""34"":1,""35"":2,""36"":1,""37"":2,""38"":2,""42"":1,""44"":1,""45"":1,""54"":1}","....XX
X..XX.
XX....
...X..
..X...
..XX..",,,,,,,,,
433,6,11,all,0,0a04262470,00e2464205,3,"4,1;1,2;5,2","1,1;1,2;0,2",1,232,0,"{""94"":1,""118"":1,""125"":2,""140"":2,""151"":3,""232"":2}",102,0,"{""19"":2,""20"":2,""21"":1,""25"":1,""27"":1,""29"":2,""30"":2,""31"":1,""33"":1,""34"":1,""36"":3,""37"":1,""40"":2,""41"":1,""45"":1,""47"":2,""49"":2,""52"":1,""53"":1,""54"":1,""55"":1,""57"":2,""58"":1,""60"":3,""62"":1,""65"":4,""66"":2,""67"":2,""76"":2,""79"":1,""85"":1,""86"":2,""87"":2,""94"":1,""102"":1}",54,1,"{""1"":1,""4"":2,""5"":2,""6"":5,""7"":6,""8"":6,""9"":7,""10"":2,""11"":6,""12"":10,""13"":8,""14"":9,""15"":5,""16"":6,""17"":5,""18"":4,""19"":8,""20"":3,""21"":5,""22"":6,""23"":5,""24"":4,""25"":3,""26"":2,""27"":8,""28"":3,""29"":3,""30"":3,""31"":4,""33"":1,""34"":2,""35"":6,""36"":2,""37"":4,""38"":3,""40"":2,""44"":1,""45"":2,""54"":1}","....XX
X...X.
.X...X
X..X..
..X...
...X.X",,,,,,,,,
434,6,11,all,0,0360214470,00e228406c,4,"4,0;4,1;2,2;4,2","0,1;1,1;2,2;1,2",1,232,0,"{""94"":2,""118"":1,""125"":1,""140"":3,""151"":2,""232"":2}",94,0,"{""8"":1,""15"":1,""19"":2,""21"":2,""24"":2,""25"":1,""26"":1,""27"":1,""28"":1,""30"":1,""32"":2,""33"":1,""34"":2,""36"":1,""40"":2,""41"":1,""44"":1,""45"":2,""47"":1,""49"":1,""50"":2,""51"":1,""52"":1,""53"":1,""55"":6,""57"":3,""58"":1,""60"":2,""65"":1,""66"":1,""67"":1,""76"":2,""79"":1,""80"":1,""85"":1,""86"":1,""87"":1,""94"":1}",44,0,"{""2"":5,""3"":1,""4"":5,""5"":6,""6"":5,""7"":2,""8"":12,""9"":3,""10"":6,""11"":8,""12"":9,""13"":7,""14"":10,""15"":7,""16"":8,""17"":3,""18"":8,""19"":6,""20"":8,""21"":1,""22"":10,""23"":1,""24"":2,""25"":8,""26"":2,""27"":1,""28"":5,""29"":3,""30"":1,""31"":2,""32"":1,""35"":2,""37"":3,""38"":1,""40"":1,""41"":1,""44"":1}","....XX
X...X.
..X.X.
...X..
.....X
X.XX..",22,16,"{""1"":16,""2"":41,""3"":34,""4"":40,""5"":37,""6"":30,""7"":25,""8"":23,""9"":21,""10"":17,""11"":15,""12"":10,""13"":5,""14"":4,""16"":5,""17"":1,""18"":2,""19"":2,""22"":2}",,,,,,
435,6,11,all,0,0984068470,00e2160219,3,"0,3;2,4;2,5","0,2;1,2;0,2",1,232,0,"{""94"":1,""118"":1,""125"":1,""140"":3,""151"":3,""232"":2}",102,0,"{""10"":1,""19"":1,""20"":1,""21"":1,""24"":2,""27"":1,""28"":2,""30"":1,""33"":1,""36"":3,""37"":1,""38"":1,""40"":3,""41"":2,""45"":1,""47"":1,""49"":1,""50"":1,""52"":1,""53"":2,""54"":2,""55"":2,""57"":4,""60"":4,""62"":1,""65"":2,""66"":1,""67"":1,""76"":2,""79"":2,""85"":2,""86"":1,""87"":1,""94"":1,""102"":1}",54,1,"{""1"":1,""2"":3,""3"":1,""4"":1,""5"":6,""6"":6,""7"":4,""8"":5,""9"":5,""10"":2,""11"":9,""12"":6,""13"":9,""14"":4,""15"":5,""16"":7,""17"":9,""18"":4,""19"":7,""20"":7,""21"":4,""22"":5,""23"":3,""24"":5,""25"":5,""26"":2,""27"":5,""28"":4,""29"":2,""30"":3,""31"":3,""32"":1,""33"":2,""34"":2,""35"":6,""36"":3,""37"":1,""40"":3,""42"":1,""44"":2,""45"":1,""54"":1}","....XX
X...X.
...X.X
X.....
..X...
.XX..X",,,,,,,,,
436,6,11,all,0,09840a8470,00a8c040e5,4,"4,0;0,1;3,2;1,3","0,1;0,1;2,2;1,2",1,232,0,"{""94"":1,""118"":1,""125"":2,""140"":3,""151"":2,""232"":2}",102,0,"{""19"":2,""20"":1,""21"":1,""24"":2,""27"":1,""28"":2,""30"":1,""33"":1,""36"":3,""37"":2,""38"":1,""40"":3,""41"":1,""43"":1,""44"":1,""45"":1,""47"":1,""49"":1,""50"":1,""51"":1,""52"":1,""53"":1,""54"":2,""55"":2,""57"":3,""58"":1,""60"":5,""65"":1,""66"":1,""67"":1,""76"":2,""79"":2,""85"":1,""86"":2,""94"":1,""102"":1}",54,0,"{""2"":1,""3"":2,""4"":2,""5"":4,""6"":8,""7"":3,""8"":4,""9"":6,""10"":4,""11"":11,""12"":10,""13"":8,""14"":4,""15"":4,""16"":6,""17"":8,""18"":3,""19"":6,""20"":8,""21"":4,""22"":4,""23"":5,""24"":7,""25"":7,""26"":2,""27"":5,""28"":5,""29"":2,""31"":2,""32"":1,""33"":2,""34"":2,""35"":3,""36"":3,""37"":1,""40"":3,""41"":1,""42"":1,""44"":1,""54"":2}","....XX
X...X.
...X.X
.X....
..X...
.XX..X",31,8,"{""1"":8,""2"":29,""3"":31,""4"":32,""5"":43,""6"":23,""7"":23,""8"":24,""9"":18,""10"":14,""11"":15,""12"":16,""13"":11,""14"":8,""15"":8,""16"":3,""17"":5,""18"":7,""19"":4,""21"":1,""23"":3,""24"":2,""26"":1,""31"":1}",,,,,,
437,6,11,all,0,0a86052070,00e04a0615,3,"1,2;4,2;1,5","1,2;1,2;0,1",1,232,0,"{""118"":1,""125"":3,""140"":3,""151"":2,""232"":2}",102,0,"{""6"":1,""11"":1,""18"":1,""19"":1,""20"":2,""26"":1,""29"":2,""30"":1,""31"":2,""32"":1,""36"":3,""40"":3,""41"":4,""43"":1,""47"":1,""49"":2,""50"":2,""51"":1,""52"":1,""54"":1,""55"":1,""57"":3,""58"":2,""60"":2,""65"":3,""66"":1,""67"":1,""76"":2,""79"":2,""85"":1,""86"":2,""87"":2,""102"":1}",45,1,"{""1"":1,""2"":5,""3"":10,""4"":5,""5"":6,""6"":7,""7"":4,""8"":5,""9"":7,""10"":4,""11"":4,""12"":3,""13"":11,""14"":9,""15"":3,""16"":7,""17"":6,""18"":2,""19"":4,""20"":4,""21"":3,""22"":4,""23"":1,""24"":3,""25"":4,""26"":4,""27"":7,""28"":4,""29"":4,""30"":3,""31"":2,""32"":1,""33"":1,""34"":1,""35"":5,""36"":2,""37"":4,""38"":1,""40"":2,""45"":2}","....XX
X.....
.X..X.
X.....
.XX...
.X.X.X",,,,,,,,,
438,6,11,all,0,0286a22070,00b442804d,4,"4,0;5,0;5,2;5,3","0,1;0,0;0,2;0,2",1,232,0,"{""94"":1,""118"":1,""125"":2,""140"":3,""151"":3,""232"":1}",87,0,"{""10"":1,""11"":1,""15"":1,""19"":1,""20"":2,""21"":1,""26"":1,""27"":1,""29"":1,""30"":1,""31"":2,""32"":2,""33"":2,""34"":1,""36"":4,""37"":1,""40"":4,""41"":3,""43"":1,""45"":1,""47"":2,""49"":1,""50"":1,""53"":1,""55"":1,""57"":3,""58"":2,""60"":2,""65"":3,""66"":2,""67"":1,""76"":1,""79"":1,""86"":1,""87"":1}",40,0,"{""2"":3,""3"":7,""4"":6,""5"":13,""6"":9,""7"":3,""8"":6,""9"":5,""10"":3,""11"":6,""12"":11,""13"":12,""14"":14,""15"":5,""16"":6,""17"":3,""18"":4,""19"":7,""20"":5,""21"":2,""22"":6,""23"":4,""24"":4,""25"":2,""26"":1,""27"":3,""28"":1,""29"":1,""31"":2,""34"":1,""35"":4,""36"":1,""37"":3,""38"":1,""40"":1}","....XX
X.....
.X...X
...X.X
.XX...
.X.X..",23,38,"{""1"":38,""2"":56,""3"":56,""4"":36,""5"":18,""6"":21,""7"":19,""8"":12,""9"":14,""10"":14,""11"":13,""12"":5,""13"":7,""14"":4,""15"":7,""16"":3,""17"":2,""18"":1,""19"":1,""21"":1,""22"":1,""23"":1}",,,,,,
439,6,11,all,0,01d0a01530,00ca8050b8,3,"4,0;4,1;4,4","0,1;1,1;1,1",1,232,0,"{""94"":1,""118"":2,""125"":1,""140"":2,""151"":3,""232"":2}",94,0,"{""4"":1,""11"":1,""15"":1,""19"":1,""20"":2,""21"":2,""27"":1,""28"":1,""30"":1,""31"":2,""32"":3,""33"":1,""34"":1,""36"":1,""37"":1,""38"":1,""40"":3,""41"":2,""44"":1,""47"":1,""49"":2,""50"":1,""52"":1,""53"":2,""54"":2,""55"":2,""58"":1,""60"":5,""62"":1,""65"":2,""67"":1,""79"":2,""80"":1,""85"":1,""87"":2,""94"":1}",45,4,"{""1"":4,""2"":6,""3"":5,""4"":5,""5"":11,""6"":9,""7"":6,""8"":5,""9"":7,""10"":4,""11"":5,""12"":8,""13"":9,""14"":11,""15"":6,""16"":6,""17"":3,""18"":5,""19"":10,""20"":6,""21"":1,""22"":4,""23"":5,""24"":5,""25"":2,""26"":3,""27"":4,""28"":1,""30"":2,""31"":1,""33"":1,""36"":1,""38"":2,""44"":1,""45"":1}","....XX
..X.X.
X.....
...X.X
....X.
XXX...",,,,,,,,,
440,6,11,all,0,028d028530,008148bc28,3,"4,0;2,1;2,4","0,1;1,2;1,2",1,232,0,"{""94"":1,""118"":1,""125"":3,""140"":3,""151"":2,""232"":1}",94,0,"{""6"":1,""10"":1,""11"":1,""16"":1,""18"":1,""19"":1,""20"":2,""24"":1,""25"":1,""29"":1,""30"":1,""32"":1,""33"":1,""34"":2,""36"":3,""37"":1,""38"":1,""39"":1,""40"":2,""41"":3,""43"":1,""44"":2,""45"":2,""47"":1,""49"":2,""50"":1,""51"":1,""52"":3,""54"":1,""57"":1,""58"":2,""60"":2,""65"":2,""66"":1,""67"":1,""79"":2,""86"":1,""87"":1,""94"":1}",54,4,"{""1"":4,""2"":3,""3"":8,""4"":8,""5"":8,""6"":9,""7"":5,""8"":11,""9"":6,""10"":5,""11"":5,""12"":5,""13"":9,""14"":5,""15"":3,""16"":6,""17"":4,""18"":5,""19"":8,""20"":7,""21"":4,""22"":4,""23"":3,""24"":4,""26"":4,""27"":4,""28"":4,""29"":1,""31"":2,""34"":1,""35"":1,""36"":4,""37"":1,""38"":2,""41"":1,""54"":1}","....XX
..X.X.
...X.X
......
X.XX..
.X.X..",,,,,,,,,
441,6,11,all,0,0b0500b430,00c2d00a0d,4,"4,0;4,1;1,2;3,2","0,1;1,1;1,2;2,2",1,232,0,"{""94"":1,""118"":1,""125"":2,""140"":2,""151"":3,""232"":2}",102,0,"{""18"":1,""24"":2,""25"":2,""28"":1,""29"":1,""30"":2,""31"":1,""32"":1,""34"":1,""36"":3,""37"":1,""38"":1,""39"":1,""40"":2,""41"":2,""44"":1,""45"":1,""47"":1,""49"":3,""51"":1,""52"":1,""53"":1,""54"":3,""55"":1,""57"":1,""58"":2,""60"":3,""65"":1,""66"":1,""67"":1,""76"":2,""79"":1,""85"":2,""86"":2,""87"":2,""94"":1,""102"":1}",54,0,"{""4"":3,""5"":2,""6"":5,""7"":3,""8"":9,""9"":3,""10"":7,""11"":3,""12"":11,""13"":4,""14"":5,""15"":4,""16"":9,""17"":10,""18"":10,""19"":6,""20"":7,""21"":3,""22"":7,""23"":6,""24"":3,""25"":2,""26"":2,""27"":6,""28"":3,""29"":4,""30"":1,""31"":2,""33"":3,""34"":2,""35"":4,""36"":3,""37"":3,""38"":2,""40"":1,""41"":1,""42"":2,""44"":1,""45"":2,""54"":1}","....XX
....X.
XX.X..
......
X.X...
..XX.X",31,8,"{""1"":8,""2"":15,""3"":26,""4"":33,""5"":20,""6"":30,""7"":32,""8"":20,""9"":21,""10"":24,""11"":16,""12"":16,""13"":12,""14"":8,""15"":11,""16"":8,""17"":4,""18"":8,""19"":3,""20"":3,""22"":1,""23"":3,""24"":4,""25"":1,""26"":1,""27"":1,""31"":1}",,,,,,
442,6,11,all,0,026c045430,00c2a20364,4,"4,0;5,0;2,2;2,4","0,1;0,0;2,2;1,2",1,232,0,"{""94"":1,""118"":1,""125"":2,""140"":2,""151"":3,""232"":2}",94,0,"{""15"":1,""16"":1,""20"":1,""21"":1,""24"":1,""28"":1,""29"":1,""30"":3,""32"":1,""33"":1,""34"":2,""36"":2,""37"":1,""39"":1,""40"":2,""41"":1,""45"":1,""47"":1,""49"":3,""50"":1,""51"":1,""52"":1,""53"":1,""54"":1,""55"":3,""57"":2,""58"":2,""60"":4,""65"":2,""66"":2,""67"":1,""76"":1,""79"":1,""80"":1,""85"":1,""86"":1,""87"":2,""94"":1}",54,0,"{""3"":3,""4"":4,""5"":4,""6"":7,""7"":5,""8"":8,""9"":7,""10"":5,""11"":5,""12"":8,""13"":11,""14"":5,""15"":8,""16"":6,""17"":5,""18"":3,""19"":10,""20"":5,""21"":4,""22"":5,""23"":7,""24"":2,""25"":4,""26"":6,""27"":3,""28"":3,""29"":4,""31"":4,""34"":1,""35"":4,""36"":2,""37"":1,""38"":2,""40"":1,""44"":1,""45"":1,""54"":1}","....XX
....X.
X.X...
X.....
..XX.X
X..X..",27,29,"{""1"":29,""2"":33,""3"":49,""4"":34,""5"":23,""6"":23,""7"":22,""8"":26,""9"":17,""10"":18,""11"":11,""12"":8,""13"":6,""14"":7,""15"":7,""16"":3,""17"":4,""18"":3,""19"":2,""20"":1,""21"":1,""23"":2,""27"":1}",,,,,,
443,6,11,all,0,08ac089430,00c2910351,4,"4,0;0,2;3,2;1,3","0,1;0,2;2,2;1,2",1,232,0,"{""94"":1,""118"":1,""125"":3,""140"":3,""151"":1,""232"":2}",102,0,"{""15"":1,""16"":1,""19"":1,""20"":1,""24"":1,""25"":1,""28"":1,""29"":1,""30"":1,""31"":1,""32"":1,""34"":1,""36"":2,""37"":2,""38"":1,""39"":1,""40"":3,""41"":2,""44"":1,""45"":1,""47"":1,""49"":2,""50"":2,""51"":2,""52"":3,""54"":1,""55"":3,""57"":2,""58"":2,""60"":4,""76"":1,""79"":1,""85"":1,""86"":2,""87"":1,""94"":1,""102"":1}",54,0,"{""2"":2,""3"":4,""4"":2,""5"":3,""6"":8,""7"":3,""8"":10,""9"":6,""10"":6,""11"":3,""12"":6,""13"":6,""14"":5,""15"":8,""16"":7,""17"":6,""18"":8,""19"":7,""20"":9,""21"":3,""22"":3,""23"":8,""24"":8,""25"":4,""26"":1,""27"":7,""28"":4,""29"":3,""30"":1,""31"":2,""32"":2,""33"":1,""34"":1,""36"":1,""37"":1,""38"":1,""40"":1,""41"":1,""45"":1,""54"":2}","....XX
....X.
X..X..
.X....
..XX.X
.X...X",26,27,"{""1"":27,""2"":27,""3"":32,""4"":27,""5"":28,""6"":29,""7"":32,""8"":23,""9"":17,""10"":17,""11"":16,""12"":16,""13"":9,""14"":6,""15"":5,""16"":1,""17"":1,""18"":5,""19"":4,""20"":1,""21"":1,""23"":2,""24"":2,""25"":1,""26"":1}",,,,,,
444,6,11,all,0,02dc068030,00c01603b4,3,"4,0;2,4;4,4","0,1;1,2;1,1",1,232,0,"{""94"":1,""118"":1,""125"":2,""140"":2,""151"":3,""232"":2}",87,0,"{""11"":1,""16"":2,""19"":1,""20"":1,""21"":1,""24"":1,""25"":1,""26"":1,""28"":1,""29"":1,""30"":1,""31"":1,""33"":1,""34"":1,""36"":1,""37"":1,""39"":1,""40"":1,""41"":2,""44"":1,""45"":1,""47"":1,""49"":2,""50"":2,""52"":2,""54"":3,""57"":2,""58"":2,""60"":3,""62"":1,""65"":4,""66"":1,""67"":2,""79"":2,""80"":1,""85"":2,""86"":1,""87"":1}",45,3,"{""1"":3,""2"":4,""3"":2,""4"":6,""5"":7,""6"":11,""7"":3,""8"":12,""9"":5,""10"":5,""11"":3,""12"":2,""13"":8,""14"":5,""15"":1,""16"":7,""17"":5,""18"":5,""19"":8,""20"":8,""21"":4,""22"":5,""23"":7,""24"":4,""25"":3,""26"":4,""27"":3,""28"":3,""29"":1,""30"":2,""31"":4,""33"":1,""34"":1,""35"":7,""36"":3,""37"":1,""38"":1,""45"":1}","....XX
......
...X.X
X.....
..XXX.
XX.X..",,,,,,,,,
445,6,11,all,0,0b201422d0,00b442804d,4,"4,0;0,1;1,2;2,3","0,1;0,1;1,2;2,2",1,232,0,"{""94"":1,""118"":1,""125"":2,""140"":3,""151"":3,""232"":1}",87,0,"{""10"":1,""11"":1,""15"":1,""19"":1,""20"":2,""21"":1,""26"":1,""27"":1,""29"":1,""30"":1,""31"":2,""32"":2,""33"":2,""34"":1,""36"":4,""37"":1,""40"":4,""41"":3,""43"":1,""45"":1,""47"":2,""49"":1,""50"":1,""53"":1,""55"":1,""57"":3,""58"":2,""60"":2,""65"":3,""66"":2,""67"":1,""76"":1,""79"":1,""86"":1,""87"":1}",40,0,"{""2"":3,""3"":7,""4"":6,""5"":13,""6"":9,""7"":3,""8"":6,""9"":5,""10"":3,""11"":6,""12"":11,""13"":12,""14"":14,""15"":5,""16"":6,""17"":3,""18"":4,""19"":7,""20"":5,""21"":2,""22"":6,""23"":4,""24"":4,""25"":2,""26"":1,""27"":3,""28"":1,""29"":1,""31"":2,""34"":1,""35"":4,""36"":1,""37"":3,""38"":1,""40"":1}","....X.
XX.X..
.X....
X.X...
.....X
..XX.X",23,38,"{""1"":38,""2"":56,""3"":56,""4"":36,""5"":18,""6"":21,""7"":19,""8"":12,""9"":14,""10"":14,""11"":13,""12"":5,""13"":7,""14"":4,""15"":7,""16"":3,""17"":2,""18"":1,""19"":1,""21"":1,""22"":1,""23"":1}",,,,,,
446,6,11,all,0,0a70203150,00a8c040e5,4,"4,0;0,1;2,1;5,4","0,1;0,1;1,2;0,1",1,232,0,"{""94"":1,""118"":1,""125"":2,""140"":3,""151"":2,""232"":2}",102,0,"{""19"":2,""20"":1,""21"":1,""24"":2,""27"":1,""28"":2,""30"":1,""33"":1,""36"":3,""37"":2,""38"":1,""40"":3,""41"":1,""43"":1,""44"":1,""45"":1,""47"":1,""49"":1,""50"":1,""51"":1,""52"":1,""53"":1,""54"":2,""55"":2,""57"":3,""58"":1,""60"":5,""65"":1,""66"":1,""67"":1,""76"":2,""79"":2,""85"":1,""86"":2,""94"":1,""102"":1}",54,0,"{""2"":1,""3"":2,""4"":2,""5"":4,""6"":8,""7"":3,""8"":4,""9"":6,""10"":4,""11"":11,""12"":10,""13"":8,""14"":4,""15"":4,""16"":6,""17"":8,""18"":3,""19"":6,""20"":8,""21"":4,""22"":4,""23"":5,""24"":7,""25"":7,""26"":2,""27"":5,""28"":5,""29"":2,""31"":2,""32"":1,""33"":2,""34"":2,""35"":3,""36"":3,""37"":1,""40"":3,""41"":1,""42"":1,""44"":1,""54"":2}","....X.
X.X...
XX....
...X..
....XX
X..X.X",31,8,"{""1"":8,""2"":29,""3"":31,""4"":32,""5"":43,""6"":23,""7"":23,""8"":24,""9"":18,""10"":14,""11"":15,""12"":16,""13"":11,""14"":8,""15"":8,""16"":3,""17"":5,""18"":7,""19"":4,""21"":1,""23"":3,""24"":2,""26"":1,""31"":1}",,,,,,
447,6,11,all,0,0824847450,0049878882,3,"4,0;1,2;2,2","0,1;1,2;2,2",1,232,0,"{""94"":1,""118"":1,""125"":2,""140"":3,""151"":3,""232"":1}",87,0,"{""4"":1,""8"":1,""15"":1,""16"":1,""19"":1,""20"":1,""21"":3,""24"":1,""28"":1,""29"":1,""30"":3,""31"":2,""32"":1,""33"":1,""34"":2,""36"":6,""39"":1,""40"":3,""41"":2,""43"":1,""45"":1,""49"":2,""50"":1,""53"":1,""54"":2,""57"":2,""58"":1,""60"":2,""62"":1,""65"":1,""66"":1,""67"":1,""76"":1,""79"":1,""85"":1,""86"":1,""87"":1}",42,3,"{""1"":3,""2"":11,""3"":5,""4"":11,""5"":17,""6"":6,""7"":6,""8"":10,""9"":4,""10"":4,""11"":6,""12"":10,""13"":6,""14"":7,""15"":4,""16"":9,""17"":6,""18"":3,""19"":7,""20"":3,""21"":2,""23"":3,""24"":3,""25"":5,""26"":2,""27"":2,""28"":1,""30"":1,""31"":1,""35"":3,""37"":2,""40"":1,""42"":1}","....X.
X...X.
XXX...
X....X
..X..X
.....X",,,,,,,,,
448,6,11,all,0,00621f0290,00621f0290,3,"4,0;1,1;1,3","0,1;1,1;1,2",1,232,0,"{""94"":1,""118"":2,""125"":3,""140"":2,""151"":2,""232"":1}",94,0,"{""4"":1,""8"":1,""11"":2,""18"":1,""19"":2,""20"":1,""21"":1,""26"":1,""27"":1,""28"":2,""30"":2,""31"":1,""33"":1,""34"":1,""36"":1,""37"":2,""38"":1,""40"":1,""41"":4,""43"":2,""44"":1,""45"":1,""47"":1,""49"":1,""50"":1,""51"":1,""52"":2,""53"":1,""54"":3,""57"":2,""60"":2,""62"":1,""65"":1,""66"":1,""67"":1,""76"":1,""79"":1,""85"":1,""86"":2,""94"":1}",54,11,"{""1"":11,""2"":8,""3"":2,""4"":4,""5"":11,""6"":7,""7"":6,""8"":4,""9"":9,""10"":2,""11"":2,""12"":7,""13"":8,""14"":5,""15"":3,""16"":3,""17"":6,""18"":11,""19"":5,""20"":8,""21"":4,""22"":6,""23"":1,""24"":5,""25"":2,""27"":5,""28"":4,""29"":1,""30"":1,""34"":2,""35"":4,""36"":2,""40"":1,""41"":1,""42"":1,""44"":1,""54"":2}","....X.
.X.X..
....XX
XXX...
.X...X
X.....",,,,,,,,,
449,6,11,all,0,0c9880b110,0088d01193,3,"4,0;1,2;4,5","0,1;1,2;0,1",1,232,0,"{""94"":1,""118"":1,""125"":3,""140"":3,""151"":2,""232"":1}",94,0,"{""14"":1,""16"":1,""18"":1,""19"":3,""20"":2,""21"":1,""24"":1,""25"":1,""26"":1,""27"":1,""28"":1,""30"":2,""32"":2,""34"":4,""36"":2,""40"":4,""41"":1,""43"":1,""44"":2,""45"":1,""47"":2,""50"":2,""52"":2,""53"":1,""54"":1,""55"":2,""57"":1,""60"":3,""62"":1,""65"":1,""67"":1,""76"":1,""85"":1,""86"":2,""94"":1}",54,2,"{""1"":2,""2"":1,""3"":2,""4"":2,""5"":6,""6"":11,""7"":9,""8"":11,""9"":10,""10"":4,""11"":5,""12"":13,""13"":9,""14"":10,""15"":11,""16"":8,""17"":3,""18"":8,""19"":7,""20"":4,""21"":1,""22"":1,""23"":1,""24"":5,""25"":4,""26"":1,""27"":1,""28"":2,""29"":2,""30"":2,""31"":2,""32"":1,""34"":1,""35"":1,""42"":1,""44"":1,""54"":2}","....X.
..X...
XX.X..
.....X
...XX.
.X..XX",,,,,,,,,
450,6,11,all,0,0a20543610,0086c2a045,3,"3,1;4,3;3,5","1,2;1,2;0,2",1,232,0,"{""94"":1,""118"":1,""125"":3,""140"":2,""151"":3,""232"":1}",87,0,"{""11"":1,""16"":1,""19"":1,""20"":3,""24"":1,""26"":1,""27"":1,""29"":1,""30"":3,""31"":2,""33"":1,""34"":4,""36"":4,""37"":1,""40"":4,""41"":1,""43"":1,""45"":1,""47"":2,""49"":2,""50"":1,""53"":1,""54"":2,""55"":1,""57"":2,""58"":2,""60"":1,""65"":2,""66"":2,""67"":1,""76"":1,""85"":1,""86"":1,""87"":1}",42,1,"{""1"":1,""3"":3,""4"":8,""5"":9,""6"":8,""7"":3,""8"":8,""9"":10,""10"":4,""11"":8,""12"":12,""13"":11,""14"":9,""15"":6,""16"":6,""17"":4,""18"":6,""19"":7,""20"":8,""21"":1,""22"":6,""23"":5,""24"":3,""25"":3,""26"":1,""27"":3,""29"":1,""30"":1,""31"":2,""34"":1,""35"":3,""37"":2,""38"":1,""42"":1}","....X.
...XX.
XX....
X.X.X.
.....X
...X.X",,,,,,,,,
451,6,11,all,0,04c6074210,00842e0632,4,"4,0;3,1;2,2;4,2","0,1;1,2;2,2;1,2",1,232,0,"{""94"":1,""118"":1,""125"":3,""140"":3,""151"":2,""232"":1}",94,0,"{""14"":1,""15"":1,""16"":1,""18"":1,""19"":2,""20"":2,""21"":1,""25"":1,""26"":1,""27"":1,""28"":1,""30"":2,""32"":1,""34"":4,""36"":2,""40"":4,""41"":2,""43"":1,""44"":1,""45"":1,""47"":2,""50"":2,""51"":1,""52"":1,""53"":1,""54"":1,""55"":2,""57"":2,""60"":3,""62"":1,""65"":2,""67"":1,""79"":1,""85"":1,""86"":2,""94"":1}",54,0,"{""2"":2,""3"":3,""4"":4,""5"":7,""6"":9,""7"":8,""8"":10,""9"":9,""10"":4,""11"":4,""12"":12,""13"":11,""14"":7,""15"":9,""16"":7,""17"":4,""18"":8,""19"":4,""20"":3,""21"":1,""22"":5,""23"":2,""24"":6,""25"":2,""26"":1,""27"":3,""28"":2,""29"":2,""30"":3,""31"":2,""32"":1,""34"":1,""35"":2,""36"":2,""41"":1,""42"":1,""44"":1,""54"":2}","....X.
...X..
..X.XX
X.....
.XX...
XX..X.",31,13,"{""1"":13,""2"":19,""3"":38,""4"":33,""5"":46,""6"":43,""7"":30,""8"":19,""9"":20,""10"":17,""11"":15,""12"":9,""13"":8,""14"":3,""15"":1,""16"":4,""17"":3,""18"":3,""20"":2,""24"":1,""25"":1,""26"":1,""31"":1}",,,,,,
452,6,11,all,0,0a21543410,0082c2a845,4,"4,0;0,2;0,3;0,4","0,1;0,2;0,2;0,1",1,232,0,"{""94"":1,""118"":1,""125"":2,""140"":3,""151"":3,""232"":1}",87,0,"{""11"":1,""14"":1,""16"":1,""18"":1,""19"":1,""20"":2,""21"":1,""24"":2,""27"":1,""29"":1,""30"":3,""32"":1,""33"":1,""34"":4,""36"":3,""40"":3,""41"":3,""43"":1,""44"":1,""45"":1,""47"":1,""49"":2,""50"":1,""52"":1,""53"":1,""54"":2,""55"":1,""57"":2,""60"":1,""65"":2,""66"":2,""67"":1,""76"":2,""85"":1,""86"":1,""87"":1}",42,0,"{""2"":1,""3"":6,""4"":10,""5"":12,""6"":10,""7"":8,""8"":6,""9"":9,""10"":4,""11"":5,""12"":8,""13"":10,""14"":8,""15"":6,""16"":6,""17"":3,""18"":8,""19"":6,""20"":5,""21"":1,""22"":6,""23"":4,""24"":4,""25"":3,""26"":1,""27"":3,""28"":1,""29"":1,""30"":1,""31"":2,""34"":1,""35"":2,""37"":2,""38"":1,""42"":1}","....X.
....X.
XX....
X.X.X.
X....X
...X.X",22,30,"{""1"":30,""2"":48,""3"":63,""4"":41,""5"":31,""6"":18,""7"":19,""8"":15,""9"":15,""10"":13,""11"":10,""12"":7,""13"":4,""14"":4,""15"":4,""16"":4,""17"":2,""21"":1,""22"":1}",,,,,,
453,6,11,all,0,0143d11810,008188bc28,4,"4,0;5,1;0,2;4,2","0,1;0,1;0,2;1,2",1,232,0,"{""94"":1,""118"":1,""125"":2,""140"":3,""151"":3,""232"":1}",94,0,"{""10"":1,""16"":1,""18"":1,""20"":3,""24"":1,""25"":1,""29"":1,""30"":1,""31"":1,""32"":1,""33"":1,""34"":2,""36"":2,""37"":1,""38"":1,""39"":1,""40"":3,""41"":4,""43"":1,""44"":1,""45"":2,""47"":1,""49"":1,""50"":1,""51"":1,""52"":2,""54"":1,""57"":1,""58"":1,""60"":3,""62"":1,""65"":3,""66"":2,""67"":1,""79"":2,""86"":1,""87"":1,""94"":1}",54,0,"{""2"":1,""3"":3,""4"":5,""5"":7,""6"":6,""7"":8,""8"":10,""9"":4,""10"":8,""11"":6,""12"":6,""13"":12,""14"":7,""15"":5,""16"":8,""17"":5,""18"":6,""19"":7,""20"":7,""21"":6,""22"":5,""23"":4,""24"":4,""26"":1,""27"":5,""28"":3,""29"":1,""31"":2,""34"":2,""35"":2,""36"":4,""37"":1,""38"":2,""41"":1,""54"":1}","....X.
.....X
X...X.
..X.XX
XX....
X.X...",26,11,"{""1"":11,""2"":39,""3"":51,""4"":49,""5"":32,""6"":29,""7"":19,""8"":22,""9"":17,""10"":10,""11"":6,""12"":7,""13"":9,""14"":6,""15"":6,""16"":4,""17"":3,""18"":5,""19"":3,""23"":1,""26"":1}",,,,,,
454,6,11,all,0,0143d12810,008148bc28,3,"1,2;4,2;2,3","1,2;1,2;2,2",1,232,0,"{""94"":1,""118"":1,""125"":3,""140"":3,""151"":2,""232"":1}",94,0,"{""6"":1,""10"":1,""11"":1,""16"":1,""18"":1,""19"":1,""20"":2,""24"":1,""25"":1,""29"":1,""30"":1,""32"":1,""33"":1,""34"":2,""36"":3,""37"":1,""38"":1,""39"":1,""40"":2,""41"":3,""43"":1,""44"":2,""45"":2,""47"":1,""49"":2,""50"":1,""51"":1,""52"":3,""54"":1,""57"":1,""58"":2,""60"":2,""65"":2,""66"":1,""67"":1,""79"":2,""86"":1,""87"":1,""94"":1}",54,4,"{""1"":4,""2"":3,""3"":8,""4"":8,""5"":8,""6"":9,""7"":5,""8"":11,""9"":6,""10"":5,""11"":5,""12"":5,""13"":9,""14"":5,""15"":3,""16"":6,""17"":4,""18"":5,""19"":8,""20"":7,""21"":4,""22"":4,""23"":3,""24"":4,""26"":4,""27"":4,""28"":4,""29"":1,""31"":2,""34"":1,""35"":1,""36"":4,""37"":1,""38"":2,""41"":1,""54"":1}","....X.
.....X
.X..X.
..X.XX
XX....
X.X...",,,,,,,,,
455,6,11,all,0,004b878810,004b878810,3,"3,2;0,3;1,4","2,2;0,2;1,1",1,232,0,"{""94"":1,""118"":1,""125"":2,""140"":3,""151"":3,""232"":1}",94,0,"{""4"":1,""8"":1,""10"":1,""11"":1,""16"":2,""18"":1,""20"":2,""21"":2,""24"":2,""28"":1,""29"":1,""30"":2,""31"":1,""32"":1,""33"":1,""34"":2,""36"":4,""39"":1,""40"":2,""41"":3,""43"":1,""45"":1,""49"":2,""50"":1,""51"":1,""52"":1,""53"":1,""54"":1,""57"":1,""58"":1,""60"":2,""62"":1,""65"":1,""66"":1,""67"":1,""79"":2,""85"":1,""86"":1,""87"":1,""94"":1}",54,4,"{""1"":4,""2"":15,""3"":6,""4"":9,""5"":17,""6"":11,""7"":5,""8"":13,""9"":5,""10"":3,""11"":4,""12"":7,""13"":7,""14"":9,""15"":4,""16"":3,""17"":4,""18"":3,""19"":3,""20"":3,""22"":3,""23"":1,""24"":2,""25"":2,""26"":3,""27"":2,""28"":2,""30"":1,""31"":1,""34"":1,""35"":3,""36"":3,""37"":1,""38"":1,""41"":1,""42"":1,""44"":1,""54"":1}","....X.
.....X
...XXX
X....X
XX.X..
X.....",,,,,,,,,
456,6,11,all,0,08f0281160,00688140f1,4,"5,0;2,1;0,2;5,4","0,0;1,2;0,2;0,1",1,232,0,"{""94"":1,""118"":1,""125"":2,""140"":3,""151"":1,""232"":3}",102,0,"{""15"":1,""19"":1,""21"":1,""24"":1,""28"":1,""29"":1,""30"":2,""31"":1,""32"":1,""34"":1,""36"":1,""37"":1,""38"":1,""40"":1,""41"":2,""44"":1,""45"":1,""49"":1,""50"":2,""51"":2,""52"":3,""53"":1,""54"":2,""55"":5,""57"":2,""58"":2,""60"":4,""76"":2,""79"":2,""80"":1,""85"":1,""86"":2,""87"":1,""94"":1,""102"":2}",54,0,"{""2"":2,""3"":4,""4"":1,""5"":3,""6"":8,""7"":2,""8"":6,""9"":5,""10"":1,""11"":1,""12"":7,""13"":8,""14"":5,""15"":6,""16"":8,""17"":4,""18"":5,""19"":7,""20"":13,""21"":4,""22"":5,""23"":8,""24"":6,""25"":6,""26"":3,""27"":6,""28"":5,""29"":3,""30"":2,""31"":2,""32"":4,""33"":2,""34"":1,""36"":2,""37"":2,""40"":3,""41"":2,""44"":1,""45"":1,""54"":1}",".....X
X.X...
X.....
.X.X..
....XX
XX...X",26,22,"{""1"":22,""2"":36,""3"":24,""4"":20,""5"":26,""6"":22,""7"":22,""8"":24,""9"":18,""10"":19,""11"":20,""12"":23,""13"":12,""14"":9,""15"":7,""16"":2,""17"":4,""18"":7,""19"":6,""21"":1,""22"":2,""23"":1,""24"":1,""25"":1,""26"":1}",,,,,,
457,6,11,all,0,0a42074160,00682e0425,4,"5,0;2,1;0,3;1,4","0,0;1,2;0,2;1,1",1,232,0,"{""94"":1,""118"":1,""125"":2,""140"":1,""151"":3,""232"":3}",102,0,"{""8"":1,""16"":1,""20"":1,""21"":1,""24"":1,""25"":1,""28"":1,""30"":1,""31"":2,""32"":1,""34"":2,""39"":1,""41"":2,""43"":2,""49"":2,""50"":1,""51"":1,""52"":1,""53"":1,""54"":2,""55"":3,""58"":3,""60"":3,""62"":1,""65"":3,""66"":1,""67"":3,""76"":1,""79"":1,""80"":1,""85"":2,""86"":2,""87"":2,""94"":1,""102"":2}",54,0,"{""2"":1,""3"":5,""4"":7,""5"":5,""6"":4,""7"":5,""8"":6,""9"":2,""10"":3,""11"":1,""12"":4,""13"":5,""14"":4,""15"":5,""16"":6,""17"":6,""18"":5,""19"":5,""20"":5,""21"":6,""22"":7,""23"":7,""24"":4,""25"":7,""26"":7,""27"":3,""28"":2,""29"":4,""30"":4,""31"":1,""32"":2,""33"":4,""34"":2,""35"":6,""36"":2,""37"":4,""38"":2,""40"":1,""41"":1,""42"":1,""44"":1,""45"":2,""54"":1}",".....X
X.X...
..X.XX
X.....
.X....
X..X.X",31,30,"{""1"":30,""2"":25,""3"":49,""4"":26,""5"":18,""6"":13,""7"":5,""8"":17,""9"":29,""10"":17,""11"":16,""12"":10,""13"":10,""14"":14,""15"":13,""16"":9,""17"":6,""18"":7,""19"":4,""20"":1,""21"":2,""22"":3,""23"":1,""24"":3,""25"":1,""31"":1}",,,,,,
458,6,11,all,0,0d10403a60,0065c0208b,4,"5,0;0,1;3,1;5,1","0,0;0,1;1,2;0,1",1,232,0,"{""118"":1,""125"":3,""140"":3,""151"":2,""232"":2}",102,0,"{""14"":1,""18"":1,""19"":1,""20"":1,""21"":1,""26"":1,""30"":1,""31"":3,""34"":1,""36"":1,""39"":1,""40"":3,""41"":3,""43"":2,""44"":1,""49"":1,""50"":2,""51"":2,""52"":2,""53"":1,""54"":2,""55"":1,""57"":1,""58"":4,""60"":4,""65"":3,""66"":1,""76"":2,""79"":1,""85"":2,""86"":1,""87"":1,""94"":1,""102"":1}",54,0,"{""2"":2,""3"":3,""4"":3,""5"":7,""6"":4,""7"":5,""8"":5,""9"":4,""10"":6,""11"":3,""12"":4,""13"":11,""14"":6,""15"":9,""16"":4,""17"":6,""18"":4,""19"":4,""20"":6,""21"":5,""22"":8,""23"":6,""24"":8,""25"":3,""26"":1,""27"":2,""28"":3,""29"":4,""30"":3,""31"":5,""32"":1,""33"":2,""34"":2,""35"":3,""36"":3,""37"":4,""40"":1,""42"":1,""44"":1,""45"":2,""54"":1}",".....X
X..X.X
XX....
....X.
....X.
..X.XX",31,19,"{""1"":19,""2"":42,""3"":32,""4"":9,""5"":30,""6"":17,""7"":28,""8"":25,""9"":16,""10"":20,""11"":17,""12"":14,""13"":9,""14"":11,""15"":10,""16"":7,""17"":2,""18"":6,""19"":2,""20"":2,""21"":3,""22"":2,""24"":3,""25"":2,""27"":1,""31"":1}",,,,,,
459,6,11,all,0,00940f8460,00621f0290,3,"0,1;4,1;4,4","0,1;1,1;1,1",1,232,0,"{""94"":1,""118"":2,""125"":3,""140"":2,""151"":2,""232"":1}",94,0,"{""4"":1,""8"":1,""11"":2,""18"":1,""19"":2,""20"":1,""21"":1,""26"":1,""27"":1,""28"":2,""30"":2,""31"":1,""33"":1,""34"":1,""36"":1,""37"":2,""38"":1,""40"":1,""41"":4,""43"":2,""44"":1,""45"":1,""47"":1,""49"":1,""50"":1,""51"":1,""52"":2,""53"":1,""54"":3,""57"":2,""60"":2,""62"":1,""65"":1,""66"":1,""67"":1,""76"":1,""79"":1,""85"":1,""86"":2,""94"":1}",54,11,"{""1"":11,""2"":8,""3"":2,""4"":4,""5"":11,""6"":7,""7"":6,""8"":4,""9"":9,""10"":2,""11"":2,""12"":7,""13"":8,""14"":5,""15"":3,""16"":3,""17"":6,""18"":11,""19"":5,""20"":8,""21"":4,""22"":6,""23"":1,""24"":5,""25"":2,""27"":5,""28"":4,""29"":1,""30"":1,""34"":2,""35"":4,""36"":2,""40"":1,""41"":1,""42"":1,""44"":1,""54"":2}",".....X
X...X.
...XXX
XX....
..X.X.
.X....",,,,,,,,,
460,6,11,all,0,00811e1d20,004b878810,3,"2,1;4,1;1,3","1,2;1,1;1,2",1,232,0,"{""94"":1,""118"":1,""125"":2,""140"":3,""151"":3,""232"":1}",94,0,"{""4"":1,""8"":1,""10"":1,""11"":1,""16"":2,""18"":1,""20"":2,""21"":2,""24"":2,""28"":1,""29"":1,""30"":2,""31"":1,""32"":1,""33"":1,""34"":2,""36"":4,""39"":1,""40"":2,""41"":3,""43"":1,""45"":1,""49"":2,""50"":1,""51"":1,""52"":1,""53"":1,""54"":1,""57"":1,""58"":1,""60"":2,""62"":1,""65"":1,""66"":1,""67"":1,""79"":2,""85"":1,""86"":1,""87"":1,""94"":1}",54,4,"{""1"":4,""2"":15,""3"":6,""4"":9,""5"":17,""6"":11,""7"":5,""8"":13,""9"":5,""10"":3,""11"":4,""12"":7,""13"":7,""14"":9,""15"":4,""16"":3,""17"":4,""18"":3,""19"":3,""20"":3,""22"":3,""23"":1,""24"":2,""25"":2,""26"":3,""27"":2,""28"":2,""30"":1,""31"":1,""34"":1,""35"":3,""36"":3,""37"":1,""38"":1,""41"":1,""42"":1,""44"":1,""54"":1}",".....X
..X.XX
X....X
XXX...
X.....
.X....",,,,,,,,,
461,6,11,all,0,04111e1920,0049878882,3,"5,0;2,3;4,5","0,0;2,2;0,1",1,232,0,"{""94"":1,""118"":1,""125"":2,""140"":3,""151"":3,""232"":1}",87,0,"{""4"":1,""8"":1,""15"":1,""16"":1,""19"":1,""20"":1,""21"":3,""24"":1,""28"":1,""29"":1,""30"":3,""31"":2,""32"":1,""33"":1,""34"":2,""36"":6,""39"":1,""40"":3,""41"":2,""43"":1,""45"":1,""49"":2,""50"":1,""53"":1,""54"":2,""57"":2,""58"":1,""60"":2,""62"":1,""65"":1,""66"":1,""67"":1,""76"":1,""79"":1,""85"":1,""86"":1,""87"":1}",42,3,"{""1"":3,""2"":11,""3"":5,""4"":11,""5"":17,""6"":6,""7"":6,""8"":10,""9"":4,""10"":4,""11"":6,""12"":10,""13"":6,""14"":7,""15"":4,""16"":9,""17"":6,""18"":3,""19"":7,""20"":3,""21"":2,""23"":3,""24"":3,""25"":5,""26"":2,""27"":2,""28"":1,""30"":1,""31"":1,""35"":3,""37"":2,""40"":1,""42"":1}",".....X
..X..X
X....X
XXX...
X...X.
....X.",,,,,,,,,
462,6,11,all,0,0c9880b120,0048d01193,4,"5,0;2,1;0,2;3,4","0,0;1,2;0,2;1,2",1,232,0,"{""94"":1,""118"":1,""125"":3,""140"":2,""151"":2,""232"":2}",102,0,"{""16"":1,""18"":1,""19"":2,""20"":2,""21"":1,""25"":1,""26"":1,""27"":1,""28"":1,""30"":2,""32"":1,""34"":4,""36"":1,""40"":3,""41"":1,""43"":1,""44"":1,""45"":1,""47"":2,""49"":1,""50"":1,""52"":2,""53"":1,""54"":2,""55"":2,""57"":1,""58"":2,""60"":4,""62"":1,""65"":1,""67"":1,""76"":1,""79"":1,""85"":1,""86"":2,""87"":1,""94"":1,""102"":1}",54,0,"{""3"":1,""4"":2,""5"":5,""6"":6,""7"":7,""8"":10,""9"":11,""10"":5,""11"":3,""12"":12,""13"":10,""14"":10,""15"":9,""16"":5,""17"":3,""18"":8,""19"":7,""20"":6,""21"":2,""22"":2,""23"":2,""24"":5,""25"":3,""26"":3,""27"":3,""28"":3,""29"":3,""30"":3,""31"":2,""32"":2,""33"":1,""34"":1,""35"":1,""36"":1,""37"":2,""40"":1,""42"":1,""44"":1,""45"":1,""54"":2}",".....X
..X...
XX.X..
.....X
...XX.
.X..XX",31,10,"{""1"":10,""2"":12,""3"":26,""4"":43,""5"":46,""6"":52,""7"":28,""8"":18,""9"":19,""10"":17,""11"":19,""12"":10,""13"":6,""14"":2,""15"":4,""16"":3,""17"":6,""18"":1,""20"":1,""21"":1,""22"":1,""24"":2,""25"":2,""31"":1}",,,,,,
463,6,11,all,0,06080d5c20,0043ab0106,3,"4,1;4,2;4,5","1,1;1,2;0,1",1,232,0,"{""94"":1,""118"":1,""125"":3,""140"":2,""151"":3,""232"":1}",94,0,"{""19"":2,""20"":2,""21"":2,""24"":1,""26"":1,""27"":1,""28"":1,""29"":1,""30"":2,""31"":2,""33"":1,""34"":3,""36"":4,""37"":1,""39"":1,""40"":5,""43"":1,""45"":1,""47"":1,""49"":2,""50"":1,""53"":1,""54"":2,""55"":1,""57"":1,""58"":3,""60"":2,""65"":2,""66"":1,""76"":1,""85"":1,""86"":1,""87"":2,""94"":1}",54,1,"{""1"":1,""3"":3,""4"":6,""5"":6,""6"":5,""7"":2,""8"":10,""9"":7,""10"":5,""11"":11,""12"":14,""13"":10,""14"":9,""15"":7,""16"":6,""17"":7,""18"":7,""19"":8,""20"":7,""21"":2,""22"":5,""23"":2,""24"":1,""25"":2,""26"":2,""27"":3,""29"":1,""30"":1,""31"":3,""34"":1,""35"":2,""36"":1,""37"":2,""38"":2,""42"":1,""44"":1,""45"":1,""54"":1}",".....X
....XX
X.X.X.
XX....
...X..
...XX.",,,,,,,,,
