state,outcome,stones,final_visited,parent,classification_source,probe_budget,probe_outcome,visited,maxdepth,memo,seconds,memo_per_visited,visited_per_second,depth_visited_0,depth_visited_1,depth_visited_2,depth_visited_3,depth_visited_4,depth_visited_5,depth_visited_6,depth_visited_7,depth_visited_8,depth_visited_9,depth_visited_10,depth_visited_11,depth_visited_12,depth_visited_13,depth_visited_14,depth_visited_15,depth_visited_16,depth_visited_17,depth_visited_18,depth_visited_19,memo_used_d9,memo_used_d10,memo_used_d11,memo_used_d12,memo_used_d13,memo_used_d14,memo_used_d15,memo_used_d16,memo_used_d17,memo_used_d18,memo_used_d19,memo_used_d20,memo_used_d21,memo_capacity_d9,memo_capacity_d10,memo_capacity_d11,memo_capacity_d12,memo_capacity_d13,memo_capacity_d14,memo_capacity_d15,memo_capacity_d16,memo_capacity_d17,memo_capacity_d18,memo_capacity_d19,memo_capacity_d20,memo_capacity_d21,probe_elapsed
"90,61,2,73,69,66",LOSS,6,432614.0,six-stone-loss-proof-90-61-2-73-69-66.csv,LOSS-proof-export,100000,LOSS,100000,17,99871,0.812094,0.99871,123138.45441537556,0,0,0,0,0,0,1,22,101,1009,4026,14055,25015,30886,19449,4989,440,7,0,0,1008,4025,14054,0,25014,0,30885,0,19449,0,4989,440,7,1048576,4194304,8388608,2097152,16777216,2097152,33554432,8388608,16777216,2097152,8388608,1048576,65536,8.924000978469849
"61,2,73,13,91",LOSS,5,7404873.0,five-stone-loss-proof-61-2-73-13-91.csv,LOSS-proof-export,100000,LOSS,100000,18,99880,0.561924,0.9988,177960.00882681645,0,0,0,0,0,1,1,6,65,490,2345,8623,19536,28167,25968,12197,2373,187,41,0,489,2344,8622,0,19535,0,28166,0,25967,0,12197,2373,187,1048576,4194304,8388608,2097152,16777216,2097152,33554432,8388608,16777216,2097152,8388608,1048576,65536,1.990438461303711
"61,73,66,13",LOSS,4,9559583.0,four-stone-loss-proof-61-73-66-13.csv,LOSS-proof-export,100000,LOSS,100000,16,99581,0.706798,0.99581,141483.13945427124,0,0,0,0,1,1,2,49,361,1982,7019,18599,27808,27418,14069,2582,109,0,0,0,1981,7018,18598,0,27807,0,27417,0,14069,0,2582,109,0,1048576,4194304,8388608,2097152,16777216,2097152,33554432,8388608,16777216,2097152,8388608,1048576,65536,2.504056692123413
"1,39,80",WIN,3,603662904.0,69-91-expanded-memo.csv,split-exact-search expanded-memo,100000,WIN,100000,17,99902,0.632316,0.99902,158148.77371440863,0,0,0,1,1,1,2,8,79,492,2481,8952,20884,29467,25988,10229,1373,42,0,0,491,2480,8951,0,20883,0,29466,0,25987,0,10229,1373,42,1048576,4194304,8388608,2097152,16777216,2097152,33554432,8388608,16777216,2097152,8388608,1048576,65536,1.979665994644165
"1,39,90",LOSS,3,827783863.0,69-91-expanded-memo.csv,split-exact-search expanded-memo,100000,LOSS,100000,17,99935,0.530764,0.99935,188407.6538725309,0,0,0,1,1,1,1,4,55,345,1911,7342,19035,29055,28009,12302,1867,71,0,0,344,1910,7342,0,19035,0,29055,0,28009,0,12302,1867,71,1048576,4194304,8388608,2097152,16777216,2097152,33554432,8388608,16777216,2097152,8388608,1048576,65536,1.9344079494476318
"7,8,30",LOSS,3,826399468.0,69-91-expanded-memo.csv,split-exact-search expanded-memo,100000,LOSS,100000,17,99809,0.504266,0.99809,198308.03583822824,0,0,0,1,1,1,3,17,162,956,4058,12577,23966,29269,21631,6715,629,14,0,0,955,4057,12576,0,23965,0,29268,0,21630,0,6715,629,14,1048576,4194304,8388608,2097152,16777216,2097152,33554432,8388608,16777216,2097152,8388608,1048576,65536,1.901517629623413
"8,17,30",LOSS,3,819209782.0,69-91-expanded-memo.csv,split-exact-search expanded-memo,100000,LOSS,100000,17,99723,0.614187,0.99723,162816.86196549257,0,0,0,1,1,1,1,46,222,1505,5375,16591,26555,29612,16603,3325,161,1,0,0,1504,5374,16590,0,26554,0,29611,0,16603,0,3325,161,1,1048576,4194304,8388608,2097152,16777216,2097152,33554432,8388608,16777216,2097152,8388608,1048576,65536,2.1207823753356934
"0,8,30",WIN,3,216998113.0,two-stone-69-91-child-proof.csv,split-exact-search shrink=1 load=85,100000,WIN,100000,17,99837,0.473587,0.99837,211154.44469548363,0,0,0,1,1,1,2,20,131,823,3353,11106,22586,29539,23350,8133,931,23,0,0,822,3352,11105,0,22585,0,29538,0,23349,0,8132,931,23,1048576,4194304,8388608,2097152,16777216,2097152,33554432,8388608,16777216,2097152,8388608,1048576,65536,1.9182274341583252
"1,8,30",WIN,3,31048468.0,two-stone-69-91-child-proof.csv,split-exact-search shrink=2 load=80,100000,WIN,100000,17,99780,0.566763,0.9978,176440.59333442725,0,0,0,1,1,1,1,41,171,1216,4185,13506,23673,29378,20772,6310,713,31,0,0,1215,4184,13505,0,23672,0,29378,0,20772,0,6310,713,31,1048576,4194304,8388608,2097152,16777216,2097152,33554432,8388608,16777216,2097152,8388608,1048576,65536,1.9602103233337402
"1,30,39",WIN,3,17796724.0,two-stone-69-91-child-proof.csv,split-exact-search shrink=2 load=80,100000,WIN,100000,17,99780,0.482729,0.9978,207155.56761661303,0,0,0,1,1,1,2,37,173,1217,4412,14148,24931,29626,19582,5386,475,8,0,0,1216,4411,14147,0,24930,0,29625,0,19582,0,5386,475,8,1048576,4194304,8388608,2097152,16777216,2097152,33554432,8388608,16777216,2097152,8388608,1048576,65536,1.7906558513641357
"1,39,40",WIN,3,38645226.0,two-stone-69-91-child-proof.csv,split-exact-search shrink=2 load=80,100000,WIN,100000,17,99731,0.426484,0.99731,234475.38477410644,0,0,0,1,1,1,1,46,215,1515,4975,15641,25684,29407,17991,4242,279,1,0,0,1514,4974,15640,0,25683,0,29407,0,17991,0,4242,279,1,1048576,4194304,8388608,2097152,16777216,2097152,33554432,8388608,16777216,2097152,8388608,1048576,65536,1.4929354190826416
"1,39,41",WIN,3,16410465.0,two-stone-69-91-child-proof.csv,split-exact-search shrink=2 load=80,100000,WIN,100000,17,99633,0.441845,0.99633,226323.71080356234,0,0,0,1,1,2,2,63,296,1870,5925,17439,26319,28358,15860,3578,280,6,0,0,1869,5924,17439,0,26319,0,28358,0,15860,0,3578,280,6,1048576,4194304,8388608,2097152,16777216,2097152,33554432,8388608,16777216,2097152,8388608,1048576,65536,1.4854624271392822
"1,39,42",WIN,3,18824894.0,two-stone-69-91-child-proof.csv,split-exact-search shrink=2 load=80,100000,WIN,100000,17,99847,0.701737,0.99847,142503.53052496875,0,0,0,1,1,1,2,16,128,728,3152,10207,21705,28455,24631,9652,1277,44,0,0,727,3151,10206,0,21704,0,28455,0,24631,0,9652,1277,44,1048576,4194304,8388608,2097152,16777216,2097152,33554432,8388608,16777216,2097152,8388608,1048576,65536,2.0621514320373535
"1,39,43",WIN,3,34679456.0,two-stone-69-91-child-proof.csv,split-exact-search shrink=2 load=80,100000,WIN,100000,17,99751,0.441428,0.99751,226537.5100809192,0,0,0,1,1,1,1,42,200,1491,5301,15970,25932,28881,17319,4438,412,10,0,0,1490,5300,15969,0,25932,0,28881,0,17319,0,4438,412,10,1048576,4194304,8388608,2097152,16777216,2097152,33554432,8388608,16777216,2097152,8388608,1048576,65536,1.555483341217041
"1,39,44",WIN,3,21518525.0,two-stone-69-91-child-proof.csv,split-exact-search shrink=2 load=80,100000,WIN,100000,17,99819,0.45915,0.99819,217793.74931939453,0,0,0,1,1,1,2,20,152,912,3780,12153,23433,29308,22187,7195,823,32,0,0,911,3779,12152,0,23432,0,29308,0,22187,0,7195,823,32,1048576,4194304,8388608,2097152,16777216,2097152,33554432,8388608,16777216,2097152,8388608,1048576,65536,1.4892373085021973
"1,39,50",WIN,3,45306409.0,two-stone-69-91-child-proof.csv,split-exact-search shrink=2 load=80,100000,WIN,100000,17,99852,0.552823,0.99852,180889.72419743752,0,0,0,1,1,1,1,14,125,755,3208,10283,21545,28832,24109,9835,1266,24,0,0,754,3207,10282,0,21544,0,28831,0,24109,0,9835,1266,24,1048576,4194304,8388608,2097152,16777216,2097152,33554432,8388608,16777216,2097152,8388608,1048576,65536,1.6451404094696045
"1,39,51",WIN,3,33837357.0,two-stone-69-91-child-proof.csv,split-exact-search shrink=2 load=80,100000,WIN,100000,17,99787,0.663949,0.99787,150613.9778808312,0,0,0,1,1,1,4,24,177,1007,4198,12646,24475,29038,21181,6557,673,17,0,0,1006,4197,12645,0,24474,0,29037,0,21181,0,6557,673,17,1048576,4194304,8388608,2097152,16777216,2097152,33554432,8388608,16777216,2097152,8388608,1048576,65536,2.096801519393921
"1,39,52",WIN,3,194807387.0,two-stone-69-91-child-proof.csv,split-exact-search shrink=1 load=85,100000,WIN,100000,18,99741,0.679633,0.99741,147138.23490030647,0,0,0,1,1,1,4,18,220,954,4072,11821,23087,28307,22443,8039,983,40,9,0,953,4071,11820,0,23086,0,28306,0,22443,0,8039,983,40,1048576,4194304,8388608,2097152,16777216,2097152,33554432,8388608,16777216,2097152,8388608,1048576,65536,2.2157247066497803
"1,39,53",WIN,3,67527782.0,two-stone-69-91-child-proof.csv,split-exact-search shrink=2 load=80,100000,WIN,100000,17,99797,0.568695,0.99797,175841.18024600184,0,0,0,1,1,1,2,26,169,1103,4458,13550,24424,28803,20210,6367,833,52,0,0,1102,4457,13549,0,24424,0,28803,0,20210,0,6367,833,52,1048576,4194304,8388608,2097152,16777216,2097152,33554432,8388608,16777216,2097152,8388608,1048576,65536,1.9727776050567627
"1,39,54",WIN,3,62732202.0,two-stone-69-91-child-proof.csv,split-exact-search shrink=2 load=80,100000,WIN,100000,17,99757,0.619361,0.99757,161456.7271752661,0,0,0,1,1,1,1,43,191,1340,4680,15445,25565,30545,17939,3967,276,5,0,0,1339,4679,15444,0,25564,0,30544,0,17939,0,3967,276,5,1048576,4194304,8388608,2097152,16777216,2097152,33554432,8388608,16777216,2097152,8388608,1048576,65536,1.9400699138641357
"1,39,60",WIN,3,32063327.0,two-stone-69-91-child-proof.csv,split-exact-search shrink=2 load=80,100000,WIN,100000,18,99788,0.736933,0.99788,135697.5464526626,0,0,0,1,1,1,3,19,146,963,3888,12086,23251,28792,21882,7662,1156,111,38,0,962,3887,12085,0,23251,0,28792,0,21882,0,7662,1156,111,1048576,4194304,8388608,2097152,16777216,2097152,33554432,8388608,16777216,2097152,8388608,1048576,65536,2.1904709339141846
"1,39,61",WIN,3,175941959.0,two-stone-69-91-child-proof.csv,split-exact-search shrink=1 load=85,100000,WIN,100000,18,99818,0.728326,0.99818,137301.15360429257,0,0,0,1,1,1,3,12,151,763,3564,10399,21921,27877,23773,9855,1589,82,8,0,762,3563,10398,0,21920,0,27876,0,23773,0,9855,1589,82,1048576,4194304,8388608,2097152,16777216,2097152,33554432,8388608,16777216,2097152,8388608,1048576,65536,1.8556129932403564
"1,39,62",WIN,3,18154759.0,two-stone-69-91-child-proof.csv,split-exact-search shrink=2 load=80,100000,WIN,100000,17,99711,0.525591,0.99711,190262.00981371445,0,0,0,1,1,1,1,45,236,1586,5381,15892,25151,28575,17602,5007,513,8,0,0,1585,5380,15891,0,25150,0,28575,0,17602,0,5007,513,8,1048576,4194304,8388608,2097152,16777216,2097152,33554432,8388608,16777216,2097152,8388608,1048576,65536,1.7349159717559814
"1,39,63",WIN,3,16854990.0,two-stone-69-91-child-proof.csv,split-exact-search shrink=2 load=80,100000,WIN,100000,16,99593,0.507244,0.99593,197143.78090228763,0,0,0,1,1,2,3,55,339,1946,6627,18098,27253,28281,14628,2645,121,0,0,0,1945,6626,18097,0,27252,0,28280,0,14627,0,2645,121,0,1048576,4194304,8388608,2097152,16777216,2097152,33554432,8388608,16777216,2097152,8388608,1048576,65536,1.6105730533599854
"1,39,64",WIN,3,57900962.0,two-stone-69-91-child-proof.csv,split-exact-search shrink=2 load=80,100000,WIN,100000,17,99535,0.439131,0.99535,227722.47916908623,0,0,0,1,1,2,2,52,403,2202,7596,19282,27641,26713,13104,2741,249,11,0,0,2201,7595,19281,0,27640,0,26713,0,13104,0,2741,249,11,1048576,4194304,8388608,2097152,16777216,2097152,33554432,8388608,16777216,2097152,8388608,1048576,65536,1.5177381038665771
"1,39,70",WIN,3,358027581.0,two-stone-69-91-child-proof.csv,split-exact-search shrink=0 load=90,100000,WIN,100000,17,99807,0.441187,0.99807,226661.25701799916,0,0,0,1,1,1,1,21,165,1002,4034,13075,24132,29721,21075,6178,578,15,0,0,1001,4033,13074,0,24132,0,29721,0,21075,0,6178,578,15,1048576,4194304,8388608,2097152,16777216,2097152,33554432,8388608,16777216,2097152,8388608,1048576,65536,1.8244576454162598
"1,39,71",WIN,3,32937402.0,two-stone-69-91-child-proof.csv,split-exact-search shrink=2 load=80,100000,WIN,100000,17,99648,0.488429,0.99648,204738.04790460845,0,0,0,1,1,1,5,39,302,1480,5535,14673,25074,27709,18683,5788,688,21,0,0,1479,5534,14672,0,25074,0,27709,0,18683,0,5788,688,21,1048576,4194304,8388608,2097152,16777216,2097152,33554432,8388608,16777216,2097152,8388608,1048576,65536,1.6156961917877197
"1,39,72",WIN,3,125211843.0,two-stone-69-91-child-proof.csv,split-exact-search shrink=2 load=80,100000,WIN,100000,17,99729,0.451845,0.99729,221314.83141342716,0,0,0,1,1,1,2,33,229,1251,4791,14243,24572,28843,19213,5989,791,40,0,0,1250,4790,14242,0,24571,0,28843,0,19213,0,5989,791,40,1048576,4194304,8388608,2097152,16777216,2097152,33554432,8388608,16777216,2097152,8388608,1048576,65536,1.484736680984497
"1,39,73",WIN,3,40458541.0,two-stone-69-91-child-proof.csv,split-exact-search shrink=2 load=80,100000,WIN,100000,16,99570,0.433076,0.9957,230906.35361922617,0,0,0,1,1,1,3,37,382,1845,7143,18263,28226,27527,13862,2601,108,0,0,0,1844,7142,18262,0,28225,0,27526,0,13862,0,2601,108,0,1048576,4194304,8388608,2097152,16777216,2097152,33554432,8388608,16777216,2097152,8388608,1048576,65536,1.4647650718688965
"1,39,74",WIN,3,203045139.0,two-stone-69-91-child-proof.csv,split-exact-search shrink=1 load=85,100000,WIN,100000,17,99771,0.753495,0.99771,132714.88198329118,0,0,0,1,1,1,1,34,186,1317,4746,15089,25714,29935,18368,4297,307,3,0,0,1316,4745,15088,0,25713,0,29934,0,18368,0,4297,307,3,1048576,4194304,8388608,2097152,16777216,2097152,33554432,8388608,16777216,2097152,8388608,1048576,65536,2.1594619750976562
"1,39,81",WIN,3,44252480.0,two-stone-69-91-child-proof.csv,split-exact-search shrink=2 load=80,100000,WIN,100000,17,99626,0.6974,0.99626,143389.73329509606,0,0,0,1,1,2,2,65,299,1883,6271,17862,26885,28643,15015,2892,175,4,0,0,1882,6270,17861,0,26884,0,28643,0,15015,0,2892,175,4,1048576,4194304,8388608,2097152,16777216,2097152,33554432,8388608,16777216,2097152,8388608,1048576,65536,2.183765172958374
"2,8,30",WIN,3,352129890.0,two-stone-69-91-child-proof.csv,split-exact-search shrink=0 load=90,100000,WIN,100000,18,99661,0.598748,0.99661,167015.17165819343,0,0,0,1,1,1,1,42,257,1489,5076,15185,25152,28537,18184,5366,628,49,31,0,1488,5075,15184,0,25151,0,28536,0,18184,0,5366,628,49,1048576,4194304,8388608,2097152,16777216,2097152,33554432,8388608,16777216,2097152,8388608,1048576,65536,2.082793951034546
"3,8,30",WIN,3,22455099.0,two-stone-69-91-child-proof.csv,split-exact-search shrink=2 load=80,100000,WIN,100000,17,99607,0.469309,0.99607,213079.22924981196,0,0,0,1,1,1,2,52,333,1784,5997,16504,25951,28005,16367,4441,536,25,0,0,1783,5996,16503,0,25951,0,28005,0,16367,0,4441,536,25,1048576,4194304,8388608,2097152,16777216,2097152,33554432,8388608,16777216,2097152,8388608,1048576,65536,1.9629936218261719
"3,8,80",WIN,3,24740137.0,two-stone-69-91-child-proof.csv,split-exact-search shrink=2 load=80,100000,WIN,100000,17,99807,0.42645,0.99807,234494.07902450464,0,0,0,1,1,1,1,19,164,903,3634,12147,23450,29784,22431,6809,644,11,0,0,902,3633,12146,0,23449,0,29783,0,22430,0,6809,644,11,1048576,4194304,8388608,2097152,16777216,2097152,33554432,8388608,16777216,2097152,8388608,1048576,65536,1.770303726196289
"3,9,80",WIN,3,244295234.0,two-stone-69-91-child-proof.csv,split-exact-search shrink=0 load=90,100000,WIN,100000,16,99702,0.481877,0.99702,207521.83648524416,0,0,0,1,1,1,1,32,257,1338,5667,16697,28177,29752,15289,2690,97,0,0,0,1337,5666,16696,0,28176,0,29751,0,15289,0,2690,97,0,1048576,4194304,8388608,2097152,16777216,2097152,33554432,8388608,16777216,2097152,8388608,1048576,65536,1.8491735458374023
"3,18,80",WIN,3,60270544.0,two-stone-69-91-child-proof.csv,split-exact-search shrink=2 load=80,100000,WIN,100000,17,99720,0.466442,0.9972,214388.92724068585,0,0,0,1,1,1,1,49,224,1655,5661,17203,26793,29189,15752,3245,220,5,0,0,1654,5660,17202,0,26793,0,29189,0,15752,0,3245,220,5,1048576,4194304,8388608,2097152,16777216,2097152,33554432,8388608,16777216,2097152,8388608,1048576,65536,1.5760996341705322
"3,19,80",WIN,3,52009697.0,two-stone-69-91-child-proof.csv,split-exact-search shrink=2 load=80,100000,WIN,100000,17,99718,0.828444,0.99718,120708.21926406614,0,0,0,1,1,1,2,32,239,1516,5888,16455,26893,28673,16112,3819,354,14,0,0,1515,5887,16454,0,26892,0,28672,0,16111,0,3819,354,14,1048576,4194304,8388608,2097152,16777216,2097152,33554432,8388608,16777216,2097152,8388608,1048576,65536,1.9181411266326904
"3,28,80",WIN,3,36803717.0,two-stone-69-91-child-proof.csv,split-exact-search shrink=2 load=80,100000,WIN,100000,17,99861,0.447422,0.99861,223502.64403627894,0,0,0,1,1,1,2,11,118,744,3145,10729,22269,29349,23715,8725,1147,43,0,0,743,3144,10728,0,22268,0,29348,0,23715,0,8725,1147,43,1048576,4194304,8388608,2097152,16777216,2097152,33554432,8388608,16777216,2097152,8388608,1048576,65536,1.5287423133850098
"3,29,80",WIN,3,87025966.0,two-stone-69-91-child-proof.csv,split-exact-search shrink=2 load=80,100000,WIN,100000,17,99807,0.411513,0.99807,243005.68876317394,0,0,0,1,1,1,1,19,164,903,3634,12147,23450,29784,22431,6809,644,11,0,0,902,3633,12146,0,23449,0,29783,0,22430,0,6809,644,11,1048576,4194304,8388608,2097152,16777216,2097152,33554432,8388608,16777216,2097152,8388608,1048576,65536,1.4294545650482178
"3,38,80",WIN,3,39920149.0,two-stone-69-91-child-proof.csv,split-exact-search shrink=2 load=80,100000,WIN,100000,17,99720,0.485176,0.9972,206110.77217339686,0,0,0,1,1,1,1,31,242,1279,4817,14572,24838,28728,19067,5748,657,17,0,0,1278,4816,14571,0,24838,0,28728,0,19067,0,5748,657,17,1048576,4194304,8388608,2097152,16777216,2097152,33554432,8388608,16777216,2097152,8388608,1048576,65536,1.7239139080047607
"3,39,80",WIN,3,72224478.0,two-stone-69-91-child-proof.csv,split-exact-search shrink=2 load=80,100000,WIN,100000,18,99870,0.515615,0.9987,193943.15526119294,0,0,0,1,1,1,2,11,93,596,2803,9279,20254,28189,24776,11533,2301,143,17,0,595,2802,9278,0,20253,0,28189,0,24776,0,11533,2301,143,1048576,4194304,8388608,2097152,16777216,2097152,33554432,8388608,16777216,2097152,8388608,1048576,65536,1.6703171730041504
"3,48,80",WIN,3,20466671.0,two-stone-69-91-child-proof.csv,split-exact-search shrink=2 load=80,100000,WIN,100000,17,99750,0.493144,0.9975,202780.5265804714,0,0,0,1,1,1,2,40,199,1428,5197,15930,25919,29447,17720,3855,251,9,0,0,1427,5196,15929,0,25918,0,29446,0,17719,0,3855,251,9,1048576,4194304,8388608,2097152,16777216,2097152,33554432,8388608,16777216,2097152,8388608,1048576,65536,1.5997099876403809
"3,49,80",WIN,3,54737269.0,two-stone-69-91-child-proof.csv,split-exact-search shrink=2 load=80,100000,WIN,100000,17,99916,0.44985,0.99916,222296.3209958875,0,0,0,1,1,1,1,9,66,587,2644,9718,21053,29526,24818,10006,1504,65,0,0,586,2643,9717,0,21052,0,29525,0,24818,0,10006,1504,65,1048576,4194304,8388608,2097152,16777216,2097152,33554432,8388608,16777216,2097152,8388608,1048576,65536,1.490903615951538
"3,58,80",WIN,3,42481748.0,two-stone-69-91-child-proof.csv,split-exact-search shrink=2 load=80,100000,WIN,100000,16,99702,0.434469,0.99702,230166.01874932388,0,0,0,1,1,1,1,32,257,1338,5667,16697,28177,29752,15289,2690,97,0,0,0,1337,5666,16696,0,28176,0,29751,0,15289,0,2690,97,0,1048576,4194304,8388608,2097152,16777216,2097152,33554432,8388608,16777216,2097152,8388608,1048576,65536,1.768979549407959
"3,59,80",WIN,3,109752351.0,two-stone-69-91-child-proof.csv,split-exact-search shrink=2 load=80,100000,WIN,100000,18,99714,0.46367,0.99714,215670.62781719756,0,0,0,1,1,1,1,37,233,1364,4869,14411,24322,28460,19372,6140,750,30,8,0,1363,4868,14410,0,24321,0,28460,0,19372,0,6140,750,30,1048576,4194304,8388608,2097152,16777216,2097152,33554432,8388608,16777216,2097152,8388608,1048576,65536,1.8014042377471924
"3,68,80",WIN,3,148060593.0,two-stone-69-91-child-proof.csv,split-exact-search shrink=1 load=85,100000,WIN,100000,17,99775,0.4538,0.99775,220361.39268400177,0,0,0,1,1,1,1,29,186,1116,4015,13031,23479,29050,21253,7038,782,17,0,0,1115,4014,13030,0,23478,0,29049,0,21252,0,7038,782,17,1048576,4194304,8388608,2097152,16777216,2097152,33554432,8388608,16777216,2097152,8388608,1048576,65536,1.5571579933166504
"3,69,80",WIN,3,126339560.0,two-stone-69-91-child-proof.csv,split-exact-search shrink=2 load=80,100000,WIN,100000,17,99778,0.455402,0.99778,219586.21174259228,0,0,0,1,1,1,1,40,173,1466,5152,16651,27002,30185,16018,3136,172,1,0,0,1465,5151,16650,0,27001,0,30184,0,16018,0,3136,172,1,1048576,4194304,8388608,2097152,16777216,2097152,33554432,8388608,16777216,2097152,8388608,1048576,65536,1.437718391418457
"3,78,80",WIN,3,35343937.0,two-stone-69-91-child-proof.csv,split-exact-search shrink=2 load=80,100000,WIN,100000,16,99702,0.437826,0.99702,228401.23702109972,0,0,0,1,1,1,1,32,257,1338,5667,16697,28177,29752,15289,2690,97,0,0,0,1337,5666,16696,0,28176,0,29751,0,15289,0,2690,97,0,1048576,4194304,8388608,2097152,16777216,2097152,33554432,8388608,16777216,2097152,8388608,1048576,65536,1.493839979171753
"3,79,80",WIN,3,194775124.0,two-stone-69-91-child-proof.csv,split-exact-search shrink=1 load=85,100000,WIN,100000,17,99768,0.42943,0.99768,232866.82346366113,0,0,0,1,1,1,1,28,196,1094,4247,13503,24517,29568,20188,5984,655,16,0,0,1093,4246,13502,0,24516,0,29568,0,20188,0,5984,655,16,1048576,4194304,8388608,2097152,16777216,2097152,33554432,8388608,16777216,2097152,8388608,1048576,65536,1.6420471668243408
"3,80,89",WIN,3,19225614.0,two-stone-69-91-child-proof.csv,split-exact-search shrink=2 load=80,100000,WIN,100000,16,99554,0.414613,0.99554,241188.77121556728,0,0,0,1,1,2,2,55,379,2041,7019,19099,28226,28001,12965,2115,94,0,0,0,2040,7018,19098,0,28225,0,28000,0,12964,0,2115,94,0,1048576,4194304,8388608,2097152,16777216,2097152,33554432,8388608,16777216,2097152,8388608,1048576,65536,1.5484700202941895
"4,8,30",WIN,3,22193110.0,two-stone-69-91-child-proof.csv,split-exact-search shrink=2 load=80,100000,WIN,100000,17,99607,0.485757,0.99607,205864.24899692644,0,0,0,1,1,1,2,52,333,1784,5997,16504,25951,28005,16367,4441,536,25,0,0,1783,5996,16503,0,25951,0,28005,0,16367,0,4441,536,25,1048576,4194304,8388608,2097152,16777216,2097152,33554432,8388608,16777216,2097152,8388608,1048576,65536,1.5936965942382812
"5,8,30",WIN,3,516334994.0,two-stone-69-91-child-proof.csv,split-exact-search shrink=0 load=90,100000,WIN,100000,17,99667,0.528419,0.99667,189243.762998681,0,0,0,1,1,2,2,45,277,1549,5439,16035,26140,28655,17483,4111,259,1,0,0,1548,5438,16034,0,26139,0,28654,0,17483,0,4111,259,1,1048576,4194304,8388608,2097152,16777216,2097152,33554432,8388608,16777216,2097152,8388608,1048576,65536,1.652787208557129
"6,8,30",WIN,3,178086561.0,two-stone-69-91-child-proof.csv,split-exact-search shrink=1 load=85,100000,WIN,100000,17,99780,0.509416,0.9978,196303.21780234622,0,0,0,1,1,1,1,41,171,1216,4185,13506,23673,29378,20772,6310,713,31,0,0,1215,4184,13505,0,23672,0,29378,0,20772,0,6310,713,31,1048576,4194304,8388608,2097152,16777216,2097152,33554432,8388608,16777216,2097152,8388608,1048576,65536,1.866896629333496
"8,9,30",WIN,3,379052148.0,two-stone-69-91-child-proof.csv,split-exact-search shrink=0 load=90,100000,WIN,100000,17,99826,0.434723,0.99826,230031.5373237671,0,0,0,1,1,1,2,15,147,758,3502,11226,22957,29091,22847,8353,1060,39,0,0,757,3501,11225,0,22956,0,29090,0,22846,0,8352,1060,39,1048576,4194304,8388608,2097152,16777216,2097152,33554432,8388608,16777216,2097152,8388608,1048576,65536,1.777350902557373
"8,10,30",WIN,3,389304153.0,two-stone-69-91-child-proof.csv,split-exact-search shrink=0 load=90,100000,WIN,100000,17,99807,0.515668,0.99807,193923.22191797823,0,0,0,1,1,1,1,19,164,903,3634,12147,23450,29784,22431,6809,644,11,0,0,902,3633,12146,0,23449,0,29783,0,22430,0,6809,644,11,1048576,4194304,8388608,2097152,16777216,2097152,33554432,8388608,16777216,2097152,8388608,1048576,65536,1.9897410869598389
"8,11,30",WIN,3,23344463.0,two-stone-69-91-child-proof.csv,split-exact-search shrink=2 load=80,100000,WIN,100000,17,99730,0.456281,0.9973,219163.19110372776,0,0,0,1,1,1,1,31,229,1318,4694,14536,25184,29774,19277,4646,303,4,0,0,1317,4693,14535,0,25183,0,29773,0,19276,0,4646,303,4,1048576,4194304,8388608,2097152,16777216,2097152,33554432,8388608,16777216,2097152,8388608,1048576,65536,1.6874604225158691
"8,12,30",WIN,3,58698106.0,two-stone-69-91-child-proof.csv,split-exact-search shrink=2 load=80,100000,WIN,100000,17,99408,0.453515,0.99408,220499.87321257291,0,0,0,1,1,1,2,52,531,2151,7880,18930,27944,26553,12900,2790,256,8,0,0,2150,7879,18929,0,27943,0,26553,0,12900,0,2790,256,8,1048576,4194304,8388608,2097152,16777216,2097152,33554432,8388608,16777216,2097152,8388608,1048576,65536,1.4457154273986816
"8,13,30",WIN,3,120505655.0,two-stone-69-91-child-proof.csv,split-exact-search shrink=2 load=80,100000,WIN,100000,18,99782,0.53305,0.99782,187599.6623206078,0,0,0,1,1,1,2,31,169,1130,4252,13791,24525,29955,19940,5609,563,22,8,0,1129,4251,13790,0,24524,0,29954,0,19940,0,5609,563,22,1048576,4194304,8388608,2097152,16777216,2097152,33554432,8388608,16777216,2097152,8388608,1048576,65536,1.6698107719421387
"8,14,30",WIN,3,75068432.0,two-stone-69-91-child-proof.csv,split-exact-search shrink=2 load=80,100000,WIN,100000,17,99887,0.525308,0.99887,190364.50996367846,0,0,0,1,1,1,1,20,84,820,3111,11826,22880,30762,22995,6877,613,8,0,0,819,3110,11825,0,22879,0,30761,0,22995,0,6877,613,8,1048576,4194304,8388608,2097152,16777216,2097152,33554432,8388608,16777216,2097152,8388608,1048576,65536,1.626589298248291
"8,15,30",WIN,3,102486523.0,two-stone-69-91-child-proof.csv,split-exact-search shrink=2 load=80,100000,WIN,100000,16,99324,0.499175,0.99324,200330.54539990987,0,0,0,1,1,2,6,84,581,2549,8787,20823,28988,26167,10530,1438,43,0,0,0,2548,8787,20823,0,28988,0,26167,0,10530,0,1438,43,0,1048576,4194304,8388608,2097152,16777216,2097152,33554432,8388608,16777216,2097152,8388608,1048576,65536,1.8541741371154785
"8,16,30",WIN,3,16908878.0,two-stone-69-91-child-proof.csv,split-exact-search shrink=2 load=80,100000,WIN,100000,17,99463,0.462759,0.99463,216095.20290259077,0,0,0,1,1,2,2,74,452,2541,8440,20751,28618,26084,11081,1818,130,5,0,0,2540,8439,20750,0,28617,0,26083,0,11081,0,1818,130,5,1048576,4194304,8388608,2097152,16777216,2097152,33554432,8388608,16777216,2097152,8388608,1048576,65536,1.684889554977417
"8,18,30",WIN,3,97498284.0,two-stone-69-91-child-proof.csv,split-exact-search shrink=2 load=80,100000,WIN,100000,17,99636,0.44818,0.99636,223124.63742246418,0,0,0,1,1,1,3,42,312,1439,5365,15486,25726,28528,17798,4842,447,9,0,0,1438,5364,15485,0,25725,0,28528,0,17798,0,4842,447,9,1048576,4194304,8388608,2097152,16777216,2097152,33554432,8388608,16777216,2097152,8388608,1048576,65536,1.5146598815917969
"8,19,30",WIN,3,26221342.0,two-stone-69-91-child-proof.csv,split-exact-search shrink=2 load=80,100000,WIN,100000,18,99779,0.464204,0.99779,215422.52974985135,0,0,0,1,1,1,2,29,175,1028,4110,12674,23810,28972,21222,7030,894,44,7,0,1027,4109,12673,0,23809,0,28971,0,21222,0,7030,894,44,1048576,4194304,8388608,2097152,16777216,2097152,33554432,8388608,16777216,2097152,8388608,1048576,65536,1.5023648738861084
"8,20,30",WIN,3,127733631.0,two-stone-69-91-child-proof.csv,split-exact-search shrink=2 load=80,100000,WIN,100000,17,99741,0.45396,0.99741,220283.72543836464,0,0,0,1,1,1,2,28,223,1196,4561,14060,25009,29153,19558,5668,530,9,0,0,1195,4560,14059,0,25009,0,29153,0,19558,0,5668,530,9,1048576,4194304,8388608,2097152,16777216,2097152,33554432,8388608,16777216,2097152,8388608,1048576,65536,2.149761915206909
"8,21,30",WIN,3,31227013.0,two-stone-69-91-child-proof.csv,split-exact-search shrink=2 load=80,100000,WIN,100000,17,99840,0.43252,0.9984,231203.18135577545,0,0,0,1,1,1,1,33,120,1172,4045,14811,25538,31164,18818,4072,222,1,0,0,1171,4044,14810,0,25538,0,31164,0,18818,0,4072,222,1,1048576,4194304,8388608,2097152,16777216,2097152,33554432,8388608,16777216,2097152,8388608,1048576,65536,1.708761215209961
"8,22,30",WIN,3,16692741.0,two-stone-69-91-child-proof.csv,split-exact-search shrink=2 load=80,100000,WIN,100000,17,99675,0.457996,0.99675,218342.51827526878,0,0,0,1,1,1,2,48,268,1531,5398,15676,25709,28784,17867,4371,338,5,0,0,1530,5397,15675,0,25708,0,28784,0,17867,0,4371,338,5,1048576,4194304,8388608,2097152,16777216,2097152,33554432,8388608,16777216,2097152,8388608,1048576,65536,1.698606014251709
"8,23,30",WIN,3,95392584.0,two-stone-69-91-child-proof.csv,split-exact-search shrink=2 load=80,100000,WIN,100000,17,99715,0.457556,0.99715,218552.48319331402,0,0,0,1,1,1,1,31,246,1259,4689,13726,23830,27987,19911,7187,1079,51,0,0,1258,4688,13725,0,23829,0,27987,0,19911,0,7187,1079,51,1048576,4194304,8388608,2097152,16777216,2097152,33554432,8388608,16777216,2097152,8388608,1048576,65536,1.5689914226531982
"8,24,30",WIN,3,57537250.0,two-stone-69-91-child-proof.csv,split-exact-search shrink=2 load=80,100000,WIN,100000,17,99821,0.483492,0.99821,206828.6548691602,0,0,0,1,1,1,2,20,149,916,3797,11728,23042,28803,22503,8019,983,35,0,0,915,3796,11727,0,23041,0,28802,0,22503,0,8019,983,35,1048576,4194304,8388608,2097152,16777216,2097152,33554432,8388608,16777216,2097152,8388608,1048576,65536,1.605034589767456
"8,25,30",WIN,3,22634338.0,two-stone-69-91-child-proof.csv,split-exact-search shrink=2 load=80,100000,WIN,100000,17,99529,0.488874,0.99529,204551.68407401498,0,0,0,1,1,1,2,68,392,2002,6708,17759,26882,27711,15110,3174,186,3,0,0,2001,6707,17758,0,26881,0,27710,0,15109,0,3174,186,3,1048576,4194304,8388608,2097152,16777216,2097152,33554432,8388608,16777216,2097152,8388608,1048576,65536,1.739023208618164
"8,26,30",WIN,3,19030287.0,two-stone-69-91-child-proof.csv,split-exact-search shrink=2 load=80,100000,WIN,100000,18,99848,0.482161,0.99848,207399.60303715977,0,0,0,1,1,1,4,6,127,482,2761,8033,19565,27246,26111,13089,2444,122,7,0,481,2760,8032,0,19564,0,27245,0,26111,0,13089,2444,122,1048576,4194304,8388608,2097152,16777216,2097152,33554432,8388608,16777216,2097152,8388608,1048576,65536,1.5744242668151855
"8,27,30",WIN,3,26167315.0,two-stone-69-91-child-proof.csv,split-exact-search shrink=2 load=80,100000,WIN,100000,17,99833,0.3264,0.99833,306372.54901960783,0,0,0,1,1,1,2,14,144,872,3579,11587,22871,29178,22932,7938,860,20,0,0,871,3578,11586,0,22870,0,29178,0,22932,0,7938,860,20,1048576,4194304,8388608,2097152,16777216,2097152,33554432,8388608,16777216,2097152,8388608,1048576,65536,1.023874044418335
"8,28,30",WIN,3,121981106.0,two-stone-69-91-child-proof.csv,split-exact-search shrink=2 load=80,100000,WIN,100000,17,99745,0.427053,0.99745,234162.9727457716,0,0,0,1,1,1,2,40,207,1445,4924,15062,25249,29334,18639,4708,377,10,0,0,1444,4923,15061,0,25249,0,29334,0,18639,0,4708,377,10,1048576,4194304,8388608,2097152,16777216,2097152,33554432,8388608,16777216,2097152,8388608,1048576,65536,1.2895328998565674
"8,29,30",WIN,3,129937827.0,two-stone-69-91-child-proof.csv,split-exact-search shrink=1 load=85,100000,WIN,100000,17,99787,0.470339,0.99787,212612.6049508971,0,0,0,1,1,1,1,36,170,1227,4386,14206,24932,30162,19389,5052,423,13,0,0,1226,4385,14205,0,24932,0,30162,0,19389,0,5052,423,13,1048576,4194304,8388608,2097152,16777216,2097152,33554432,8388608,16777216,2097152,8388608,1048576,65536,1.7117536067962646
"8,30,31",WIN,3,11561798.0,two-stone-69-91-child-proof.csv,split-exact-search shrink=2 load=80,100000,WIN,100000,17,99667,0.435916,0.99667,229401.99487974745,0,0,0,1,1,2,2,62,261,1834,5970,17498,26244,28531,15846,3494,251,3,0,0,1833,5969,17497,0,26243,0,28531,0,15846,0,3494,251,3,1048576,4194304,8388608,2097152,16777216,2097152,33554432,8388608,16777216,2097152,8388608,1048576,65536,1.4365863800048828
"8,30,32",WIN,3,17796724.0,two-stone-69-91-child-proof.csv,split-exact-search shrink=2 load=80,100000,WIN,100000,17,99780,0.425855,0.9978,234821.71161545598,0,0,0,1,1,1,2,37,173,1217,4412,14148,24931,29626,19582,5386,475,8,0,0,1216,4411,14147,0,24930,0,29625,0,19582,0,5386,475,8,1048576,4194304,8388608,2097152,16777216,2097152,33554432,8388608,16777216,2097152,8388608,1048576,65536,1.4029943943023682
"8,30,33",WIN,3,14321990.0,two-stone-69-91-child-proof.csv,split-exact-search shrink=2 load=80,100000,WIN,100000,17,99525,0.400267,0.99525,249833.2363147599,0,0,0,1,1,2,2,71,397,2118,7011,18819,27612,27650,13493,2607,208,8,0,0,2117,7011,18819,0,27612,0,27650,0,13493,0,2607,208,8,1048576,4194304,8388608,2097152,16777216,2097152,33554432,8388608,16777216,2097152,8388608,1048576,65536,1.4960620403289795
"8,30,34",WIN,3,15466534.0,two-stone-69-91-child-proof.csv,split-exact-search shrink=2 load=80,100000,WIN,100000,17,99747,0.463773,0.99747,215622.72922313286,0,0,0,1,1,1,2,33,210,1247,4796,14091,24787,28896,19459,5832,626,18,0,0,1246,4795,14090,0,24786,0,28895,0,19459,0,5832,626,18,1048576,4194304,8388608,2097152,16777216,2097152,33554432,8388608,16777216,2097152,8388608,1048576,65536,1.5507712364196777
"8,30,35",WIN,3,15603149.0,two-stone-69-91-child-proof.csv,split-exact-search shrink=2 load=80,100000,WIN,100000,17,99469,0.425146,0.99469,235213.314955333,0,0,0,1,1,2,3,53,467,1931,6970,17207,26649,26825,15376,4111,395,9,0,0,1930,6969,17206,0,26648,0,26825,0,15376,0,4111,395,9,1048576,4194304,8388608,2097152,16777216,2097152,33554432,8388608,16777216,2097152,8388608,1048576,65536,1.4708821773529053
"8,30,36",WIN,3,11386731.0,two-stone-69-91-child-proof.csv,split-exact-search shrink=2 load=80,100000,WIN,100000,17,99618,0.423466,0.99618,236146.4674849929,0,0,0,1,1,1,2,49,324,1708,5639,16340,26232,28613,16747,4021,313,9,0,0,1707,5638,16339,0,26231,0,28613,0,16747,0,4021,313,9,1048576,4194304,8388608,2097152,16777216,2097152,33554432,8388608,16777216,2097152,8388608,1048576,65536,1.3502674102783203
"8,30,37",WIN,3,19980229.0,two-stone-69-91-child-proof.csv,split-exact-search shrink=2 load=80,100000,WIN,100000,17,99597,0.408089,0.99597,245044.58586239768,0,0,0,1,1,2,2,58,334,1857,6293,17456,26649,28117,15441,3526,260,3,0,0,1856,6292,17455,0,26648,0,28116,0,15441,0,3526,260,3,1048576,4194304,8388608,2097152,16777216,2097152,33554432,8388608,16777216,2097152,8388608,1048576,65536,1.4253737926483154
"8,30,38",WIN,3,16410465.0,two-stone-69-91-child-proof.csv,split-exact-search shrink=2 load=80,100000,WIN,100000,17,99633,0.416148,0.99633,240299.12434999086,0,0,0,1,1,2,2,63,296,1870,5925,17439,26319,28358,15860,3578,280,6,0,0,1869,5924,17439,0,26319,0,28358,0,15860,0,3578,280,6,1048576,4194304,8388608,2097152,16777216,2097152,33554432,8388608,16777216,2097152,8388608,1048576,65536,1.3988940715789795
"8,30,40",WIN,3,51750201.0,two-stone-69-91-child-proof.csv,split-exact-search shrink=2 load=80,100000,WIN,100000,17,99730,0.495056,0.9973,201997.3497947707,0,0,0,1,1,1,1,31,229,1318,4694,14536,25184,29774,19277,4646,303,4,0,0,1317,4693,14535,0,25183,0,29773,0,19276,0,4646,303,4,1048576,4194304,8388608,2097152,16777216,2097152,33554432,8388608,16777216,2097152,8388608,1048576,65536,1.5051915645599365
"8,30,41",WIN,3,40965734.0,two-stone-69-91-child-proof.csv,split-exact-search shrink=2 load=80,100000,WIN,100000,17,99855,0.429256,0.99855,232961.21661665765,0,0,0,1,1,1,1,17,119,747,3149,10962,22300,29684,23831,8318,854,15,0,0,746,3148,10961,0,22299,0,29683,0,23831,0,8318,854,15,1048576,4194304,8388608,2097152,16777216,2097152,33554432,8388608,16777216,2097152,8388608,1048576,65536,1.6089603900909424
"8,30,42",WIN,3,239542464.0,two-stone-69-91-child-proof.csv,split-exact-search shrink=1 load=85,100000,WIN,100000,17,99885,0.419664,0.99885,238285.86678866905,0,0,0,1,1,1,1,8,100,652,3169,10873,23302,29887,23230,7780,948,47,0,0,651,3168,10872,0,23302,0,29887,0,23230,0,7780,948,47,1048576,4194304,8388608,2097152,16777216,2097152,33554432,8388608,16777216,2097152,8388608,1048576,65536,1.414752721786499
"8,30,43",WIN,3,72469009.0,two-stone-69-91-child-proof.csv,split-exact-search shrink=2 load=80,100000,WIN,100000,17,99868,0.501266,0.99868,199494.87896645695,0,0,0,1,1,1,2,11,111,693,3133,10851,22346,29581,24045,8333,868,23,0,0,692,3132,10850,0,22345,0,29580,0,24045,0,8333,868,23,1048576,4194304,8388608,2097152,16777216,2097152,33554432,8388608,16777216,2097152,8388608,1048576,65536,1.5098519325256348
"8,30,44",WIN,3,18901187.0,two-stone-69-91-child-proof.csv,split-exact-search shrink=2 load=80,100000,WIN,100000,17,99797,0.455537,0.99797,219521.13659263682,0,0,0,1,1,1,2,15,177,946,4028,12416,24104,29330,21805,6580,585,9,0,0,945,4027,12415,0,24103,0,29329,0,21804,0,6580,585,9,1048576,4194304,8388608,2097152,16777216,2097152,33554432,8388608,16777216,2097152,8388608,1048576,65536,1.6213469505310059
"8,30,50",WIN,3,66159663.0,two-stone-69-91-child-proof.csv,split-exact-search shrink=2 load=80,100000,WIN,100000,17,99801,0.425717,0.99801,234897.83118832464,0,0,0,1,1,1,3,21,168,1055,4294,13681,24801,29812,20022,5617,517,6,0,0,1054,4293,13680,0,24800,0,29812,0,20022,0,5617,517,6,1048576,4194304,8388608,2097152,16777216,2097152,33554432,8388608,16777216,2097152,8388608,1048576,65536,1.431774616241455
"8,30,51",WIN,3,48895527.0,two-stone-69-91-child-proof.csv,split-exact-search shrink=2 load=80,100000,WIN,100000,17,99779,0.420844,0.99779,237617.73958996683,0,0,0,1,1,1,2,28,184,1135,4448,14021,25283,30044,19539,4952,357,4,0,0,1134,4447,14020,0,25282,0,30044,0,19539,0,4952,357,4,1048576,4194304,8388608,2097152,16777216,2097152,33554432,8388608,16777216,2097152,8388608,1048576,65536,1.3982648849487305
"8,30,52",WIN,3,196569299.0,two-stone-69-91-child-proof.csv,split-exact-search shrink=1 load=85,100000,WIN,100000,17,99709,0.408331,0.99709,244899.35860857982,0,0,0,1,1,1,1,46,237,1656,5493,16656,26197,28556,16857,3998,298,2,0,0,1655,5492,16655,0,26196,0,28556,0,16857,0,3998,298,2,1048576,4194304,8388608,2097152,16777216,2097152,33554432,8388608,16777216,2097152,8388608,1048576,65536,1.5124776363372803
"8,30,53",WIN,3,10764998.0,two-stone-69-91-child-proof.csv,split-exact-search shrink=2 load=80,100000,WIN,100000,17,99607,0.427374,0.99607,233987.09327193513,0,0,0,1,1,1,2,52,333,1784,5997,16504,25951,28005,16367,4441,536,25,0,0,1783,5996,16503,0,25951,0,28005,0,16367,0,4441,536,25,1048576,4194304,8388608,2097152,16777216,2097152,33554432,8388608,16777216,2097152,8388608,1048576,65536,1.391388177871704
"8,30,54",WIN,3,243843900.0,two-stone-69-91-child-proof.csv,split-exact-search shrink=1 load=85,100000,WIN,100000,17,99769,0.407417,0.99769,245448.76625177645,0,0,0,1,1,1,1,35,188,1296,4872,15981,26896,30557,16817,3199,153,2,0,0,1295,4871,15980,0,26895,0,30557,0,16817,0,3199,153,2,1048576,4194304,8388608,2097152,16777216,2097152,33554432,8388608,16777216,2097152,8388608,1048576,65536,1.364487886428833
"8,30,60",WIN,3,19949818.0,two-stone-69-91-child-proof.csv,split-exact-search shrink=2 load=80,100000,WIN,100000,17,99837,0.417869,0.99837,239309.44865496125,0,0,0,1,1,1,2,20,131,823,3353,11106,22586,29539,23350,8133,931,23,0,0,822,3352,11105,0,22585,0,29538,0,23349,0,8132,931,23,1048576,4194304,8388608,2097152,16777216,2097152,33554432,8388608,16777216,2097152,8388608,1048576,65536,1.5152323246002197
"8,30,61",WIN,3,25667870.0,two-stone-69-91-child-proof.csv,split-exact-search shrink=2 load=80,100000,WIN,100000,17,99822,0.430906,0.99822,232069.17517973756,0,0,0,1,1,1,2,19,149,958,3731,12389,23547,29560,22084,6940,613,5,0,0,957,3730,12388,0,23546,0,29559,0,22084,0,6940,613,5,1048576,4194304,8388608,2097152,16777216,2097152,33554432,8388608,16777216,2097152,8388608,1048576,65536,1.4236881732940674
"8,30,62",WIN,3,23527283.0,two-stone-69-91-child-proof.csv,split-exact-search shrink=2 load=80,100000,WIN,100000,17,99565,0.390231,0.99565,256258.47254574855,0,0,0,1,1,2,2,59,365,1902,6084,16756,25971,27802,16603,4115,326,11,0,0,1901,6083,16755,0,25970,0,27801,0,16603,0,4115,326,11,1048576,4194304,8388608,2097152,16777216,2097152,33554432,8388608,16777216,2097152,8388608,1048576,65536,1.3441245555877686
"8,30,63",WIN,3,46674013.0,two-stone-69-91-child-proof.csv,split-exact-search shrink=2 load=80,100000,WIN,100000,17,99796,0.40019,0.99796,249881.30637946975,0,0,0,1,1,1,2,22,175,1093,4191,13427,24971,29904,20546,5309,355,2,0,0,1092,4190,13427,0,24971,0,29904,0,20546,0,5309,355,2,1048576,4194304,8388608,2097152,16777216,2097152,33554432,8388608,16777216,2097152,8388608,1048576,65536,1.4032819271087646
"8,30,64",WIN,3,30590089.0,two-stone-69-91-child-proof.csv,split-exact-search shrink=2 load=80,100000,WIN,100000,17,99741,0.420668,0.99741,237717.15462074606,0,0,0,1,1,1,2,20,229,1196,5077,13980,25040,28295,19239,6217,689,13,0,0,1195,5076,13979,0,25039,0,28294,0,19239,0,6217,689,13,1048576,4194304,8388608,2097152,16777216,2097152,33554432,8388608,16777216,2097152,8388608,1048576,65536,1.4799983501434326
"8,30,70",WIN,3,127310522.0,two-stone-69-91-child-proof.csv,split-exact-search shrink=2 load=80,100000,WIN,100000,17,99773,0.416081,0.99773,240337.81883815894,0,0,0,1,1,1,1,32,186,1187,4741,15125,25943,29602,18167,4623,385,5,0,0,1186,4740,15124,0,25942,0,29601,0,18167,0,4623,385,5,1048576,4194304,8388608,2097152,16777216,2097152,33554432,8388608,16777216,2097152,8388608,1048576,65536,1.4205143451690674
"8,30,71",WIN,3,29985541.0,two-stone-69-91-child-proof.csv,split-exact-search shrink=2 load=80,100000,WIN,100000,18,99691,0.411561,0.99691,242977.3472219185,0,0,0,1,1,2,2,52,238,1601,5243,15542,25106,28542,17891,5163,580,28,8,0,1600,5242,15541,0,25105,0,28541,0,17891,0,5163,580,28,1048576,4194304,8388608,2097152,16777216,2097152,33554432,8388608,16777216,2097152,8388608,1048576,65536,1.3497085571289062
"8,30,72",WIN,3,518980323.0,two-stone-69-91-child-proof.csv,split-exact-search shrink=0 load=90,100000,WIN,100000,17,99520,0.416822,0.9952,239910.5613427314,0,0,0,1,1,2,4,59,409,2226,7453,18721,27378,26869,13949,2774,153,1,0,0,2225,7452,18720,0,27377,0,26869,0,13949,0,2774,153,1,1048576,4194304,8388608,2097152,16777216,2097152,33554432,8388608,16777216,2097152,8388608,1048576,65536,1.618267297744751
"8,30,73",WIN,3,12873311.0,two-stone-69-91-child-proof.csv,split-exact-search shrink=2 load=80,100000,WIN,100000,17,99732,0.427281,0.99732,234038.0218170244,0,0,0,1,1,1,3,26,230,1242,4810,14066,25001,29025,19477,5529,573,15,0,0,1241,4809,14065,0,25000,0,29024,0,19476,0,5529,573,15,1048576,4194304,8388608,2097152,16777216,2097152,33554432,8388608,16777216,2097152,8388608,1048576,65536,1.4944016933441162
"8,30,74",WIN,3,16149821.0,two-stone-69-91-child-proof.csv,split-exact-search shrink=2 load=80,100000,WIN,100000,16,99421,0.375894,0.99421,266032.4453170309,0,0,0,1,1,2,5,76,490,2429,7948,19401,27798,26498,12930,2332,89,0,0,0,2428,7947,19400,0,27797,0,26498,0,12930,0,2332,89,0,1048576,4194304,8388608,2097152,16777216,2097152,33554432,8388608,16777216,2097152,8388608,1048576,65536,1.3887946605682373
"23,31,36",WIN,3,5222081.0,two-stone-61-66-child-proof.csv,EXACT_3_STONE_SEARCH,100000,WIN,100000,17,99331,0.385076,0.99331,259688.99645784212,0,0,0,1,1,2,5,94,561,2715,8582,20459,27708,26146,11632,1971,122,1,0,0,2714,8581,20458,0,27707,0,26145,0,11632,0,1971,122,1,1048576,4194304,8388608,2097152,16777216,2097152,33554432,8388608,16777216,2097152,8388608,1048576,65536,1.4898786544799805
"24,31,36",WIN,3,5467450.0,two-stone-61-66-child-proof.csv,EXACT_3_STONE_SEARCH,100000,WIN,100000,17,99405,0.398571,0.99405,250896.32712866715,0,0,0,1,1,1,5,91,493,2309,7568,19455,27899,27694,12479,1911,92,1,0,0,2308,7567,19454,0,27899,0,27694,0,12479,0,1911,92,1,1048576,4194304,8388608,2097152,16777216,2097152,33554432,8388608,16777216,2097152,8388608,1048576,65536,1.5829050540924072
"31,36,50",WIN,3,7624254.0,two-stone-61-66-child-proof.csv,EXACT_3_STONE_SEARCH,100000,WIN,100000,17,99530,0.41168,0.9953,242907.11232024874,0,0,0,1,1,1,3,54,406,1946,6694,17929,26929,27486,15007,3319,220,4,0,0,1945,6693,17928,0,26928,0,27486,0,15007,0,3319,220,4,1048576,4194304,8388608,2097152,16777216,2097152,33554432,8388608,16777216,2097152,8388608,1048576,65536,1.3365504741668701
"33,38,52",WIN,3,11894638.0,two-stone-61-66-child-proof.csv,EXACT_3_STONE_SEARCH,100000,WIN,100000,17,99568,0.412074,0.99568,242674.859369919,0,0,0,1,1,2,5,54,366,1796,6070,16283,25944,27895,17077,4187,313,6,0,0,1795,6069,16282,0,25944,0,27895,0,17077,0,4187,313,6,1048576,4194304,8388608,2097152,16777216,2097152,33554432,8388608,16777216,2097152,8388608,1048576,65536,1.3426332473754883
"31,36,60",WIN,3,9966001.0,two-stone-61-66-child-proof.csv,EXACT_3_STONE_SEARCH,100000,WIN,100000,17,99572,0.420988,0.99572,237536.4618468935,0,0,0,1,1,1,2,53,366,1696,5840,16369,26422,28094,16716,4091,339,9,0,0,1695,5839,16368,0,26421,0,28094,0,16716,0,4091,339,9,1048576,4194304,8388608,2097152,16777216,2097152,33554432,8388608,16777216,2097152,8388608,1048576,65536,1.4616656303405762
"33,38,62",WIN,3,5096474.0,two-stone-61-66-child-proof.csv,EXACT_3_STONE_SEARCH,100000,WIN,100000,17,99631,0.444928,0.99631,224755.4660529344,0,0,0,1,1,1,3,61,299,1516,5060,14714,25020,28146,19055,5655,465,3,0,0,1515,5059,14713,0,25020,0,28146,0,19055,0,5655,465,3,1048576,4194304,8388608,2097152,16777216,2097152,33554432,8388608,16777216,2097152,8388608,1048576,65536,1.404153823852539
"13,18,63",WIN,3,4274608.0,two-stone-61-66-child-proof.csv,EXACT_3_STONE_SEARCH,100000,WIN,100000,17,99311,0.443181,0.99311,225641.44220984203,0,0,0,1,1,2,8,93,579,2487,7883,18857,27024,25770,13767,3215,303,10,0,0,2486,7882,18856,0,27023,0,25769,0,13767,0,3215,303,10,1048576,4194304,8388608,2097152,16777216,2097152,33554432,8388608,16777216,2097152,8388608,1048576,65536,1.370800256729126
"13,39,63",WIN,3,5728213.0,two-stone-61-66-child-proof.csv,EXACT_3_STONE_SEARCH,100000,WIN,100000,17,99230,0.466108,0.9923,214542.552369837,0,0,0,1,1,2,5,101,654,2761,8769,20317,27816,25098,11901,2377,190,7,0,0,2760,8768,20316,0,27815,0,25097,0,11900,0,2377,190,7,1048576,4194304,8388608,2097152,16777216,2097152,33554432,8388608,16777216,2097152,8388608,1048576,65536,1.51615571975708
"13,49,63",WIN,3,6983809.0,two-stone-61-66-child-proof.csv,EXACT_3_STONE_SEARCH,100000,WIN,100000,16,99063,0.395796,0.99063,252655.40834167096,0,0,0,1,1,2,10,98,819,2943,9905,20858,28287,24241,10809,1933,93,0,0,0,2942,9904,20857,0,28286,0,24240,0,10808,0,1933,93,0,1048576,4194304,8388608,2097152,16777216,2097152,33554432,8388608,16777216,2097152,8388608,1048576,65536,1.4358525276184082
"16,61,66",WIN,3,4530172.0,two-stone-61-66-child-proof.csv,EXACT_3_STONE_SEARCH,100000,WIN,100000,16,98139,0.357506,0.98139,279715.58519297576,0,0,0,1,1,1,32,160,1662,4241,13770,24301,29035,20239,5985,558,14,0,0,0,4240,13769,24300,0,29034,0,20239,0,5985,0,558,14,0,1048576,4194304,8388608,2097152,16777216,2097152,33554432,8388608,16777216,2097152,8388608,1048576,65536,1.3349144458770752
"30,31,36",WIN,3,5071133.0,two-stone-61-66-child-proof.csv,EXACT_3_STONE_SEARCH,100000,WIN,100000,17,99590,0.402831,0.9959,248243.0597446572,0,0,0,1,1,2,4,47,350,1705,5877,16622,26639,28324,16412,3745,264,7,0,0,1704,5876,16621,0,26638,0,28323,0,16412,0,3745,264,7,1048576,4194304,8388608,2097152,16777216,2097152,33554432,8388608,16777216,2097152,8388608,1048576,65536,1.4636807441711426
"31,32,36",WIN,3,5222081.0,two-stone-61-66-child-proof.csv,EXACT_3_STONE_SEARCH,100000,WIN,100000,17,99331,0.396755,0.99331,252044.71273203864,0,0,0,1,1,2,5,94,561,2715,8582,20459,27708,26146,11632,1971,122,1,0,0,2714,8581,20458,0,27707,0,26145,0,11632,0,1971,122,1,1048576,4194304,8388608,2097152,16777216,2097152,33554432,8388608,16777216,2097152,8388608,1048576,65536,1.3583970069885254
"31,33,36",WIN,3,6066250.0,two-stone-61-66-child-proof.csv,EXACT_3_STONE_SEARCH,100000,WIN,100000,17,99508,0.404252,0.99508,247370.45209423825,0,0,0,1,1,2,6,59,418,1926,6679,17577,26949,27729,15198,3175,266,14,0,0,1925,6678,17576,0,26948,0,27728,0,15198,0,3175,266,14,1048576,4194304,8388608,2097152,16777216,2097152,33554432,8388608,16777216,2097152,8388608,1048576,65536,1.371880054473877
"31,34,36",WIN,3,7653828.0,two-stone-61-66-child-proof.csv,EXACT_3_STONE_SEARCH,100000,WIN,100000,17,99197,0.399052,0.99197,250593.90756091935,0,0,0,1,1,4,4,127,662,2558,7703,20140,27704,26625,12290,2061,117,3,0,0,2557,7702,20139,0,27703,0,26625,0,12290,0,2061,117,3,1048576,4194304,8388608,2097152,16777216,2097152,33554432,8388608,16777216,2097152,8388608,1048576,65536,1.4484703540802002
"31,35,36",WIN,3,5467450.0,two-stone-61-66-child-proof.csv,EXACT_3_STONE_SEARCH,100000,WIN,100000,17,99405,0.379088,0.99405,263790.9931203309,0,0,0,1,1,1,5,91,493,2309,7568,19455,27899,27694,12479,1911,92,1,0,0,2308,7567,19454,0,27899,0,27694,0,12479,0,1911,92,1,1048576,4194304,8388608,2097152,16777216,2097152,33554432,8388608,16777216,2097152,8388608,1048576,65536,1.286252737045288
"31,36,37",WIN,3,4268453.0,two-stone-61-66-child-proof.csv,EXACT_3_STONE_SEARCH,100000,WIN,100000,16,98929,0.419469,0.98929,238396.63956096876,0,0,0,1,1,1,15,81,970,2892,10414,20928,28581,24124,10264,1656,72,0,0,0,2891,10413,20928,0,28581,0,24124,0,10264,0,1656,72,0,1048576,4194304,8388608,2097152,16777216,2097152,33554432,8388608,16777216,2097152,8388608,1048576,65536,1.3826489448547363
"30,33,38",WIN,3,5764153.0,two-stone-61-66-child-proof.csv,EXACT_3_STONE_SEARCH,100000,WIN,100000,16,97816,0.372485,0.97816,268467.18659811805,0,0,0,1,1,1,41,192,1945,4517,14347,23821,28681,19823,6065,559,6,0,0,0,4516,14346,23820,0,28681,0,19823,0,6065,0,559,6,0,1048576,4194304,8388608,2097152,16777216,2097152,33554432,8388608,16777216,2097152,8388608,1048576,65536,1.4567346572875977
"31,33,38",WIN,3,4537311.0,two-stone-61-66-child-proof.csv,EXACT_3_STONE_SEARCH,100000,WIN,100000,16,99239,0.398684,0.99239,250825.21495720922,0,0,0,1,1,2,8,99,646,2794,8807,20522,27840,25380,11819,1991,90,0,0,0,2793,8806,20521,0,27839,0,25380,0,11819,0,1991,90,0,1048576,4194304,8388608,2097152,16777216,2097152,33554432,8388608,16777216,2097152,8388608,1048576,65536,1.364819049835205
"0,31,36",WIN,3,10691452.0,two-stone-61-66-child-proof.csv,HAS_EXACT_4_STONE_LOSS_CHILD,100000,WIN,100000,17,99594,0.429618,0.99594,232764.92139528604,0,0,0,1,1,2,3,54,342,1803,6131,16721,26063,28012,16200,4243,416,8,0,0,1802,6130,16720,0,26063,0,28012,0,16200,0,4243,416,8,1048576,4194304,8388608,2097152,16777216,2097152,33554432,8388608,16777216,2097152,8388608,1048576,65536,1.378192663192749
"3,31,36",WIN,3,9648343.0,two-stone-61-66-child-proof.csv,EXACT_3_STONE_SEARCH,100000,WIN,100000,17,99551,0.406906,0.99551,245757.0053034362,0,0,0,1,1,2,4,65,371,1957,6633,17456,26481,27148,15476,3992,399,14,0,0,1956,6632,17455,0,26480,0,27147,0,15476,0,3992,399,14,1048576,4194304,8388608,2097152,16777216,2097152,33554432,8388608,16777216,2097152,8388608,1048576,65536,1.4464290142059326
"4,31,36",WIN,3,7077456.0,two-stone-61-66-child-proof.csv,EXACT_3_STONE_SEARCH,100000,WIN,100000,17,99052,0.417727,0.99052,239390.79829649508,0,0,0,1,1,2,6,113,820,3115,9777,20895,27422,23969,11129,2489,249,12,0,0,3114,9776,20894,0,27421,0,23968,0,11129,0,2489,249,12,1048576,4194304,8388608,2097152,16777216,2097152,33554432,8388608,16777216,2097152,8388608,1048576,65536,1.3922200202941895
"7,31,36",WIN,3,11894638.0,two-stone-61-66-child-proof.csv,EXACT_3_STONE_SEARCH,100000,WIN,100000,17,99568,0.419584,0.99568,238331.2995729103,0,0,0,1,1,2,5,54,366,1796,6070,16283,25944,27895,17077,4187,313,6,0,0,1795,6069,16282,0,25944,0,27895,0,17077,0,4187,313,6,1048576,4194304,8388608,2097152,16777216,2097152,33554432,8388608,16777216,2097152,8388608,1048576,65536,1.365983009338379
"10,31,36",WIN,3,8348401.0,two-stone-61-66-child-proof.csv,EXACT_3_STONE_SEARCH,100000,WIN,100000,17,99689,0.399161,0.99689,250525.47718840267,0,0,0,1,1,1,1,41,265,1516,5334,15771,26573,29222,17049,3917,301,7,0,0,1515,5334,15771,0,26573,0,29222,0,17049,0,3917,301,7,1048576,4194304,8388608,2097152,16777216,2097152,33554432,8388608,16777216,2097152,8388608,1048576,65536,1.4510514736175537
"13,31,36",WIN,3,6927525.0,two-stone-61-66-child-proof.csv,EXACT_3_STONE_SEARCH,100000,WIN,100000,17,99534,0.404229,0.99534,247384.5270873688,0,0,0,1,1,1,4,58,397,1747,6005,15905,25246,27342,17428,5281,570,14,0,0,1746,6004,15904,0,25245,0,27342,0,17428,0,5281,570,14,1048576,4194304,8388608,2097152,16777216,2097152,33554432,8388608,16777216,2097152,8388608,1048576,65536,1.3459453582763672
"14,31,36",WIN,3,6884755.0,two-stone-61-66-child-proof.csv,EXACT_3_STONE_SEARCH,100000,WIN,100000,16,99281,0.414105,0.99281,241484.64761352798,0,0,0,1,1,1,6,85,623,2378,8210,19681,28296,26577,12095,1976,70,0,0,0,2377,8209,19681,0,28296,0,26577,0,12095,0,1976,70,0,1048576,4194304,8388608,2097152,16777216,2097152,33554432,8388608,16777216,2097152,8388608,1048576,65536,1.3586130142211914
"17,31,36",WIN,3,5096474.0,two-stone-61-66-child-proof.csv,EXACT_3_STONE_SEARCH,100000,WIN,100000,17,99631,0.449933,0.99631,222255.31356890913,0,0,0,1,1,1,3,61,299,1516,5060,14714,25020,28146,19055,5655,465,3,0,0,1515,5059,14713,0,25020,0,28146,0,19055,0,5655,465,3,1048576,4194304,8388608,2097152,16777216,2097152,33554432,8388608,16777216,2097152,8388608,1048576,65536,1.4492921829223633
"21,31,36",WIN,3,4274608.0,two-stone-61-66-child-proof.csv,EXACT_3_STONE_SEARCH,100000,WIN,100000,17,99311,0.416465,0.99311,240116.21624866436,0,0,0,1,1,2,8,93,579,2487,7883,18857,27024,25770,13767,3215,303,10,0,0,2486,7882,18856,0,27023,0,25769,0,13767,0,3215,303,10,1048576,4194304,8388608,2097152,16777216,2097152,33554432,8388608,16777216,2097152,8388608,1048576,65536,1.3424580097198486
"22,31,36",WIN,3,7222035.0,two-stone-61-66-child-proof.csv,EXACT_3_STONE_SEARCH,100000,WIN,100000,17,98700,0.380124,0.987,263072.0501731014,0,0,0,1,1,2,13,132,1145,3553,11487,22595,28539,22736,8574,1165,55,2,0,0,3552,11486,22594,0,28538,0,22735,0,8573,0,1165,55,2,1048576,4194304,8388608,2097152,16777216,2097152,33554432,8388608,16777216,2097152,8388608,1048576,65536,1.466181755065918
"25,31,36",WIN,3,8824924.0,two-stone-61-66-child-proof.csv,EXACT_3_STONE_SEARCH,100000,WIN,100000,16,99320,0.397684,0.9932,251455.92983373735,0,0,0,1,1,2,3,82,587,2572,8357,19747,27759,26197,12375,2206,111,0,0,0,2571,8356,19746,0,27758,0,26197,0,12375,0,2206,111,0,1048576,4194304,8388608,2097152,16777216,2097152,33554432,8388608,16777216,2097152,8388608,1048576,65536,1.424663782119751
"26,31,36",WIN,3,4268453.0,two-stone-61-66-child-proof.csv,EXACT_3_STONE_SEARCH,100000,WIN,100000,16,98929,0.394614,0.98929,253412.1952084822,0,0,0,1,1,1,15,81,970,2892,10414,20928,28581,24124,10264,1656,72,0,0,0,2891,10413,20928,0,28581,0,24124,0,10264,0,1656,72,0,1048576,4194304,8388608,2097152,16777216,2097152,33554432,8388608,16777216,2097152,8388608,1048576,65536,1.3411595821380615
"31,36,41",WIN,3,5547810.0,two-stone-61-66-child-proof.csv,EXACT_3_STONE_SEARCH,100000,WIN,100000,16,98351,0.384491,0.98351,260084.11120156257,0,0,0,1,1,1,29,146,1467,3594,12403,23200,29588,21876,6955,720,19,0,0,0,3593,12402,23199,0,29587,0,21876,0,6955,0,720,19,0,1048576,4194304,8388608,2097152,16777216,2097152,33554432,8388608,16777216,2097152,8388608,1048576,65536,1.31266450881958
"31,36,43",WIN,3,10860519.0,two-stone-61-66-child-proof.csv,EXACT_3_STONE_SEARCH,100000,WIN,100000,17,99405,0.398587,0.99405,250886.25569825407,0,0,0,1,1,1,5,91,493,2309,7568,19455,27899,27694,12479,1911,92,1,0,0,2308,7567,19454,0,27899,0,27694,0,12479,0,1911,92,1,1048576,4194304,8388608,2097152,16777216,2097152,33554432,8388608,16777216,2097152,8388608,1048576,65536,1.4591178894042969
"33,38,43",WIN,3,6242853.0,two-stone-61-66-child-proof.csv,EXACT_3_STONE_SEARCH,100000,WIN,100000,16,98139,0.383394,0.98139,260828.2863059933,0,0,0,1,1,1,32,160,1662,4241,13770,24301,29035,20239,5985,558,14,0,0,0,4240,13769,24300,0,29034,0,20239,0,5985,0,558,14,0,1048576,4194304,8388608,2097152,16777216,2097152,33554432,8388608,16777216,2097152,8388608,1048576,65536,1.3116049766540527
"31,36,44",WIN,3,10278182.0,two-stone-61-66-child-proof.csv,EXACT_3_STONE_SEARCH,100000,WIN,100000,16,99119,0.393763,0.99119,253959.86926145933,0,0,0,1,1,2,10,100,763,3071,10400,22559,29564,23701,8606,1171,51,0,0,0,3070,10399,22558,0,29563,0,23701,0,8606,0,1171,51,0,1048576,4194304,8388608,2097152,16777216,2097152,33554432,8388608,16777216,2097152,8388608,1048576,65536,1.3981413841247559
"31,36,53",WIN,3,4785034.0,two-stone-61-66-child-proof.csv,EXACT_3_STONE_SEARCH,100000,WIN,100000,17,98642,0.382515,0.98642,261427.6564317739,0,0,0,1,1,2,20,163,1170,3604,10825,21825,27933,22776,9675,1812,185,8,0,0,3603,10825,21825,0,27933,0,22776,0,9675,0,1812,185,8,1048576,4194304,8388608,2097152,16777216,2097152,33554432,8388608,16777216,2097152,8388608,1048576,65536,1.3654935359954834
"31,36,54",WIN,3,7707798.0,two-stone-61-66-child-proof.csv,EXACT_3_STONE_SEARCH,100000,WIN,100000,16,99342,0.402938,0.99342,248177.13891467173,0,0,0,1,1,2,5,75,570,2298,7948,18717,27270,26277,13736,2925,175,0,0,0,2297,7947,18716,0,27269,0,26277,0,13736,0,2925,175,0,1048576,4194304,8388608,2097152,16777216,2097152,33554432,8388608,16777216,2097152,8388608,1048576,65536,1.4068844318389893
"31,36,61",WIN,3,5325067.0,two-stone-61-66-child-proof.csv,EXACT_3_STONE_SEARCH,100000,WIN,100000,16,99344,0.423227,0.99344,236279.82146696688,0,0,0,1,1,2,5,77,566,2329,8015,18875,27305,26236,13561,2857,170,0,0,0,2328,8014,18874,0,27304,0,26236,0,13561,0,2857,170,0,1048576,4194304,8388608,2097152,16777216,2097152,33554432,8388608,16777216,2097152,8388608,1048576,65536,1.3582773208618164
"13,27,63",WIN,3,4489170.0,two-stone-61-66-child-proof.csv,EXACT_3_STONE_SEARCH,100000,WIN,100000,17,99320,0.410549,0.9932,243576.28443864192,0,0,0,1,1,2,5,77,591,2382,7900,18989,27471,26688,13211,2530,149,3,0,0,2381,7899,18988,0,27471,0,26688,0,13211,0,2530,149,3,1048576,4194304,8388608,2097152,16777216,2097152,33554432,8388608,16777216,2097152,8388608,1048576,65536,1.4059040546417236
"13,36,63",WIN,3,5760682.0,two-stone-61-66-child-proof.csv,EXACT_3_STONE_SEARCH,100000,WIN,100000,16,99111,0.412321,0.99111,242529.48552220236,0,0,0,1,1,3,11,105,762,2802,8831,19950,27166,25101,12485,2611,171,0,0,0,2801,8830,19949,0,27165,0,25100,0,12484,0,2611,171,0,1048576,4194304,8388608,2097152,16777216,2097152,33554432,8388608,16777216,2097152,8388608,1048576,65536,1.4102411270141602
"33,38,63",WIN,3,4803336.0,two-stone-61-66-child-proof.csv,EXACT_3_STONE_SEARCH,100000,WIN,100000,17,98996,0.414161,0.98996,241451.99572147062,0,0,0,1,1,3,8,119,868,3209,9703,20845,27632,24224,10997,2162,219,9,0,0,3208,9702,20844,0,27631,0,24224,0,10997,0,2162,219,9,1048576,4194304,8388608,2097152,16777216,2097152,33554432,8388608,16777216,2097152,8388608,1048576,65536,1.3769757747650146
"13,46,63",WIN,3,4785034.0,two-stone-61-66-child-proof.csv,EXACT_3_STONE_SEARCH,100000,WIN,100000,17,98642,0.419596,0.98642,238324.48355084413,0,0,0,1,1,2,20,163,1170,3604,10825,21825,27933,22776,9675,1812,185,8,0,0,3603,10825,21825,0,27933,0,22776,0,9675,0,1812,185,8,1048576,4194304,8388608,2097152,16777216,2097152,33554432,8388608,16777216,2097152,8388608,1048576,65536,1.4742183685302734
"13,57,63",WIN,3,8389492.0,two-stone-61-66-child-proof.csv,EXACT_3_STONE_SEARCH,100000,WIN,100000,17,99376,0.432514,0.99376,231206.38869493242,0,0,0,1,1,3,4,94,515,1750,5691,15947,25531,27810,17451,4747,443,12,0,0,1749,5690,15946,0,25530,0,27809,0,17450,0,4747,443,12,1048576,4194304,8388608,2097152,16777216,2097152,33554432,8388608,16777216,2097152,8388608,1048576,65536,1.4325370788574219
"1,31,36",WIN,3,5307499.0,two-stone-61-66-child-proof.csv,EXACT_3_STONE_SEARCH,100000,WIN,100000,16,99133,0.399825,0.99133,250109.42287250672,0,0,0,1,1,1,7,83,770,2716,9763,21064,28802,24877,10299,1563,53,0,0,0,2715,9762,21063,0,28801,0,24877,0,10299,0,1563,53,0,1048576,4194304,8388608,2097152,16777216,2097152,33554432,8388608,16777216,2097152,8388608,1048576,65536,1.4295926094055176
"6,31,36",WIN,3,8424552.0,two-stone-61-66-child-proof.csv,HAS_EXACT_4_STONE_LOSS_CHILD,100000,WIN,100000,16,97816,0.379116,0.97816,263771.5105666867,0,0,0,1,1,1,41,192,1945,4517,14347,23821,28681,19823,6065,559,6,0,0,0,4516,14346,23820,0,28681,0,19823,0,6065,0,559,6,0,1048576,4194304,8388608,2097152,16777216,2097152,33554432,8388608,16777216,2097152,8388608,1048576,65536,1.3868873119354248
"12,31,36",WIN,3,7112400.0,two-stone-61-66-child-proof.csv,EXACT_3_STONE_SEARCH,100000,WIN,100000,17,99648,0.41249,0.99648,242430.11951804892,0,0,0,1,1,2,3,61,279,1770,5792,16760,26622,28475,16222,3739,269,4,0,0,1769,5791,16759,0,26621,0,28474,0,16222,0,3739,269,4,1048576,4194304,8388608,2097152,16777216,2097152,33554432,8388608,16777216,2097152,8388608,1048576,65536,1.3537664413452148
"15,31,36",WIN,3,9966001.0,two-stone-61-66-child-proof.csv,EXACT_3_STONE_SEARCH,100000,WIN,100000,17,99572,0.405625,0.99572,246533.1278890601,0,0,0,1,1,1,2,53,366,1696,5840,16369,26422,28094,16716,4091,339,9,0,0,1695,5839,16368,0,26421,0,28094,0,16716,0,4091,339,9,1048576,4194304,8388608,2097152,16777216,2097152,33554432,8388608,16777216,2097152,8388608,1048576,65536,1.4488677978515625
"31,36,40",WIN,3,9076416.0,two-stone-61-66-child-proof.csv,EXACT_3_STONE_SEARCH,100000,WIN,100000,17,99590,0.420963,0.9959,237550.5685772859,0,0,0,1,1,1,3,57,344,1610,5335,14235,24049,27310,19540,6683,807,24,0,0,1609,5334,14234,0,24049,0,27310,0,19540,0,6683,807,24,1048576,4194304,8388608,2097152,16777216,2097152,33554432,8388608,16777216,2097152,8388608,1048576,65536,1.3997218608856201
"31,36,42",WIN,3,15648482.0,two-stone-61-66-child-proof.csv,HAS_EXACT_4_STONE_LOSS_CHILD,100000,WIN,100000,16,98182,0.390691,0.98182,255956.7535469207,0,0,0,1,1,1,26,190,1595,4352,13158,23869,28581,20578,6799,821,28,0,0,0,4351,13157,23868,0,28580,0,20578,0,6799,0,821,28,0,1048576,4194304,8388608,2097152,16777216,2097152,33554432,8388608,16777216,2097152,8388608,1048576,65536,1.4050066471099854
"33,38,42",WIN,3,6507420.0,two-stone-61-66-child-proof.csv,EXACT_3_STONE_SEARCH,100000,WIN,100000,17,99306,0.405801,0.99306,246426.20397682607,0,0,0,1,1,5,5,147,532,2453,7239,19471,27384,27236,13079,2334,112,1,0,0,2452,7238,19470,0,27384,0,27236,0,13079,0,2334,112,1,1048576,4194304,8388608,2097152,16777216,2097152,33554432,8388608,16777216,2097152,8388608,1048576,65536,1.565948247909546
"33,38,44",WIN,3,7791803.0,two-stone-61-66-child-proof.csv,EXACT_3_STONE_SEARCH,100000,WIN,100000,16,98711,0.358247,0.98711,279137.01998900203,0,0,0,1,1,1,18,132,1131,3380,11881,23371,29848,22459,7036,719,22,0,0,0,3379,11880,23370,0,29847,0,22458,0,7036,0,719,22,0,1048576,4194304,8388608,2097152,16777216,2097152,33554432,8388608,16777216,2097152,8388608,1048576,65536,1.3067295551300049
"31,36,52",WIN,3,7677090.0,two-stone-61-66-child-proof.csv,HAS_EXACT_4_STONE_LOSS_CHILD,100000,WIN,100000,17,99615,0.467161,0.99615,214058.96468241143,0,0,0,1,1,1,2,61,316,1654,5232,15430,24810,28472,18509,5042,459,10,0,0,1653,5231,15429,0,24810,0,28472,0,18509,0,5042,459,10,1048576,4194304,8388608,2097152,16777216,2097152,33554432,8388608,16777216,2097152,8388608,1048576,65536,1.4299087524414062
"33,38,54",WIN,3,6075507.0,two-stone-61-66-child-proof.csv,HAS_EXACT_4_STONE_LOSS_CHILD,100000,WIN,100000,17,99542,0.414264,0.99542,241391.96261321282,0,0,0,1,1,2,2,60,391,1733,5619,16441,25602,28229,16897,4577,436,9,0,0,1732,5619,16441,0,25602,0,28229,0,16897,0,4577,436,9,1048576,4194304,8388608,2097152,16777216,2097152,33554432,8388608,16777216,2097152,8388608,1048576,65536,1.4907615184783936
"9,13,63",WIN,3,6874695.0,two-stone-61-66-child-proof.csv,EXACT_3_STONE_SEARCH,100000,WIN,100000,17,99544,0.416055,0.99544,240352.83796613428,0,0,0,1,1,1,5,52,391,1948,6603,17245,26403,27632,15646,3747,320,5,0,0,1947,6602,17244,0,26402,0,27631,0,15646,0,3747,320,5,1048576,4194304,8388608,2097152,16777216,2097152,33554432,8388608,16777216,2097152,8388608,1048576,65536,1.371718406677246
"7,61,66",WIN,3,13564840.0,two-stone-61-66-child-proof.csv,HAS_EXACT_4_STONE_LOSS_CHILD,100000,WIN,100000,17,99440,0.421349,0.9944,237332.94727173913,0,0,0,1,1,2,4,64,484,2402,8134,19993,28353,26597,11685,2119,159,2,0,0,2401,8133,19992,0,28352,0,26597,0,11685,0,2119,159,2,1048576,4194304,8388608,2097152,16777216,2097152,33554432,8388608,16777216,2097152,8388608,1048576,65536,1.425851583480835
"2,31,36",WIN,3,14329582.0,two-stone-61-66-child-proof.csv,HAS_EXACT_4_STONE_LOSS_CHILD,100000,WIN,100000,18,99521,0.455585,0.99521,219498.00805557688,0,0,0,1,1,2,3,48,399,1628,5998,16002,25888,27821,16521,4934,685,51,18,0,1627,5997,16001,0,25887,0,27820,0,16520,0,4933,685,51,1048576,4194304,8388608,2097152,16777216,2097152,33554432,8388608,16777216,2097152,8388608,1048576,65536,1.4167389869689941
"5,31,36",WIN,3,14481474.0,two-stone-61-66-child-proof.csv,HAS_EXACT_4_STONE_LOSS_CHILD,100000,WIN,100000,17,99835,0.410296,0.99835,243726.48039464193,0,0,0,1,1,1,1,25,129,923,3538,12603,23541,30445,21587,6534,660,11,0,0,922,3537,12602,0,23540,0,30444,0,21586,0,6533,660,11,1048576,4194304,8388608,2097152,16777216,2097152,33554432,8388608,16777216,2097152,8388608,1048576,65536,1.4174473285675049
"11,31,36",WIN,3,15246599.0,two-stone-61-66-child-proof.csv,HAS_EXACT_4_STONE_LOSS_CHILD,100000,WIN,100000,17,99338,0.415427,0.99338,240716.17877509166,0,0,0,1,1,2,7,101,546,2789,9273,21513,29411,25438,9555,1296,64,3,0,0,2788,9272,21512,0,29410,0,25438,0,9555,0,1296,64,3,1048576,4194304,8388608,2097152,16777216,2097152,33554432,8388608,16777216,2097152,8388608,1048576,65536,1.3702666759490967
"16,31,36",WIN,3,9834450.0,two-stone-61-66-child-proof.csv,EXACT_3_STONE_SEARCH,100000,WIN,100000,16,97748,0.35641,0.97748,280575.7414213967,0,0,0,1,1,1,41,195,2009,4630,15490,25246,29898,18081,4142,263,2,0,0,0,4629,15489,25245,0,29897,0,18081,0,4142,0,263,2,0,1048576,4194304,8388608,2097152,16777216,2097152,33554432,8388608,16777216,2097152,8388608,1048576,65536,1.4094750881195068
"20,31,36",WIN,3,7638822.0,two-stone-61-66-child-proof.csv,EXACT_3_STONE_SEARCH,100000,WIN,100000,17,99105,0.404526,0.99105,247202.89919560176,0,0,0,1,1,2,8,106,774,3087,10010,21158,27941,24025,10685,2047,152,3,0,0,3086,10009,21157,0,27941,0,24025,0,10685,0,2047,152,3,1048576,4194304,8388608,2097152,16777216,2097152,33554432,8388608,16777216,2097152,8388608,1048576,65536,1.4497344493865967
"27,31,36",WIN,3,6222826.0,two-stone-61-66-child-proof.csv,EXACT_3_STONE_SEARCH,100000,WIN,100000,17,99261,0.387763,0.99261,257889.48404050927,0,0,0,1,1,2,8,100,622,2693,8565,19992,27687,25837,12335,2074,82,1,0,0,2692,8564,19991,0,27686,0,25836,0,12335,0,2074,82,1,1048576,4194304,8388608,2097152,16777216,2097152,33554432,8388608,16777216,2097152,8388608,1048576,65536,1.3583197593688965
"31,36,51",WIN,3,6336688.0,two-stone-61-66-child-proof.csv,EXACT_3_STONE_SEARCH,100000,WIN,100000,17,99495,0.399426,0.99495,250359.2655460586,0,0,0,1,1,1,5,66,427,2075,7079,18043,26807,27121,14774,3347,250,3,0,0,2074,7078,18042,0,26806,0,27121,0,14774,0,3347,250,3,1048576,4194304,8388608,2097152,16777216,2097152,33554432,8388608,16777216,2097152,8388608,1048576,65536,1.3454666137695312
"33,38,53",WIN,3,11678598.0,two-stone-61-66-child-proof.csv,HAS_EXACT_4_STONE_LOSS_CHILD,100000,WIN,100000,16,99209,0.386048,0.99209,259035.14588859415,0,0,0,1,1,1,8,72,701,2584,8921,19689,27978,25529,12028,2353,134,0,0,0,2583,8920,19688,0,27977,0,25528,0,12027,0,2352,134,0,1048576,4194304,8388608,2097152,16777216,2097152,33554432,8388608,16777216,2097152,8388608,1048576,65536,1.4259843826293945
"31,36,62",WIN,3,5755839.0,two-stone-61-66-child-proof.csv,EXACT_3_STONE_SEARCH,100000,WIN,100000,17,99295,0.412142,0.99295,242634.82003775396,0,0,0,1,1,1,6,89,604,2446,7913,19494,27667,26509,12559,2538,171,1,0,0,2445,7912,19493,0,27667,0,26509,0,12559,0,2538,171,1,1048576,4194304,8388608,2097152,16777216,2097152,33554432,8388608,16777216,2097152,8388608,1048576,65536,1.3976953029632568
"7,13,63",WIN,3,13996712.0,two-stone-61-66-child-proof.csv,HAS_EXACT_4_STONE_LOSS_CHILD,100000,WIN,100000,17,99213,0.369498,0.99213,270637.4594720405,0,0,0,1,1,2,8,77,693,2643,9434,20898,28696,25182,10624,1660,80,1,0,0,2642,9433,20897,0,28695,0,25181,0,10624,0,1660,80,1,1048576,4194304,8388608,2097152,16777216,2097152,33554432,8388608,16777216,2097152,8388608,1048576,65536,1.2989528179168701
"8,13,63",WIN,3,8777000.0,two-stone-61-66-child-proof.csv,EXACT_3_STONE_SEARCH,100000,WIN,100000,16,99150,0.385397,0.9915,259472.6995799137,0,0,0,1,1,2,7,81,755,3061,10014,21341,28372,23797,10393,2036,139,0,0,0,3060,10013,21340,0,28372,0,23797,0,10393,0,2036,139,0,1048576,4194304,8388608,2097152,16777216,2097152,33554432,8388608,16777216,2097152,8388608,1048576,65536,1.4235918521881104
"13,17,63",WIN,3,6454141.0,two-stone-61-66-child-proof.csv,EXACT_3_STONE_SEARCH,100000,WIN,100000,17,99500,0.400779,0.995,249514.07134605356,0,0,0,1,1,1,3,59,432,1986,7075,17908,27171,26952,14723,3430,256,2,0,0,1985,7074,17907,0,27171,0,26952,0,14723,0,3430,256,2,1048576,4194304,8388608,2097152,16777216,2097152,33554432,8388608,16777216,2097152,8388608,1048576,65536,1.3861796855926514
"13,19,63",WIN,3,8355101.0,two-stone-61-66-child-proof.csv,EXACT_3_STONE_SEARCH,100000,WIN,100000,16,99365,0.403062,0.99365,248100.78846430575,0,0,0,1,1,3,3,89,533,2446,7471,19342,26916,26829,13569,2642,155,0,0,0,2445,7470,19341,0,26915,0,26828,0,13569,0,2642,155,0,1048576,4194304,8388608,2097152,16777216,2097152,33554432,8388608,16777216,2097152,8388608,1048576,65536,1.3198113441467285
"13,28,63",WIN,3,9762456.0,two-stone-61-66-child-proof.csv,EXACT_3_STONE_SEARCH,100000,WIN,100000,17,99132,0.37376,0.99132,267551.36986301374,0,0,0,1,1,1,7,91,764,2925,9993,20959,27929,24345,11001,1893,88,2,0,0,2924,9992,20958,0,27929,0,24345,0,11001,0,1893,88,2,1048576,4194304,8388608,2097152,16777216,2097152,33554432,8388608,16777216,2097152,8388608,1048576,65536,1.3187696933746338
"13,29,63",WIN,3,6667531.0,two-stone-61-66-child-proof.csv,EXACT_3_STONE_SEARCH,100000,WIN,100000,17,99264,0.396466,0.99264,252228.43825195605,0,0,0,1,1,2,6,94,628,2583,8066,19185,27117,25995,13461,2699,160,2,0,0,2582,8065,19184,0,27116,0,25995,0,13461,0,2699,160,2,1048576,4194304,8388608,2097152,16777216,2097152,33554432,8388608,16777216,2097152,8388608,1048576,65536,1.373621940612793
"13,37,63",WIN,3,11777065.0,two-stone-61-66-child-proof.csv,EXACT_3_STONE_SEARCH,100000,WIN,100000,17,99651,0.404756,0.99651,247062.42773423987,0,0,0,1,1,2,2,63,276,1854,6008,17845,26771,28582,15215,3156,221,3,0,0,1853,6007,17844,0,26770,0,28582,0,15215,0,3156,221,3,1048576,4194304,8388608,2097152,16777216,2097152,33554432,8388608,16777216,2097152,8388608,1048576,65536,1.3557815551757812
"13,38,63",WIN,3,5862955.0,two-stone-61-66-child-proof.csv,EXACT_3_STONE_SEARCH,100000,WIN,100000,17,99014,0.378309,0.99014,264334.18184605706,0,0,0,1,1,2,11,104,865,3154,10332,21588,28483,24472,9638,1293,54,2,0,0,3153,10331,21588,0,28483,0,24472,0,9638,0,1293,54,2,1048576,4194304,8388608,2097152,16777216,2097152,33554432,8388608,16777216,2097152,8388608,1048576,65536,1.3409669399261475
"13,47,63",WIN,3,7265332.0,two-stone-61-66-child-proof.csv,HAS_EXACT_4_STONE_LOSS_CHILD,100000,WIN,100000,17,99700,0.398305,0.997,251063.8832050815,0,0,0,1,1,1,2,46,245,1367,4829,14153,24357,28639,19742,5983,616,18,0,0,1366,4828,14152,0,24356,0,28639,0,19742,0,5983,616,18,1048576,4194304,8388608,2097152,16777216,2097152,33554432,8388608,16777216,2097152,8388608,1048576,65536,1.3997907638549805
"13,48,63",WIN,3,7370867.0,two-stone-61-66-child-proof.csv,EXACT_3_STONE_SEARCH,100000,WIN,100000,16,99315,0.385911,0.99315,259127.1044359969,0,0,0,1,1,2,6,92,579,2645,8875,20230,28197,25855,11662,1797,58,0,0,0,2644,8874,20229,0,28196,0,25855,0,11662,0,1797,58,0,1048576,4194304,8388608,2097152,16777216,2097152,33554432,8388608,16777216,2097152,8388608,1048576,65536,1.3165757656097412
"13,56,63",WIN,3,8285550.0,two-stone-61-66-child-proof.csv,HAS_EXACT_4_STONE_LOSS_CHILD,100000,WIN,100000,17,99486,0.417091,0.99486,239755.83266001905,0,0,0,1,1,2,4,69,431,2202,7331,18868,27440,27290,13390,2736,230,5,0,0,2201,7330,18867,0,27439,0,27289,0,13389,0,2736,230,5,1048576,4194304,8388608,2097152,16777216,2097152,33554432,8388608,16777216,2097152,8388608,1048576,65536,1.3923804759979248
"13,58,63",WIN,3,9054802.0,two-stone-61-66-child-proof.csv,EXACT_3_STONE_SEARCH,100000,WIN,100000,17,99483,0.408582,0.99483,244748.91209108575,0,0,0,1,1,2,3,73,431,2235,7524,18932,27464,27062,13591,2544,136,1,0,0,2234,7523,18931,0,27463,0,27061,0,13590,0,2544,136,1,1048576,4194304,8388608,2097152,16777216,2097152,33554432,8388608,16777216,2097152,8388608,1048576,65536,1.5445592403411865
"13,59,63",WIN,3,12009891.0,two-stone-61-66-child-proof.csv,HAS_EXACT_4_STONE_LOSS_CHILD,100000,WIN,100000,17,98827,0.361514,0.98827,276614.4602975265,0,0,0,1,1,2,12,125,1029,3529,11701,22956,28778,22877,7894,1033,61,1,0,0,3528,11700,22955,0,28778,0,22877,0,7894,0,1033,61,1,1048576,4194304,8388608,2097152,16777216,2097152,33554432,8388608,16777216,2097152,8388608,1048576,65536,1.3179512023925781
"16,60,66",WIN,3,7056475.0,two-stone-61-66-child-proof.csv,EXACT_3_STONE_SEARCH,100000,WIN,100000,16,99255,0.398502,0.99255,250939.76943653982,0,0,0,1,1,1,8,64,667,2329,8800,19980,28906,25814,11410,1929,90,0,0,0,2328,8799,19979,0,28906,0,25814,0,11410,0,1929,90,0,1048576,4194304,8388608,2097152,16777216,2097152,33554432,8388608,16777216,2097152,8388608,1048576,65536,1.346391201019287
"9,61,66",WIN,3,15082498.0,two-stone-61-66-child-proof.csv,HAS_EXACT_4_STONE_LOSS_CHILD,100000,WIN,100000,17,99844,0.411362,0.99844,243094.88965922958,0,0,0,1,1,1,1,26,121,934,3470,12596,23692,30398,21542,6503,694,20,0,0,933,3469,12595,0,23691,0,30397,0,21542,0,6503,694,20,1048576,4194304,8388608,2097152,16777216,2097152,33554432,8388608,16777216,2097152,8388608,1048576,65536,1.4267868995666504
"17,61,66",WIN,3,7725566.0,two-stone-61-66-child-proof.csv,EXACT_3_STONE_SEARCH,100000,WIN,100000,16,99467,0.407326,0.99467,245503.60153783453,0,0,0,1,1,2,2,66,458,2203,7623,19458,28075,27349,12401,2222,139,0,0,0,2202,7622,19457,0,28075,0,27349,0,12401,0,2222,139,0,1048576,4194304,8388608,2097152,16777216,2097152,33554432,8388608,16777216,2097152,8388608,1048576,65536,1.3916444778442383
"26,61,66",WIN,3,7912792.0,two-stone-61-66-child-proof.csv,EXACT_3_STONE_SEARCH,100000,WIN,100000,17,99479,0.40547,0.99479,246627.37070560092,0,0,0,1,1,1,7,57,450,2021,7111,17750,26744,26754,14788,3869,434,12,0,0,2020,7110,17749,0,26743,0,26754,0,14788,0,3869,434,12,1048576,4194304,8388608,2097152,16777216,2097152,33554432,8388608,16777216,2097152,8388608,1048576,65536,1.34004807472229
"27,61,66",WIN,3,15251431.0,two-stone-61-66-child-proof.csv,HAS_EXACT_4_STONE_LOSS_CHILD,100000,WIN,100000,16,98342,0.373487,0.98342,267746.9363056813,0,0,0,1,1,1,25,139,1486,3545,12198,22336,29228,21955,7896,1143,46,0,0,0,3544,12197,22335,0,29227,0,21954,0,7896,0,1143,46,0,1048576,4194304,8388608,2097152,16777216,2097152,33554432,8388608,16777216,2097152,8388608,1048576,65536,1.3780171871185303
"29,61,66",WIN,3,12789022.0,two-stone-61-66-child-proof.csv,EXACT_3_STONE_SEARCH,100000,WIN,100000,17,99460,0.383248,0.9946,260927.64998121324,0,0,0,1,1,2,3,80,448,2247,7514,19292,27889,26639,13020,2687,176,1,0,0,2246,7513,19291,0,27888,0,26638,0,13020,0,2687,176,1,1048576,4194304,8388608,2097152,16777216,2097152,33554432,8388608,16777216,2097152,8388608,1048576,65536,1.4294052124023438
"8,31,36",WIN,3,9251704.0,two-stone-61-66-child-proof.csv,EXACT_3_STONE_SEARCH,100000,WIN,100000,17,99501,0.401431,0.99501,249108.81322070296,0,0,0,1,1,1,3,60,432,2023,7256,17992,27191,27112,14314,3300,304,10,0,0,2022,7256,17992,0,27191,0,27112,0,14314,0,3300,304,10,1048576,4194304,8388608,2097152,16777216,2097152,33554432,8388608,16777216,2097152,8388608,1048576,65536,1.3188674449920654
"9,31,36",WIN,3,10549777.0,two-stone-61-66-child-proof.csv,EXACT_3_STONE_SEARCH,100000,WIN,100000,17,99556,0.38115,0.99556,262363.8987275351,0,0,0,1,1,1,5,49,383,1639,5819,15292,25226,27769,18044,5196,558,17,0,0,1638,5818,15291,0,25225,0,27769,0,18044,0,5196,558,17,1048576,4194304,8388608,2097152,16777216,2097152,33554432,8388608,16777216,2097152,8388608,1048576,65536,1.312941312789917
"18,31,36",WIN,3,6601458.0,two-stone-61-66-child-proof.csv,EXACT_3_STONE_SEARCH,100000,WIN,100000,17,99284,0.406669,0.99284,245900.2284413122,0,0,0,1,1,2,6,83,619,2575,8549,19859,28327,25792,11744,2269,170,3,0,0,2574,8548,19858,0,28326,0,25792,0,11744,0,2269,170,3,1048576,4194304,8388608,2097152,16777216,2097152,33554432,8388608,16777216,2097152,8388608,1048576,65536,1.3735835552215576
"19,31,36",WIN,3,15079594.0,two-stone-61-66-child-proof.csv,HAS_EXACT_4_STONE_LOSS_CHILD,100000,WIN,100000,17,99628,0.394868,0.99628,253249.1870701095,0,0,0,1,1,1,6,38,322,1569,6211,16439,26806,28332,16285,3740,247,2,0,0,1568,6210,16438,0,26806,0,28332,0,16285,0,3740,247,2,1048576,4194304,8388608,2097152,16777216,2097152,33554432,8388608,16777216,2097152,8388608,1048576,65536,1.3525545597076416
"28,31,36",WIN,3,12802281.0,two-stone-61-66-child-proof.csv,HAS_EXACT_4_STONE_LOSS_CHILD,100000,WIN,100000,17,99794,0.411099,0.99794,243250.4092688136,0,0,0,1,1,1,3,23,173,843,3593,11127,22360,29096,23160,8533,1055,31,0,0,842,3592,11126,0,22359,0,29096,0,23160,0,8533,1055,31,1048576,4194304,8388608,2097152,16777216,2097152,33554432,8388608,16777216,2097152,8388608,1048576,65536,1.3655643463134766
"29,31,36",WIN,3,10179036.0,two-stone-61-66-child-proof.csv,EXACT_3_STONE_SEARCH,100000,WIN,100000,17,98596,0.395377,0.98596,252923.15941493816,0,0,0,1,1,2,19,163,1214,4151,12065,23132,27730,21559,8405,1457,97,4,0,0,4150,12064,23131,0,27729,0,21559,0,8405,0,1457,97,4,1048576,4194304,8388608,2097152,16777216,2097152,33554432,8388608,16777216,2097152,8388608,1048576,65536,1.5126621723175049
"33,38,40",WIN,3,6570676.0,two-stone-61-66-child-proof.csv,EXACT_3_STONE_SEARCH,100000,WIN,100000,17,99372,0.409833,0.99372,244001.825133652,0,0,0,1,1,1,9,65,548,2010,7135,17401,27145,27281,14887,3259,249,8,0,0,2009,7134,17400,0,27145,0,27281,0,14887,0,3259,249,8,1048576,4194304,8388608,2097152,16777216,2097152,33554432,8388608,16777216,2097152,8388608,1048576,65536,1.3502120971679688
"33,38,41",WIN,3,15858699.0,two-stone-61-66-child-proof.csv,HAS_EXACT_4_STONE_LOSS_CHILD,100000,WIN,100000,17,99699,0.41611,0.99699,240321.0689481147,0,0,0,1,1,1,5,26,263,1314,5293,14295,25214,27958,19384,5725,511,9,0,0,1313,5292,14294,0,25213,0,27958,0,19384,0,5725,511,9,1048576,4194304,8388608,2097152,16777216,2097152,33554432,8388608,16777216,2097152,8388608,1048576,65536,1.3367397785186768
"33,38,50",WIN,3,7014882.0,two-stone-61-66-child-proof.csv,EXACT_3_STONE_SEARCH,100000,WIN,100000,16,98408,0.387651,0.98408,257963.9933858032,0,0,0,1,1,1,22,156,1409,3833,12574,23496,29146,21430,7008,882,41,0,0,0,3832,12573,23496,0,29146,0,21430,0,7008,0,882,41,0,1048576,4194304,8388608,2097152,16777216,2097152,33554432,8388608,16777216,2097152,8388608,1048576,65536,1.500016212463379
"33,38,51",WIN,3,11221502.0,two-stone-61-66-child-proof.csv,EXACT_3_STONE_SEARCH,100000,WIN,100000,17,99274,0.386575,0.99274,258682.01513289788,0,0,0,1,1,3,7,102,608,2718,8430,20163,27397,25797,12430,2220,119,4,0,0,2717,8429,20162,0,27396,0,25797,0,12430,0,2220,119,4,1048576,4194304,8388608,2097152,16777216,2097152,33554432,8388608,16777216,2097152,8388608,1048576,65536,1.4173164367675781
"33,38,60",WIN,3,12562627.0,two-stone-61-66-child-proof.csv,HAS_EXACT_4_STONE_LOSS_CHILD,100000,WIN,100000,17,99489,0.393655,0.99489,254029.54363592487,0,0,0,1,1,2,4,76,420,2353,7645,19585,27609,27332,12783,2096,92,1,0,0,2352,7644,19584,0,27608,0,27331,0,12782,0,2095,92,1,1048576,4194304,8388608,2097152,16777216,2097152,33554432,8388608,16777216,2097152,8388608,1048576,65536,1.3519911766052246
"33,38,61",WIN,3,5696205.0,two-stone-61-66-child-proof.csv,EXACT_3_STONE_SEARCH,100000,WIN,100000,16,99253,0.401468,0.99253,249085.85491247123,0,0,0,1,1,2,6,82,649,2653,9174,20788,28365,25204,11209,1798,68,0,0,0,2652,9173,20787,0,28364,0,25203,0,11208,0,1798,68,0,1048576,4194304,8388608,2097152,16777216,2097152,33554432,8388608,16777216,2097152,8388608,1048576,65536,1.4434468746185303
"8,61,66",WIN,3,11074905.0,two-stone-61-66-child-proof.csv,EXACT_3_STONE_SEARCH,100000,WIN,100000,17,99417,0.401781,0.99417,248891.8092194504,0,0,0,1,1,2,4,65,505,2427,8322,20188,28568,26361,11428,1988,138,2,0,0,2426,8321,20187,0,28567,0,26360,0,11428,0,1988,138,2,1048576,4194304,8388608,2097152,16777216,2097152,33554432,8388608,16777216,2097152,8388608,1048576,65536,1.3590891361236572
"18,61,66",WIN,3,7562710.0,two-stone-61-66-child-proof.csv,EXACT_3_STONE_SEARCH,100000,WIN,100000,17,99128,0.398987,0.99128,250634.73245995486,0,0,0,1,1,3,7,110,748,3199,9999,22044,28236,24211,9865,1471,99,6,0,0,3198,9998,22044,0,28236,0,24211,0,9865,0,1471,99,6,1048576,4194304,8388608,2097152,16777216,2097152,33554432,8388608,16777216,2097152,8388608,1048576,65536,1.3594274520874023
"19,61,66",WIN,3,7484087.0,two-stone-61-66-child-proof.csv,EXACT_3_STONE_SEARCH,100000,WIN,100000,17,99545,0.398277,0.99545,251081.5337064405,0,0,0,1,1,2,3,62,381,2060,7151,18777,27812,27637,13525,2458,129,1,0,0,2059,7150,18776,0,27811,0,27636,0,13525,0,2458,129,1,1048576,4194304,8388608,2097152,16777216,2097152,33554432,8388608,16777216,2097152,8388608,1048576,65536,1.4693706035614014
"28,61,66",WIN,3,8626503.0,two-stone-61-66-child-proof.csv,HAS_EXACT_4_STONE_LOSS_CHILD,100000,WIN,100000,17,99386,0.390955,0.99386,255783.9137496643,0,0,0,1,1,2,3,59,544,2409,8830,20968,29568,26290,9954,1301,69,1,0,0,2408,8829,20967,0,29567,0,26290,0,9954,0,1301,69,1,1048576,4194304,8388608,2097152,16777216,2097152,33554432,8388608,16777216,2097152,8388608,1048576,65536,1.3306729793548584
"0,9,10,30",WIN,4,4001299.0,three-stone-9-10-30-child-proof.csv,EXACT_DIRECT,100000,WIN,100000,17,99741,0.484432,0.99741,206427.3210687981,0,0,0,0,1,1,1,43,208,1380,4775,15668,25922,30416,17516,3806,259,4,0,0,1379,4774,15667,0,25921,0,30415,0,17516,0,3806,259,4,1048576,4194304,8388608,2097152,16777216,2097152,33554432,8388608,16777216,2097152,8388608,1048576,65536,1.4455246925354004
"9,10,30,60",WIN,4,2997030.0,three-stone-9-10-30-child-proof.csv,EXACT_DIRECT,100000,WIN,100000,17,99794,0.415716,0.99794,240548.83622473036,0,0,0,0,1,1,2,27,170,997,3761,12583,23458,29858,21983,6556,588,15,0,0,996,3760,12582,0,23457,0,29857,0,21983,0,6556,588,15,1048576,4194304,8388608,2097152,16777216,2097152,33554432,8388608,16777216,2097152,8388608,1048576,65536,1.43617844581604
"1,9,10,30",WIN,4,10890016.0,three-stone-9-10-30-child-proof.csv,EXACT_DIRECT,100000,WIN,100000,17,99798,0.460532,0.99798,217140.1770126723,0,0,0,0,1,1,2,26,165,1110,4335,13921,24972,29294,19732,5853,575,13,0,0,1109,4334,13920,0,24971,0,29293,0,19731,0,5852,575,13,1048576,4194304,8388608,2097152,16777216,2097152,33554432,8388608,16777216,2097152,8388608,1048576,65536,1.4092919826507568
"9,10,20,30",WIN,4,4072785.0,three-stone-9-10-30-child-proof.csv,EXACT_DIRECT,100000,WIN,100000,17,99798,0.440519,0.99798,227004.96459857578,0,0,0,0,1,1,2,26,165,1110,4335,13921,24972,29294,19732,5853,575,13,0,0,1109,4334,13920,0,24971,0,29293,0,19731,0,5852,575,13,1048576,4194304,8388608,2097152,16777216,2097152,33554432,8388608,16777216,2097152,8388608,1048576,65536,1.3823950290679932
"9,10,30,40",WIN,4,4086738.0,three-stone-9-10-30-child-proof.csv,EXACT_DIRECT,100000,WIN,100000,17,99812,0.41064,0.99812,243522.30664328852,0,0,0,0,1,1,1,26,155,1119,4125,13290,23784,29372,20525,6681,888,32,0,0,1118,4124,13289,0,23783,0,29372,0,20525,0,6681,888,32,1048576,4194304,8388608,2097152,16777216,2097152,33554432,8388608,16777216,2097152,8388608,1048576,65536,1.4033536911010742
"9,10,30,50",WIN,4,10149441.0,three-stone-9-10-30-child-proof.csv,EXACT_DIRECT,100000,WIN,100000,18,99789,0.407833,0.99789,245198.4022872107,0,0,0,0,1,1,4,23,169,890,3575,11601,22633,29033,22716,8267,1044,36,7,0,889,3574,11600,0,22632,0,29032,0,22715,0,8267,1044,36,1048576,4194304,8388608,2097152,16777216,2097152,33554432,8388608,16777216,2097152,8388608,1048576,65536,1.3548758029937744
"9,10,30,54",WIN,4,9002723.0,three-stone-9-10-30-child-proof.csv,EXACT_DIRECT,100000,WIN,100000,17,99780,0.392657,0.9978,254675.1999837008,0,0,0,0,1,1,2,33,181,1271,4703,15047,25592,29388,18501,4837,429,14,0,0,1270,4702,15047,0,25592,0,29388,0,18501,0,4837,429,14,1048576,4194304,8388608,2097152,16777216,2097152,33554432,8388608,16777216,2097152,8388608,1048576,65536,1.3582327365875244
"1,3,9,90",WIN,4,5902767.0,three-stone-9-10-30-child-proof.csv,EXACT_DIRECT,100000,WIN,100000,17,99898,0.423916,0.99898,235895.79067551118,0,0,0,0,1,1,1,15,82,707,2861,10832,21878,30304,23794,8448,1048,28,0,0,706,2860,10832,0,21878,0,30304,0,23794,0,8448,1048,28,1048576,4194304,8388608,2097152,16777216,2097152,33554432,8388608,16777216,2097152,8388608,1048576,65536,1.3902106285095215
"9,10,30,41",WIN,4,3795565.0,three-stone-9-10-30-child-proof.csv,EXACT_DIRECT,100000,WIN,100000,18,99889,0.443675,0.99889,225390.20679551474,0,0,0,0,1,1,2,4,58,285,1753,6140,16978,26700,28848,15622,3306,261,41,0,284,1752,6139,0,16977,0,26700,0,28848,0,15622,3306,261,1048576,4194304,8388608,2097152,16777216,2097152,33554432,8388608,16777216,2097152,8388608,1048576,65536,1.3882126808166504
"9,10,30,70",WIN,4,5848840.0,three-stone-9-10-30-child-proof.csv,EXACT_DIRECT,100000,WIN,100000,17,99760,0.402497,0.9976,248449.056763156,0,0,0,0,1,1,2,24,206,1063,4389,13137,23908,28541,20575,7076,1029,48,0,0,1062,4388,13136,0,23907,0,28540,0,20574,0,7076,1029,48,1048576,4194304,8388608,2097152,16777216,2097152,33554432,8388608,16777216,2097152,8388608,1048576,65536,1.383249282836914
"9,10,30,80",WIN,4,5412472.0,three-stone-9-10-30-child-proof.csv,EXACT_DIRECT,100000,WIN,100000,17,99843,0.41626,0.99843,240234.46884158938,0,0,0,0,1,1,1,25,121,1016,3723,13126,24098,30212,21074,6006,580,16,0,0,1015,3722,13125,0,24097,0,30211,0,21073,0,6005,579,16,1048576,4194304,8388608,2097152,16777216,2097152,33554432,8388608,16777216,2097152,8388608,1048576,65536,1.3647191524505615
"9,10,19,30",WIN,4,9420726.0,three-stone-9-10-30-child-proof.csv,EXACT_DIRECT,100000,WIN,100000,17,99745,0.412384,0.99745,242492.43423605186,0,0,0,0,1,2,2,49,195,1560,5191,16771,26784,29749,16308,3201,183,4,0,0,1559,5190,16770,0,26783,0,29748,0,16307,0,3201,183,4,1048576,4194304,8388608,2097152,16777216,2097152,33554432,8388608,16777216,2097152,8388608,1048576,65536,1.3790712356567383
"9,10,30,39",WIN,4,5987221.0,three-stone-9-10-30-child-proof.csv,EXACT_DIRECT,100000,WIN,100000,17,99672,0.399703,0.99672,250185.7629289748,0,0,0,0,1,1,2,41,279,1507,5233,15419,25194,28599,18003,5109,587,25,0,0,1506,5232,15418,0,25193,0,28599,0,18003,0,5109,587,25,1048576,4194304,8388608,2097152,16777216,2097152,33554432,8388608,16777216,2097152,8388608,1048576,65536,1.3994300365447998
"9,10,30,72",WIN,4,2997030.0,three-stone-9-10-30-child-proof.csv,EXACT_DIRECT,100000,WIN,100000,17,99794,0.463765,0.99794,215626.44874020247,0,0,0,0,1,1,2,27,170,997,3761,12583,23458,29858,21983,6556,588,15,0,0,996,3760,12582,0,23457,0,29857,0,21983,0,6556,588,15,1048576,4194304,8388608,2097152,16777216,2097152,33554432,8388608,16777216,2097152,8388608,1048576,65536,1.3924424648284912
"2,9,10,30",WIN,4,5490927.0,three-stone-9-10-30-child-proof.csv,EXACT_DIRECT,100000,WIN,100000,17,99759,0.421096,0.99759,237475.54001937798,0,0,0,0,1,2,2,48,181,1485,5077,16598,26994,30114,16138,3172,186,2,0,0,1484,5076,16597,0,26993,0,30113,0,16137,0,3171,186,2,1048576,4194304,8388608,2097152,16777216,2097152,33554432,8388608,16777216,2097152,8388608,1048576,65536,1.3949182033538818
"3,9,10,30",WIN,4,5858852.0,three-stone-9-10-30-child-proof.csv,EXACT_DIRECT,100000,WIN,100000,18,99803,0.423781,0.99803,235970.93781929815,0,0,0,0,1,1,2,16,150,903,3741,11708,22764,28576,22245,8474,1313,86,20,0,902,3740,11707,0,22763,0,28575,0,22244,0,8473,1313,86,1048576,4194304,8388608,2097152,16777216,2097152,33554432,8388608,16777216,2097152,8388608,1048576,65536,1.3562448024749756
"9,10,11,30",WIN,4,4129394.0,three-stone-9-10-30-child-proof.csv,EXACT_DIRECT,100000,WIN,100000,18,99872,0.49911,0.99872,200356.63480996175,0,0,0,0,1,1,3,8,102,541,2719,8832,20524,28502,26185,10954,1556,65,7,0,540,2718,8831,0,20523,0,28501,0,26184,0,10954,1556,65,1048576,4194304,8388608,2097152,16777216,2097152,33554432,8388608,16777216,2097152,8388608,1048576,65536,1.4554319381713867
"9,10,30,34",WIN,4,5770743.0,three-stone-9-10-30-child-proof.csv,EXACT_DIRECT,100000,WIN,100000,17,99848,0.398743,0.99848,250788.10160930722,0,0,0,0,1,1,2,14,131,906,3777,11517,22697,28874,22954,8107,985,34,0,0,905,3776,11516,0,22697,0,28874,0,22954,0,8107,985,34,1048576,4194304,8388608,2097152,16777216,2097152,33554432,8388608,16777216,2097152,8388608,1048576,65536,1.4540057182312012
"9,10,30,38",WIN,4,6247759.0,three-stone-9-10-30-child-proof.csv,EXACT_DIRECT,100000,WIN,100000,18,99779,0.422047,0.99779,236940.43554390862,0,0,0,0,1,1,2,22,181,1079,4191,12740,23453,28722,21053,7400,1079,66,10,0,1078,4190,12739,0,23452,0,28722,0,21053,0,7400,1079,66,1048576,4194304,8388608,2097152,16777216,2097152,33554432,8388608,16777216,2097152,8388608,1048576,65536,1.3601953983306885
"0,19,39,60",WIN,4,6289219.0,three-stone-9-10-30-child-proof.csv,EXACT_DIRECT,100000,WIN,100000,18,99722,0.433251,0.99722,230813.0852554293,0,0,0,0,1,1,2,29,232,1200,4739,14170,25088,28900,19208,5733,654,35,8,0,1199,4738,14169,0,25087,0,28899,0,19208,0,5733,654,35,1048576,4194304,8388608,2097152,16777216,2097152,33554432,8388608,16777216,2097152,8388608,1048576,65536,1.3569087982177734
"9,10,30,61",WIN,4,5069291.0,three-stone-9-10-30-child-proof.csv,EXACT_DIRECT,100000,WIN,100000,17,99863,0.42223,0.99863,236837.74246263885,0,0,0,0,1,1,2,9,118,658,3115,9758,21217,28238,25071,10267,1481,64,0,0,657,3114,9757,0,21216,0,28237,0,25070,0,10267,1481,64,1048576,4194304,8388608,2097152,16777216,2097152,33554432,8388608,16777216,2097152,8388608,1048576,65536,1.3918132781982422
"9,10,30,63",WIN,4,4379585.0,three-stone-9-10-30-child-proof.csv,EXACT_DIRECT,100000,WIN,100000,17,99786,0.405451,0.99786,246638.9280085633,0,0,0,0,1,1,2,18,189,1108,4413,13435,24409,28954,20444,6382,635,9,0,0,1107,4412,13434,0,24409,0,28954,0,20444,0,6382,635,9,1048576,4194304,8388608,2097152,16777216,2097152,33554432,8388608,16777216,2097152,8388608,1048576,65536,1.3835902214050293
"0,19,39,71",WIN,4,5358161.0,three-stone-9-10-30-child-proof.csv,EXACT_DIRECT,100000,WIN,100000,17,99868,0.427899,0.99868,233700.00864690033,0,0,0,0,1,1,1,9,114,743,3309,11312,22878,29922,23116,7731,843,20,0,0,742,3308,11311,0,22877,0,29921,0,23115,0,7731,843,20,1048576,4194304,8388608,2097152,16777216,2097152,33554432,8388608,16777216,2097152,8388608,1048576,65536,1.3676092624664307
"0,19,39,84",WIN,4,16297760.0,three-stone-9-10-30-child-proof.csv,EXACT_DIRECT,100000,WIN,100000,18,99901,0.398457,0.99901,250968.1094823281,0,0,0,0,1,1,1,8,74,410,2265,7961,19617,27991,26600,12625,2315,121,10,0,409,2264,7960,0,19616,0,27991,0,26600,0,12625,2315,121,1048576,4194304,8388608,2097152,16777216,2097152,33554432,8388608,16777216,2097152,8388608,1048576,65536,1.3678789138793945
"0,19,39,90",WIN,4,5071383.0,three-stone-9-10-30-child-proof.csv,EXACT_DIRECT,100000,WIN,100000,18,99894,0.477158,0.99894,209574.18716651507,0,0,0,0,1,1,3,4,87,383,2399,7945,20617,29328,27291,10598,1285,50,8,0,382,2398,7945,0,20617,0,29328,0,27291,0,10598,1285,50,1048576,4194304,8388608,2097152,16777216,2097152,33554432,8388608,16777216,2097152,8388608,1048576,65536,1.421961784362793
"9,10,14,30",WIN,4,6861583.0,three-stone-9-10-30-child-proof.csv,EXACT_DIRECT,100000,WIN,100000,17,99787,0.426862,0.99787,234267.7492960254,0,0,0,0,1,1,1,29,177,1148,4353,13526,24500,29598,20321,5821,515,9,0,0,1147,4352,13525,0,24499,0,29598,0,20321,0,5821,515,9,1048576,4194304,8388608,2097152,16777216,2097152,33554432,8388608,16777216,2097152,8388608,1048576,65536,1.398240089416504
"9,10,30,43",WIN,4,6645424.0,three-stone-9-10-30-child-proof.csv,EXACT_DIRECT,100000,WIN,100000,17,99904,0.451045,0.99904,221707.36844439027,0,0,0,0,1,1,3,4,83,371,2310,7852,20085,28532,27143,11790,1749,76,0,0,370,2309,7851,0,20084,0,28532,0,27143,0,11790,1749,76,1048576,4194304,8388608,2097152,16777216,2097152,33554432,8388608,16777216,2097152,8388608,1048576,65536,1.4637010097503662
"9,10,30,81",WIN,4,7627079.0,three-stone-9-10-30-child-proof.csv,EXACT_DIRECT,100000,WIN,100000,17,99760,0.409889,0.9976,243968.4890299569,0,0,0,0,1,1,2,24,206,1063,4389,13137,23908,28541,20575,7076,1029,48,0,0,1062,4388,13136,0,23907,0,28540,0,20574,0,7076,1029,48,1048576,4194304,8388608,2097152,16777216,2097152,33554432,8388608,16777216,2097152,8388608,1048576,65536,1.37734055519104
"1,3,29,90",WIN,4,5617073.0,three-stone-9-10-30-child-proof.csv,EXACT_DIRECT,100000,WIN,100000,17,99917,0.396655,0.99917,252108.25528481932,0,0,0,0,1,1,1,7,70,580,2656,10318,21721,30087,24527,8910,1091,30,0,0,579,2655,10317,0,21721,0,30087,0,24527,0,8910,1091,30,1048576,4194304,8388608,2097152,16777216,2097152,33554432,8388608,16777216,2097152,8388608,1048576,65536,1.3773236274719238
"9,10,16,30",WIN,4,4129394.0,three-stone-9-10-30-child-proof.csv,EXACT_DIRECT,100000,WIN,100000,18,99872,0.434853,0.99872,229962.76902769442,0,0,0,0,1,1,3,8,102,541,2719,8832,20524,28502,26185,10954,1556,65,7,0,540,2718,8831,0,20523,0,28501,0,26184,0,10954,1556,65,1048576,4194304,8388608,2097152,16777216,2097152,33554432,8388608,16777216,2097152,8388608,1048576,65536,1.4507498741149902
"9,10,18,30",WIN,4,5810987.0,three-stone-9-10-30-child-proof.csv,EXACT_DIRECT,100000,WIN,100000,17,99817,0.422276,0.99817,236811.94289990433,0,0,0,0,1,1,2,26,148,946,3682,12469,23660,30174,21858,6474,550,9,0,0,945,3681,12468,0,23659,0,30173,0,21858,0,6474,550,9,1048576,4194304,8388608,2097152,16777216,2097152,33554432,8388608,16777216,2097152,8388608,1048576,65536,1.409515380859375
"9,10,30,37",WIN,4,33175308.0,three-stone-9-10-30-child-proof.csv,EXACT_DIRECT,100000,WIN,100000,17,99741,0.404853,0.99741,247003.23327232353,0,0,0,0,1,1,1,43,208,1380,4775,15668,25922,30416,17516,3806,259,4,0,0,1379,4774,15667,0,25921,0,30415,0,17516,0,3806,259,4,1048576,4194304,8388608,2097152,16777216,2097152,33554432,8388608,16777216,2097152,8388608,1048576,65536,1.3710718154907227
"9,10,30,42",WIN,4,6100320.0,three-stone-9-10-30-child-proof.csv,EXACT_DIRECT,100000,WIN,100000,18,99879,0.39337,0.99879,254213.59025853523,0,0,0,0,1,1,1,13,92,622,2814,10151,21726,29718,24590,8980,1223,59,9,0,621,2813,10150,0,21725,0,29718,0,24590,0,8980,1223,59,1048576,4194304,8388608,2097152,16777216,2097152,33554432,8388608,16777216,2097152,8388608,1048576,65536,1.4419198036193848
"0,19,39,42",WIN,4,7682542.0,three-stone-9-10-30-child-proof.csv,EXACT_DIRECT,100000,WIN,100000,17,99826,0.431542,0.99826,231727.15517840674,0,0,0,0,1,1,1,17,151,887,3748,11718,22947,29084,22530,7877,999,39,0,0,886,3747,11717,0,22947,0,29084,0,22530,0,7877,999,39,1048576,4194304,8388608,2097152,16777216,2097152,33554432,8388608,16777216,2097152,8388608,1048576,65536,1.4962563514709473
"0,19,39,44",WIN,4,4967096.0,three-stone-9-10-30-child-proof.csv,EXACT_DIRECT,100000,WIN,100000,18,99799,0.420887,0.99799,237593.4633286369,0,0,0,0,1,1,4,12,165,855,4101,12431,24539,29454,21237,6502,662,25,11,0,854,4100,12430,0,24538,0,29453,0,21236,0,6501,662,25,1048576,4194304,8388608,2097152,16777216,2097152,33554432,8388608,16777216,2097152,8388608,1048576,65536,1.3397693634033203
"9,10,28,30",WIN,4,7318467.0,three-stone-9-10-30-child-proof.csv,EXACT_DIRECT,100000,WIN,100000,17,99675,0.373471,0.99675,267758.40694458206,0,0,0,0,1,2,2,55,264,1767,5844,17424,26574,29113,15554,3179,219,2,0,0,1766,5844,17424,0,26574,0,29113,0,15554,0,3179,219,2,1048576,4194304,8388608,2097152,16777216,2097152,33554432,8388608,16777216,2097152,8388608,1048576,65536,1.339810848236084
"9,10,30,36",WIN,4,7241455.0,three-stone-9-10-30-child-proof.csv,EXACT_DIRECT,100000,WIN,100000,17,99727,0.381926,0.99727,261830.82586679095,0,0,0,0,1,1,3,29,234,1374,5192,14866,25438,29168,18793,4603,296,2,0,0,1373,5191,14865,0,25437,0,29167,0,18793,0,4603,296,2,1048576,4194304,8388608,2097152,16777216,2097152,33554432,8388608,16777216,2097152,8388608,1048576,65536,1.3471357822418213
"0,19,39,50",WIN,4,10193210.0,three-stone-9-10-30-child-proof.csv,EXACT_DIRECT,100000,WIN,100000,17,99799,0.401607,0.99799,248999.6439305092,0,0,0,0,1,1,2,29,165,1156,4749,14944,25797,29863,18290,4624,375,4,0,0,1155,4748,14943,0,25797,0,29863,0,18290,0,4624,375,4,1048576,4194304,8388608,2097152,16777216,2097152,33554432,8388608,16777216,2097152,8388608,1048576,65536,1.3463828563690186
"9,10,30,51",WIN,4,4445319.0,three-stone-9-10-30-child-proof.csv,EXACT_DIRECT,100000,WIN,100000,17,99826,0.415565,0.99826,240636.2422244414,0,0,0,0,1,1,2,19,145,930,3911,12666,24246,29380,21619,6496,573,11,0,0,929,3910,12665,0,24245,0,29379,0,21618,0,6496,573,11,1048576,4194304,8388608,2097152,16777216,2097152,33554432,8388608,16777216,2097152,8388608,1048576,65536,1.3492484092712402
"0,19,39,51",WIN,4,15355579.0,three-stone-9-10-30-child-proof.csv,EXACT_DIRECT,100000,WIN,100000,18,99801,0.400051,0.99801,249968.12906354442,0,0,0,0,1,1,2,23,160,951,4005,12640,23719,29412,21508,6755,779,37,7,0,950,4004,12639,0,23718,0,29411,0,21508,0,6755,779,37,1048576,4194304,8388608,2097152,16777216,2097152,33554432,8388608,16777216,2097152,8388608,1048576,65536,1.398223638534546
"9,10,30,52",WIN,4,4976837.0,three-stone-9-10-30-child-proof.csv,EXACT_DIRECT,100000,WIN,100000,18,99885,0.431641,0.99885,231674.00687145104,0,0,0,0,1,1,2,5,60,312,1792,6305,17002,26749,28626,15528,3313,263,41,0,311,1791,6304,0,17001,0,26748,0,28626,0,15528,3313,263,1048576,4194304,8388608,2097152,16777216,2097152,33554432,8388608,16777216,2097152,8388608,1048576,65536,1.3925445079803467
"0,19,39,54",WIN,4,8806029.0,three-stone-9-10-30-child-proof.csv,EXACT_DIRECT,100000,WIN,100000,18,99835,0.400556,0.99835,249652.9823545272,0,0,0,0,1,1,2,14,135,866,3693,11765,23227,29173,22057,7949,1066,44,7,0,865,3692,11764,0,23226,0,29172,0,22057,0,7949,1066,44,1048576,4194304,8388608,2097152,16777216,2097152,33554432,8388608,16777216,2097152,8388608,1048576,65536,1.3699586391448975
"0,19,39,63",WIN,4,5427843.0,three-stone-9-10-30-child-proof.csv,EXACT_DIRECT,100000,WIN,100000,18,99841,0.421181,0.99841,237427.61425610367,0,0,0,0,1,1,3,11,131,788,3571,11488,23459,29427,23117,7276,692,28,7,0,787,3570,11487,0,23458,0,29426,0,23117,0,7276,692,28,1048576,4194304,8388608,2097152,16777216,2097152,33554432,8388608,16777216,2097152,8388608,1048576,65536,1.4777412414550781
"0,19,39,64",WIN,4,10960618.0,three-stone-9-10-30-child-proof.csv,EXACT_DIRECT,100000,WIN,100000,17,99753,0.424175,0.99753,235751.75340366593,0,0,0,0,1,1,2,33,204,1275,4833,14665,25242,29112,18760,5340,523,9,0,0,1274,4832,14664,0,25241,0,29111,0,18759,0,5340,523,9,1048576,4194304,8388608,2097152,16777216,2097152,33554432,8388608,16777216,2097152,8388608,1048576,65536,1.3930678367614746
"9,10,30,73",WIN,4,6443370.0,three-stone-9-10-30-child-proof.csv,EXACT_DIRECT,100000,WIN,100000,18,99804,0.427806,0.99804,233750.8122840727,0,0,0,0,1,1,3,10,157,828,3772,11082,22788,28071,22540,9207,1446,77,17,0,827,3771,11081,0,22787,0,28070,0,22539,0,9206,1446,77,1048576,4194304,8388608,2097152,16777216,2097152,33554432,8388608,16777216,2097152,8388608,1048576,65536,1.3572063446044922
"4,9,10,30",WIN,4,4418109.0,three-stone-9-10-30-child-proof.csv,EXACT_DIRECT,100000,WIN,100000,17,99890,0.427782,0.9989,233763.9264859204,0,0,0,0,1,1,2,7,93,678,2988,10022,21918,29291,24438,9242,1265,54,0,0,677,2987,10021,0,21917,0,29290,0,24437,0,9242,1265,54,1048576,4194304,8388608,2097152,16777216,2097152,33554432,8388608,16777216,2097152,8388608,1048576,65536,1.4718132019042969
"5,9,10,30",WIN,4,4802691.0,three-stone-9-10-30-child-proof.csv,EXACT_DIRECT,100000,WIN,100000,17,99902,0.420772,0.99902,237658.3993231489,0,0,0,0,1,1,2,7,82,560,2635,9216,20887,29495,25758,10003,1310,43,0,0,559,2634,9215,0,20886,0,29494,0,25758,0,10003,1310,43,1048576,4194304,8388608,2097152,16777216,2097152,33554432,8388608,16777216,2097152,8388608,1048576,65536,1.3933923244476318
"9,10,12,30",WIN,4,4657764.0,three-stone-9-10-30-child-proof.csv,EXACT_DIRECT,100000,WIN,100000,17,99743,0.409183,0.99743,244389.42966838798,0,0,0,0,1,2,2,48,197,1550,5212,16757,26840,29712,16281,3220,176,2,0,0,1549,5211,16756,0,26839,0,29711,0,16280,0,3219,176,2,1048576,4194304,8388608,2097152,16777216,2097152,33554432,8388608,16777216,2097152,8388608,1048576,65536,1.3749828338623047
"9,10,30,35",WIN,4,35355700.0,three-stone-9-10-30-child-proof.csv,EXACT_DIRECT,100000,WIN,100000,17,99835,0.429345,0.99835,232912.9255028008,0,0,0,0,1,1,1,14,143,849,3487,11339,22479,28896,23264,8462,1031,33,0,0,848,3486,11338,0,22478,0,28895,0,23264,0,8462,1031,33,1048576,4194304,8388608,2097152,16777216,2097152,33554432,8388608,16777216,2097152,8388608,1048576,65536,1.4374678134918213
"0,19,39,70",WIN,4,5739055.0,three-stone-9-10-30-child-proof.csv,EXACT_DIRECT,100000,WIN,100000,17,99887,0.445186,0.99887,224625.21283238914,0,0,0,0,1,1,2,7,96,480,2727,9025,20713,28532,25231,11083,2003,99,0,0,479,2726,9024,0,20712,0,28531,0,25230,0,11083,2003,99,1048576,4194304,8388608,2097152,16777216,2097152,33554432,8388608,16777216,2097152,8388608,1048576,65536,1.3598718643188477
"0,19,39,80",WIN,4,8330247.0,three-stone-9-10-30-child-proof.csv,EXACT_DIRECT,100000,WIN,100000,18,99865,0.413599,0.99865,241780.0816733116,0,0,0,0,1,1,2,22,102,766,3117,11029,22340,30043,23838,7849,852,35,3,0,765,3116,11028,0,22339,0,30043,0,23838,0,7849,852,35,1048576,4194304,8388608,2097152,16777216,2097152,33554432,8388608,16777216,2097152,8388608,1048576,65536,1.3238000869750977
"1,3,69,90",WIN,4,8739606.0,three-stone-9-10-30-child-proof.csv,EXACT_DIRECT,100000,WIN,100000,17,99858,0.436814,0.99858,228930.39142518328,0,0,0,0,1,1,2,11,126,725,3377,10429,21955,28530,23586,9775,1444,38,0,0,724,3377,10429,0,21955,0,28530,0,23586,0,9775,1444,38,1048576,4194304,8388608,2097152,16777216,2097152,33554432,8388608,16777216,2097152,8388608,1048576,65536,1.4621076583862305
"1,3,89,90",WIN,4,6896235.0,three-stone-9-10-30-child-proof.csv,EXACT_DIRECT,100000,WIN,100000,17,99737,0.402502,0.99737,248445.97045480518,0,0,0,0,1,1,1,35,221,1330,4899,15258,25954,29961,17690,4250,387,12,0,0,1329,4898,15257,0,25953,0,29961,0,17690,0,4250,387,12,1048576,4194304,8388608,2097152,16777216,2097152,33554432,8388608,16777216,2097152,8388608,1048576,65536,1.375847339630127
"6,9,10,30",WIN,4,3955210.0,three-stone-9-10-30-child-proof.csv,EXACT_DIRECT,100000,WIN,100000,17,99779,0.404701,0.99779,247096.00421051594,0,0,0,0,1,1,1,36,176,1252,4274,14398,25233,30483,19233,4603,307,2,0,0,1251,4273,14397,0,25232,0,30482,0,19232,0,4603,307,2,1048576,4194304,8388608,2097152,16777216,2097152,33554432,8388608,16777216,2097152,8388608,1048576,65536,1.361417531967163
"7,9,10,30",WIN,4,8139427.0,three-stone-9-10-30-child-proof.csv,EXACT_DIRECT,100000,WIN,100000,17,99889,0.425081,0.99889,235249.281901567,0,0,0,0,1,1,2,8,92,501,2591,8559,20013,28354,26062,11883,1869,64,0,0,500,2590,8558,0,20012,0,28353,0,26061,0,11882,1869,64,1048576,4194304,8388608,2097152,16777216,2097152,33554432,8388608,16777216,2097152,8388608,1048576,65536,1.41977858543396
"8,9,10,30",WIN,4,5527908.0,three-stone-9-10-30-child-proof.csv,EXACT_DIRECT,100000,WIN,100000,17,99931,0.458683,0.99931,218015.49218087437,0,0,0,0,1,1,2,6,54,295,1814,6660,18184,28202,28410,13894,2383,94,0,0,294,1813,6659,0,18183,0,28201,0,28410,0,13894,2383,94,1048576,4194304,8388608,2097152,16777216,2097152,33554432,8388608,16777216,2097152,8388608,1048576,65536,1.4779093265533447
"9,10,13,30",WIN,4,6694464.0,three-stone-9-10-30-child-proof.csv,EXACT_DIRECT,100000,WIN,100000,17,99889,0.473937,0.99889,210998.50824054674,0,0,0,0,1,1,3,7,92,477,2639,8475,20436,28085,26207,11519,1959,99,0,0,476,2638,8474,0,20435,0,28084,0,26206,0,11518,1959,99,1048576,4194304,8388608,2097152,16777216,2097152,33554432,8388608,16777216,2097152,8388608,1048576,65536,1.4411921501159668
"9,10,15,30",WIN,4,9607607.0,three-stone-9-10-30-child-proof.csv,EXACT_DIRECT,100000,WIN,100000,17,99734,0.399848,0.99734,250095.03611372324,0,0,0,0,1,1,1,40,217,1393,4852,14691,24493,28621,19096,5831,727,36,0,0,1392,4851,14690,0,24492,0,28620,0,19095,0,5831,727,36,1048576,4194304,8388608,2097152,16777216,2097152,33554432,8388608,16777216,2097152,8388608,1048576,65536,1.3342554569244385
"9,10,17,30",WIN,4,4372405.0,three-stone-9-10-30-child-proof.csv,EXACT_DIRECT,100000,WIN,100000,18,99864,0.406088,0.99864,246252.0438919643,0,0,0,0,1,1,2,12,102,638,2980,10041,21671,29009,24775,9440,1257,59,12,0,637,2979,10040,0,21670,0,29008,0,24774,0,9440,1257,59,1048576,4194304,8388608,2097152,16777216,2097152,33554432,8388608,16777216,2097152,8388608,1048576,65536,1.3642315864562988
"9,10,21,30",WIN,4,8774644.0,three-stone-9-10-30-child-proof.csv,EXACT_DIRECT,100000,WIN,100000,17,99812,0.414907,0.99812,241017.86665445508,0,0,0,0,1,1,1,33,145,1030,3898,13649,24611,30996,20387,4913,328,7,0,0,1029,3897,13648,0,24610,0,30995,0,20386,0,4912,328,7,1048576,4194304,8388608,2097152,16777216,2097152,33554432,8388608,16777216,2097152,8388608,1048576,65536,1.3675506114959717
"9,10,23,30",WIN,4,5285080.0,three-stone-9-10-30-child-proof.csv,EXACT_DIRECT,100000,WIN,100000,17,99844,0.431274,0.99844,231871.15383723573,0,0,0,0,1,1,2,22,125,868,3586,11556,22727,29310,22499,8176,1092,35,0,0,867,3585,11555,0,22726,0,29309,0,22499,0,8176,1092,35,1048576,4194304,8388608,2097152,16777216,2097152,33554432,8388608,16777216,2097152,8388608,1048576,65536,1.350888729095459
"9,10,27,30",WIN,4,5902767.0,three-stone-9-10-30-child-proof.csv,EXACT_DIRECT,100000,WIN,100000,17,99898,0.421374,0.99898,237318.86637523907,0,0,0,0,1,1,1,15,82,707,2861,10832,21878,30304,23794,8448,1048,28,0,0,706,2860,10832,0,21878,0,30304,0,23794,0,8448,1048,28,1048576,4194304,8388608,2097152,16777216,2097152,33554432,8388608,16777216,2097152,8388608,1048576,65536,1.4124834537506104
"9,10,30,31",WIN,4,6283641.0,three-stone-9-10-30-child-proof.csv,EXACT_DIRECT,100000,WIN,100000,17,99921,0.463049,0.99921,215959.86601849913,0,0,0,0,1,1,2,4,64,392,2157,7611,19298,28535,27883,12225,1771,56,0,0,391,2156,7610,0,19297,0,28534,0,27882,0,12224,1771,56,1048576,4194304,8388608,2097152,16777216,2097152,33554432,8388608,16777216,2097152,8388608,1048576,65536,1.4254255294799805
"9,10,30,32",WIN,4,7349489.0,three-stone-9-10-30-child-proof.csv,EXACT_DIRECT,100000,WIN,100000,17,99845,0.423605,0.99845,236068.97935576775,0,0,0,0,1,1,2,13,133,758,3393,10619,22131,28956,23477,9224,1256,36,0,0,757,3392,10618,0,22130,0,28955,0,23477,0,9224,1256,36,1048576,4194304,8388608,2097152,16777216,2097152,33554432,8388608,16777216,2097152,8388608,1048576,65536,1.3553745746612549
"9,10,30,33",WIN,4,5920970.0,three-stone-9-10-30-child-proof.csv,EXACT_DIRECT,100000,WIN,100000,18,99920,0.460935,0.9992,216950.3292221246,0,0,0,0,1,1,2,5,56,339,2053,7204,18698,28099,27758,13257,2393,125,9,0,338,2052,7203,0,18697,0,28098,0,27757,0,13257,2393,125,1048576,4194304,8388608,2097152,16777216,2097152,33554432,8388608,16777216,2097152,8388608,1048576,65536,1.4238638877868652
"0,19,39,41",WIN,4,15405768.0,three-stone-9-10-30-child-proof.csv,EXACT_DIRECT,100000,WIN,100000,17,99897,0.424364,0.99897,235646.7560867557,0,0,0,0,1,1,3,3,88,382,2575,8215,20382,28345,26614,11690,1653,48,0,0,381,2574,8214,0,20381,0,28344,0,26613,0,11689,1653,48,1048576,4194304,8388608,2097152,16777216,2097152,33554432,8388608,16777216,2097152,8388608,1048576,65536,1.3987956047058105
"0,19,39,43",WIN,4,5295329.0,three-stone-9-10-30-child-proof.csv,EXACT_DIRECT,100000,WIN,100000,17,99836,0.434097,0.99836,230363.25982441712,0,0,0,0,1,1,2,12,143,805,3589,11150,22814,28812,23017,8529,1087,38,0,0,804,3588,11149,0,22813,0,28811,0,23017,0,8529,1087,38,1048576,4194304,8388608,2097152,16777216,2097152,33554432,8388608,16777216,2097152,8388608,1048576,65536,1.3932178020477295
"9,10,30,44",WIN,4,5234809.0,three-stone-9-10-30-child-proof.csv,EXACT_DIRECT,100000,WIN,100000,17,99918,0.458066,0.99918,218309.15195626832,0,0,0,0,1,1,2,6,69,441,2191,7683,19173,28041,27136,12844,2299,113,0,0,440,2190,7682,0,19173,0,28041,0,27136,0,12844,2299,113,1048576,4194304,8388608,2097152,16777216,2097152,33554432,8388608,16777216,2097152,8388608,1048576,65536,1.4029860496520996
"0,19,39,53",WIN,4,10056578.0,three-stone-9-10-30-child-proof.csv,EXACT_DIRECT,100000,WIN,100000,17,99703,0.427909,0.99703,233694.54720513007,0,0,0,0,1,1,1,47,240,1507,5257,16463,26950,30063,16064,3210,193,3,0,0,1506,5256,16462,0,26949,0,30062,0,16063,0,3209,193,3,1048576,4194304,8388608,2097152,16777216,2097152,33554432,8388608,16777216,2097152,8388608,1048576,65536,1.4276268482208252
"0,19,39,73",WIN,4,6061801.0,three-stone-9-10-30-child-proof.csv,EXACT_DIRECT,100000,WIN,100000,17,99824,0.422819,0.99824,236507.82013107263,0,0,0,0,1,1,3,15,152,848,3742,11357,22961,28616,22976,8282,1019,27,0,0,847,3741,11356,0,22960,0,28616,0,22976,0,8282,1019,27,1048576,4194304,8388608,2097152,16777216,2097152,33554432,8388608,16777216,2097152,8388608,1048576,65536,1.4435617923736572
"9,10,30,74",WIN,4,6229934.0,three-stone-9-10-30-child-proof.csv,EXACT_DIRECT,100000,WIN,100000,18,99870,0.449675,0.9987,222382.8320453661,0,0,0,0,1,1,2,6,82,403,2227,7165,18214,26859,27449,14418,2952,188,33,0,402,2226,7164,0,18213,0,26858,0,27449,0,14418,2952,188,1048576,4194304,8388608,2097152,16777216,2097152,33554432,8388608,16777216,2097152,8388608,1048576,65536,1.4238042831420898
"0,19,39,82",WIN,4,10624813.0,three-stone-9-10-30-child-proof.csv,EXACT_DIRECT,100000,WIN,100000,17,99667,0.404483,0.99667,247229.17897661956,0,0,0,0,1,1,2,41,285,1583,6025,16633,26804,28465,16159,3720,276,5,0,0,1582,6024,16632,0,26804,0,28465,0,16159,0,3720,276,5,1048576,4194304,8388608,2097152,16777216,2097152,33554432,8388608,16777216,2097152,8388608,1048576,65536,1.3816094398498535
"1,3,49,90",WIN,4,6677808.0,three-stone-9-10-30-child-proof.csv,EXACT_DIRECT,100000,WIN,100000,17,99868,0.392379,0.99868,254855.63702440754,0,0,0,0,1,1,1,21,103,935,3869,13396,24411,30629,20585,5547,488,13,0,0,934,3868,13395,0,24410,0,30628,0,20585,0,5547,488,13,1048576,4194304,8388608,2097152,16777216,2097152,33554432,8388608,16777216,2097152,8388608,1048576,65536,1.3988804817199707
"9,10,22,30",WIN,4,4855831.0,three-stone-9-10-30-child-proof.csv,EXACT_DIRECT,100000,WIN,100000,17,99921,0.459051,0.99921,217840.7192229186,0,0,0,0,1,1,2,2,70,252,1872,6025,17877,27084,29201,14836,2649,128,0,0,251,1871,6024,0,17877,0,27084,0,29201,0,14836,2649,128,1048576,4194304,8388608,2097152,16777216,2097152,33554432,8388608,16777216,2097152,8388608,1048576,65536,1.4355108737945557
"9,10,24,30",WIN,4,7877006.0,three-stone-9-10-30-child-proof.csv,EXACT_DIRECT,100000,WIN,100000,17,99814,0.420463,0.99814,237833.05546504687,0,0,0,0,1,1,1,30,150,1111,4008,13174,23481,29280,21044,6870,825,24,0,0,1110,4007,13173,0,23481,0,29280,0,21044,0,6870,825,24,1048576,4194304,8388608,2097152,16777216,2097152,33554432,8388608,16777216,2097152,8388608,1048576,65536,1.363861083984375
"9,10,25,30",WIN,4,6884289.0,three-stone-9-10-30-child-proof.csv,EXACT_DIRECT,100000,WIN,100000,17,99739,0.399588,0.99739,250257.7654984634,0,0,0,0,1,1,1,40,211,1484,5144,16004,26164,29685,17154,3818,287,6,0,0,1483,5143,16003,0,26163,0,29684,0,17153,0,3817,287,6,1048576,4194304,8388608,2097152,16777216,2097152,33554432,8388608,16777216,2097152,8388608,1048576,65536,1.4482886791229248
"9,10,26,30",WIN,4,7786966.0,three-stone-9-10-30-child-proof.csv,EXACT_DIRECT,100000,WIN,100000,17,99898,0.415203,0.99898,240846.04398330455,0,0,0,0,1,1,1,11,83,590,2666,9758,21135,29599,24885,9721,1476,73,0,0,589,2665,9757,0,21134,0,29598,0,24885,0,9721,1476,73,1048576,4194304,8388608,2097152,16777216,2097152,33554432,8388608,16777216,2097152,8388608,1048576,65536,1.4763481616973877
"9,10,29,30",WIN,4,4756900.0,three-stone-9-10-30-child-proof.csv,EXACT_DIRECT,100000,WIN,100000,17,99850,0.408867,0.9985,244578.31030628542,0,0,0,0,1,1,1,21,123,842,3336,11279,22392,29794,23237,7974,969,30,0,0,841,3335,11278,0,22392,0,29794,0,23237,0,7974,969,30,1048576,4194304,8388608,2097152,16777216,2097152,33554432,8388608,16777216,2097152,8388608,1048576,65536,1.340022325515747
"0,19,39,52",WIN,4,8230479.0,three-stone-9-10-30-child-proof.csv,EXACT_DIRECT,100000,WIN,100000,18,99787,0.690775,0.99787,144764.93793203286,0,0,0,0,1,1,1,18,176,974,4174,12667,23685,28897,21133,7216,1001,47,9,0,973,4173,12666,0,23684,0,28896,0,21132,0,7215,1001,47,1048576,4194304,8388608,2097152,16777216,2097152,33554432,8388608,16777216,2097152,8388608,1048576,65536,1.8613903522491455
"9,10,30,53",WIN,4,6898245.0,three-stone-9-10-30-child-proof.csv,EXACT_DIRECT,100000,WIN,100000,18,99889,0.824517,0.99889,121283.12697009278,0,0,0,0,1,1,2,12,85,560,2661,9399,21149,29376,25267,9977,1445,61,4,0,559,2660,9398,0,21148,0,29375,0,25266,0,9977,1445,61,1048576,4194304,8388608,2097152,16777216,2097152,33554432,8388608,16777216,2097152,8388608,1048576,65536,2.276407241821289
"0,19,39,61",WIN,4,8118937.0,three-stone-9-10-30-child-proof.csv,EXACT_DIRECT,100000,WIN,100000,17,99838,0.86789,0.99838,115221.97513509776,0,0,0,0,1,1,1,20,135,975,4123,13705,24881,30171,20013,5478,488,8,0,0,974,4122,13704,0,24880,0,30171,0,20013,0,5478,488,8,1048576,4194304,8388608,2097152,16777216,2097152,33554432,8388608,16777216,2097152,8388608,1048576,65536,2.474173069000244
"9,10,30,62",WIN,4,5219433.0,three-stone-9-10-30-child-proof.csv,EXACT_DIRECT,100000,WIN,100000,17,99905,0.903099,0.99905,110729.83139168574,0,0,0,0,1,1,1,6,80,503,2428,8832,20569,29374,26137,10543,1473,52,0,0,502,2427,8831,0,20568,0,29373,0,26136,0,10543,1473,52,1048576,4194304,8388608,2097152,16777216,2097152,33554432,8388608,16777216,2097152,8388608,1048576,65536,2.6627931594848633
"0,19,39,62",WIN,4,13290786.0,three-stone-9-10-30-child-proof.csv,EXACT_DIRECT,100000,WIN,100000,17,99498,0.405723,0.99498,246473.57926467073,0,0,0,0,1,1,2,66,426,2071,7107,18068,27209,27019,14658,3184,187,1,0,0,2070,7106,18067,0,27208,0,27018,0,14657,0,3184,187,1,1048576,4194304,8388608,2097152,16777216,2097152,33554432,8388608,16777216,2097152,8388608,1048576,65536,1.7053108215332031
"9,10,30,64",WIN,4,7992679.0,three-stone-9-10-30-child-proof.csv,EXACT_DIRECT,100000,WIN,100000,17,99876,0.423169,0.99876,236312.2062343886,0,0,0,0,1,1,2,10,104,566,2979,9766,21799,29220,25177,9330,1027,18,0,0,565,2978,9765,0,21798,0,29219,0,25176,0,9330,1027,18,1048576,4194304,8388608,2097152,16777216,2097152,33554432,8388608,16777216,2097152,8388608,1048576,65536,1.6068921089172363
"9,10,30,71",WIN,4,4575762.0,three-stone-9-10-30-child-proof.csv,EXACT_DIRECT,100000,WIN,100000,17,99849,0.444665,0.99849,224888.39913193078,0,0,0,0,1,1,2,14,127,681,3109,9843,21332,27974,25028,10390,1444,54,0,0,680,3108,9842,0,21331,0,27973,0,25027,0,10390,1444,54,1048576,4194304,8388608,2097152,16777216,2097152,33554432,8388608,16777216,2097152,8388608,1048576,65536,1.4098331928253174
"0,19,39,72",WIN,4,10360381.0,three-stone-9-10-30-child-proof.csv,EXACT_DIRECT,100000,WIN,100000,17,99858,0.413098,0.99858,242073.30948104322,0,0,0,0,1,1,1,17,118,881,3806,12558,23888,29760,21394,6732,797,46,0,0,880,3805,12557,0,23887,0,29760,0,21394,0,6732,797,46,1048576,4194304,8388608,2097152,16777216,2097152,33554432,8388608,16777216,2097152,8388608,1048576,65536,1.3993761539459229
"0,19,39,74",WIN,4,6041154.0,three-stone-9-10-30-child-proof.csv,EXACT_DIRECT,100000,WIN,100000,18,99934,0.463631,0.99934,215688.7697328263,0,0,0,0,1,1,1,5,41,400,2015,7912,19261,29114,27260,11859,1984,134,12,0,399,2014,7911,0,19260,0,29113,0,27260,0,11859,1984,134,1048576,4194304,8388608,2097152,16777216,2097152,33554432,8388608,16777216,2097152,8388608,1048576,65536,1.553776741027832
"0,19,39,81",WIN,4,5595421.0,three-stone-9-10-30-child-proof.csv,EXACT_DIRECT,100000,WIN,100000,17,99904,0.431179,0.99904,231922.2411110003,0,0,0,0,1,1,2,5,84,459,2566,9113,21697,29919,25699,9297,1114,43,0,0,458,2565,9112,0,21697,0,29919,0,25699,0,9297,1114,43,1048576,4194304,8388608,2097152,16777216,2097152,33554432,8388608,16777216,2097152,8388608,1048576,65536,1.508040189743042
"9,10,30,82",WIN,4,6135612.0,three-stone-9-10-30-child-proof.csv,EXACT_DIRECT,100000,WIN,100000,18,99793,0.453196,0.99793,220655.0808038906,0,0,0,0,1,1,2,7,114,626,3008,9993,21848,28975,24262,9448,1479,160,76,0,625,3007,9992,0,21847,0,28974,0,24261,0,9448,1479,160,1048576,4194304,8388608,2097152,16777216,2097152,33554432,8388608,16777216,2097152,8388608,1048576,65536,1.4446051120758057
"9,10,30,83",WIN,4,7230535.0,three-stone-9-10-30-child-proof.csv,EXACT_DIRECT,100000,WIN,100000,17,99841,0.443858,0.99841,225297.2797606442,0,0,0,0,1,1,1,20,132,918,3777,12466,23394,29403,21691,7268,894,34,0,0,917,3776,12465,0,23393,0,29403,0,21691,0,7268,894,34,1048576,4194304,8388608,2097152,16777216,2097152,33554432,8388608,16777216,2097152,8388608,1048576,65536,1.434262990951538
"0,19,39,83",WIN,4,7370958.0,three-stone-9-10-30-child-proof.csv,EXACT_DIRECT,100000,WIN,100000,17,99853,0.382737,0.99853,261276.0198256244,0,0,0,0,1,1,1,15,125,862,3677,12300,23798,29831,21906,6789,677,17,0,0,861,3676,12299,0,23797,0,29831,0,21906,0,6789,677,17,1048576,4194304,8388608,2097152,16777216,2097152,33554432,8388608,16777216,2097152,8388608,1048576,65536,1.3621714115142822
"9,10,30,84",WIN,4,8346438.0,three-stone-9-10-30-child-proof.csv,EXACT_DIRECT,100000,WIN,100000,17,99894,0.442892,0.99894,225788.6798587466,0,0,0,0,1,1,3,5,92,405,2387,7647,19692,28212,27049,12555,1889,62,0,0,404,2386,7646,0,19691,0,28212,0,27049,0,12555,1889,62,1048576,4194304,8388608,2097152,16777216,2097152,33554432,8388608,16777216,2097152,8388608,1048576,65536,1.3764269351959229
"1,3,19,90",WIN,4,6247146.0,three-stone-9-10-30-child-proof.csv,EXACT_DIRECT,100000,WIN,100000,17,99917,0.404546,0.99917,247190.67794515332,0,0,0,0,1,1,1,7,70,580,2656,10318,21721,30087,24527,8910,1091,30,0,0,579,2655,10317,0,21721,0,30087,0,24527,0,8910,1091,30,1048576,4194304,8388608,2097152,16777216,2097152,33554432,8388608,16777216,2097152,8388608,1048576,65536,1.3869376182556152
"1,3,39,90",WIN,4,6438254.0,three-stone-9-10-30-child-proof.csv,EXACT_DIRECT,100000,WIN,100000,17,99879,0.416701,0.99879,239980.22562940815,0,0,0,0,1,1,2,11,103,603,3030,9803,21429,28791,24629,9985,1539,73,0,0,602,3029,9802,0,21429,0,28791,0,24629,0,9985,1539,73,1048576,4194304,8388608,2097152,16777216,2097152,33554432,8388608,16777216,2097152,8388608,1048576,65536,1.3942196369171143
"1,3,59,90",WIN,4,9543079.0,three-stone-9-10-30-child-proof.csv,EXACT_DIRECT,100000,WIN,100000,17,99921,0.446072,0.99921,224179.0562958446,0,0,0,0,1,1,2,6,63,488,2420,9251,20818,29680,25542,10143,1522,63,0,0,487,2419,9250,0,20817,0,29679,0,25541,0,10143,1522,63,1048576,4194304,8388608,2097152,16777216,2097152,33554432,8388608,16777216,2097152,8388608,1048576,65536,1.403998851776123
"1,3,79,90",WIN,4,7869942.0,three-stone-9-10-30-child-proof.csv,EXACT_DIRECT,100000,WIN,100000,17,99910,0.459688,0.9991,217538.85243904562,0,0,0,0,1,1,2,8,72,528,2472,9270,21003,29830,25553,9916,1305,39,0,0,527,2471,9269,0,21002,0,29829,0,25552,0,9916,1305,39,1048576,4194304,8388608,2097152,16777216,2097152,33554432,8388608,16777216,2097152,8388608,1048576,65536,1.498563528060913
"90,61,13",WIN,3,80553789.0,three-stone-subsets-of-medium-loss.csv,EXACT_INDEPENDENT_SEARCH,100000,WIN,100000,18,99705,0.454345,0.99705,220097.06280469688,0,0,0,1,1,1,5,29,246,1148,4788,13792,24757,28558,19820,6129,690,29,6,0,1147,4787,13791,0,24756,0,28557,0,19819,0,6129,690,29,1048576,4194304,8388608,2097152,16777216,2097152,33554432,8388608,16777216,2097152,8388608,1048576,65536,1.4739630222320557
"90,2,73",WIN,3,19509339.0,three-stone-subsets-of-medium-loss.csv,EXACT_INDEPENDENT_SEARCH,100000,WIN,100000,17,99683,0.443437,0.99683,225511.17746151087,0,0,0,1,1,1,1,37,272,1424,4964,14835,24906,28879,19287,5029,357,6,0,0,1423,4963,14834,0,24905,0,28879,0,19287,0,5029,357,6,1048576,4194304,8388608,2097152,16777216,2097152,33554432,8388608,16777216,2097152,8388608,1048576,65536,1.4210577011108398
"90,2,69",WIN,3,131916886.0,three-stone-subsets-of-medium-loss.csv,EXACT_INDEPENDENT_SEARCH,100000,WIN,100000,17,99807,0.407818,0.99807,245207.42095738783,0,0,0,1,1,1,2,16,169,992,4136,13229,24947,30155,20280,5607,458,6,0,0,991,4135,13228,0,24947,0,30155,0,20280,0,5607,458,6,1048576,4194304,8388608,2097152,16777216,2097152,33554432,8388608,16777216,2097152,8388608,1048576,65536,1.4579124450683594
"90,2,13",WIN,3,155781592.0,three-stone-subsets-of-medium-loss.csv,EXACT_INDEPENDENT_SEARCH,100000,WIN,100000,18,99803,0.406341,0.99803,246098.72004055706,0,0,0,1,1,1,3,10,160,837,3761,11167,22606,28162,22846,9036,1338,57,14,0,836,3760,11166,0,22605,0,28161,0,22845,0,9035,1338,57,1048576,4194304,8388608,2097152,16777216,2097152,33554432,8388608,16777216,2097152,8388608,1048576,65536,1.4457576274871826
"90,2,91",LOSS,3,644565278.0,three-stone-subsets-of-medium-loss.csv,EXACT_INDEPENDENT_SEARCH,100000,LOSS,100000,17,99690,0.42075,0.9969,237670.82590612,0,0,0,1,1,1,1,37,264,1476,5407,15959,26089,28973,17303,4190,297,1,0,0,1475,5406,15958,0,26088,0,28972,0,17303,0,4190,297,1,1048576,4194304,8388608,2097152,16777216,2097152,33554432,8388608,16777216,2097152,8388608,1048576,65536,1.348581075668335
"90,73,69",WIN,3,21154191.0,three-stone-subsets-of-medium-loss.csv,EXACT_INDEPENDENT_SEARCH,100000,WIN,100000,17,99689,0.42248,0.99689,236697.59515243323,0,0,0,1,1,1,1,43,260,1580,5300,15753,25420,28720,17990,4550,371,9,0,0,1579,5299,15752,0,25419,0,28720,0,17990,0,4550,371,9,1048576,4194304,8388608,2097152,16777216,2097152,33554432,8388608,16777216,2097152,8388608,1048576,65536,1.4979546070098877
"90,73,13",WIN,3,30119603.0,three-stone-subsets-of-medium-loss.csv,EXACT_INDEPENDENT_SEARCH,100000,WIN,100000,18,99728,0.41366,0.99728,241744.4277909394,0,0,0,1,1,1,3,14,221,972,4422,12408,23870,28268,21109,7417,1176,92,25,0,971,4421,12407,0,23869,0,28267,0,21108,0,7417,1176,92,1048576,4194304,8388608,2097152,16777216,2097152,33554432,8388608,16777216,2097152,8388608,1048576,65536,1.4095826148986816
"90,73,91",LOSS,3,504612782.0,three-stone-subsets-of-medium-loss.csv,EXACT_INDEPENDENT_SEARCH,100000,LOSS,100000,18,99870,0.433471,0.9987,230695.940443536,0,0,0,1,1,1,2,4,86,506,2473,8395,19410,27781,25898,12578,2631,203,30,0,505,2472,8394,0,19409,0,27780,0,25898,0,12578,2631,203,1048576,4194304,8388608,2097152,16777216,2097152,33554432,8388608,16777216,2097152,8388608,1048576,65536,1.374535322189331
"90,69,13",WIN,3,32946592.0,three-stone-subsets-of-medium-loss.csv,EXACT_INDEPENDENT_SEARCH,100000,WIN,100000,18,99581,0.41726,0.99581,239658.72597421272,0,0,0,1,1,1,2,57,345,1860,5989,16475,25660,27597,16956,4586,445,19,6,0,1859,5988,16474,0,25659,0,27596,0,16955,0,4586,445,19,1048576,4194304,8388608,2097152,16777216,2097152,33554432,8388608,16777216,2097152,8388608,1048576,65536,1.5133635997772217
"90,69,91",WIN,3,379052148.0,three-stone-subsets-of-medium-loss.csv,EXACT_INDEPENDENT_SEARCH,100000,WIN,100000,17,99826,0.413069,0.99826,242090.30452539405,0,0,0,1,1,1,2,15,147,758,3502,11226,22957,29091,22847,8353,1060,39,0,0,757,3501,11225,0,22956,0,29090,0,22846,0,8352,1060,39,1048576,4194304,8388608,2097152,16777216,2097152,33554432,8388608,16777216,2097152,8388608,1048576,65536,1.3826236724853516
"90,66,13",WIN,3,79980489.0,three-stone-subsets-of-medium-loss.csv,EXACT_INDEPENDENT_SEARCH,100000,WIN,100000,17,99739,0.44539,0.99739,224522.32874559375,0,0,0,1,1,1,1,39,213,1448,5285,15734,26188,29434,17111,4155,375,14,0,0,1447,5284,15733,0,26187,0,29433,0,17111,0,4155,375,14,1048576,4194304,8388608,2097152,16777216,2097152,33554432,8388608,16777216,2097152,8388608,1048576,65536,1.4162304401397705
"90,13,91",WIN,3,105751008.0,three-stone-subsets-of-medium-loss.csv,EXACT_INDEPENDENT_SEARCH,100000,WIN,100000,17,99709,0.395526,0.99709,252827.8798359653,0,0,0,1,1,1,2,37,245,1426,5079,15340,25711,29415,18050,4373,315,4,0,0,1425,5078,15339,0,25710,0,29415,0,18050,0,4373,315,4,1048576,4194304,8388608,2097152,16777216,2097152,33554432,8388608,16777216,2097152,8388608,1048576,65536,1.393615484237671
"61,2,73",WIN,3,13084217.0,three-stone-subsets-of-medium-loss.csv,EXACT_INDEPENDENT_SEARCH,100000,WIN,100000,17,99584,0.429775,0.99584,232679.8906404514,0,0,0,1,1,2,3,58,346,1865,5915,16303,25848,27806,17037,4476,336,3,0,0,1864,5914,16302,0,25847,0,27805,0,17037,0,4476,336,3,1048576,4194304,8388608,2097152,16777216,2097152,33554432,8388608,16777216,2097152,8388608,1048576,65536,1.395188808441162
"61,2,13",WIN,3,13093168.0,three-stone-subsets-of-medium-loss.csv,EXACT_INDEPENDENT_SEARCH,100000,WIN,100000,17,99675,0.4246,0.99675,235515.77955723036,0,0,0,1,1,2,3,54,258,1696,5547,15879,25589,28314,17646,4577,418,15,0,0,1695,5546,15878,0,25588,0,28313,0,17645,0,4577,418,15,1048576,4194304,8388608,2097152,16777216,2097152,33554432,8388608,16777216,2097152,8388608,1048576,65536,1.3597307205200195
"2,73,69",WIN,3,11878883.0,three-stone-subsets-of-medium-loss.csv,EXACT_INDEPENDENT_SEARCH,100000,WIN,100000,16,99470,0.421209,0.9947,237411.83118119507,0,0,0,1,1,2,3,82,435,2248,7118,18414,27065,27417,14211,2828,175,0,0,0,2247,7117,18413,0,27064,0,27416,0,14210,0,2828,175,0,1048576,4194304,8388608,2097152,16777216,2097152,33554432,8388608,16777216,2097152,8388608,1048576,65536,1.424306869506836
"2,73,66",WIN,3,10067830.0,three-stone-subsets-of-medium-loss.csv,EXACT_INDEPENDENT_SEARCH,100000,WIN,100000,17,99578,0.421573,0.99578,237206.84199415048,0,0,0,1,1,1,2,51,362,1720,6076,16612,26606,28014,16019,4119,405,11,0,0,1719,6075,16611,0,26605,0,28014,0,16019,0,4119,405,11,1048576,4194304,8388608,2097152,16777216,2097152,33554432,8388608,16777216,2097152,8388608,1048576,65536,1.4826273918151855
"2,73,13",WIN,3,70437707.0,three-stone-subsets-of-medium-loss.csv,EXACT_INDEPENDENT_SEARCH,100000,WIN,100000,17,99606,0.418616,0.99606,238882.41252126053,0,0,0,1,1,2,4,62,321,1756,5838,16094,25765,27960,17244,4559,388,5,0,0,1755,5837,16093,0,25765,0,27960,0,17244,0,4559,388,5,1048576,4194304,8388608,2097152,16777216,2097152,33554432,8388608,16777216,2097152,8388608,1048576,65536,1.3611476421356201
"2,73,91",WIN,3,31149588.0,three-stone-subsets-of-medium-loss.csv,EXACT_INDEPENDENT_SEARCH,100000,WIN,100000,18,99616,0.435016,0.99616,229876.6022399176,0,0,0,1,1,1,8,31,321,1348,5476,14001,24838,27061,19047,6681,1090,79,16,0,1347,5475,14000,0,24837,0,27060,0,19047,0,6681,1090,79,1048576,4194304,8388608,2097152,16777216,2097152,33554432,8388608,16777216,2097152,8388608,1048576,65536,1.476186752319336
"2,69,13",WIN,3,22887591.0,three-stone-subsets-of-medium-loss.csv,EXACT_INDEPENDENT_SEARCH,100000,WIN,100000,17,99813,0.414436,0.99813,241291.77967165012,0,0,0,1,1,1,2,20,156,1032,4186,13596,24728,29586,20517,5678,483,13,0,0,1031,4185,13595,0,24727,0,29585,0,20516,0,5678,483,13,1048576,4194304,8388608,2097152,16777216,2097152,33554432,8388608,16777216,2097152,8388608,1048576,65536,1.4548654556274414
"2,69,91",WIN,3,194775124.0,three-stone-subsets-of-medium-loss.csv,EXACT_INDEPENDENT_SEARCH,100000,WIN,100000,17,99768,0.444016,0.99768,225217.10929335878,0,0,0,1,1,1,1,28,196,1094,4247,13503,24517,29568,20188,5984,655,16,0,0,1093,4246,13502,0,24516,0,29568,0,20188,0,5984,655,16,1048576,4194304,8388608,2097152,16777216,2097152,33554432,8388608,16777216,2097152,8388608,1048576,65536,1.3880894184112549
"2,66,13",WIN,3,13469367.0,three-stone-subsets-of-medium-loss.csv,EXACT_INDEPENDENT_SEARCH,100000,WIN,100000,17,99778,0.439798,0.99778,227377.11403871776,0,0,0,1,1,2,2,44,168,1410,4499,14957,24895,29587,19166,4909,355,4,0,0,1409,4498,14956,0,24894,0,29587,0,19166,0,4909,355,4,1048576,4194304,8388608,2097152,16777216,2097152,33554432,8388608,16777216,2097152,8388608,1048576,65536,1.3735058307647705
"2,13,91",WIN,3,183998837.0,three-stone-subsets-of-medium-loss.csv,EXACT_INDEPENDENT_SEARCH,100000,WIN,100000,17,99727,0.419325,0.99727,238478.5071245454,0,0,0,1,1,1,2,29,233,1275,4896,14555,25278,29132,18910,5178,494,15,0,0,1274,4895,14554,0,25277,0,29131,0,18909,0,5178,494,15,1048576,4194304,8388608,2097152,16777216,2097152,33554432,8388608,16777216,2097152,8388608,1048576,65536,1.4282338619232178
"73,69,13",WIN,3,24599420.0,three-stone-subsets-of-medium-loss.csv,EXACT_INDEPENDENT_SEARCH,100000,WIN,100000,17,99550,0.434999,0.9955,229885.58594387572,0,0,0,1,1,2,3,55,382,2033,6675,17850,26728,27306,15266,3429,263,6,0,0,2032,6674,17849,0,26727,0,27305,0,15265,0,3429,263,6,1048576,4194304,8388608,2097152,16777216,2097152,33554432,8388608,16777216,2097152,8388608,1048576,65536,1.3866779804229736
"73,69,91",WIN,3,19030287.0,three-stone-subsets-of-medium-loss.csv,EXACT_INDEPENDENT_SEARCH,100000,WIN,100000,18,99848,0.447734,0.99848,223346.89793493456,0,0,0,1,1,1,4,6,127,482,2761,8033,19565,27246,26111,13089,2444,122,7,0,481,2760,8032,0,19564,0,27245,0,26111,0,13089,2444,122,1048576,4194304,8388608,2097152,16777216,2097152,33554432,8388608,16777216,2097152,8388608,1048576,65536,1.4415714740753174
"73,13,91",WIN,3,18565218.0,three-stone-subsets-of-medium-loss.csv,EXACT_INDEPENDENT_SEARCH,100000,WIN,100000,17,99732,0.438502,0.99732,228049.13090476213,0,0,0,1,1,1,4,25,230,1093,4461,12691,23971,28041,21105,7412,930,34,0,0,1092,4460,12690,0,23970,0,28040,0,21104,0,7412,930,34,1048576,4194304,8388608,2097152,16777216,2097152,33554432,8388608,16777216,2097152,8388608,1048576,65536,1.4278316497802734
"69,13,91",WIN,3,148060593.0,three-stone-subsets-of-medium-loss.csv,EXACT_INDEPENDENT_SEARCH,100000,WIN,100000,17,99775,0.404164,0.99775,247424.31290268304,0,0,0,1,1,1,1,29,186,1116,4015,13031,23479,29050,21253,7038,782,17,0,0,1115,4014,13030,0,23478,0,29049,0,21252,0,7038,782,17,1048576,4194304,8388608,2097152,16777216,2097152,33554432,8388608,16777216,2097152,8388608,1048576,65536,1.3724145889282227
"90,61,2,69",WIN,4,19094374.0,four-stone-subsets-of-medium-loss.csv,EXACT_INDEPENDENT_SEARCH,100000,WIN,100000,17,99793,0.397363,0.99793,251659.0623686654,0,0,0,0,1,1,1,32,167,1170,4435,14840,26021,30678,18268,4093,286,7,0,0,1169,4434,14839,0,26020,0,30677,0,18268,0,4093,286,7,1048576,4194304,8388608,2097152,16777216,2097152,33554432,8388608,16777216,2097152,8388608,1048576,65536,1.3458352088928223
"90,61,2,66",LOSS,4,28943306.0,four-stone-subsets-of-medium-loss.csv,EXACT_INDEPENDENT_SEARCH,100000,LOSS,100000,16,99611,0.413905,0.99611,241601.33363936166,0,0,0,0,1,2,4,61,314,1857,6038,17821,26934,29178,14884,2750,156,0,0,0,1856,6037,17820,0,26933,0,29177,0,14883,0,2749,156,0,1048576,4194304,8388608,2097152,16777216,2097152,33554432,8388608,16777216,2097152,8388608,1048576,65536,1.4027113914489746
"90,61,73,69",WIN,4,5228871.0,four-stone-subsets-of-medium-loss.csv,EXACT_INDEPENDENT_SEARCH,100000,WIN,100000,17,99521,0.394712,0.99521,253349.27744786072,0,0,0,0,1,1,7,44,421,1743,7051,17632,27370,27509,14836,3145,233,7,0,0,1742,7050,17631,0,27369,0,27508,0,14836,0,3145,233,7,1048576,4194304,8388608,2097152,16777216,2097152,33554432,8388608,16777216,2097152,8388608,1048576,65536,1.3870830535888672
"90,61,73,66",LOSS,4,14873397.0,four-stone-subsets-of-medium-loss.csv,EXACT_INDEPENDENT_SEARCH,100000,LOSS,100000,17,99372,0.406938,0.99372,245737.67994141614,0,0,0,0,1,2,6,67,547,2268,7766,18131,26683,26307,14218,3645,353,6,0,0,2267,7765,18130,0,26682,0,26306,0,14218,0,3645,353,6,1048576,4194304,8388608,2097152,16777216,2097152,33554432,8388608,16777216,2097152,8388608,1048576,65536,1.375213623046875
"90,61,69,66",LOSS,4,10178549.0,four-stone-subsets-of-medium-loss.csv,EXACT_INDEPENDENT_SEARCH,100000,LOSS,100000,17,99603,0.406231,0.99603,246165.35911833413,0,0,0,0,1,1,4,54,331,1803,6190,17054,26679,28635,15842,3234,171,1,0,0,1802,6189,17053,0,26678,0,28634,0,15841,0,3234,171,1,1048576,4194304,8388608,2097152,16777216,2097152,33554432,8388608,16777216,2097152,8388608,1048576,65536,1.3830077648162842
"90,61,69,13",WIN,4,12634302.0,four-stone-subsets-of-medium-loss.csv,EXACT_INDEPENDENT_SEARCH,100000,WIN,100000,16,99605,0.40894,0.99605,244534.65055998432,0,0,0,0,1,2,2,53,333,1901,6708,18467,27690,28693,13737,2308,105,0,0,0,1900,6707,18466,0,27689,0,28693,0,13737,0,2308,105,0,1048576,4194304,8388608,2097152,16777216,2097152,33554432,8388608,16777216,2097152,8388608,1048576,65536,1.3710861206054688
"90,61,69,91",WIN,4,8000839.0,four-stone-subsets-of-medium-loss.csv,EXACT_INDEPENDENT_SEARCH,100000,WIN,100000,17,99787,0.432127,0.99787,231413.45021255326,0,0,0,0,1,1,2,16,189,1084,4319,12544,23945,28667,21007,7372,842,11,0,0,1083,4318,12543,0,23944,0,28667,0,21007,0,7372,842,11,1048576,4194304,8388608,2097152,16777216,2097152,33554432,8388608,16777216,2097152,8388608,1048576,65536,1.3715291023254395
"90,61,66,13",WIN,4,10158812.0,four-stone-subsets-of-medium-loss.csv,EXACT_INDEPENDENT_SEARCH,100000,WIN,100000,17,99498,0.418394,0.99498,239009.16361133286,0,0,0,0,1,2,5,69,420,2101,7135,18448,27292,27733,14067,2602,122,3,0,0,2100,7134,18447,0,27291,0,27732,0,14067,0,2602,122,3,1048576,4194304,8388608,2097152,16777216,2097152,33554432,8388608,16777216,2097152,8388608,1048576,65536,1.3864152431488037
"90,61,66,91",LOSS,4,16042359.0,four-stone-subsets-of-medium-loss.csv,EXACT_INDEPENDENT_SEARCH,100000,LOSS,100000,17,99353,0.425546,0.99353,234992.22175745983,0,0,0,0,1,1,6,66,568,2346,8211,19714,28365,26365,12165,2095,96,1,0,0,2345,8210,19713,0,28364,0,26364,0,12165,0,2095,96,1,1048576,4194304,8388608,2097152,16777216,2097152,33554432,8388608,16777216,2097152,8388608,1048576,65536,1.374821424484253
"90,2,73,69",WIN,4,13427337.0,four-stone-subsets-of-medium-loss.csv,EXACT_INDEPENDENT_SEARCH,100000,WIN,100000,17,99734,0.39248,0.99734,254790.05299633104,0,0,0,0,1,1,2,40,218,1430,5200,15590,25931,28806,17859,4554,363,5,0,0,1429,5199,15589,0,25930,0,28806,0,17859,0,4554,363,5,1048576,4194304,8388608,2097152,16777216,2097152,33554432,8388608,16777216,2097152,8388608,1048576,65536,1.3729872703552246
"90,2,69,66",WIN,4,15500819.0,four-stone-subsets-of-medium-loss.csv,EXACT_INDEPENDENT_SEARCH,100000,WIN,100000,17,99705,0.401823,0.99705,248865.7941431924,0,0,0,0,1,1,1,35,252,1392,5433,15819,26255,28953,17332,4207,313,6,0,0,1391,5432,15818,0,26254,0,28952,0,17332,0,4207,313,6,1048576,4194304,8388608,2097152,16777216,2097152,33554432,8388608,16777216,2097152,8388608,1048576,65536,1.4176945686340332
"90,73,69,66",WIN,4,11026650.0,four-stone-subsets-of-medium-loss.csv,EXACT_INDEPENDENT_SEARCH,100000,WIN,100000,16,99541,0.432098,0.99541,231428.98138848133,0,0,0,0,1,2,2,64,386,2190,7667,20084,28524,27427,11892,1706,55,0,0,0,2189,7666,20083,0,28523,0,27427,0,11892,0,1706,55,0,1048576,4194304,8388608,2097152,16777216,2097152,33554432,8388608,16777216,2097152,8388608,1048576,65536,1.4365355968475342
"90,73,66,13",WIN,4,20736278.0,four-stone-subsets-of-medium-loss.csv,EXACT_INDEPENDENT_SEARCH,100000,WIN,100000,17,99778,0.480091,0.99778,208293.84429201964,0,0,0,0,1,1,1,29,186,1207,4502,14144,24979,29861,19338,5246,491,14,0,0,1206,4501,14143,0,24978,0,29861,0,19338,0,5246,491,14,1048576,4194304,8388608,2097152,16777216,2097152,33554432,8388608,16777216,2097152,8388608,1048576,65536,1.591033697128296
"90,69,66,13",WIN,4,18262852.0,four-stone-subsets-of-medium-loss.csv,EXACT_INDEPENDENT_SEARCH,100000,WIN,100000,17,99821,0.433088,0.99821,230899.95566720853,0,0,0,0,1,1,2,20,152,989,4094,13207,24363,30024,20524,5992,613,18,0,0,988,4093,13206,0,24363,0,30024,0,20524,0,5992,613,18,1048576,4194304,8388608,2097152,16777216,2097152,33554432,8388608,16777216,2097152,8388608,1048576,65536,1.505868911743164
"90,69,66,91",WIN,4,11823314.0,four-stone-subsets-of-medium-loss.csv,EXACT_INDEPENDENT_SEARCH,100000,WIN,100000,17,99702,0.439866,0.99702,227341.9632342577,0,0,0,0,1,1,2,30,259,1360,5229,15225,25545,29029,18443,4545,324,7,0,0,1359,5228,15224,0,25544,0,29028,0,18443,0,4545,324,7,1048576,4194304,8388608,2097152,16777216,2097152,33554432,8388608,16777216,2097152,8388608,1048576,65536,1.4593520164489746
"61,2,73,69",WIN,4,12232492.0,four-stone-subsets-of-medium-loss.csv,EXACT_INDEPENDENT_SEARCH,100000,WIN,100000,17,99733,0.490431,0.99733,203902.28187043642,0,0,0,0,1,2,2,49,209,1608,5212,16195,25709,29155,17213,4248,387,10,0,0,1607,5211,16194,0,25708,0,29155,0,17213,0,4248,387,10,1048576,4194304,8388608,2097152,16777216,2097152,33554432,8388608,16777216,2097152,8388608,1048576,65536,1.4893825054168701
"61,2,73,66",WIN,4,4973501.0,four-stone-subsets-of-medium-loss.csv,EXACT_INDEPENDENT_SEARCH,100000,WIN,100000,16,99281,0.438086,0.99281,228265.6829937501,0,0,0,0,1,2,5,78,628,2664,9338,21403,29386,25439,9698,1304,54,0,0,0,2663,9337,21402,0,29385,0,25438,0,9698,0,1304,54,0,1048576,4194304,8388608,2097152,16777216,2097152,33554432,8388608,16777216,2097152,8388608,1048576,65536,1.5874617099761963
"61,2,69,66",LOSS,4,13219381.0,four-stone-subsets-of-medium-loss.csv,EXACT_INDEPENDENT_SEARCH,100000,LOSS,100000,17,99310,0.396648,0.9931,252112.70446340332,0,0,0,0,1,2,4,69,608,2494,8691,20047,28170,26021,11695,2079,118,1,0,0,2493,8690,20046,0,28169,0,26020,0,11694,0,2079,118,1,1048576,4194304,8388608,2097152,16777216,2097152,33554432,8388608,16777216,2097152,8388608,1048576,65536,1.5035479068756104
"61,2,69,13",WIN,4,15150886.0,four-stone-subsets-of-medium-loss.csv,EXACT_INDEPENDENT_SEARCH,100000,WIN,100000,17,99710,0.440449,0.9971,227041.04220920015,0,0,0,0,1,1,1,36,248,1439,5168,15730,26182,28914,17450,4468,359,3,0,0,1438,5167,15729,0,26182,0,28914,0,17450,0,4468,359,3,1048576,4194304,8388608,2097152,16777216,2097152,33554432,8388608,16777216,2097152,8388608,1048576,65536,1.4263732433319092
"61,2,69,91",WIN,4,13779581.0,four-stone-subsets-of-medium-loss.csv,EXACT_INDEPENDENT_SEARCH,100000,WIN,100000,17,99731,0.425694,0.99731,234910.52258194852,0,0,0,0,1,1,1,44,215,1401,4985,15796,26097,30205,17385,3648,218,3,0,0,1400,4984,15795,0,26096,0,30204,0,17384,0,3647,218,3,1048576,4194304,8388608,2097152,16777216,2097152,33554432,8388608,16777216,2097152,8388608,1048576,65536,1.4398093223571777
"61,2,66,13",WIN,4,21748976.0,four-stone-subsets-of-medium-loss.csv,EXACT_INDEPENDENT_SEARCH,100000,WIN,100000,17,99659,0.442838,0.99659,225816.21270080705,0,0,0,0,1,2,2,65,269,1891,6131,17978,26818,28621,15055,2988,178,1,0,0,1890,6130,17978,0,26818,0,28621,0,15055,0,2988,178,1,1048576,4194304,8388608,2097152,16777216,2097152,33554432,8388608,16777216,2097152,8388608,1048576,65536,1.5076148509979248
"61,2,66,91",LOSS,4,36337892.0,four-stone-subsets-of-medium-loss.csv,EXACT_INDEPENDENT_SEARCH,100000,LOSS,100000,17,99657,0.474705,0.99657,210657.14496371432,0,0,0,0,1,2,3,52,280,1614,5243,14633,24416,28276,19016,5838,607,19,0,0,1613,5242,14632,0,24415,0,28275,0,19016,0,5838,607,19,1048576,4194304,8388608,2097152,16777216,2097152,33554432,8388608,16777216,2097152,8388608,1048576,65536,1.5717496871948242
"61,73,69,66",LOSS,4,11829466.0,four-stone-subsets-of-medium-loss.csv,EXACT_INDEPENDENT_SEARCH,100000,LOSS,100000,17,99316,0.470199,0.99316,212675.90956169623,0,0,0,0,1,2,7,68,601,2558,8944,20206,28284,25530,11606,2070,121,2,0,0,2557,8943,20205,0,28283,0,25529,0,11606,0,2070,121,2,1048576,4194304,8388608,2097152,16777216,2097152,33554432,8388608,16777216,2097152,8388608,1048576,65536,1.610752820968628
"61,73,69,13",WIN,4,11691162.0,four-stone-subsets-of-medium-loss.csv,EXACT_INDEPENDENT_SEARCH,100000,WIN,100000,17,99709,0.426505,0.99709,234463.83981430464,0,0,0,0,1,1,2,47,236,1617,5474,17191,26759,29551,15697,3193,226,5,0,0,1616,5473,17190,0,26758,0,29551,0,15697,0,3193,226,5,1048576,4194304,8388608,2097152,16777216,2097152,33554432,8388608,16777216,2097152,8388608,1048576,65536,1.472670316696167
"61,73,69,91",WIN,4,9463946.0,four-stone-subsets-of-medium-loss.csv,EXACT_INDEPENDENT_SEARCH,100000,WIN,100000,17,99748,0.485001,0.99748,206185.14188630538,0,0,0,0,1,1,2,39,204,1373,4559,14501,25186,29562,19337,4891,341,3,0,0,1372,4558,14500,0,25185,0,29561,0,19337,0,4891,341,3,1048576,4194304,8388608,2097152,16777216,2097152,33554432,8388608,16777216,2097152,8388608,1048576,65536,1.6749215126037598
"61,73,66,91",LOSS,4,18871803.0,four-stone-subsets-of-medium-loss.csv,EXACT_INDEPENDENT_SEARCH,100000,LOSS,100000,17,99568,0.414196,0.99568,241431.59277250382,0,0,0,0,1,1,6,32,386,1349,5612,14943,26021,28303,18051,4900,390,5,0,0,1348,5611,14942,0,26020,0,28302,0,18050,0,4900,390,5,1048576,4194304,8388608,2097152,16777216,2097152,33554432,8388608,16777216,2097152,8388608,1048576,65536,1.5889334678649902
"61,69,66,13",LOSS,4,15373322.0,four-stone-subsets-of-medium-loss.csv,EXACT_INDEPENDENT_SEARCH,100000,LOSS,100000,16,99174,0.446885,0.99174,223771.21630844625,0,0,0,0,1,2,7,81,730,2697,8973,20093,27901,25522,11846,2055,92,0,0,0,2696,8972,20092,0,27900,0,25521,0,11846,0,2055,92,0,1048576,4194304,8388608,2097152,16777216,2097152,33554432,8388608,16777216,2097152,8388608,1048576,65536,1.5062501430511475
"61,69,66,91",LOSS,4,14321989.0,four-stone-subsets-of-medium-loss.csv,EXACT_INDEPENDENT_SEARCH,100000,LOSS,100000,17,99525,0.460056,0.99525,217364.84254090805,0,0,0,0,1,2,2,71,397,2118,7012,18819,27612,27650,13493,2607,208,8,0,0,2117,7011,18819,0,27612,0,27650,0,13493,0,2607,208,8,1048576,4194304,8388608,2097152,16777216,2097152,33554432,8388608,16777216,2097152,8388608,1048576,65536,1.450801134109497
"61,69,13,91",WIN,4,31483795.0,four-stone-subsets-of-medium-loss.csv,EXACT_INDEPENDENT_SEARCH,100000,WIN,100000,17,99497,0.420111,0.99497,238032.32955099962,0,0,0,0,1,1,2,55,439,2091,7324,18999,27954,27529,13233,2269,102,1,0,0,2090,7323,18998,0,27953,0,27528,0,13233,0,2269,102,1,1048576,4194304,8388608,2097152,16777216,2097152,33554432,8388608,16777216,2097152,8388608,1048576,65536,1.4175384044647217
"61,66,13,91",LOSS,4,19397573.0,four-stone-subsets-of-medium-loss.csv,EXACT_INDEPENDENT_SEARCH,100000,LOSS,100000,17,99645,0.430598,0.99645,232235.17062317987,0,0,0,0,1,2,2,59,286,1943,6475,17905,26392,27943,15026,3579,376,11,0,0,1942,6474,17904,0,26391,0,27942,0,15026,0,3579,376,11,1048576,4194304,8388608,2097152,16777216,2097152,33554432,8388608,16777216,2097152,8388608,1048576,65536,1.578643560409546
"2,73,69,66",WIN,4,11985545.0,four-stone-subsets-of-medium-loss.csv,EXACT_INDEPENDENT_SEARCH,100000,WIN,100000,17,99610,0.448389,0.9961,223020.6360994583,0,0,0,0,1,1,2,50,332,1804,6540,18047,27607,28326,14350,2766,170,4,0,0,1803,6539,18046,0,27606,0,28326,0,14350,0,2766,170,4,1048576,4194304,8388608,2097152,16777216,2097152,33554432,8388608,16777216,2097152,8388608,1048576,65536,1.4829998016357422
"2,73,69,13",WIN,4,19835645.0,four-stone-subsets-of-medium-loss.csv,EXACT_INDEPENDENT_SEARCH,100000,WIN,100000,17,99780,0.449093,0.9978,222671.0280498694,0,0,0,0,1,1,2,35,176,1143,4215,13386,24345,29314,20682,6159,537,4,0,0,1142,4214,13385,0,24344,0,29313,0,20682,0,6159,537,4,1048576,4194304,8388608,2097152,16777216,2097152,33554432,8388608,16777216,2097152,8388608,1048576,65536,1.4615397453308105
"2,73,69,91",WIN,4,7794136.0,four-stone-subsets-of-medium-loss.csv,EXACT_INDEPENDENT_SEARCH,100000,WIN,100000,18,99749,0.471159,0.99749,212242.57628528797,0,0,0,0,1,1,2,28,206,1333,5019,15024,25606,29300,18384,4683,388,17,8,0,1332,5018,15023,0,25605,0,29299,0,18384,0,4683,388,17,1048576,4194304,8388608,2097152,16777216,2097152,33554432,8388608,16777216,2097152,8388608,1048576,65536,1.5493931770324707
"2,69,66,13",WIN,4,8451558.0,four-stone-subsets-of-medium-loss.csv,EXACT_INDEPENDENT_SEARCH,100000,WIN,100000,17,99825,0.605335,0.99825,165197.78304575154,0,0,0,0,1,1,1,24,144,892,3550,12187,23314,30050,22333,6838,649,16,0,0,891,3549,12186,0,23313,0,30050,0,22333,0,6838,649,16,1048576,4194304,8388608,2097152,16777216,2097152,33554432,8388608,16777216,2097152,8388608,1048576,65536,1.9222774505615234
"2,69,66,91",WIN,4,11046017.0,four-stone-subsets-of-medium-loss.csv,EXACT_INDEPENDENT_SEARCH,100000,WIN,100000,17,99797,0.68589,0.99797,145795.97311522256,0,0,0,0,1,1,2,20,174,1083,4365,14017,25212,29853,19747,5109,406,10,0,0,1082,4364,14016,0,25211,0,29852,0,19747,0,5109,406,10,1048576,4194304,8388608,2097152,16777216,2097152,33554432,8388608,16777216,2097152,8388608,1048576,65536,1.8713464736938477
"90,2,73,69,91",WIN,5,1011492.0,five-stone-subsets-of-medium-loss.csv,EXACT_INDEPENDENT_SEARCH,100000,WIN,100000,18,99896,0.471637,0.99896,212027.47027904936,0,0,0,0,0,1,1,9,79,629,2818,10092,21322,29691,25434,8965,924,26,9,0,628,2817,10091,0,21321,0,29690,0,25434,0,8965,924,26,1048576,4194304,8388608,2097152,16777216,2097152,33554432,8388608,16777216,2097152,8388608,1048576,65536,1.610905647277832
"90,2,73,66,13",WIN,5,3290842.0,five-stone-subsets-of-medium-loss.csv,EXACT_INDEPENDENT_SEARCH,100000,WIN,100000,17,99891,0.474772,0.99891,210627.4169496095,0,0,0,0,0,1,2,10,91,669,3117,10935,23211,30620,23326,7240,754,24,0,0,668,3116,10934,0,23210,0,30619,0,23326,0,7240,754,24,1048576,4194304,8388608,2097152,16777216,2097152,33554432,8388608,16777216,2097152,8388608,1048576,65536,1.4389948844909668
"90,2,73,66,91",LOSS,5,11087821.0,five-stone-subsets-of-medium-loss.csv,EXACT_INDEPENDENT_SEARCH,100000,LOSS,100000,17,99820,0.430446,0.9982,232317.17799677543,0,0,0,0,0,1,1,17,156,1020,4300,14157,25449,30361,19298,4878,357,5,0,0,1019,4299,14156,0,25448,0,30360,0,19298,0,4878,357,5,1048576,4194304,8388608,2097152,16777216,2097152,33554432,8388608,16777216,2097152,8388608,1048576,65536,1.445680856704712
"90,2,73,13,91",LOSS,5,9547992.0,five-stone-subsets-of-medium-loss.csv,EXACT_INDEPENDENT_SEARCH,100000,LOSS,100000,17,99919,0.461592,0.99919,216641.53624846184,0,0,0,0,0,1,2,5,67,510,2262,8685,20128,29762,26489,10581,1459,49,0,0,509,2261,8684,0,20127,0,29761,0,26488,0,10581,1459,49,1048576,4194304,8388608,2097152,16777216,2097152,33554432,8388608,16777216,2097152,8388608,1048576,65536,1.4492452144622803
"90,2,69,66,91",WIN,5,5620326.0,five-stone-subsets-of-medium-loss.csv,EXACT_INDEPENDENT_SEARCH,100000,WIN,100000,17,99863,0.403095,0.99863,248080.47730683835,0,0,0,0,0,1,1,22,109,1019,4085,14288,25440,30934,19069,4632,386,14,0,0,1018,4084,14287,0,25439,0,30934,0,19069,0,4632,386,14,1048576,4194304,8388608,2097152,16777216,2097152,33554432,8388608,16777216,2097152,8388608,1048576,65536,1.392477035522461
"90,2,69,13,91",LOSS,5,16619693.0,five-stone-subsets-of-medium-loss.csv,EXACT_INDEPENDENT_SEARCH,100000,LOSS,100000,17,99936,0.416717,0.99936,239971.01150181057,0,0,0,0,0,1,1,7,50,528,2429,10268,21780,31423,24727,7945,819,22,0,0,527,2428,10267,0,21779,0,31422,0,24727,0,7945,819,22,1048576,4194304,8388608,2097152,16777216,2097152,33554432,8388608,16777216,2097152,8388608,1048576,65536,1.3831322193145752
"90,2,66,13,91",LOSS,5,12845635.0,five-stone-subsets-of-medium-loss.csv,EXACT_INDEPENDENT_SEARCH,100000,LOSS,100000,17,99931,0.398756,0.99931,250779.92556851808,0,0,0,0,0,1,1,5,56,406,2189,8550,20340,29780,26765,10481,1374,52,0,0,405,2188,8549,0,20339,0,29779,0,26764,0,10481,1374,52,1048576,4194304,8388608,2097152,16777216,2097152,33554432,8388608,16777216,2097152,8388608,1048576,65536,1.400834083557129
"90,73,69,66,13",WIN,5,199064.0,five-stone-subsets-of-medium-loss.csv,EXACT_INDEPENDENT_SEARCH,100000,WIN,100000,17,99800,0.437127,0.998,228766.46832613862,0,0,0,0,0,1,1,33,160,1332,4645,15877,26020,30450,17459,3743,273,6,0,0,1331,4644,15876,0,26019,0,30449,0,17459,0,3743,273,6,1048576,4194304,8388608,2097152,16777216,2097152,33554432,8388608,16777216,2097152,8388608,1048576,65536,1.438952922821045
"90,73,69,66,91",WIN,5,362898.0,five-stone-subsets-of-medium-loss.csv,EXACT_INDEPENDENT_SEARCH,100000,WIN,100000,17,99826,0.430513,0.99826,232281.02287271235,0,0,0,0,0,1,1,20,146,974,3997,13213,24481,30267,20675,5704,504,17,0,0,973,3996,13212,0,24480,0,30266,0,20674,0,5704,504,17,1048576,4194304,8388608,2097152,16777216,2097152,33554432,8388608,16777216,2097152,8388608,1048576,65536,1.3867335319519043
"90,73,69,13,91",LOSS,5,12389633.0,five-stone-subsets-of-medium-loss.csv,EXACT_INDEPENDENT_SEARCH,100000,LOSS,100000,17,99902,0.440953,0.99902,226781.5390755931,0,0,0,0,0,1,2,6,85,524,2939,9681,21965,29166,25005,9469,1125,32,0,0,523,2938,9680,0,21964,0,29166,0,25005,0,9469,1125,32,1048576,4194304,8388608,2097152,16777216,2097152,33554432,8388608,16777216,2097152,8388608,1048576,65536,1.3802590370178223
"90,73,66,13,91",WIN,5,835234.0,five-stone-subsets-of-medium-loss.csv,EXACT_INDEPENDENT_SEARCH,100000,WIN,100000,17,99853,0.412821,0.99853,242235.7389764571,0,0,0,0,0,1,2,21,118,918,3833,12717,24000,30073,21289,6404,609,15,0,0,917,3832,12716,0,23999,0,30072,0,21289,0,6404,609,15,1048576,4194304,8388608,2097152,16777216,2097152,33554432,8388608,16777216,2097152,8388608,1048576,65536,1.4102511405944824
"61,2,73,69,13",WIN,5,328248.0,five-stone-subsets-of-medium-loss.csv,EXACT_INDEPENDENT_SEARCH,100000,WIN,100000,17,99738,0.408064,0.99738,245059.59849435385,0,0,0,0,0,1,3,25,231,1319,5644,15218,26192,28241,17510,5050,544,22,0,0,1318,5643,15218,0,26192,0,28241,0,17510,0,5050,544,22,1048576,4194304,8388608,2097152,16777216,2097152,33554432,8388608,16777216,2097152,8388608,1048576,65536,1.4091074466705322
"61,2,73,69,91",WIN,5,428035.0,five-stone-subsets-of-medium-loss.csv,EXACT_INDEPENDENT_SEARCH,100000,WIN,100000,17,99744,0.402108,0.99744,248689.40682602683,0,0,0,0,0,1,1,24,225,1132,4500,13502,24483,29068,20063,6194,775,32,0,0,1131,4499,13501,0,24482,0,29067,0,20063,0,6194,775,32,1048576,4194304,8388608,2097152,16777216,2097152,33554432,8388608,16777216,2097152,8388608,1048576,65536,1.3480195999145508
"61,2,73,66,13",WIN,5,146860.0,five-stone-subsets-of-medium-loss.csv,EXACT_INDEPENDENT_SEARCH,100000,WIN,100000,16,99764,0.409682,0.99764,244091.75897403352,0,0,0,0,0,1,1,35,194,1347,4958,15710,26702,29793,17186,3853,220,0,0,0,1346,4957,15709,0,26701,0,29792,0,17186,0,3853,220,0,1048576,4194304,8388608,2097152,16777216,2097152,33554432,8388608,16777216,2097152,8388608,1048576,65536,1.3979334831237793
"61,2,73,66,91",WIN,5,971982.0,five-stone-subsets-of-medium-loss.csv,EXACT_INDEPENDENT_SEARCH,100000,WIN,100000,17,99796,0.384861,0.99796,259834.06996292167,0,0,0,0,0,1,2,19,176,1081,4425,13740,24920,29355,19974,5745,545,17,0,0,1080,4424,13739,0,24919,0,29354,0,19973,0,5745,545,17,1048576,4194304,8388608,2097152,16777216,2097152,33554432,8388608,16777216,2097152,8388608,1048576,65536,1.356947898864746
"61,2,69,66,91",WIN,5,90344.0,five-stone-subsets-of-medium-loss.csv,EXACT_INDEPENDENT_SEARCH,100000,WIN,90344,17,89984,0.391539,0.9960152306738688,230740.74357854517,0,0,0,0,0,1,1,52,306,1917,6863,17858,25970,24733,10789,1755,98,1,0,0,1917,6863,17858,0,25970,0,24733,0,10789,0,1755,98,1,1048576,4194304,8388608,2097152,16777216,2097152,33554432,8388608,16777216,2097152,8388608,1048576,65536,1.3916118144989014
"61,2,69,13,91",WIN,5,459078.0,five-stone-subsets-of-medium-loss.csv,EXACT_INDEPENDENT_SEARCH,100000,WIN,100000,17,99812,0.425989,0.99812,234747.845601647,0,0,0,0,0,1,1,23,159,1054,4180,14122,24829,30014,19759,5367,484,7,0,0,1053,4179,14121,0,24828,0,30014,0,19759,0,5367,484,7,1048576,4194304,8388608,2097152,16777216,2097152,33554432,8388608,16777216,2097152,8388608,1048576,65536,1.4481072425842285
"61,2,66,13,91",WIN,5,769086.0,five-stone-subsets-of-medium-loss.csv,EXACT_INDEPENDENT_SEARCH,100000,WIN,100000,18,99776,0.423329,0.99776,236222.89047053238,0,0,0,0,0,1,2,19,191,1160,4739,14339,25282,29141,19064,5467,567,22,6,0,1159,4738,14338,0,25281,0,29140,0,19064,0,5467,567,22,1048576,4194304,8388608,2097152,16777216,2097152,33554432,8388608,16777216,2097152,8388608,1048576,65536,1.3868904113769531
"61,73,69,66,13",WIN,5,80878.0,five-stone-subsets-of-medium-loss.csv,EXACT_INDEPENDENT_SEARCH,100000,WIN,80878,17,80507,0.358132,0.9954128440366973,225832.9331084628,0,0,0,0,0,1,1,50,319,1775,6021,15653,22843,22218,10328,1602,65,2,0,0,1775,6021,15653,0,22843,0,22218,0,10328,0,1602,65,2,1048576,4194304,8388608,2097152,16777216,2097152,33554432,8388608,16777216,2097152,8388608,1048576,65536,1.4235162734985352
"61,73,69,66,91",WIN,5,116660.0,five-stone-subsets-of-medium-loss.csv,EXACT_INDEPENDENT_SEARCH,100000,WIN,100000,17,99645,0.428092,0.99645,233594.6478794278,0,0,0,0,0,1,1,43,306,1533,5762,16734,26981,29137,15834,3398,264,6,0,0,1532,5761,16733,0,26980,0,29137,0,15834,0,3398,264,6,1048576,4194304,8388608,2097152,16777216,2097152,33554432,8388608,16777216,2097152,8388608,1048576,65536,1.3679101467132568
"61,73,69,13,91",WIN,5,511143.0,five-stone-subsets-of-medium-loss.csv,EXACT_INDEPENDENT_SEARCH,100000,WIN,100000,17,99826,0.42131,0.99826,237354.91680710166,0,0,0,0,0,1,1,27,141,1001,3627,12965,23571,30223,21708,6203,520,12,0,0,1000,3626,12964,0,23570,0,30223,0,21708,0,6203,520,12,1048576,4194304,8388608,2097152,16777216,2097152,33554432,8388608,16777216,2097152,8388608,1048576,65536,1.4711520671844482
"61,73,66,13,91",WIN,5,140655.0,five-stone-subsets-of-medium-loss.csv,EXACT_INDEPENDENT_SEARCH,100000,WIN,100000,17,99733,0.471926,0.99733,211897.62801795197,0,0,0,0,0,1,1,36,225,1391,4860,15126,25067,29405,18480,4956,445,7,0,0,1390,4859,15125,0,25066,0,29405,0,18480,0,4956,445,7,1048576,4194304,8388608,2097152,16777216,2097152,33554432,8388608,16777216,2097152,8388608,1048576,65536,1.438887357711792
"2,73,69,66,13",WIN,5,164164.0,five-stone-subsets-of-medium-loss.csv,EXACT_INDEPENDENT_SEARCH,100000,WIN,100000,17,99714,0.416054,0.99714,240353.41566238998,0,0,0,0,0,1,1,42,238,1542,6037,17026,26944,28750,15483,3577,349,10,0,0,1541,6036,17025,0,26943,0,28750,0,15483,0,3577,349,10,1048576,4194304,8388608,2097152,16777216,2097152,33554432,8388608,16777216,2097152,8388608,1048576,65536,1.4347691535949707
"2,73,69,66,91",WIN,5,264753.0,five-stone-subsets-of-medium-loss.csv,EXACT_INDEPENDENT_SEARCH,100000,WIN,100000,17,99798,0.433129,0.99798,230878.0986726818,0,0,0,0,0,1,1,32,162,1203,4663,14759,25157,29484,18741,5242,541,14,0,0,1202,4662,14758,0,25156,0,29483,0,18740,0,5242,541,14,1048576,4194304,8388608,2097152,16777216,2097152,33554432,8388608,16777216,2097152,8388608,1048576,65536,1.5197913646697998
"2,73,69,13,91",WIN,5,1281634.0,five-stone-subsets-of-medium-loss.csv,EXACT_INDEPENDENT_SEARCH,100000,WIN,100000,17,99899,0.449879,0.99899,222281.9913799044,0,0,0,0,0,1,1,12,84,579,2582,9644,21154,29559,25385,9662,1286,51,0,0,578,2581,9643,0,21154,0,29559,0,25385,0,9662,1286,51,1048576,4194304,8388608,2097152,16777216,2097152,33554432,8388608,16777216,2097152,8388608,1048576,65536,1.4596922397613525
"2,73,66,13,91",LOSS,5,10862287.0,five-stone-subsets-of-medium-loss.csv,EXACT_INDEPENDENT_SEARCH,100000,LOSS,100000,17,99800,0.466903,0.998,214177.24880756816,0,0,0,0,0,1,3,12,177,854,4040,12211,24132,29278,21529,6978,761,24,0,0,853,4039,12210,0,24131,0,29277,0,21528,0,6977,761,24,1048576,4194304,8388608,2097152,16777216,2097152,33554432,8388608,16777216,2097152,8388608,1048576,65536,1.4107639789581299
"2,69,66,13,91",WIN,5,828065.0,five-stone-subsets-of-medium-loss.csv,EXACT_INDEPENDENT_SEARCH,100000,WIN,100000,17,99885,0.66366,0.99885,150679.56483741675,0,0,0,0,0,1,1,14,92,749,3427,12156,23643,30247,21910,6914,816,30,0,0,748,3426,12155,0,23642,0,30246,0,21909,0,6913,816,30,1048576,4194304,8388608,2097152,16777216,2097152,33554432,8388608,16777216,2097152,8388608,1048576,65536,1.9466733932495117
"73,69,66,13,91",LOSS,5,12376238.0,five-stone-subsets-of-medium-loss.csv,EXACT_INDEPENDENT_SEARCH,100000,LOSS,100000,18,99859,0.480232,0.99859,208232.6875343584,0,0,0,0,0,1,2,15,111,877,3701,12254,23522,29254,21932,7378,899,45,9,0,876,3700,12253,0,23522,0,29254,0,21932,0,7378,899,45,1048576,4194304,8388608,2097152,16777216,2097152,33554432,8388608,16777216,2097152,8388608,1048576,65536,1.5290284156799316
"61,2,73,69,66,13,91",WIN,7,10952.0,seven-stone-subsets-of-medium-loss.csv,EXACT_BATCH,100000,WIN,10952,16,10947,0.10133,0.9995434623813002,108082.50271390507,0,0,0,0,0,0,0,1,4,97,365,1501,2648,3473,2312,528,23,0,0,0,97,365,1501,0,2648,0,3473,0,2312,0,528,23,0,1048576,4194304,8388608,2097152,16777216,2097152,33554432,8388608,16777216,2097152,8388608,1048576,65536,1.228288173675537
"90,2,73,69,66,13,91",WIN,7,15362.0,seven-stone-subsets-of-medium-loss.csv,EXACT_BATCH,100000,WIN,15362,17,15358,0.133893,0.9997396172373388,114733.40652610666,0,0,0,0,0,0,0,1,3,67,328,1550,3275,4906,3778,1278,169,7,0,0,67,328,1550,0,3275,0,4906,0,3778,0,1278,169,7,1048576,4194304,8388608,2097152,16777216,2097152,33554432,8388608,16777216,2097152,8388608,1048576,65536,1.2260043621063232
"90,61,73,69,66,13,91",WIN,7,13929.0,seven-stone-subsets-of-medium-loss.csv,EXACT_BATCH,100000,WIN,13929,16,13914,0.119698,0.998923110058152,116367.85911209878,0,0,0,0,0,0,0,1,14,110,473,1748,3452,4467,2907,712,45,0,0,0,110,473,1748,0,3452,0,4467,0,2907,0,712,45,0,1048576,4194304,8388608,2097152,16777216,2097152,33554432,8388608,16777216,2097152,8388608,1048576,65536,1.1514148712158203
"90,61,2,69,66,13,91",WIN,7,6922.0,seven-stone-subsets-of-medium-loss.csv,EXACT_BATCH,100000,WIN,6922,16,6918,0.091467,0.9994221323316961,75677.56677271584,0,0,0,0,0,0,0,1,3,50,160,842,1594,2335,1555,361,21,0,0,0,50,160,842,0,1594,0,2335,0,1555,0,361,21,0,1048576,4194304,8388608,2097152,16777216,2097152,33554432,8388608,16777216,2097152,8388608,1048576,65536,1.1177270412445068
"90,61,2,73,66,13,91",WIN,7,4486.0,seven-stone-subsets-of-medium-loss.csv,EXACT_BATCH,100000,WIN,4486,16,4483,0.0792391,0.9993312527864467,56613.464817242995,0,0,0,0,0,0,0,1,2,45,160,640,1098,1439,902,190,9,0,0,0,45,160,640,0,1098,0,1439,0,902,0,190,9,0,1048576,4194304,8388608,2097152,16777216,2097152,33554432,8388608,16777216,2097152,8388608,1048576,65536,1.1315288543701172
"90,61,2,73,69,13,91",WIN,7,24847.0,seven-stone-subsets-of-medium-loss.csv,EXACT_BATCH,100000,WIN,24847,17,24839,0.162886,0.9996780295407897,152542.26882605013,0,0,0,0,0,0,0,1,7,111,525,2487,5290,7863,6289,2048,219,7,0,0,111,525,2487,0,5290,0,7863,0,6289,0,2048,219,7,1048576,4194304,8388608,2097152,16777216,2097152,33554432,8388608,16777216,2097152,8388608,1048576,65536,1.170966625213623
"90,61,2,73,69,66,91",WIN,7,3047.0,seven-stone-subsets-of-medium-loss.csv,EXACT_BATCH,100000,WIN,3047,16,3045,0.0750887,0.9993436166721366,40578.67561963385,0,0,0,0,0,0,0,1,1,32,137,509,868,991,437,68,3,0,0,0,32,137,509,0,868,0,991,0,437,0,68,3,0,1048576,4194304,8388608,2097152,16777216,2097152,33554432,8388608,16777216,2097152,8388608,1048576,65536,1.2295722961425781
"90,61,2,73,69,66,13",WIN,7,2360.0,seven-stone-subsets-of-medium-loss.csv,EXACT_BATCH,100000,WIN,2360,16,2358,0.068874,0.9991525423728813,34265.47027906031,0,0,0,0,0,0,0,1,1,31,130,426,689,724,315,41,2,0,0,0,31,130,426,0,689,0,724,0,315,0,41,2,0,1048576,4194304,8388608,2097152,16777216,2097152,33554432,8388608,16777216,2097152,8388608,1048576,65536,1.2106876373291016
"0,39,60",WIN,3,43834054.0,90-69-heavy-three-stone-results.csv,direct-exact-search,100000,WIN,100000,17,99863,0.534686,0.99863,187025.6561795147,0,0,0,1,1,1,2,9,117,673,3171,10065,21635,28718,24081,9984,1496,46,0,0,672,3170,10064,0,21634,0,28717,0,24080,0,9984,1496,46,1048576,4194304,8388608,2097152,16777216,2097152,33554432,8388608,16777216,2097152,8388608,1048576,65536,1.6825754642486572
"0,39,90",WIN,3,22984058.0,90-69-heavy-three-stone-results.csv,seed-direct,100000,WIN,100000,17,99863,0.562999,0.99863,177620.2089168897,0,0,0,1,1,1,2,9,117,673,3171,10065,21635,28718,24081,9984,1496,46,0,0,672,3170,10064,0,21634,0,28717,0,24080,0,9984,1496,46,1048576,4194304,8388608,2097152,16777216,2097152,33554432,8388608,16777216,2097152,8388608,1048576,65536,1.6338279247283936
"0,9,30",WIN,3,93094485.0,90-69-heavy-three-stone-results.csv,seed-direct,100000,WIN,100000,17,99805,0.417795,0.99805,239351.83523019662,0,0,0,1,1,1,3,25,162,984,3940,12521,23896,29661,21549,6577,660,19,0,0,983,3939,12521,0,23896,0,29661,0,21549,0,6577,660,19,1048576,4194304,8388608,2097152,16777216,2097152,33554432,8388608,16777216,2097152,8388608,1048576,65536,1.4280097484588623
"9,28,30",WIN,3,17931419.0,90-69-heavy-three-stone-results.csv,seed-direct,100000,WIN,100000,17,99742,0.441454,0.99742,226524.16786346934,0,0,0,1,1,1,1,37,213,1196,4401,13722,24361,29098,20366,5995,592,15,0,0,1195,4400,13721,0,24360,0,29098,0,20366,0,5995,592,15,1048576,4194304,8388608,2097152,16777216,2097152,33554432,8388608,16777216,2097152,8388608,1048576,65536,1.4429237842559814
"0,30,39",WIN,3,32981891.0,90-69-heavy-three-stone-results.csv,seed-direct,100000,WIN,100000,17,99521,0.478535,0.99521,208971.13063830233,0,0,0,1,1,2,3,68,399,2024,6467,17428,26660,27678,15692,3348,223,6,0,0,2023,6466,17427,0,26659,0,27677,0,15692,0,3348,223,6,1048576,4194304,8388608,2097152,16777216,2097152,33554432,8388608,16777216,2097152,8388608,1048576,65536,1.501570463180542
"9,30,54",WIN,3,18562768.0,90-69-heavy-three-stone-results.csv,seed-direct,100000,WIN,100000,16,99535,0.479051,0.99535,208746.04165318515,0,0,0,1,1,1,5,48,405,1764,6261,16645,26554,28105,16484,3553,173,0,0,0,1763,6260,16644,0,26553,0,28105,0,16484,0,3553,173,0,1048576,4194304,8388608,2097152,16777216,2097152,33554432,8388608,16777216,2097152,8388608,1048576,65536,1.4654970169067383
"9,30,63",WIN,3,33477603.0,90-69-heavy-three-stone-results.csv,seed-direct,100000,WIN,100000,17,99781,0.443674,0.99781,225390.7148041129,0,0,0,1,1,1,2,30,180,1151,4207,13489,24313,29595,20576,5936,513,5,0,0,1150,4206,13488,0,24312,0,29595,0,20576,0,5936,513,5,1048576,4194304,8388608,2097152,16777216,2097152,33554432,8388608,16777216,2097152,8388608,1048576,65536,1.5183806419372559
"0,39,50",WIN,3,11688427.0,90-69-heavy-three-stone-results.csv,seed-direct,100000,WIN,100000,17,99501,0.412177,0.99501,242614.21670787063,0,0,0,1,1,2,4,66,420,2191,7570,19000,27774,26924,13315,2581,149,2,0,0,2190,7569,18999,0,27773,0,26923,0,13315,0,2581,149,2,1048576,4194304,8388608,2097152,16777216,2097152,33554432,8388608,16777216,2097152,8388608,1048576,65536,1.4252376556396484
"3,9,30",WIN,3,89170419.0,90-69-heavy-three-stone-results.csv,seed-direct,100000,WIN,100000,18,99749,0.674579,0.99749,148240.60636337625,0,0,0,1,1,1,2,40,192,1349,4549,14310,24474,28863,19210,6138,820,41,9,0,1348,4548,14309,0,24473,0,28862,0,19210,0,6138,820,41,1048576,4194304,8388608,2097152,16777216,2097152,33554432,8388608,16777216,2097152,8388608,1048576,65536,1.746323585510254
"4,9,30",WIN,3,28641297.0,90-69-heavy-three-stone-results.csv,seed-direct,100000,WIN,100000,17,99733,0.416978,0.99733,239820.8058938361,0,0,0,1,1,1,3,32,223,1160,4608,13641,24600,28936,19851,6227,696,20,0,0,1159,4607,13640,0,24599,0,28935,0,19850,0,6227,696,20,1048576,4194304,8388608,2097152,16777216,2097152,33554432,8388608,16777216,2097152,8388608,1048576,65536,1.4462602138519287
"5,9,30",WIN,3,35641854.0,90-69-heavy-three-stone-results.csv,seed-direct,100000,WIN,100000,17,99727,0.419344,0.99727,238467.70193445001,0,0,0,1,1,1,1,38,227,1184,4317,13801,24331,29658,20243,5698,493,6,0,0,1183,4316,13800,0,24330,0,29658,0,20243,0,5698,493,6,1048576,4194304,8388608,2097152,16777216,2097152,33554432,8388608,16777216,2097152,8388608,1048576,65536,1.4433369636535645
"9,18,30",WIN,3,93993888.0,90-69-heavy-three-stone-results.csv,seed-direct,100000,WIN,100000,17,99813,0.412339,0.99813,242518.89828514887,0,0,0,1,1,1,1,29,149,1217,4472,14761,25445,30057,18686,4746,427,7,0,0,1216,4471,14760,0,25444,0,30056,0,18686,0,4746,427,7,1048576,4194304,8388608,2097152,16777216,2097152,33554432,8388608,16777216,2097152,8388608,1048576,65536,1.3890788555145264
"9,19,30",WIN,3,130411736.0,90-69-heavy-three-stone-results.csv,direct-exact-search,100000,WIN,100000,17,99784,0.443004,0.99784,225731.59610296972,0,0,0,1,1,1,1,29,177,1148,4353,13526,24499,29598,20321,5821,515,9,0,0,1147,4352,13525,0,24498,0,29597,0,20320,0,5821,515,9,1048576,4194304,8388608,2097152,16777216,2097152,33554432,8388608,16777216,2097152,8388608,1048576,65536,1.3957011699676514
"9,21,30",WIN,3,40852542.0,90-69-heavy-three-stone-results.csv,direct-exact-search,100000,WIN,100000,17,99613,0.46997,0.99613,212779.53911951827,0,0,0,1,1,2,2,57,320,1899,6099,16966,25768,27752,16652,4124,348,9,0,0,1898,6098,16965,0,25767,0,27752,0,16652,0,4124,348,9,1048576,4194304,8388608,2097152,16777216,2097152,33554432,8388608,16777216,2097152,8388608,1048576,65536,1.4171645641326904
"9,23,30",WIN,3,212728576.0,90-69-heavy-three-stone-results.csv,direct-exact-search,100000,WIN,100000,17,99871,0.463186,0.99871,215895.9899478827,0,0,0,1,1,1,1,15,106,805,3205,11540,23156,30192,23028,7221,710,18,0,0,804,3204,11539,0,23155,0,30192,0,23028,0,7221,710,18,1048576,4194304,8388608,2097152,16777216,2097152,33554432,8388608,16777216,2097152,8388608,1048576,65536,1.446812391281128
"9,27,30",WIN,3,49770994.0,90-69-heavy-three-stone-results.csv,direct-exact-search,100000,WIN,100000,17,99468,0.400417,0.99468,249739.64641860858,0,0,0,1,1,1,3,63,456,2058,7096,18001,26601,27296,14715,3418,286,4,0,0,2057,7095,18000,0,26600,0,27295,0,14714,0,3417,286,4,1048576,4194304,8388608,2097152,16777216,2097152,33554432,8388608,16777216,2097152,8388608,1048576,65536,1.3539502620697021
"9,30,34",WIN,3,20025956.0,90-69-heavy-three-stone-results.csv,direct-exact-search,100000,WIN,100000,17,99678,0.438979,0.99678,227801.32990416398,0,0,0,1,1,1,1,35,280,1474,5185,14899,25307,28335,19048,5047,382,4,0,0,1473,5184,14898,0,25307,0,28335,0,19048,0,5047,382,4,1048576,4194304,8388608,2097152,16777216,2097152,33554432,8388608,16777216,2097152,8388608,1048576,65536,1.4091708660125732
"9,30,40",WIN,3,27146764.0,90-69-heavy-three-stone-results.csv,direct-exact-search,100000,WIN,100000,17,99766,0.402761,0.99766,248286.20447362083,0,0,0,1,1,1,3,27,196,1224,4791,14247,25109,29573,19187,5176,454,10,0,0,1223,4790,14246,0,25108,0,29572,0,19187,0,5176,454,10,1048576,4194304,8388608,2097152,16777216,2097152,33554432,8388608,16777216,2097152,8388608,1048576,65536,1.34047269821167
"0,39,40",WIN,3,103769294.0,90-69-heavy-three-stone-results.csv,direct-exact-search,100000,WIN,100000,17,99748,0.418614,0.99748,238883.55382285352,0,0,0,1,1,1,2,26,215,1078,3979,12132,22659,28249,22024,8334,1246,53,0,0,1077,3978,12131,0,22658,0,28248,0,22023,0,8334,1246,53,1048576,4194304,8388608,2097152,16777216,2097152,33554432,8388608,16777216,2097152,8388608,1048576,65536,1.3670508861541748
"9,30,50",WIN,3,37621827.0,90-69-heavy-three-stone-results.csv,direct-exact-search,100000,WIN,100000,17,99727,0.41985,0.99727,238180.30248898416,0,0,0,1,1,1,1,38,227,1184,4317,13801,24331,29658,20243,5698,493,6,0,0,1183,4316,13800,0,24330,0,29658,0,20243,0,5698,493,6,1048576,4194304,8388608,2097152,16777216,2097152,33554432,8388608,16777216,2097152,8388608,1048576,65536,1.3898191452026367
"0,39,53",WIN,3,29517119.0,90-69-heavy-three-stone-results.csv,direct-exact-search,100000,WIN,100000,17,99615,0.418068,0.99615,239195.53756805114,0,0,0,1,1,1,1,38,338,1666,6417,17531,27799,28844,14626,2598,137,2,0,0,1665,6416,17530,0,27798,0,28843,0,14626,0,2598,137,2,1048576,4194304,8388608,2097152,16777216,2097152,33554432,8388608,16777216,2097152,8388608,1048576,65536,1.3706252574920654
"0,39,70",WIN,3,158441784.0,90-69-heavy-three-stone-results.csv,direct-exact-search,100000,WIN,100000,17,99814,0.423983,0.99814,235858.51319510452,0,0,0,1,1,1,2,23,153,870,3474,11172,22240,28509,23214,8983,1302,55,0,0,869,3473,11171,0,22239,0,28508,0,23214,0,8983,1302,55,1048576,4194304,8388608,2097152,16777216,2097152,33554432,8388608,16777216,2097152,8388608,1048576,65536,1.3774306774139404
"0,39,80",WIN,3,282020145.0,90-69-heavy-three-stone-results.csv,direct-exact-search,100000,WIN,100000,17,99489,0.447854,0.99489,223287.05337007152,0,0,0,1,1,1,3,58,444,1909,6937,17857,27370,27620,14321,3206,269,3,0,0,1908,6936,17856,0,27370,0,27620,0,14321,0,3206,269,3,1048576,4194304,8388608,2097152,16777216,2097152,33554432,8388608,16777216,2097152,8388608,1048576,65536,1.4204564094543457
"3,9,90",WIN,3,49837228.0,90-69-heavy-three-stone-results.csv,direct-exact-search,100000,WIN,100000,17,99806,0.43182,0.99806,231577.97230327452,0,0,0,1,1,1,3,23,162,894,3567,11450,22477,28465,22803,8847,1263,43,0,0,893,3566,11449,0,22477,0,28465,0,22803,0,8847,1263,43,1048576,4194304,8388608,2097152,16777216,2097152,33554432,8388608,16777216,2097152,8388608,1048576,65536,1.4538350105285645
"6,9,30",WIN,3,58999216.0,90-69-heavy-three-stone-results.csv,direct-exact-search,100000,WIN,100000,17,99854,0.421635,0.99854,237171.96153070786,0,0,0,1,1,1,2,13,123,796,3457,11043,22884,29184,23379,8124,957,35,0,0,795,3456,11042,0,22883,0,29183,0,23379,0,8124,957,35,1048576,4194304,8388608,2097152,16777216,2097152,33554432,8388608,16777216,2097152,8388608,1048576,65536,1.3792088031768799
"7,9,30",WIN,3,116943304.0,90-69-heavy-three-stone-results.csv,direct-exact-search,100000,WIN,100000,17,99889,0.44981,0.99889,222316.08901536206,0,0,0,1,1,1,2,8,92,501,2591,8559,20013,28354,26062,11882,1869,64,0,0,500,2590,8558,0,20012,0,28353,0,26061,0,11882,1869,64,1048576,4194304,8388608,2097152,16777216,2097152,33554432,8388608,16777216,2097152,8388608,1048576,65536,1.45595383644104
"9,13,30",WIN,3,24747185.0,90-69-heavy-three-stone-results.csv,direct-exact-search,100000,WIN,100000,17,99709,0.425046,0.99709,235268.65327517493,0,0,0,1,1,1,2,36,245,1442,5088,15207,25926,29192,18000,4520,337,2,0,0,1441,5087,15206,0,25925,0,29191,0,18000,0,4520,337,2,1048576,4194304,8388608,2097152,16777216,2097152,33554432,8388608,16777216,2097152,8388608,1048576,65536,1.4165682792663574
"9,14,30",WIN,3,51415473.0,90-69-heavy-three-stone-results.csv,direct-exact-search,100000,WIN,100000,17,99714,0.431687,0.99714,231649.31999342117,0,0,0,1,1,1,5,26,247,1126,4323,12744,23860,28794,21395,6802,661,14,0,0,1125,4322,12743,0,23859,0,28793,0,21395,0,6802,661,14,1048576,4194304,8388608,2097152,16777216,2097152,33554432,8388608,16777216,2097152,8388608,1048576,65536,1.4025204181671143
"9,15,30",WIN,3,9018427.0,90-69-heavy-three-stone-results.csv,direct-exact-search,100000,WIN,100000,17,99498,0.411731,0.99498,242877.0240763994,0,0,0,1,1,2,4,62,431,2179,7737,19297,27979,26753,12769,2575,205,5,0,0,2178,7737,19297,0,27979,0,26753,0,12769,0,2575,205,5,1048576,4194304,8388608,2097152,16777216,2097152,33554432,8388608,16777216,2097152,8388608,1048576,65536,1.419003963470459
"9,17,30",WIN,3,35871881.0,90-69-heavy-three-stone-results.csv,direct-exact-search,100000,WIN,100000,18,99794,0.422209,0.99794,236849.5223929381,0,0,0,1,1,1,1,27,154,1022,3772,12498,23156,29035,21639,7484,1115,78,16,0,1021,3771,12497,0,23155,0,29034,0,21639,0,7484,1115,78,1048576,4194304,8388608,2097152,16777216,2097152,33554432,8388608,16777216,2097152,8388608,1048576,65536,1.4716224670410156
"9,22,30",WIN,3,20244649.0,90-69-heavy-three-stone-results.csv,direct-exact-search,100000,WIN,100000,17,99515,0.408635,0.99515,244717.16813293035,0,0,0,1,1,1,2,73,405,2164,7018,18718,27397,27755,13734,2580,150,1,0,0,2163,7017,18718,0,27397,0,27755,0,13734,0,2580,150,1,1048576,4194304,8388608,2097152,16777216,2097152,33554432,8388608,16777216,2097152,8388608,1048576,65536,1.3708469867706299
"9,24,30",WIN,3,49257364.0,90-69-heavy-three-stone-results.csv,direct-exact-search,100000,WIN,100000,16,99448,0.419876,0.99448,238165.55363964598,0,0,0,1,1,2,3,56,484,2183,7873,19315,27935,26737,12847,2436,127,0,0,0,2182,7872,19314,0,27934,0,26736,0,12847,0,2436,127,0,1048576,4194304,8388608,2097152,16777216,2097152,33554432,8388608,16777216,2097152,8388608,1048576,65536,1.3863024711608887
"9,25,30",WIN,3,18264712.0,90-69-heavy-three-stone-results.csv,direct-exact-search,100000,WIN,100000,18,99408,0.422644,0.99408,236605.74857326734,0,0,0,1,1,2,2,66,508,2318,7466,19088,27268,26861,13508,2707,190,8,6,0,2317,7465,19087,0,27267,0,26860,0,13507,0,2707,190,8,1048576,4194304,8388608,2097152,16777216,2097152,33554432,8388608,16777216,2097152,8388608,1048576,65536,1.4099781513214111
"9,26,30",WIN,3,21154191.0,90-69-heavy-three-stone-results.csv,direct-exact-search,100000,WIN,100000,17,99689,0.43217,0.99689,231390.42506421084,0,0,0,1,1,1,1,43,260,1580,5300,15753,25420,28720,17990,4550,371,9,0,0,1579,5299,15752,0,25419,0,28720,0,17990,0,4550,371,9,1048576,4194304,8388608,2097152,16777216,2097152,33554432,8388608,16777216,2097152,8388608,1048576,65536,1.3603506088256836
"9,30,31",WIN,3,12571096.0,90-69-heavy-three-stone-results.csv,direct-exact-search,100000,WIN,100000,17,99681,0.397103,0.99681,251823.834118604,0,0,0,1,1,1,4,32,274,1494,6021,15669,26274,28151,17277,4405,382,14,0,0,1493,6020,15668,0,26273,0,28150,0,17276,0,4405,382,14,1048576,4194304,8388608,2097152,16777216,2097152,33554432,8388608,16777216,2097152,8388608,1048576,65536,1.3547940254211426
"9,30,32",WIN,3,26956576.0,90-69-heavy-three-stone-results.csv,direct-exact-search,100000,WIN,100000,17,99736,0.449088,0.99736,222673.50719680777,0,0,0,1,1,1,2,39,218,1305,4527,13671,23712,28332,20133,7013,1006,39,0,0,1304,4526,13671,0,23712,0,28332,0,20133,0,7013,1006,39,1048576,4194304,8388608,2097152,16777216,2097152,33554432,8388608,16777216,2097152,8388608,1048576,65536,1.4729022979736328
"0,39,41",WIN,3,64962500.0,90-69-heavy-three-stone-results.csv,direct-exact-search,100000,WIN,100000,17,99436,0.399127,0.99436,250546.81843122616,0,0,0,1,1,1,3,70,484,2169,7407,18408,27614,27269,13870,2586,116,1,0,0,2168,7406,18407,0,27613,0,27269,0,13870,0,2586,116,1,1048576,4194304,8388608,2097152,16777216,2097152,33554432,8388608,16777216,2097152,8388608,1048576,65536,1.3657071590423584
"9,30,43",WIN,3,84737266.0,90-69-heavy-three-stone-results.csv,direct-exact-search,100000,WIN,100000,17,99846,0.406158,0.99846,246209.6031593616,0,0,0,1,1,1,1,18,129,897,3610,12271,23400,29910,22066,6893,764,38,0,0,896,3609,12270,0,23400,0,29910,0,22066,0,6893,764,38,1048576,4194304,8388608,2097152,16777216,2097152,33554432,8388608,16777216,2097152,8388608,1048576,65536,1.358644962310791
"0,39,43",WIN,3,78983296.0,90-69-heavy-three-stone-results.csv,direct-exact-search,100000,WIN,100000,17,99770,0.424994,0.9977,235297.43949326343,0,0,0,1,1,1,1,29,194,1206,4526,14376,25111,29922,19556,4771,298,7,0,0,1205,4525,14375,0,25111,0,29922,0,19556,0,4771,298,7,1048576,4194304,8388608,2097152,16777216,2097152,33554432,8388608,16777216,2097152,8388608,1048576,65536,1.4478857517242432
"9,30,44",WIN,3,62499539.0,90-69-heavy-three-stone-results.csv,direct-exact-search,100000,WIN,100000,18,99872,0.436398,0.99872,229148.62121274616,0,0,0,1,1,1,1,13,99,706,2995,10816,22271,30135,23549,8283,1075,45,9,0,705,2994,10815,0,22271,0,30135,0,23549,0,8283,1075,45,1048576,4194304,8388608,2097152,16777216,2097152,33554432,8388608,16777216,2097152,8388608,1048576,65536,1.4024019241333008
"9,30,51",WIN,3,19953051.0,90-69-heavy-three-stone-results.csv,direct-exact-search,100000,WIN,100000,17,99866,0.455133,0.99866,219715.99510472763,0,0,0,1,1,1,3,11,111,572,2782,9050,20750,28515,25642,10891,1611,59,0,0,571,2781,9049,0,20749,0,28514,0,25641,0,10891,1611,59,1048576,4194304,8388608,2097152,16777216,2097152,33554432,8388608,16777216,2097152,8388608,1048576,65536,1.3994088172912598
"0,39,51",WIN,3,14486206.0,90-69-heavy-three-stone-results.csv,direct-exact-search,100000,WIN,100000,16,99488,0.433473,0.99488,230694.87603610836,0,0,0,1,1,2,5,63,432,2184,7720,19616,28485,26971,12341,2086,93,0,0,0,2183,7719,19615,0,28484,0,26970,0,12340,0,2085,92,0,1048576,4194304,8388608,2097152,16777216,2097152,33554432,8388608,16777216,2097152,8388608,1048576,65536,1.375732421875
"9,30,52",WIN,3,78333243.0,90-69-heavy-three-stone-results.csv,direct-exact-search,100000,WIN,100000,18,99788,0.417063,0.99788,239771.92894119112,0,0,0,1,1,1,2,26,168,966,3625,11724,22606,29018,22625,8139,1052,38,8,0,965,3624,11723,0,22605,0,29017,0,22625,0,8139,1052,38,1048576,4194304,8388608,2097152,16777216,2097152,33554432,8388608,16777216,2097152,8388608,1048576,65536,1.36612868309021
"0,39,52",WIN,3,65981624.0,90-69-heavy-three-stone-results.csv,direct-exact-search,100000,WIN,100000,17,99776,0.438773,0.99776,227908.28059155872,0,0,0,1,1,1,1,32,183,1209,4392,13875,24004,29216,20118,6258,688,21,0,0,1208,4391,13874,0,24003,0,29215,0,20118,0,6258,688,21,1048576,4194304,8388608,2097152,16777216,2097152,33554432,8388608,16777216,2097152,8388608,1048576,65536,1.4123756885528564
"9,30,53",WIN,3,61441418.0,90-69-heavy-three-stone-results.csv,direct-exact-search,100000,WIN,100000,17,99850,0.407303,0.9985,245517.46488486457,0,0,0,1,1,1,2,21,118,805,3393,11549,22657,29688,22980,7854,905,25,0,0,804,3392,11548,0,22656,0,29687,0,22979,0,7854,905,25,1048576,4194304,8388608,2097152,16777216,2097152,33554432,8388608,16777216,2097152,8388608,1048576,65536,1.3715362548828125
"0,39,54",WIN,3,25092989.0,90-69-heavy-three-stone-results.csv,direct-exact-search,100000,WIN,100000,17,99813,0.415397,0.99813,240733.56331413082,0,0,0,1,1,1,1,40,138,1198,4162,14371,25254,31185,19223,4150,266,9,0,0,1197,4161,14370,0,25253,0,31184,0,19223,0,4150,266,9,1048576,4194304,8388608,2097152,16777216,2097152,33554432,8388608,16777216,2097152,8388608,1048576,65536,1.4112930297851562
"0,39,61",WIN,3,27079157.0,90-69-heavy-three-stone-results.csv,direct-exact-search,100000,WIN,100000,17,99828,0.428365,0.99828,233445.77638229082,0,0,0,1,1,1,2,26,134,966,3778,12280,23245,29003,21898,7593,1027,45,0,0,965,3777,12279,0,23244,0,29002,0,21897,0,7592,1027,45,1048576,4194304,8388608,2097152,16777216,2097152,33554432,8388608,16777216,2097152,8388608,1048576,65536,1.3769845962524414
"9,30,62",WIN,3,15354593.0,90-69-heavy-three-stone-results.csv,direct-exact-search,100000,WIN,100000,17,99219,0.394304,0.99219,253611.42671644213,0,0,0,1,1,3,5,110,656,2165,7373,18795,27511,26821,13752,2642,161,4,0,0,2164,7372,18794,0,27510,0,26820,0,13752,0,2642,161,4,1048576,4194304,8388608,2097152,16777216,2097152,33554432,8388608,16777216,2097152,8388608,1048576,65536,1.339198350906372
"0,39,62",WIN,3,16048536.0,90-69-heavy-three-stone-results.csv,direct-exact-search,100000,WIN,100000,17,99688,0.414972,0.99688,240980.11432096624,0,0,0,1,1,2,3,51,249,1739,5772,16724,26019,28198,17014,3944,274,9,0,0,1738,5771,16723,0,26018,0,28197,0,17014,0,3944,274,9,1048576,4194304,8388608,2097152,16777216,2097152,33554432,8388608,16777216,2097152,8388608,1048576,65536,1.378476619720459
"9,30,64",WIN,3,21081911.0,90-69-heavy-three-stone-results.csv,direct-exact-search,100000,WIN,100000,17,99879,0.428256,0.99879,233505.19315549577,0,0,0,1,1,1,2,18,93,733,3097,11119,22742,30195,23217,7831,925,25,0,0,732,3096,11118,0,22741,0,30194,0,23217,0,7831,925,25,1048576,4194304,8388608,2097152,16777216,2097152,33554432,8388608,16777216,2097152,8388608,1048576,65536,1.3921558856964111
"0,39,64",WIN,3,38631317.0,90-69-heavy-three-stone-results.csv,direct-exact-search,100000,WIN,100000,17,99742,0.435076,0.99742,229844.90066103393,0,0,0,1,1,1,2,30,219,1219,4850,14554,25292,29083,18976,5257,501,14,0,0,1218,4849,14553,0,25291,0,29083,0,18976,0,5257,501,14,1048576,4194304,8388608,2097152,16777216,2097152,33554432,8388608,16777216,2097152,8388608,1048576,65536,1.3867545127868652
"9,30,70",WIN,3,49149227.0,90-69-heavy-three-stone-results.csv,direct-exact-search,100000,WIN,100000,17,99656,0.475043,0.99656,210507.25934283843,0,0,0,1,1,2,2,40,291,1548,5354,15719,26476,28242,17578,4391,348,7,0,0,1547,5353,15718,0,26475,0,28241,0,17577,0,4390,348,7,1048576,4194304,8388608,2097152,16777216,2097152,33554432,8388608,16777216,2097152,8388608,1048576,65536,1.436539888381958
"9,30,71",WIN,3,189044946.0,90-69-heavy-three-stone-results.csv,direct-exact-search,100000,WIN,100000,17,99831,0.406285,0.99831,246132.6408801703,0,0,0,1,1,1,1,32,127,1034,3700,13094,23395,29871,20957,6868,882,36,0,0,1033,3699,13093,0,23394,0,29870,0,20956,0,6868,882,36,1048576,4194304,8388608,2097152,16777216,2097152,33554432,8388608,16777216,2097152,8388608,1048576,65536,1.3517093658447266
"0,39,72",WIN,3,44468820.0,90-69-heavy-three-stone-results.csv,direct-exact-search,100000,WIN,100000,17,99725,0.423064,0.99725,236370.85641888698,0,0,0,1,1,1,2,37,227,1253,4665,13881,24491,28760,19392,6324,921,44,0,0,1252,4664,13880,0,24490,0,28759,0,19391,0,6324,921,44,1048576,4194304,8388608,2097152,16777216,2097152,33554432,8388608,16777216,2097152,8388608,1048576,65536,1.3768377304077148
"0,39,73",WIN,3,50600210.0,90-69-heavy-three-stone-results.csv,direct-exact-search,100000,WIN,100000,17,99653,0.396462,0.99653,252230.98304503332,0,0,0,1,1,1,2,34,304,1604,5934,16153,26264,28203,16716,4338,428,17,0,0,1603,5933,16152,0,26263,0,28203,0,16716,0,4338,428,17,1048576,4194304,8388608,2097152,16777216,2097152,33554432,8388608,16777216,2097152,8388608,1048576,65536,1.3728299140930176
"9,30,74",WIN,3,29287341.0,90-69-heavy-three-stone-results.csv,direct-exact-search,100000,WIN,100000,17,99750,0.43376,0.9975,230542.23533751385,0,0,0,1,1,1,1,35,207,1265,4792,14459,25165,29049,19186,5303,516,19,0,0,1264,4791,14458,0,25164,0,29049,0,19186,0,5303,516,19,1048576,4194304,8388608,2097152,16777216,2097152,33554432,8388608,16777216,2097152,8388608,1048576,65536,1.4093310832977295
"0,39,74",WIN,3,148631333.0,90-69-heavy-three-stone-results.csv,direct-exact-search,100000,WIN,100000,16,99730,0.412813,0.9973,242240.43331968714,0,0,0,1,1,1,1,42,220,1513,5277,16186,26827,29765,16842,3213,111,0,0,0,1512,5276,16185,0,26826,0,29765,0,16842,0,3213,111,0,1048576,4194304,8388608,2097152,16777216,2097152,33554432,8388608,16777216,2097152,8388608,1048576,65536,1.3881959915161133
"9,30,80",WIN,3,44725434.0,90-69-heavy-three-stone-results.csv,direct-exact-search,100000,WIN,100000,17,99820,0.443687,0.9982,225384.11087095182,0,0,0,1,1,1,4,11,157,624,3102,10116,22232,28800,24450,9300,1171,30,0,0,623,3101,10115,0,22231,0,28799,0,24450,0,9300,1171,30,1048576,4194304,8388608,2097152,16777216,2097152,33554432,8388608,16777216,2097152,8388608,1048576,65536,1.4200801849365234
"0,39,81",WIN,3,62080083.0,90-69-heavy-three-stone-results.csv,direct-exact-search,100000,WIN,100000,16,99551,0.454817,0.99551,219868.65046821028,0,0,0,1,1,1,1,45,396,1860,6982,18475,27920,28244,13711,2277,86,0,0,0,1859,6981,18474,0,27919,0,28244,0,13711,0,2277,86,0,1048576,4194304,8388608,2097152,16777216,2097152,33554432,8388608,16777216,2097152,8388608,1048576,65536,1.4414563179016113
"9,30,82",WIN,3,56351468.0,90-69-heavy-three-stone-results.csv,direct-exact-search,100000,WIN,100000,17,99869,0.414608,0.99869,241191.67985181184,0,0,0,1,1,1,1,19,104,899,3385,12129,23108,30091,22424,7082,738,17,0,0,898,3384,12128,0,23107,0,30091,0,22424,0,7082,738,17,1048576,4194304,8388608,2097152,16777216,2097152,33554432,8388608,16777216,2097152,8388608,1048576,65536,1.351348876953125
"0,39,82",WIN,3,28447710.0,90-69-heavy-three-stone-results.csv,direct-exact-search,100000,WIN,100000,17,99653,0.435389,0.99653,229679.66577015037,0,0,0,1,1,1,1,45,294,1586,6309,18057,28324,29138,13742,2369,131,1,0,0,1585,6308,18056,0,28323,0,29138,0,13742,0,2369,131,1,1048576,4194304,8388608,2097152,16777216,2097152,33554432,8388608,16777216,2097152,8388608,1048576,65536,1.377913475036621
"9,30,83",WIN,3,37815942.0,90-69-heavy-three-stone-results.csv,direct-exact-search,100000,WIN,100000,17,99720,0.395451,0.9972,252875.830381008,0,0,0,1,1,1,3,26,244,1384,5312,15251,25710,28847,18117,4685,410,8,0,0,1383,5311,15250,0,25709,0,28847,0,18117,0,4685,410,8,1048576,4194304,8388608,2097152,16777216,2097152,33554432,8388608,16777216,2097152,8388608,1048576,65536,1.3698701858520508
"0,39,83",WIN,3,32946592.0,90-69-heavy-three-stone-results.csv,direct-exact-search,100000,WIN,100000,18,99581,0.408949,0.99581,244529.26893084467,0,0,0,1,1,1,2,57,345,1860,5989,16475,25660,27597,16956,4586,445,19,6,0,1859,5988,16474,0,25659,0,27596,0,16955,0,4586,445,19,1048576,4194304,8388608,2097152,16777216,2097152,33554432,8388608,16777216,2097152,8388608,1048576,65536,1.3831291198730469
"9,30,84",WIN,3,27667506.0,90-69-heavy-three-stone-results.csv,direct-exact-search,100000,WIN,100000,17,99785,0.422814,0.99785,236510.6169615954,0,0,0,1,1,1,2,22,183,964,3926,11978,22783,28517,22195,8245,1139,43,0,0,963,3925,11977,0,22782,0,28516,0,22195,0,8245,1139,43,1048576,4194304,8388608,2097152,16777216,2097152,33554432,8388608,16777216,2097152,8388608,1048576,65536,1.3587646484375
"3,39,90",WIN,3,111409501.0,90-69-heavy-three-stone-results.csv,direct-exact-search,100000,WIN,100000,16,99574,0.400861,0.99574,249463.0308261467,0,0,0,1,1,2,3,70,346,1992,6285,17689,26556,28044,15490,3325,196,0,0,0,1991,6284,17688,0,26556,0,28044,0,15490,0,3325,196,0,1048576,4194304,8388608,2097152,16777216,2097152,33554432,8388608,16777216,2097152,8388608,1048576,65536,1.4182076454162598
"3,49,90",WIN,3,47540630.0,90-69-heavy-three-stone-results.csv,direct-exact-search,100000,WIN,100000,17,99866,0.409376,0.99866,244274.212459939,0,0,0,1,1,1,2,13,110,716,3055,10777,22559,29991,23856,8050,854,14,0,0,715,3054,10776,0,22558,0,29990,0,23855,0,8050,854,14,1048576,4194304,8388608,2097152,16777216,2097152,33554432,8388608,16777216,2097152,8388608,1048576,65536,1.4748585224151611
"3,59,90",WIN,3,227576756.0,90-69-heavy-three-stone-results.csv,direct-exact-search,100000,WIN,100000,17,99773,0.401366,0.99773,249149.15563351155,0,0,0,1,1,1,1,35,183,1316,4842,15661,25928,30243,17751,3826,210,1,0,0,1315,4841,15660,0,25927,0,30242,0,17751,0,3826,210,1,1048576,4194304,8388608,2097152,16777216,2097152,33554432,8388608,16777216,2097152,8388608,1048576,65536,1.3471794128417969
"1,69,90",WIN,3,76565503.0,90-69-heavy-three-stone-results.csv,direct-exact-search,100000,WIN,100000,17,99863,0.43645,0.99863,229121.31973880169,0,0,0,1,1,1,2,9,117,673,3171,10065,21635,28718,24081,9984,1496,46,0,0,672,3170,10064,0,21634,0,28717,0,24080,0,9984,1496,46,1048576,4194304,8388608,2097152,16777216,2097152,33554432,8388608,16777216,2097152,8388608,1048576,65536,1.4112284183502197
"2,69,90",WIN,3,131916886.0,90-69-heavy-three-stone-results.csv,direct-exact-search,100000,WIN,100000,17,99807,0.413331,0.99807,241936.84964350605,0,0,0,1,1,1,2,16,169,992,4136,13229,24947,30155,20280,5607,458,6,0,0,991,4135,13228,0,24947,0,30155,0,20280,0,5607,458,6,1048576,4194304,8388608,2097152,16777216,2097152,33554432,8388608,16777216,2097152,8388608,1048576,65536,1.5096759796142578
"3,69,90",WIN,3,84901501.0,90-69-heavy-three-stone-results.csv,direct-exact-search,100000,WIN,100000,17,99763,0.453488,0.99763,220513.0014465653,0,0,0,1,1,1,1,47,182,1402,4529,14410,24574,29186,19632,5511,509,14,0,0,1401,4528,14409,0,24573,0,29186,0,19632,0,5511,509,14,1048576,4194304,8388608,2097152,16777216,2097152,33554432,8388608,16777216,2097152,8388608,1048576,65536,1.4002556800842285
"0,3,19,90",WIN,4,6006930.0,90-69-split-proof.csv,split-exact-search child,100000,WIN,100000,18,99864,0.426875,0.99864,234260.6149341142,0,0,0,0,1,1,2,11,107,547,2869,9204,21118,28487,25318,10693,1576,57,9,0,546,2868,9203,0,21117,0,28486,0,25318,0,10693,1576,57,1048576,4194304,8388608,2097152,16777216,2097152,33554432,8388608,16777216,2097152,8388608,1048576,65536,1.3722281455993652
"0,8,69,90",WIN,4,6003208.0,90-69-split-proof.csv,split-exact-search child,100000,WIN,100000,18,99685,0.423236,0.99685,236274.79703994934,0,0,0,0,1,1,2,43,249,1471,5245,15491,25558,28718,17837,4810,530,32,12,0,1470,5244,15490,0,25557,0,28717,0,17836,0,4809,530,32,1048576,4194304,8388608,2097152,16777216,2097152,33554432,8388608,16777216,2097152,8388608,1048576,65536,1.5059428215026855
"1,8,69,90",WIN,4,5797376.0,90-69-split-proof.csv,split-exact-search child,100000,WIN,100000,17,99877,0.419957,0.99877,238119.61700840798,0,0,0,0,1,1,2,16,98,720,3137,11169,22700,30138,23482,7757,769,10,0,0,719,3136,11168,0,22699,0,30137,0,23482,0,7757,769,10,1048576,4194304,8388608,2097152,16777216,2097152,33554432,8388608,16777216,2097152,8388608,1048576,65536,1.4291892051696777
"2,3,19,90",WIN,4,6407257.0,90-69-split-proof.csv,split-exact-search child,100000,WIN,100000,17,99847,0.420391,0.99847,237873.78892507212,0,0,0,0,1,1,2,16,127,1038,4291,13550,24701,30127,20037,5570,520,19,0,0,1037,4290,13549,0,24700,0,30126,0,20036,0,5570,520,19,1048576,4194304,8388608,2097152,16777216,2097152,33554432,8388608,16777216,2097152,8388608,1048576,65536,1.3764874935150146
"2,8,69,90",WIN,4,6471074.0,90-69-split-proof.csv,split-exact-search child,100000,WIN,100000,17,99917,0.410621,0.99917,243533.57475628378,0,0,0,0,1,1,1,7,67,514,2451,8864,20256,28593,25989,11370,1814,72,0,0,513,2450,8863,0,20255,0,28592,0,25988,0,11370,1814,72,1048576,4194304,8388608,2097152,16777216,2097152,33554432,8388608,16777216,2097152,8388608,1048576,65536,1.372631311416626
"3,10,19,90",WIN,4,4686037.0,90-69-split-proof.csv,split-exact-search child,100000,WIN,100000,17,99820,0.415895,0.9982,240445.30470431238,0,0,0,0,1,1,2,22,150,1006,3962,12777,23913,29362,20919,6954,902,29,0,0,1005,3961,12776,0,23912,0,29362,0,20919,0,6954,902,29,1048576,4194304,8388608,2097152,16777216,2097152,33554432,8388608,16777216,2097152,8388608,1048576,65536,1.374140977859497
"3,11,19,90",WIN,4,6285754.0,90-69-split-proof.csv,split-exact-search child,100000,WIN,100000,17,99886,0.516338,0.99886,193671.5872161259,0,0,0,0,1,1,1,13,91,603,2717,9890,20815,29549,25153,9859,1282,25,0,0,602,2716,9889,0,20814,0,29548,0,25152,0,9858,1282,25,1048576,4194304,8388608,2097152,16777216,2097152,33554432,8388608,16777216,2097152,8388608,1048576,65536,1.5319509506225586
"3,12,19,90",WIN,4,7637389.0,90-69-split-proof.csv,split-exact-search child,100000,WIN,100000,17,99835,0.413847,0.99835,241635.19368268948,0,0,0,0,1,1,1,28,128,1042,3955,13545,24518,30421,20125,5676,551,8,0,0,1041,3954,13544,0,24517,0,30420,0,20124,0,5676,551,8,1048576,4194304,8388608,2097152,16777216,2097152,33554432,8388608,16777216,2097152,8388608,1048576,65536,1.4364533424377441
"3,13,19,90",WIN,4,7349235.0,90-69-split-proof.csv,split-exact-search child,100000,WIN,100000,17,99780,0.416961,0.9978,239830.58367569148,0,0,0,0,1,1,1,25,189,1177,4455,14056,24931,28937,19902,5753,557,15,0,0,1176,4454,14055,0,24931,0,28937,0,19902,0,5753,557,15,1048576,4194304,8388608,2097152,16777216,2097152,33554432,8388608,16777216,2097152,8388608,1048576,65536,1.4567079544067383
"3,14,19,90",WIN,4,4008448.0,90-69-split-proof.csv,split-exact-search child,100000,WIN,100000,18,99848,0.462965,0.99848,215999.04960418172,0,0,0,0,1,1,2,14,121,598,3075,9509,21405,28450,24769,10420,1569,57,9,0,597,3074,9508,0,21404,0,28450,0,24769,0,10420,1569,57,1048576,4194304,8388608,2097152,16777216,2097152,33554432,8388608,16777216,2097152,8388608,1048576,65536,1.432471752166748
"3,15,19,90",WIN,4,5413033.0,90-69-split-proof.csv,split-exact-search child,100000,WIN,100000,17,99917,0.447152,0.99917,223637.5997423695,0,0,0,0,1,1,2,7,67,430,2320,7832,19314,27942,27270,12736,2013,65,0,0,429,2319,7831,0,19313,0,27941,0,27270,0,12736,2013,65,1048576,4194304,8388608,2097152,16777216,2097152,33554432,8388608,16777216,2097152,8388608,1048576,65536,1.4014041423797607
"3,16,19,90",WIN,4,7218670.0,90-69-split-proof.csv,split-exact-search child,100000,WIN,100000,17,99886,0.442903,0.99886,225783.0721399494,0,0,0,0,1,1,1,13,91,603,2717,9890,20815,29549,25153,9859,1282,25,0,0,602,2716,9889,0,20814,0,29548,0,25152,0,9858,1282,25,1048576,4194304,8388608,2097152,16777216,2097152,33554432,8388608,16777216,2097152,8388608,1048576,65536,1.4440107345581055
"3,17,19,90",WIN,4,8590681.0,90-69-split-proof.csv,split-exact-search child,100000,WIN,100000,17,99871,0.436784,0.99871,228946.11524231656,0,0,0,0,1,1,1,12,110,778,3234,10874,21908,28995,23548,9132,1350,56,0,0,777,3233,10873,0,21907,0,28995,0,23548,0,9132,1350,56,1048576,4194304,8388608,2097152,16777216,2097152,33554432,8388608,16777216,2097152,8388608,1048576,65536,1.4271228313446045
"3,18,19,90",WIN,4,6812673.0,90-69-split-proof.csv,split-exact-search child,100000,WIN,100000,17,99835,0.438813,0.99835,227887.5056117298,0,0,0,0,1,1,1,28,128,1042,3955,13545,24518,30421,20125,5676,551,8,0,0,1041,3954,13544,0,24517,0,30420,0,20124,0,5676,551,8,1048576,4194304,8388608,2097152,16777216,2097152,33554432,8388608,16777216,2097152,8388608,1048576,65536,1.4226815700531006
"3,19,20,90",WIN,4,6041112.0,90-69-split-proof.csv,split-exact-search child,100000,WIN,100000,17,99841,0.425683,0.99841,234916.59286370376,0,0,0,0,1,1,1,27,122,970,3679,12812,23487,29972,21269,6793,838,28,0,0,969,3678,12811,0,23486,0,29971,0,21268,0,6792,838,28,1048576,4194304,8388608,2097152,16777216,2097152,33554432,8388608,16777216,2097152,8388608,1048576,65536,1.393568515777588
"3,19,21,90",WIN,4,4129908.0,90-69-split-proof.csv,split-exact-search child,100000,WIN,100000,17,99823,0.45139,0.99823,221537.91621436007,0,0,0,0,1,1,4,10,156,641,3164,9788,21689,28460,24404,10111,1516,55,0,0,640,3163,9787,0,21688,0,28459,0,24404,0,10111,1516,55,1048576,4194304,8388608,2097152,16777216,2097152,33554432,8388608,16777216,2097152,8388608,1048576,65536,1.4112586975097656
"3,19,22,90",WIN,4,6372301.0,90-69-split-proof.csv,split-exact-search child,100000,WIN,100000,17,99889,0.445071,0.99889,224683.2527843872,0,0,0,0,1,1,1,10,93,551,2532,9227,20518,29109,25607,10718,1574,58,0,0,550,2531,9226,0,20517,0,29108,0,25607,0,10718,1574,58,1048576,4194304,8388608,2097152,16777216,2097152,33554432,8388608,16777216,2097152,8388608,1048576,65536,1.4438190460205078
"3,19,23,90",WIN,4,13041993.0,90-69-split-proof.csv,split-exact-search child,100000,WIN,100000,17,99741,0.409084,0.99741,244448.57290923136,0,0,0,0,1,1,1,41,212,1455,5165,15835,25798,29168,17557,4387,371,8,0,0,1454,5164,15834,0,25798,0,29168,0,17557,0,4387,371,8,1048576,4194304,8388608,2097152,16777216,2097152,33554432,8388608,16777216,2097152,8388608,1048576,65536,1.3760240077972412
"3,19,24,90",WIN,4,9238120.0,90-69-split-proof.csv,split-exact-search child,100000,WIN,100000,17,99906,0.411495,0.99906,243016.31854579036,0,0,0,0,1,1,1,7,78,497,2621,9758,22025,29931,24976,8939,1111,54,0,0,496,2620,9757,0,22024,0,29930,0,24975,0,8939,1111,54,1048576,4194304,8388608,2097152,16777216,2097152,33554432,8388608,16777216,2097152,8388608,1048576,65536,1.4101519584655762
"3,19,25,90",WIN,4,6908987.0,90-69-split-proof.csv,split-exact-search child,100000,WIN,100000,17,99908,0.407269,0.99908,245537.9613965217,0,0,0,0,1,1,1,15,69,726,3026,10999,21528,29755,23429,9011,1385,54,0,0,725,3025,10998,0,21527,0,29754,0,23429,0,9011,1385,54,1048576,4194304,8388608,2097152,16777216,2097152,33554432,8388608,16777216,2097152,8388608,1048576,65536,1.3841304779052734
"3,19,26,90",WIN,4,8197677.0,90-69-split-proof.csv,split-exact-search child,100000,WIN,100000,17,99883,0.424927,0.99883,235334.53981507412,0,0,0,0,1,1,1,13,95,766,3211,10743,21859,29026,23893,9105,1240,46,0,0,765,3210,10742,0,21858,0,29025,0,23892,0,9105,1240,46,1048576,4194304,8388608,2097152,16777216,2097152,33554432,8388608,16777216,2097152,8388608,1048576,65536,1.351327657699585
"3,19,27,90",WIN,4,6334507.0,90-69-split-proof.csv,split-exact-search child,100000,WIN,100000,17,99885,0.412808,0.99885,242243.36737660124,0,0,0,0,1,1,1,10,99,676,2776,9845,21242,29234,24692,9701,1628,94,0,0,675,2775,9844,0,21242,0,29234,0,24692,0,9701,1628,94,1048576,4194304,8388608,2097152,16777216,2097152,33554432,8388608,16777216,2097152,8388608,1048576,65536,1.3570470809936523
"3,19,28,90",WIN,4,8267832.0,90-69-split-proof.csv,split-exact-search child,100000,WIN,100000,17,99851,0.428137,0.99851,233570.0955535261,0,0,0,0,1,1,1,19,124,832,3574,12073,23430,30261,22365,6635,662,22,0,0,831,3573,12072,0,23430,0,30261,0,22365,0,6635,662,22,1048576,4194304,8388608,2097152,16777216,2097152,33554432,8388608,16777216,2097152,8388608,1048576,65536,1.4262275695800781
"3,19,29,90",WIN,4,5094523.0,90-69-split-proof.csv,split-exact-search child,100000,WIN,100000,18,99899,0.432528,0.99899,231198.9050419857,0,0,0,0,1,1,1,6,72,412,2180,7845,19373,28298,26972,12485,2208,131,15,0,411,2179,7844,0,19372,0,28297,0,26972,0,12485,2208,131,1048576,4194304,8388608,2097152,16777216,2097152,33554432,8388608,16777216,2097152,8388608,1048576,65536,1.3865852355957031
"3,19,30,90",WIN,4,7707559.0,90-69-split-proof.csv,split-exact-search child,100000,WIN,100000,17,99839,0.433865,0.99839,230486.4416350708,0,0,0,0,1,1,1,19,134,870,3536,11829,22992,29274,22329,7921,1054,39,0,0,869,3535,11828,0,22991,0,29273,0,22329,0,7921,1054,39,1048576,4194304,8388608,2097152,16777216,2097152,33554432,8388608,16777216,2097152,8388608,1048576,65536,1.3697750568389893
"3,19,31,90",WIN,4,11373990.0,90-69-split-proof.csv,split-exact-search child,100000,WIN,100000,17,99771,0.397465,0.99771,251594.4800171084,0,0,0,0,1,1,1,47,178,1521,5175,16385,26113,29530,16829,3875,337,7,0,0,1520,5175,16385,0,26113,0,29530,0,16829,0,3875,337,7,1048576,4194304,8388608,2097152,16777216,2097152,33554432,8388608,16777216,2097152,8388608,1048576,65536,1.3828887939453125
"3,19,32,90",WIN,4,7528807.0,90-69-split-proof.csv,split-exact-search child,100000,WIN,100000,17,99903,0.443953,0.99903,225249.0691582217,0,0,0,0,1,1,3,3,84,478,2558,8499,20923,28467,26143,11137,1643,60,0,0,477,2557,8498,0,20922,0,28466,0,26143,0,11137,1643,60,1048576,4194304,8388608,2097152,16777216,2097152,33554432,8388608,16777216,2097152,8388608,1048576,65536,1.4606585502624512
"3,19,33,90",WIN,4,6620736.0,90-69-split-proof.csv,split-exact-search child,100000,WIN,100000,17,99758,0.412121,0.99758,242647.1837154622,0,0,0,0,1,1,2,24,209,1271,5067,15003,25572,28991,18444,4930,471,14,0,0,1270,5066,15002,0,25571,0,28990,0,18444,0,4930,471,14,1048576,4194304,8388608,2097152,16777216,2097152,33554432,8388608,16777216,2097152,8388608,1048576,65536,1.4218449592590332
"3,19,34,90",WIN,4,13249982.0,90-69-split-proof.csv,split-exact-search child,100000,WIN,100000,18,99890,0.406832,0.9989,245801.70684705232,0,0,0,0,1,1,1,13,84,677,2887,10406,21576,29664,24188,9137,1305,52,8,0,676,2886,10406,0,21576,0,29664,0,24188,0,9137,1305,52,1048576,4194304,8388608,2097152,16777216,2097152,33554432,8388608,16777216,2097152,8388608,1048576,65536,1.3648185729980469
"3,19,35,90",WIN,4,11975784.0,90-69-split-proof.csv,split-exact-search child,100000,WIN,100000,17,99871,0.419471,0.99871,238395.50290723317,0,0,0,0,1,1,1,17,104,854,3639,12829,24413,31276,21064,5403,394,4,0,0,853,3638,12828,0,24412,0,31275,0,21064,0,5403,394,4,1048576,4194304,8388608,2097152,16777216,2097152,33554432,8388608,16777216,2097152,8388608,1048576,65536,1.379739761352539
"3,19,36,90",WIN,4,5325192.0,90-69-split-proof.csv,split-exact-search child,100000,WIN,100000,17,99843,0.445744,0.99843,224344.01809110164,0,0,0,0,1,1,1,21,127,880,3372,11429,22676,29136,23244,8160,929,23,0,0,879,3371,11428,0,22675,0,29135,0,23243,0,8160,929,23,1048576,4194304,8388608,2097152,16777216,2097152,33554432,8388608,16777216,2097152,8388608,1048576,65536,1.4139459133148193
"3,19,37,90",WIN,4,7155746.0,90-69-split-proof.csv,split-exact-search child,100000,WIN,100000,18,99696,0.408623,0.99696,244724.35472305768,0,0,0,0,1,1,2,37,246,1478,5275,15069,25158,28309,18295,5435,649,33,12,0,1477,5274,15068,0,25157,0,28308,0,18295,0,5435,649,33,1048576,4194304,8388608,2097152,16777216,2097152,33554432,8388608,16777216,2097152,8388608,1048576,65536,1.3756473064422607
"3,19,38,90",WIN,4,8525938.0,90-69-split-proof.csv,split-exact-search child,100000,WIN,100000,17,99883,0.416217,0.99883,240259.28782341903,0,0,0,0,1,1,2,10,99,726,3270,11063,22685,29392,23481,8191,1041,38,0,0,725,3269,11062,0,22684,0,29392,0,23481,0,8191,1041,38,1048576,4194304,8388608,2097152,16777216,2097152,33554432,8388608,16777216,2097152,8388608,1048576,65536,1.3944621086120605
"3,19,39,90",WIN,4,3878404.0,90-69-split-proof.csv,split-exact-search child,100000,WIN,100000,17,99862,0.433953,0.99862,230439.7019953774,0,0,0,0,1,1,3,12,119,586,3037,9689,21693,28849,24885,9730,1348,47,0,0,585,3036,9689,0,21693,0,28849,0,24885,0,9730,1348,47,1048576,4194304,8388608,2097152,16777216,2097152,33554432,8388608,16777216,2097152,8388608,1048576,65536,1.372615098953247
"3,19,40,90",WIN,4,5167417.0,90-69-split-proof.csv,split-exact-search child,100000,WIN,100000,17,99762,0.409599,0.99762,244141.22104790295,0,0,0,0,1,1,1,27,204,1142,4300,13702,24390,29471,20097,5991,653,20,0,0,1141,4299,13701,0,24389,0,29471,0,20097,0,5991,653,20,1048576,4194304,8388608,2097152,16777216,2097152,33554432,8388608,16777216,2097152,8388608,1048576,65536,1.339139461517334
"3,19,41,90",WIN,4,7891054.0,90-69-split-proof.csv,split-exact-search child,100000,WIN,100000,17,99822,0.424331,0.99822,235665.08221176392,0,0,0,0,1,1,1,24,148,987,3822,12738,24037,29852,21416,6377,588,8,0,0,986,3821,12737,0,24037,0,29852,0,21416,0,6377,588,8,1048576,4194304,8388608,2097152,16777216,2097152,33554432,8388608,16777216,2097152,8388608,1048576,65536,1.406538486480713
"3,19,42,90",WIN,4,10457544.0,90-69-split-proof.csv,split-exact-search child,100000,WIN,100000,18,99876,0.429641,0.99876,232752.46077539155,0,0,0,0,1,1,2,9,101,634,2964,9789,21527,29072,24935,9512,1367,82,4,0,633,2963,9788,0,21526,0,29071,0,24934,0,9512,1367,82,1048576,4194304,8388608,2097152,16777216,2097152,33554432,8388608,16777216,2097152,8388608,1048576,65536,1.3814632892608643
"3,19,43,90",WIN,4,8319222.0,90-69-split-proof.csv,split-exact-search child,100000,WIN,100000,17,99887,0.717429,0.99887,139386.61526088297,0,0,0,0,1,1,2,12,92,666,2941,10363,21990,29850,24131,8790,1126,35,0,0,665,2940,10362,0,21989,0,29849,0,24131,0,8790,1126,35,1048576,4194304,8388608,2097152,16777216,2097152,33554432,8388608,16777216,2097152,8388608,1048576,65536,1.9871304035186768
"3,19,44,90",WIN,4,14816809.0,90-69-split-proof.csv,split-exact-search child,100000,WIN,100000,17,99899,0.744003,0.99899,134408.06018255305,0,0,0,0,1,1,1,11,83,679,2985,10908,23000,30683,23531,7398,702,17,0,0,678,2984,10907,0,22999,0,30683,0,23531,0,7398,702,17,1048576,4194304,8388608,2097152,16777216,2097152,33554432,8388608,16777216,2097152,8388608,1048576,65536,2.256659984588623
"3,19,45,90",WIN,4,7464647.0,90-69-split-proof.csv,split-exact-search child,100000,WIN,100000,18,99876,0.79493,0.99876,125797.2400085542,0,0,0,0,1,1,2,12,97,726,3201,11005,22846,29466,23492,8137,973,37,4,0,725,3200,11004,0,22845,0,29465,0,23491,0,8136,973,37,1048576,4194304,8388608,2097152,16777216,2097152,33554432,8388608,16777216,2097152,8388608,1048576,65536,2.3183135986328125
"3,19,46,90",WIN,4,10243755.0,90-69-split-proof.csv,split-exact-search child,100000,WIN,100000,17,99707,0.643357,0.99707,155434.6964438096,0,0,0,0,1,1,1,34,252,1405,5365,15648,26114,29334,17405,4105,330,5,0,0,1404,5364,15647,0,26113,0,29334,0,17405,0,4105,330,5,1048576,4194304,8388608,2097152,16777216,2097152,33554432,8388608,16777216,2097152,8388608,1048576,65536,2.097559928894043
"3,19,47,90",WIN,4,10789044.0,90-69-split-proof.csv,split-exact-search child,100000,WIN,100000,17,99690,0.411316,0.9969,243122.0764570306,0,0,0,0,1,1,1,35,266,1536,5666,16045,26342,29112,16802,3926,265,2,0,0,1535,5665,16044,0,26341,0,29111,0,16801,0,3926,265,2,1048576,4194304,8388608,2097152,16777216,2097152,33554432,8388608,16777216,2097152,8388608,1048576,65536,1.599144458770752
"3,19,48,90",WIN,4,10269485.0,90-69-split-proof.csv,split-exact-search child,100000,WIN,100000,17,99894,0.409714,0.99894,244072.69461136303,0,0,0,0,1,1,1,6,91,654,3057,10622,22200,29284,23997,8886,1163,37,0,0,653,3056,10621,0,22199,0,29283,0,23996,0,8886,1163,37,1048576,4194304,8388608,2097152,16777216,2097152,33554432,8388608,16777216,2097152,8388608,1048576,65536,1.5150141716003418
"3,19,49,90",WIN,4,6550989.0,90-69-split-proof.csv,split-exact-search child,100000,WIN,100000,17,99924,0.475868,0.99924,210142.30837122898,0,0,0,0,1,1,2,4,63,373,1987,7068,18370,27595,27912,13911,2594,119,0,0,372,1986,7067,0,18369,0,27594,0,27912,0,13911,2594,119,1048576,4194304,8388608,2097152,16777216,2097152,33554432,8388608,16777216,2097152,8388608,1048576,65536,1.45367431640625
"3,19,50,90",WIN,4,7741880.0,90-69-split-proof.csv,split-exact-search child,100000,WIN,100000,17,99849,0.400064,0.99849,249960.00639897617,0,0,0,0,1,1,1,17,128,928,3771,12846,24306,30050,21094,6269,577,11,0,0,927,3770,12845,0,24306,0,30050,0,21094,0,6269,577,11,1048576,4194304,8388608,2097152,16777216,2097152,33554432,8388608,16777216,2097152,8388608,1048576,65536,1.4086766242980957
"3,19,51,90",WIN,4,15763634.0,90-69-split-proof.csv,split-exact-search child,100000,WIN,100000,17,99793,0.409264,0.99793,244341.06102662339,0,0,0,0,1,1,1,29,170,1129,4427,14290,24851,29651,19390,5480,564,16,0,0,1128,4426,14289,0,24850,0,29650,0,19390,0,5480,564,16,1048576,4194304,8388608,2097152,16777216,2097152,33554432,8388608,16777216,2097152,8388608,1048576,65536,1.386380910873413
"3,19,52,90",WIN,4,12218025.0,90-69-split-proof.csv,split-exact-search child,100000,WIN,100000,17,99822,0.421476,0.99822,237261.43362848656,0,0,0,0,1,1,2,21,148,959,4004,12671,23754,29578,21250,6844,750,17,0,0,958,4003,12670,0,23753,0,29577,0,21250,0,6844,750,17,1048576,4194304,8388608,2097152,16777216,2097152,33554432,8388608,16777216,2097152,8388608,1048576,65536,1.3919215202331543
"3,19,53,90",WIN,4,20524472.0,90-69-split-proof.csv,split-exact-search child,100000,WIN,100000,17,99688,0.396503,0.99688,252204.90135005285,0,0,0,0,1,1,1,30,273,1355,5673,16337,27170,29173,16116,3602,265,3,0,0,1354,5672,16336,0,27169,0,29172,0,16115,0,3602,265,3,1048576,4194304,8388608,2097152,16777216,2097152,33554432,8388608,16777216,2097152,8388608,1048576,65536,1.3903577327728271
"3,19,54,90",WIN,4,9235512.0,90-69-split-proof.csv,split-exact-search child,100000,WIN,100000,17,99879,0.412268,0.99879,242560.66442217198,0,0,0,0,1,1,1,26,91,945,3380,12583,23769,31061,21749,5945,444,4,0,0,944,3380,12583,0,23769,0,31061,0,21749,0,5945,444,4,1048576,4194304,8388608,2097152,16777216,2097152,33554432,8388608,16777216,2097152,8388608,1048576,65536,1.3730478286743164
"3,19,55,90",WIN,4,9124817.0,90-69-split-proof.csv,split-exact-search child,100000,WIN,100000,17,99779,0.41099,0.99779,243314.92250419717,0,0,0,0,1,1,1,36,177,1388,4581,15274,25446,30165,18275,4325,326,4,0,0,1387,4580,15273,0,25445,0,30164,0,18275,0,4325,326,4,1048576,4194304,8388608,2097152,16777216,2097152,33554432,8388608,16777216,2097152,8388608,1048576,65536,1.3559281826019287
"3,19,56,90",WIN,4,9540713.0,90-69-split-proof.csv,split-exact-search child,100000,WIN,100000,17,99763,0.398961,0.99763,250651.06614430985,0,0,0,0,1,1,1,37,193,1343,4995,16051,26535,30563,16812,3288,177,3,0,0,1342,4994,16050,0,26534,0,30563,0,16812,0,3288,177,3,1048576,4194304,8388608,2097152,16777216,2097152,33554432,8388608,16777216,2097152,8388608,1048576,65536,1.3467302322387695
"3,19,57,90",WIN,4,10041393.0,90-69-split-proof.csv,split-exact-search child,100000,WIN,100000,18,99911,0.436444,0.99911,229124.46957685292,0,0,0,0,1,1,1,5,50,419,1918,7589,18007,28209,26659,13891,3028,196,26,0,418,1917,7588,0,18006,0,28208,0,26659,0,13891,3028,196,1048576,4194304,8388608,2097152,16777216,2097152,33554432,8388608,16777216,2097152,8388608,1048576,65536,1.382753849029541
"3,19,58,90",WIN,4,5094523.0,90-69-split-proof.csv,split-exact-search child,100000,WIN,100000,18,99899,0.449938,0.99899,222252.84372513546,0,0,0,0,1,1,1,6,72,412,2180,7845,19373,28298,26972,12485,2208,131,15,0,411,2179,7844,0,19372,0,28297,0,26972,0,12485,2208,131,1048576,4194304,8388608,2097152,16777216,2097152,33554432,8388608,16777216,2097152,8388608,1048576,65536,1.401991605758667
"3,19,59,90",WIN,4,7255476.0,90-69-split-proof.csv,split-exact-search child,100000,WIN,100000,18,99839,0.4635,0.99839,215749.73031283708,0,0,0,0,1,1,2,4,65,340,2027,6877,18085,27523,27341,14213,3154,285,82,0,339,2026,6876,0,18084,0,27522,0,27340,0,14213,3154,285,1048576,4194304,8388608,2097152,16777216,2097152,33554432,8388608,16777216,2097152,8388608,1048576,65536,1.4213974475860596
"3,19,60,90",WIN,4,5656909.0,90-69-split-proof.csv,split-exact-search child,100000,WIN,100000,18,99915,0.442584,0.99915,225945.80915713176,0,0,0,0,1,1,2,6,59,378,2050,7267,18762,27790,27791,13602,2196,84,11,0,377,2049,7266,0,18761,0,27789,0,27791,0,13602,2196,84,1048576,4194304,8388608,2097152,16777216,2097152,33554432,8388608,16777216,2097152,8388608,1048576,65536,1.406949520111084
"3,19,61,90",WIN,4,10284637.0,90-69-split-proof.csv,split-exact-search child,100000,WIN,100000,17,99872,0.41709,0.99872,239756.40748999015,0,0,0,0,1,1,1,12,109,817,3448,12090,23490,29855,22494,7039,635,8,0,0,816,3447,12089,0,23489,0,29855,0,22494,0,7039,635,8,1048576,4194304,8388608,2097152,16777216,2097152,33554432,8388608,16777216,2097152,8388608,1048576,65536,1.3555212020874023
"3,19,62,90",WIN,4,10017847.0,90-69-split-proof.csv,split-exact-search child,100000,WIN,100000,17,99865,0.416885,0.99865,239874.3058637274,0,0,0,0,1,1,1,16,110,799,3436,11566,22389,29281,22933,8321,1102,44,0,0,798,3435,11565,0,22388,0,29280,0,22932,0,8321,1102,44,1048576,4194304,8388608,2097152,16777216,2097152,33554432,8388608,16777216,2097152,8388608,1048576,65536,1.3823285102844238
"3,19,63,90",WIN,4,6801089.0,90-69-split-proof.csv,split-exact-search child,100000,WIN,100000,17,99870,0.409884,0.9987,243971.46509744218,0,0,0,0,1,1,2,16,105,807,3319,11831,23134,30037,22769,7265,697,16,0,0,806,3318,11830,0,23133,0,30036,0,22769,0,7265,697,16,1048576,4194304,8388608,2097152,16777216,2097152,33554432,8388608,16777216,2097152,8388608,1048576,65536,1.4275157451629639
"3,19,64,90",WIN,4,8099181.0,90-69-split-proof.csv,split-exact-search child,100000,WIN,100000,17,99844,0.397755,0.99844,251411.0444871843,0,0,0,0,1,1,1,26,124,1041,3793,13389,24013,30352,20738,5885,609,27,0,0,1040,3792,13388,0,24013,0,30352,0,20738,0,5885,609,27,1048576,4194304,8388608,2097152,16777216,2097152,33554432,8388608,16777216,2097152,8388608,1048576,65536,1.361668586730957
"3,19,65,90",WIN,4,8142733.0,90-69-split-proof.csv,split-exact-search child,100000,WIN,100000,17,99844,0.413201,0.99844,242012.9670547748,0,0,0,0,1,1,2,25,123,858,3554,12191,23619,29979,22182,6814,637,14,0,0,857,3553,12190,0,23618,0,29979,0,22182,0,6814,637,14,1048576,4194304,8388608,2097152,16777216,2097152,33554432,8388608,16777216,2097152,8388608,1048576,65536,1.3783221244812012
"3,19,66,90",WIN,4,8024727.0,90-69-split-proof.csv,split-exact-search child,100000,WIN,100000,17,99736,0.407674,0.99736,245294.03395850607,0,0,0,0,1,1,3,24,233,1348,5469,15423,26544,29256,17390,3952,337,19,0,0,1347,5468,15423,0,26544,0,29256,0,17390,0,3952,337,19,1048576,4194304,8388608,2097152,16777216,2097152,33554432,8388608,16777216,2097152,8388608,1048576,65536,1.3848392963409424
"3,19,67,90",WIN,4,8011239.0,90-69-split-proof.csv,split-exact-search child,100000,WIN,100000,18,99806,0.413885,0.99806,241613.00844437463,0,0,0,0,1,1,2,21,158,968,4084,12106,23447,28871,21774,7546,968,46,7,0,967,4083,12105,0,23446,0,28871,0,21774,0,7546,968,46,1048576,4194304,8388608,2097152,16777216,2097152,33554432,8388608,16777216,2097152,8388608,1048576,65536,1.3994321823120117
"3,19,68,90",WIN,4,20070927.0,90-69-split-proof.csv,split-exact-search child,100000,WIN,100000,17,99903,0.419128,0.99903,238590.59762172893,0,0,0,0,1,1,1,9,79,683,3026,11586,23326,31041,22891,6700,637,19,0,0,682,3025,11585,0,23325,0,31040,0,22890,0,6700,637,19,1048576,4194304,8388608,2097152,16777216,2097152,33554432,8388608,16777216,2097152,8388608,1048576,65536,1.4050664901733398
"3,19,70,90",WIN,4,5826785.0,90-69-split-proof.csv,split-exact-search child,100000,WIN,100000,17,99863,0.42507,0.99863,235255.36970381349,0,0,0,0,1,1,3,6,122,601,3137,9765,22596,29000,24839,8870,1018,41,0,0,600,3136,9764,0,22595,0,29000,0,24839,0,8870,1018,41,1048576,4194304,8388608,2097152,16777216,2097152,33554432,8388608,16777216,2097152,8388608,1048576,65536,1.3752210140228271
"3,19,71,90",WIN,4,10783223.0,90-69-split-proof.csv,split-exact-search child,100000,WIN,100000,18,99880,0.411907,0.9988,242773.247359234,0,0,0,0,1,1,2,8,91,615,2941,10178,21476,29344,24682,9373,1225,51,12,0,614,2940,10177,0,21475,0,29343,0,24682,0,9373,1225,51,1048576,4194304,8388608,2097152,16777216,2097152,33554432,8388608,16777216,2097152,8388608,1048576,65536,1.3799786567687988
"3,19,72,90",WIN,4,6283115.0,90-69-split-proof.csv,split-exact-search child,100000,WIN,100000,17,99913,0.448661,0.99913,222885.43020231312,0,0,0,0,1,1,2,4,75,356,2078,7071,18747,27900,27964,13433,2278,90,0,0,355,2077,7070,0,18746,0,27900,0,27964,0,13433,2278,90,1048576,4194304,8388608,2097152,16777216,2097152,33554432,8388608,16777216,2097152,8388608,1048576,65536,1.3885893821716309
"3,19,80,90",WIN,4,11167298.0,90-69-split-proof.csv,split-exact-search child,100000,WIN,100000,17,99781,0.408499,0.99781,244798.64087794584,0,0,0,0,1,1,1,25,186,1259,4786,15329,26004,29789,17846,4396,371,6,0,0,1258,4785,15328,0,26003,0,29788,0,17846,0,4396,371,6,1048576,4194304,8388608,2097152,16777216,2097152,33554432,8388608,16777216,2097152,8388608,1048576,65536,1.3486876487731934
"3,19,81,90",WIN,4,9147847.0,90-69-split-proof.csv,split-exact-search child,100000,WIN,100000,17,99909,0.433906,0.99909,230464.6628532447,0,0,0,0,1,1,2,5,79,480,2586,9468,21626,29725,25524,9338,1127,38,0,0,479,2585,9467,0,21626,0,29725,0,25524,0,9338,1127,38,1048576,4194304,8388608,2097152,16777216,2097152,33554432,8388608,16777216,2097152,8388608,1048576,65536,1.4575817584991455
"3,4,19,90",WIN,4,11879485.0,90-69-split-proof.csv,split-exact-search child,100000,WIN,100000,17,99804,0.426062,0.99804,234707.62471189638,0,0,0,0,1,1,2,36,152,1167,4239,13652,24305,29447,20168,6186,629,15,0,0,1166,4238,13651,0,24304,0,29447,0,20168,0,6186,629,15,1048576,4194304,8388608,2097152,16777216,2097152,33554432,8388608,16777216,2097152,8388608,1048576,65536,1.4385743141174316
"3,5,19,90",WIN,4,9687373.0,90-69-split-proof.csv,split-exact-search child,100000,WIN,100000,17,99768,0.395159,0.99768,253062.69122049605,0,0,0,0,1,1,1,39,185,1441,5187,16278,26551,29742,16399,3806,359,10,0,0,1440,5186,16277,0,26550,0,29741,0,16399,0,3806,359,10,1048576,4194304,8388608,2097152,16777216,2097152,33554432,8388608,16777216,2097152,8388608,1048576,65536,1.336881399154663
"3,6,19,90",WIN,4,5474852.0,90-69-split-proof.csv,split-exact-search child,100000,WIN,100000,18,99841,0.431484,0.99841,231758.30390002875,0,0,0,0,1,1,2,26,118,903,3422,11679,22503,29326,22748,8109,1096,58,8,0,902,3421,11678,0,22503,0,29326,0,22748,0,8109,1096,58,1048576,4194304,8388608,2097152,16777216,2097152,33554432,8388608,16777216,2097152,8388608,1048576,65536,1.4595983028411865
"3,7,19,90",WIN,4,5397606.0,90-69-split-proof.csv,split-exact-search child,100000,WIN,100000,17,99893,0.412833,0.99893,242228.69780274347,0,0,0,0,1,1,2,5,92,457,2537,8779,21395,29278,26436,9887,1105,25,0,0,456,2536,8778,0,21394,0,29277,0,26435,0,9887,1105,25,1048576,4194304,8388608,2097152,16777216,2097152,33554432,8388608,16777216,2097152,8388608,1048576,65536,1.4499144554138184
"3,8,19,90",WIN,4,5612447.0,90-69-split-proof.csv,split-exact-search child,100000,WIN,100000,17,99688,0.403117,0.99688,248066.93838265317,0,0,0,0,1,1,1,30,273,1355,5673,16337,27170,29173,16116,3602,265,3,0,0,1354,5672,16336,0,27169,0,29172,0,16115,0,3602,265,3,1048576,4194304,8388608,2097152,16777216,2097152,33554432,8388608,16777216,2097152,8388608,1048576,65536,1.3616418838500977
"3,8,69,90",WIN,4,4881263.0,90-69-split-proof.csv,split-exact-search child,100000,WIN,100000,17,99912,0.431252,0.99912,231882.982571675,0,0,0,0,1,1,2,4,76,332,2145,7038,18700,27172,27743,13926,2681,179,0,0,331,2144,7037,0,18699,0,27172,0,27743,0,13926,2681,179,1048576,4194304,8388608,2097152,16777216,2097152,33554432,8388608,16777216,2097152,8388608,1048576,65536,1.400970458984375
"3,9,19,90",WIN,4,5014701.0,90-69-split-proof.csv,split-exact-search child,100000,WIN,100000,17,99909,0.454399,0.99909,220070.90684618586,0,0,0,0,1,1,2,8,75,408,2163,7349,18599,27632,27436,13735,2484,107,0,0,407,2162,7348,0,18598,0,27632,0,27436,0,13735,2484,107,1048576,4194304,8388608,2097152,16777216,2097152,33554432,8388608,16777216,2097152,8388608,1048576,65536,1.4365906715393066
"8,10,69,90",WIN,4,8728530.0,90-69-split-proof.csv,split-exact-search child,100000,WIN,100000,17,99833,0.413603,0.99833,241777.74339160984,0,0,0,0,1,1,2,12,146,965,4135,13107,24546,29675,20621,6173,600,16,0,0,964,4134,13106,0,24545,0,29674,0,20621,0,6173,600,16,1048576,4194304,8388608,2097152,16777216,2097152,33554432,8388608,16777216,2097152,8388608,1048576,65536,1.3423428535461426
"8,11,69,90",WIN,4,11458467.0,90-69-split-proof.csv,split-exact-search child,100000,WIN,100000,17,99837,0.413203,0.99837,242011.79565492022,0,0,0,0,1,1,1,24,131,969,3746,13126,24306,30283,20910,5971,525,6,0,0,968,3745,13125,0,24305,0,30282,0,20910,0,5971,525,6,1048576,4194304,8388608,2097152,16777216,2097152,33554432,8388608,16777216,2097152,8388608,1048576,65536,1.3782880306243896
"8,12,69,90",WIN,4,12382845.0,90-69-split-proof.csv,split-exact-search child,100000,WIN,100000,17,99877,0.424543,0.99877,235547.4003811157,0,0,0,0,1,1,1,16,100,756,3253,11661,23096,30438,22783,7161,718,15,0,0,755,3252,11660,0,23095,0,30438,0,22783,0,7161,718,15,1048576,4194304,8388608,2097152,16777216,2097152,33554432,8388608,16777216,2097152,8388608,1048576,65536,1.4018278121948242
"8,20,69,90",WIN,4,12521340.0,90-69-split-proof.csv,split-exact-search child,100000,WIN,100000,18,99833,0.432206,0.99833,231371.15171931905,0,0,0,0,1,1,2,19,109,905,3603,11695,22516,28667,21949,8664,1678,160,31,0,904,3602,11694,0,22515,0,28667,0,21949,0,8664,1678,160,1048576,4194304,8388608,2097152,16777216,2097152,33554432,8388608,16777216,2097152,8388608,1048576,65536,1.401292085647583
"8,21,69,90",WIN,4,5461865.0,90-69-split-proof.csv,split-exact-search child,100000,WIN,100000,18,99903,0.425377,0.99903,235085.5829064571,0,0,0,0,1,1,2,5,81,384,2234,7592,19982,28718,27799,11702,1459,36,4,0,383,2233,7591,0,19982,0,28718,0,27799,0,11702,1459,36,1048576,4194304,8388608,2097152,16777216,2097152,33554432,8388608,16777216,2097152,8388608,1048576,65536,1.3941068649291992
"8,22,69,90",WIN,4,9920541.0,90-69-split-proof.csv,split-exact-search child,100000,WIN,100000,17,99678,0.418104,0.99678,239174.94211966402,0,0,0,0,1,1,2,34,280,1552,5781,15987,26102,28775,16912,4118,433,22,0,0,1551,5780,15986,0,26101,0,28775,0,16912,0,4118,433,22,1048576,4194304,8388608,2097152,16777216,2097152,33554432,8388608,16777216,2097152,8388608,1048576,65536,1.443162441253662
"8,30,69,90",WIN,4,5890681.0,90-69-split-proof.csv,split-exact-search child,100000,WIN,100000,18,99911,0.436709,0.99911,228985.4342365282,0,0,0,0,1,1,2,10,63,354,2120,7600,19436,28359,27389,12562,2009,88,6,0,353,2119,7599,0,19435,0,28358,0,27388,0,12562,2009,88,1048576,4194304,8388608,2097152,16777216,2097152,33554432,8388608,16777216,2097152,8388608,1048576,65536,1.4054930210113525
"8,31,69,90",WIN,4,10860524.0,90-69-split-proof.csv,split-exact-search child,100000,WIN,100000,17,99817,0.402502,0.99817,248445.97045480518,0,0,0,0,1,1,1,20,158,1035,4332,13855,25063,29084,19727,6055,647,21,0,0,1034,4331,13855,0,25063,0,29084,0,19727,0,6055,647,21,1048576,4194304,8388608,2097152,16777216,2097152,33554432,8388608,16777216,2097152,8388608,1048576,65536,1.3597590923309326
"8,32,69,90",WIN,4,9552327.0,90-69-split-proof.csv,split-exact-search child,100000,WIN,100000,18,99841,0.420248,0.99841,237954.731491881,0,0,0,0,1,1,2,26,118,903,3422,11679,22503,29326,22748,8109,1096,58,8,0,902,3421,11678,0,22503,0,29326,0,22748,0,8109,1096,58,1048576,4194304,8388608,2097152,16777216,2097152,33554432,8388608,16777216,2097152,8388608,1048576,65536,1.4360074996948242
"8,40,69,90",WIN,4,7742897.0,90-69-split-proof.csv,split-exact-search child,100000,WIN,100000,17,99822,0.386748,0.99822,258566.30157104885,0,0,0,0,1,1,1,23,148,1036,4188,13571,24764,29503,20398,5805,543,18,0,0,1035,4187,13570,0,24763,0,29503,0,20398,0,5805,543,18,1048576,4194304,8388608,2097152,16777216,2097152,33554432,8388608,16777216,2097152,8388608,1048576,65536,1.426276445388794
"8,41,69,90",WIN,4,29093975.0,90-69-split-proof.csv,split-exact-search child,100000,WIN,100000,17,99864,0.40955,0.99864,244170.43096081063,0,0,0,0,1,1,2,16,109,881,3624,11891,23236,29720,22194,7471,837,17,0,0,880,3623,11890,0,23235,0,29719,0,22193,0,7470,837,17,1048576,4194304,8388608,2097152,16777216,2097152,33554432,8388608,16777216,2097152,8388608,1048576,65536,1.393643856048584
"8,42,69,90",WIN,4,9528574.0,90-69-split-proof.csv,split-exact-search child,100000,WIN,100000,17,99919,0.413926,0.99919,241589.07630832563,0,0,0,0,1,1,1,7,67,631,2743,10712,22271,30170,24416,8086,863,31,0,0,630,2742,10711,0,22270,0,30170,0,24416,0,8086,863,31,1048576,4194304,8388608,2097152,16777216,2097152,33554432,8388608,16777216,2097152,8388608,1048576,65536,1.3504023551940918
"8,50,69,90",WIN,4,10439901.0,90-69-split-proof.csv,split-exact-search child,100000,WIN,100000,17,99839,0.376388,0.99839,265683.28427048685,0,0,0,0,1,1,1,32,122,1142,4192,14760,25767,31063,18599,4065,252,3,0,0,1141,4191,14759,0,25766,0,31063,0,18599,0,4065,252,3,1048576,4194304,8388608,2097152,16777216,2097152,33554432,8388608,16777216,2097152,8388608,1048576,65536,1.3383607864379883
"8,51,69,90",WIN,4,9288090.0,90-69-split-proof.csv,split-exact-search child,100000,WIN,100000,17,99828,0.407952,0.99828,245126.87767188298,0,0,0,0,1,1,2,18,144,967,4164,13007,24360,29551,20494,6518,754,19,0,0,966,4163,13006,0,24359,0,29550,0,20493,0,6518,754,19,1048576,4194304,8388608,2097152,16777216,2097152,33554432,8388608,16777216,2097152,8388608,1048576,65536,1.3702397346496582
"8,52,69,90",WIN,4,12739337.0,90-69-split-proof.csv,split-exact-search child,100000,WIN,100000,17,99803,0.412542,0.99803,242399.56174159236,0,0,0,0,1,1,1,24,167,1157,4379,14001,24748,29503,19969,5532,506,11,0,0,1156,4378,14000,0,24748,0,29503,0,19969,0,5532,506,11,1048576,4194304,8388608,2097152,16777216,2097152,33554432,8388608,16777216,2097152,8388608,1048576,65536,1.364330768585205
"8,60,69,90",WIN,4,6182497.0,90-69-split-proof.csv,split-exact-search child,100000,WIN,100000,17,99837,0.408417,0.99837,244847.7903711158,0,0,0,0,1,1,1,29,127,1038,3849,13718,24825,30683,20135,5182,406,5,0,0,1037,3848,13717,0,24824,0,30683,0,20135,0,5182,406,5,1048576,4194304,8388608,2097152,16777216,2097152,33554432,8388608,16777216,2097152,8388608,1048576,65536,1.4214775562286377
"8,61,69,90",WIN,4,5710231.0,90-69-split-proof.csv,split-exact-search child,100000,WIN,100000,17,99635,0.430499,0.99635,232288.5767446614,0,0,0,0,1,1,3,52,305,1686,5818,16858,26374,28865,16265,3530,240,2,0,0,1685,5817,16857,0,26374,0,28865,0,16265,0,3530,240,2,1048576,4194304,8388608,2097152,16777216,2097152,33554432,8388608,16777216,2097152,8388608,1048576,65536,1.3668274879455566
"8,62,69,90",WIN,4,27666903.0,90-69-split-proof.csv,split-exact-search child,100000,WIN,100000,17,99820,0.424681,0.9982,235470.85930380688,0,0,0,0,1,1,2,22,150,1006,3962,12777,23913,29362,20919,6954,902,29,0,0,1005,3961,12776,0,23912,0,29362,0,20919,0,6954,902,29,1048576,4194304,8388608,2097152,16777216,2097152,33554432,8388608,16777216,2097152,8388608,1048576,65536,1.3658549785614014
"8,69,70,90",WIN,4,8846667.0,90-69-split-proof.csv,split-exact-search child,100000,WIN,100000,18,99917,0.431084,0.99917,231973.35090144843,0,0,0,0,1,1,1,4,63,399,2097,8143,19747,29055,27091,11621,1697,72,8,0,398,2096,8142,0,19746,0,29054,0,27091,0,11621,1697,72,1048576,4194304,8388608,2097152,16777216,2097152,33554432,8388608,16777216,2097152,8388608,1048576,65536,1.4297056198120117
"8,69,71,90",WIN,4,12704652.0,90-69-split-proof.csv,split-exact-search child,100000,WIN,100000,17,99728,0.40582,0.99728,246414.6666009561,0,0,0,0,1,1,1,36,229,1306,5112,15412,25792,29011,17734,4776,565,24,0,0,1305,5111,15411,0,25791,0,29011,0,17734,0,4776,565,24,1048576,4194304,8388608,2097152,16777216,2097152,33554432,8388608,16777216,2097152,8388608,1048576,65536,1.3461978435516357
"8,69,80,90",WIN,4,5881079.0,90-69-split-proof.csv,split-exact-search child,100000,WIN,100000,17,99757,0.413106,0.99757,242068.62161285483,0,0,0,0,1,1,1,41,194,1430,4880,15228,25567,29369,18556,4378,337,17,0,0,1429,4879,15227,0,25566,0,29368,0,18556,0,4378,337,17,1048576,4194304,8388608,2097152,16777216,2097152,33554432,8388608,16777216,2097152,8388608,1048576,65536,1.342392921447754
"0,20,30,39",WIN,4,3510894.0,90-69-split-proof.csv,split-exact-search child,100000,WIN,100000,17,99789,0.433111,0.99789,230887.69391680192,0,0,0,0,1,1,2,29,174,1025,3890,12134,23447,29265,21793,7384,836,19,0,0,1024,3889,12133,0,23446,0,29265,0,21793,0,7384,836,19,1048576,4194304,8388608,2097152,16777216,2097152,33554432,8388608,16777216,2097152,8388608,1048576,65536,1.4445619583129883
"0,20,39,40",WIN,4,4158917.0,90-69-split-proof.csv,split-exact-search child,100000,WIN,100000,17,99935,0.476178,0.99935,210005.50214415617,0,0,0,0,1,1,1,2,56,306,1866,6640,18530,27876,28473,13913,2262,73,0,0,305,1865,6639,0,18529,0,27876,0,28473,0,13913,2262,73,1048576,4194304,8388608,2097152,16777216,2097152,33554432,8388608,16777216,2097152,8388608,1048576,65536,1.4731688499450684
"0,20,39,41",WIN,4,8919051.0,90-69-split-proof.csv,split-exact-search child,100000,WIN,100000,17,99890,0.442724,0.9989,225874.3596461904,0,0,0,0,1,1,2,7,93,530,2681,8995,20681,28977,25723,10652,1595,62,0,0,529,2680,8994,0,20680,0,28976,0,25722,0,10652,1595,62,1048576,4194304,8388608,2097152,16777216,2097152,33554432,8388608,16777216,2097152,8388608,1048576,65536,1.4485564231872559
"0,20,39,42",WIN,4,7646718.0,90-69-split-proof.csv,split-exact-search child,100000,WIN,100000,17,99814,0.446188,0.99814,224120.77420280242,0,0,0,0,1,1,2,14,163,900,4011,12505,23845,29078,21573,7083,804,20,0,0,899,4010,12504,0,23844,0,29077,0,21573,0,7083,804,20,1048576,4194304,8388608,2097152,16777216,2097152,33554432,8388608,16777216,2097152,8388608,1048576,65536,1.413416862487793
"0,20,39,43",WIN,4,7969101.0,90-69-split-proof.csv,split-exact-search child,100000,WIN,100000,17,99924,0.423405,0.99924,236180.48912979302,0,0,0,0,1,1,2,3,62,308,2032,7095,18780,28111,27988,13429,2125,63,0,0,307,2031,7094,0,18779,0,28110,0,27987,0,13428,2125,63,1048576,4194304,8388608,2097152,16777216,2097152,33554432,8388608,16777216,2097152,8388608,1048576,65536,1.461057424545288
"0,20,39,44",WIN,4,6111774.0,90-69-split-proof.csv,split-exact-search child,100000,WIN,100000,17,99866,0.449228,0.99866,222604.11194315582,0,0,0,0,1,1,1,16,110,780,3174,10900,22121,29352,23695,8608,1188,53,0,0,779,3173,10899,0,22120,0,29351,0,23695,0,8608,1188,53,1048576,4194304,8388608,2097152,16777216,2097152,33554432,8388608,16777216,2097152,8388608,1048576,65536,1.4757416248321533
"0,20,39,50",WIN,4,5258499.0,90-69-split-proof.csv,split-exact-search child,100000,WIN,100000,17,99786,0.398686,0.99786,250823.95669775212,0,0,0,0,1,1,2,30,176,1096,4302,13413,24377,29405,20507,6058,618,14,0,0,1095,4301,13412,0,24376,0,29405,0,20507,0,6058,618,14,1048576,4194304,8388608,2097152,16777216,2097152,33554432,8388608,16777216,2097152,8388608,1048576,65536,1.420349359512329
"0,20,39,51",WIN,4,4366040.0,90-69-split-proof.csv,split-exact-search child,100000,WIN,100000,18,99845,0.453458,0.99845,220527.59020681077,0,0,0,0,1,1,2,11,90,574,2663,8742,19791,27824,25215,12178,2634,230,44,0,573,2662,8741,0,19790,0,27823,0,25214,0,12178,2634,230,1048576,4194304,8388608,2097152,16777216,2097152,33554432,8388608,16777216,2097152,8388608,1048576,65536,1.3939344882965088
"0,20,39,52",WIN,4,6182041.0,90-69-split-proof.csv,split-exact-search child,100000,WIN,100000,17,99902,0.458958,0.99902,217884.8609240933,0,0,0,0,1,1,2,6,81,516,2495,8370,19661,28112,26490,12121,2052,92,0,0,515,2494,8369,0,19660,0,28111,0,26489,0,12120,2052,92,1048576,4194304,8388608,2097152,16777216,2097152,33554432,8388608,16777216,2097152,8388608,1048576,65536,1.5267491340637207
"0,20,39,53",WIN,4,4810599.0,90-69-split-proof.csv,split-exact-search child,100000,WIN,100000,17,99749,0.411069,0.99749,243268.16179278903,0,0,0,0,1,1,2,38,205,1323,4696,14500,24573,29261,19402,5504,489,5,0,0,1322,4695,14499,0,24572,0,29261,0,19402,0,5504,489,5,1048576,4194304,8388608,2097152,16777216,2097152,33554432,8388608,16777216,2097152,8388608,1048576,65536,1.3853211402893066
"0,20,39,54",WIN,4,7253702.0,90-69-split-proof.csv,split-exact-search child,100000,WIN,100000,17,99905,0.434822,0.99905,229979.16388775178,0,0,0,0,1,1,1,9,81,575,2795,9970,22158,30217,24742,8518,909,23,0,0,574,2794,9970,0,22158,0,30217,0,24742,0,8518,909,23,1048576,4194304,8388608,2097152,16777216,2097152,33554432,8388608,16777216,2097152,8388608,1048576,65536,1.4613685607910156
"0,20,39,60",WIN,4,4533818.0,90-69-split-proof.csv,split-exact-search child,100000,WIN,100000,17,99789,0.44575,0.99789,224340.9983174425,0,0,0,0,1,1,2,29,172,1232,4802,14687,25213,29194,19048,5168,444,7,0,0,1231,4801,14686,0,25212,0,29193,0,19047,0,5168,444,7,1048576,4194304,8388608,2097152,16777216,2097152,33554432,8388608,16777216,2097152,8388608,1048576,65536,1.4808063507080078
"0,20,39,61",WIN,4,8444300.0,90-69-split-proof.csv,split-exact-search child,100000,WIN,100000,18,99919,0.436583,0.99919,229051.52055851923,0,0,0,0,1,1,2,4,55,318,1999,7041,18729,27739,27997,13668,2339,97,10,0,317,1998,7040,0,18728,0,27738,0,27996,0,13667,2338,97,1048576,4194304,8388608,2097152,16777216,2097152,33554432,8388608,16777216,2097152,8388608,1048576,65536,1.4428527355194092
"0,20,39,62",WIN,4,7721112.0,90-69-split-proof.csv,split-exact-search child,100000,WIN,100000,17,99875,0.412447,0.99875,242455.3942688394,0,0,0,0,1,1,2,8,106,662,2963,10096,21959,29567,24846,8846,923,20,0,0,661,2962,10095,0,21958,0,29566,0,24845,0,8845,923,20,1048576,4194304,8388608,2097152,16777216,2097152,33554432,8388608,16777216,2097152,8388608,1048576,65536,1.3618874549865723
"0,20,39,63",WIN,4,10362457.0,90-69-split-proof.csv,split-exact-search child,100000,WIN,100000,17,99882,0.400052,0.99882,249967.50422445082,0,0,0,0,1,1,2,14,95,608,2915,9806,21521,29071,24725,9767,1417,57,0,0,607,2914,9805,0,21520,0,29070,0,24725,0,9767,1417,57,1048576,4194304,8388608,2097152,16777216,2097152,33554432,8388608,16777216,2097152,8388608,1048576,65536,1.3718414306640625
"0,20,39,64",WIN,4,20653821.0,90-69-split-proof.csv,split-exact-search child,100000,WIN,100000,18,99830,0.42206,0.9983,236933.13746860635,0,0,0,0,1,1,2,10,145,705,3434,10023,21846,28426,24308,9736,1304,53,6,0,704,3433,10022,0,21845,0,28425,0,24308,0,9736,1304,53,1048576,4194304,8388608,2097152,16777216,2097152,33554432,8388608,16777216,2097152,8388608,1048576,65536,1.381223201751709
"0,20,39,70",WIN,4,4895288.0,90-69-split-proof.csv,split-exact-search child,100000,WIN,100000,18,99833,0.419331,0.99833,238475.09485346897,0,0,0,0,1,1,2,12,132,731,3406,10590,22025,28433,23601,9578,1404,69,15,0,730,3405,10589,0,22024,0,28433,0,23601,0,9578,1404,69,1048576,4194304,8388608,2097152,16777216,2097152,33554432,8388608,16777216,2097152,8388608,1048576,65536,1.3786401748657227
"0,20,39,71",WIN,4,4987184.0,90-69-split-proof.csv,split-exact-search child,100000,WIN,100000,18,99885,0.420371,0.99885,237885.1062513827,0,0,0,0,1,1,2,6,93,481,2486,8033,19471,27765,26653,12653,2229,117,9,0,480,2485,8032,0,19471,0,27765,0,26653,0,12653,2229,117,1048576,4194304,8388608,2097152,16777216,2097152,33554432,8388608,16777216,2097152,8388608,1048576,65536,1.3281214237213135
"0,20,39,72",WIN,4,7229368.0,90-69-split-proof.csv,split-exact-search child,100000,WIN,100000,17,99863,0.403181,0.99863,248027.5608225586,0,0,0,0,1,1,2,11,118,670,3317,11000,23022,29408,23589,8041,806,14,0,0,669,3316,10999,0,23021,0,29408,0,23589,0,8041,806,14,1048576,4194304,8388608,2097152,16777216,2097152,33554432,8388608,16777216,2097152,8388608,1048576,65536,1.3812899589538574
"0,20,39,73",WIN,4,11247326.0,90-69-split-proof.csv,split-exact-search child,100000,WIN,100000,17,99877,0.41437,0.99877,241330.21212925646,0,0,0,0,1,1,1,10,104,764,3571,11846,23615,29739,22164,7310,852,22,0,0,763,3570,11845,0,23614,0,29738,0,22163,0,7310,852,22,1048576,4194304,8388608,2097152,16777216,2097152,33554432,8388608,16777216,2097152,8388608,1048576,65536,1.392624855041504
"0,20,39,74",WIN,4,9182301.0,90-69-split-proof.csv,split-exact-search child,100000,WIN,100000,17,99896,0.393564,0.99896,254088.28043215332,0,0,0,0,1,1,1,23,73,933,3463,13081,23706,30815,21012,6188,686,17,0,0,932,3462,13080,0,23705,0,30814,0,21012,0,6188,686,17,1048576,4194304,8388608,2097152,16777216,2097152,33554432,8388608,16777216,2097152,8388608,1048576,65536,1.3081154823303223
"0,20,39,80",WIN,4,9843878.0,90-69-split-proof.csv,split-exact-search child,100000,WIN,100000,17,99839,0.404449,0.99839,247249.96229438076,0,0,0,0,1,1,1,18,135,949,3717,12289,23213,29078,22280,7533,775,10,0,0,948,3716,12288,0,23212,0,29077,0,22280,0,7533,775,10,1048576,4194304,8388608,2097152,16777216,2097152,33554432,8388608,16777216,2097152,8388608,1048576,65536,1.3695433139801025
"0,20,39,81",WIN,4,11089693.0,90-69-split-proof.csv,split-exact-search child,100000,WIN,100000,17,99902,0.409109,0.99902,244433.63504591686,0,0,0,0,1,1,1,9,80,663,2868,10326,21306,28965,24370,9908,1457,45,0,0,662,2867,10325,0,21305,0,28964,0,24369,0,9908,1457,45,1048576,4194304,8388608,2097152,16777216,2097152,33554432,8388608,16777216,2097152,8388608,1048576,65536,1.3287642002105713
"0,20,39,82",WIN,4,9301828.0,90-69-split-proof.csv,split-exact-search child,100000,WIN,100000,18,99892,0.414683,0.99892,241148.05767296947,0,0,0,0,1,1,1,12,78,665,2957,11069,22534,30666,23576,7577,825,31,7,0,664,2956,11068,0,22533,0,30665,0,23575,0,7576,824,31,1048576,4194304,8388608,2097152,16777216,2097152,33554432,8388608,16777216,2097152,8388608,1048576,65536,1.3761200904846191
"0,20,39,83",WIN,4,12868639.0,90-69-split-proof.csv,split-exact-search child,100000,WIN,100000,17,99880,0.387508,0.9988,258059.18845546414,0,0,0,0,1,1,1,10,101,829,3565,12267,23951,30062,21799,6727,673,13,0,0,828,3564,12266,0,23950,0,30061,0,21798,0,6727,673,13,1048576,4194304,8388608,2097152,16777216,2097152,33554432,8388608,16777216,2097152,8388608,1048576,65536,1.3299827575683594
"0,20,39,84",WIN,4,8806610.0,90-69-split-proof.csv,split-exact-search child,100000,WIN,100000,17,99833,0.436395,0.99833,229150.1964962935,0,0,0,0,1,1,3,13,145,872,3783,12158,23480,28746,21952,7741,1059,46,0,0,871,3782,12157,0,23479,0,28746,0,21952,0,7741,1059,46,1048576,4194304,8388608,2097152,16777216,2097152,33554432,8388608,16777216,2097152,8388608,1048576,65536,1.366297960281372
"0,20,39,90",WIN,4,7075780.0,90-69-split-proof.csv,split-exact-search child,100000,WIN,100000,17,99646,0.398088,0.99646,251200.73953497718,0,0,0,0,1,1,2,37,309,1562,6033,16436,26617,28701,16231,3768,299,3,0,0,1561,6032,16435,0,26616,0,28701,0,16231,0,3768,299,3,1048576,4194304,8388608,2097152,16777216,2097152,33554432,8388608,16777216,2097152,8388608,1048576,65536,1.3224620819091797
"0,9,29,30",WIN,4,5311320.0,90-69-split-proof.csv,split-exact-search child,100000,WIN,100000,17,99886,0.418302,0.99886,239061.73052005487,0,0,0,0,1,1,3,5,99,532,3026,9692,22163,29170,25189,9094,999,26,0,0,531,3025,9691,0,22162,0,29169,0,25189,0,9094,999,26,1048576,4194304,8388608,2097152,16777216,2097152,33554432,8388608,16777216,2097152,8388608,1048576,65536,1.3730621337890625
"1,69,70,90",WIN,4,5692938.0,90-69-split-proof.csv,split-exact-search child,100000,WIN,100000,18,99908,0.42244,0.99908,236720.00757504025,0,0,0,0,1,1,2,4,72,429,2313,8127,19515,28649,26508,12158,2104,109,8,0,428,2312,8126,0,19514,0,28649,0,26508,0,12158,2104,109,1048576,4194304,8388608,2097152,16777216,2097152,33554432,8388608,16777216,2097152,8388608,1048576,65536,1.3302764892578125
"1,9,29,30",WIN,4,5880087.0,90-69-split-proof.csv,split-exact-search child,100000,WIN,100000,17,99802,0.397121,0.99802,251812.41989217393,0,0,0,0,1,1,2,24,166,986,3837,12247,23138,28938,22099,7679,866,16,0,0,985,3836,12246,0,23137,0,28938,0,22099,0,7679,866,16,1048576,4194304,8388608,2097152,16777216,2097152,33554432,8388608,16777216,2097152,8388608,1048576,65536,1.3296127319335938
"2,69,70,90",WIN,4,8731899.0,90-69-split-proof.csv,split-exact-search child,100000,WIN,100000,18,99897,0.399881,0.99897,250074.3971331471,0,0,0,0,1,1,2,6,75,390,2312,7981,19996,28279,27082,11893,1857,110,15,0,389,2311,7980,0,19996,0,28279,0,27082,0,11893,1857,110,1048576,4194304,8388608,2097152,16777216,2097152,33554432,8388608,16777216,2097152,8388608,1048576,65536,1.4106216430664062
"2,9,29,30",WIN,4,4942559.0,90-69-split-proof.csv,split-exact-search child,100000,WIN,100000,17,99779,0.417182,0.99779,239703.53466832222,0,0,0,0,1,1,3,15,196,922,4039,11489,22895,28041,22174,8861,1318,45,0,0,921,4038,11488,0,22894,0,28040,0,22174,0,8861,1318,45,1048576,4194304,8388608,2097152,16777216,2097152,33554432,8388608,16777216,2097152,8388608,1048576,65536,1.4237878322601318
"3,69,70,90",WIN,4,5503185.0,90-69-split-proof.csv,split-exact-search child,100000,WIN,100000,17,99871,0.413943,0.99871,241579.15461790632,0,0,0,0,1,1,2,7,111,560,2948,9458,21522,28813,25248,9962,1322,45,0,0,559,2947,9457,0,21521,0,28812,0,25247,0,9961,1322,45,1048576,4194304,8388608,2097152,16777216,2097152,33554432,8388608,16777216,2097152,8388608,1048576,65536,1.3316035270690918
"3,9,29,30",WIN,4,3473805.0,90-69-split-proof.csv,split-exact-search child,100000,WIN,100000,17,99789,0.424579,0.99789,235527.4283466681,0,0,0,0,1,1,2,29,174,1025,3890,12134,23447,29265,21793,7384,836,19,0,0,1024,3889,12133,0,23446,0,29265,0,21793,0,7384,836,19,1048576,4194304,8388608,2097152,16777216,2097152,33554432,8388608,16777216,2097152,8388608,1048576,65536,1.3404052257537842
"4,69,70,90",WIN,4,7880961.0,90-69-split-proof.csv,split-exact-search child,100000,WIN,100000,18,99923,0.412016,0.99923,242709.02100889286,0,0,0,0,1,1,1,5,50,413,1970,7758,18822,28422,27380,12907,2179,79,12,0,412,1969,7757,0,18821,0,28421,0,27379,0,12906,2179,79,1048576,4194304,8388608,2097152,16777216,2097152,33554432,8388608,16777216,2097152,8388608,1048576,65536,1.4100284576416016
"4,9,29,30",WIN,4,5590831.0,90-69-split-proof.csv,split-exact-search child,100000,WIN,100000,18,99874,0.417145,0.99874,239724.79593426746,0,0,0,0,1,1,2,12,99,645,2876,9731,21388,28896,25191,9751,1338,63,6,0,644,2875,9730,0,21387,0,28895,0,25191,0,9751,1338,63,1048576,4194304,8388608,2097152,16777216,2097152,33554432,8388608,16777216,2097152,8388608,1048576,65536,1.3530092239379883
"5,69,70,90",WIN,4,8999426.0,90-69-split-proof.csv,split-exact-search child,100000,WIN,100000,17,99829,0.379312,0.99829,263635.21322816046,0,0,0,0,1,1,1,32,131,1265,4241,14442,24533,29697,19657,5467,520,12,0,0,1264,4240,14441,0,24532,0,29696,0,19657,0,5467,520,12,1048576,4194304,8388608,2097152,16777216,2097152,33554432,8388608,16777216,2097152,8388608,1048576,65536,1.2964792251586914
"5,9,29,30",WIN,4,4922877.0,90-69-split-proof.csv,split-exact-search child,100000,WIN,100000,18,99883,0.42441,0.99883,235621.21533422868,0,0,0,0,1,1,2,4,90,480,2602,8117,19923,27912,26405,12352,1996,99,16,0,479,2601,8116,0,19923,0,27912,0,26405,0,12352,1996,99,1048576,4194304,8388608,2097152,16777216,2097152,33554432,8388608,16777216,2097152,8388608,1048576,65536,1.367762804031372
"6,69,70,90",WIN,4,13334051.0,90-69-split-proof.csv,split-exact-search child,100000,WIN,100000,17,99800,0.379507,0.998,263499.7509927353,0,0,0,0,1,1,2,27,164,1216,4654,14370,24985,29059,19264,5624,608,25,0,0,1215,4653,14369,0,24984,0,29058,0,19264,0,5624,608,25,1048576,4194304,8388608,2097152,16777216,2097152,33554432,8388608,16777216,2097152,8388608,1048576,65536,1.3154933452606201
"6,9,29,30",WIN,4,4230409.0,90-69-split-proof.csv,split-exact-search child,100000,WIN,100000,18,99835,0.416415,0.99835,240145.0476087557,0,0,0,0,1,1,3,8,122,628,3108,9480,20907,27351,25029,11335,1886,116,25,0,627,3107,9479,0,20906,0,27350,0,25029,0,11335,1886,116,1048576,4194304,8388608,2097152,16777216,2097152,33554432,8388608,16777216,2097152,8388608,1048576,65536,1.3299503326416016
"7,69,70,90",WIN,4,6912299.0,90-69-split-proof.csv,split-exact-search child,100000,WIN,100000,18,99823,0.398613,0.99823,250869.89134825006,0,0,0,0,1,1,1,15,148,828,3462,11676,23164,29682,22460,7526,983,48,5,0,827,3461,11675,0,23163,0,29681,0,22459,0,7526,983,48,1048576,4194304,8388608,2097152,16777216,2097152,33554432,8388608,16777216,2097152,8388608,1048576,65536,1.3219876289367676
"7,9,29,30",WIN,4,5739973.0,90-69-split-proof.csv,split-exact-search child,100000,WIN,100000,17,99867,0.411006,0.99867,243305.45052870276,0,0,0,0,1,1,2,12,113,748,3004,10120,21505,28917,24885,9570,1102,20,0,0,747,3003,10119,0,21504,0,28917,0,24885,0,9570,1102,20,1048576,4194304,8388608,2097152,16777216,2097152,33554432,8388608,16777216,2097152,8388608,1048576,65536,1.3197777271270752
"8,9,29,30",WIN,4,4698669.0,90-69-split-proof.csv,split-exact-search child,100000,WIN,100000,18,99826,0.424012,0.99826,235842.38181938248,0,0,0,0,1,1,3,6,116,477,2622,8046,19331,26948,26319,13013,2824,251,42,0,476,2621,8045,0,19330,0,26947,0,26319,0,13013,2824,251,1048576,4194304,8388608,2097152,16777216,2097152,33554432,8388608,16777216,2097152,8388608,1048576,65536,1.349438190460205
"9,11,29,30",WIN,4,4860950.0,90-69-split-proof.csv,split-exact-search child,100000,WIN,100000,17,99840,0.403127,0.9984,248060.784814711,0,0,0,0,1,1,3,13,138,752,3504,11051,22680,28797,23164,8697,1156,43,0,0,751,3503,11050,0,22679,0,28797,0,23164,0,8697,1156,43,1048576,4194304,8388608,2097152,16777216,2097152,33554432,8388608,16777216,2097152,8388608,1048576,65536,1.3397631645202637
"9,12,29,30",WIN,4,11963121.0,90-69-split-proof.csv,split-exact-search child,100000,WIN,100000,17,99839,0.41107,0.99839,243267.5700002433,0,0,0,0,1,1,1,18,135,949,3717,12289,23213,29078,22280,7533,775,10,0,0,948,3716,12288,0,23212,0,29077,0,22280,0,7533,775,10,1048576,4194304,8388608,2097152,16777216,2097152,33554432,8388608,16777216,2097152,8388608,1048576,65536,1.318694829940796
"9,13,29,30",WIN,4,7605710.0,90-69-split-proof.csv,split-exact-search child,100000,WIN,100000,17,99848,0.413634,0.99848,241759.62324180314,0,0,0,0,1,1,2,16,128,706,3152,10357,21711,28551,24436,9520,1357,62,0,0,705,3151,10356,0,21710,0,28551,0,24436,0,9520,1357,62,1048576,4194304,8388608,2097152,16777216,2097152,33554432,8388608,16777216,2097152,8388608,1048576,65536,1.3254036903381348
"9,14,29,30",WIN,4,11980065.0,90-69-split-proof.csv,split-exact-search child,100000,WIN,100000,17,99780,0.392105,0.9978,255033.72821055586,0,0,0,0,1,1,1,28,184,1167,4255,13609,24479,29590,20341,5784,546,14,0,0,1166,4254,13608,0,24478,0,29589,0,20341,0,5784,546,14,1048576,4194304,8388608,2097152,16777216,2097152,33554432,8388608,16777216,2097152,8388608,1048576,65536,1.3414366245269775
"9,15,29,30",WIN,4,7715171.0,90-69-split-proof.csv,split-exact-search child,100000,WIN,100000,18,99888,0.404709,0.99888,247091.1197922458,0,0,0,0,1,1,2,6,88,519,2816,9636,21866,29213,25017,9493,1272,63,7,0,518,2815,9635,0,21865,0,29212,0,25016,0,9492,1272,63,1048576,4194304,8388608,2097152,16777216,2097152,33554432,8388608,16777216,2097152,8388608,1048576,65536,1.3338782787322998
"9,16,29,30",WIN,4,4895288.0,90-69-split-proof.csv,split-exact-search child,100000,WIN,100000,18,99833,0.416965,0.99833,239828.28294940823,0,0,0,0,1,1,2,12,132,731,3406,10590,22025,28433,23601,9578,1404,69,15,0,730,3405,10589,0,22024,0,28433,0,23601,0,9578,1404,69,1048576,4194304,8388608,2097152,16777216,2097152,33554432,8388608,16777216,2097152,8388608,1048576,65536,1.358708381652832
"9,17,29,30",WIN,4,12302987.0,90-69-split-proof.csv,split-exact-search child,100000,WIN,100000,17,99804,0.422936,0.99804,236442.39317532678,0,0,0,0,1,1,2,21,166,1003,3944,12570,23587,29444,21566,6944,736,15,0,0,1002,3943,12569,0,23586,0,29443,0,21566,0,6944,736,15,1048576,4194304,8388608,2097152,16777216,2097152,33554432,8388608,16777216,2097152,8388608,1048576,65536,1.392211675643921
"9,18,29,30",WIN,4,11459001.0,90-69-split-proof.csv,split-exact-search child,100000,WIN,100000,18,99800,0.429366,0.998,232901.53388950217,0,0,0,0,1,1,2,20,137,767,3185,10076,20971,28113,23761,10714,2076,143,33,0,766,3184,10075,0,20970,0,28112,0,23760,0,10714,2076,143,1048576,4194304,8388608,2097152,16777216,2097152,33554432,8388608,16777216,2097152,8388608,1048576,65536,1.3885574340820312
"9,19,29,30",WIN,4,6312321.0,90-69-split-proof.csv,split-exact-search child,100000,WIN,100000,18,99875,0.391718,0.99875,255285.69021592062,0,0,0,0,1,1,1,14,99,825,3261,11951,23308,30391,22523,6915,680,25,5,0,824,3260,11950,0,23307,0,30391,0,22523,0,6915,680,25,1048576,4194304,8388608,2097152,16777216,2097152,33554432,8388608,16777216,2097152,8388608,1048576,65536,1.31789231300354
"9,20,29,30",WIN,4,6908233.0,90-69-split-proof.csv,split-exact-search child,100000,WIN,100000,17,99802,0.401763,0.99802,248902.9602029057,0,0,0,0,1,1,2,24,166,986,3837,12247,23138,28938,22099,7679,866,16,0,0,985,3836,12246,0,23137,0,28938,0,22099,0,7679,866,16,1048576,4194304,8388608,2097152,16777216,2097152,33554432,8388608,16777216,2097152,8388608,1048576,65536,1.3742551803588867
"9,21,29,30",WIN,4,8864666.0,90-69-split-proof.csv,split-exact-search child,100000,WIN,100000,17,99789,0.390541,0.99789,256055.06208054977,0,0,0,0,1,1,2,29,172,1232,4802,14687,25213,29194,19048,5168,444,7,0,0,1231,4801,14686,0,25212,0,29193,0,19047,0,5168,444,7,1048576,4194304,8388608,2097152,16777216,2097152,33554432,8388608,16777216,2097152,8388608,1048576,65536,1.3320989608764648
"9,22,29,30",WIN,4,6273066.0,90-69-split-proof.csv,split-exact-search child,100000,WIN,100000,17,99727,0.38925,0.99727,256904.30314707774,0,0,0,0,1,1,1,51,214,1595,5327,16726,26063,29896,16775,3181,165,4,0,0,1594,5326,16725,0,26062,0,29895,0,16775,0,3181,165,4,1048576,4194304,8388608,2097152,16777216,2097152,33554432,8388608,16777216,2097152,8388608,1048576,65536,1.3107690811157227
"9,23,29,30",WIN,4,5807012.0,90-69-split-proof.csv,split-exact-search child,100000,WIN,100000,17,99811,0.42513,0.99811,235222.16733704985,0,0,0,0,1,1,2,17,162,908,3727,11643,23111,29015,22521,7923,938,31,0,0,907,3726,11642,0,23110,0,29014,0,22520,0,7923,938,31,1048576,4194304,8388608,2097152,16777216,2097152,33554432,8388608,16777216,2097152,8388608,1048576,65536,1.3349833488464355
"9,24,29,30",WIN,4,17984457.0,90-69-split-proof.csv,split-exact-search child,100000,WIN,100000,17,99870,0.40885,0.9987,244588.47988259754,0,0,0,0,1,1,2,10,112,591,2908,9270,20859,28339,25583,10663,1594,67,0,0,590,2907,9269,0,20858,0,28339,0,25583,0,10663,1594,67,1048576,4194304,8388608,2097152,16777216,2097152,33554432,8388608,16777216,2097152,8388608,1048576,65536,1.334001064300537
"9,25,29,30",WIN,4,5121746.0,90-69-split-proof.csv,split-exact-search child,100000,WIN,100000,17,99776,0.404005,0.99776,247521.68908800633,0,0,0,0,1,1,1,42,173,1345,4662,15190,25076,29319,18520,4994,637,39,0,0,1344,4661,15189,0,25075,0,29318,0,18519,0,4994,637,39,1048576,4194304,8388608,2097152,16777216,2097152,33554432,8388608,16777216,2097152,8388608,1048576,65536,1.3172516822814941
"9,26,29,30",WIN,4,18576553.0,90-69-split-proof.csv,split-exact-search child,100000,WIN,100000,17,99900,0.400432,0.999,249730.29128541175,0,0,0,0,1,1,1,11,82,666,2780,10188,21558,29773,24556,9205,1151,27,0,0,665,2779,10187,0,21557,0,29773,0,24556,0,9205,1151,27,1048576,4194304,8388608,2097152,16777216,2097152,33554432,8388608,16777216,2097152,8388608,1048576,65536,1.3120338916778564
"9,27,29,30",WIN,4,4975177.0,90-69-split-proof.csv,split-exact-search child,100000,WIN,100000,17,99839,0.403898,0.99839,247587.2621305379,0,0,0,0,1,1,3,16,135,733,3293,10532,21936,28298,23942,9672,1393,45,0,0,732,3292,10531,0,21935,0,28297,0,23942,0,9672,1393,45,1048576,4194304,8388608,2097152,16777216,2097152,33554432,8388608,16777216,2097152,8388608,1048576,65536,1.346895694732666
"9,28,29,30",WIN,4,6480120.0,90-69-split-proof.csv,split-exact-search child,100000,WIN,100000,17,99871,0.41699,0.99871,239813.9044101777,0,0,0,0,1,1,2,13,106,740,3193,10803,22322,29152,23920,8581,1119,47,0,0,739,3192,10802,0,22321,0,29151,0,23919,0,8581,1119,47,1048576,4194304,8388608,2097152,16777216,2097152,33554432,8388608,16777216,2097152,8388608,1048576,65536,1.3490076065063477
"9,29,30,31",WIN,4,10949669.0,90-69-split-proof.csv,split-exact-search child,100000,WIN,100000,17,99863,0.410959,0.99863,243333.2765555688,0,0,0,0,1,1,2,7,125,730,3209,10130,21534,28099,24356,10270,1488,48,0,0,729,3209,10130,0,21534,0,28099,0,24356,0,10270,1488,48,1048576,4194304,8388608,2097152,16777216,2097152,33554432,8388608,16777216,2097152,8388608,1048576,65536,1.3500866889953613
"9,29,30,32",WIN,4,7799206.0,90-69-split-proof.csv,split-exact-search child,100000,WIN,100000,18,99725,0.395266,0.99725,252994.18619360126,0,0,0,0,1,1,5,28,232,1116,4396,12699,23369,28107,21223,7733,1047,39,4,0,1115,4395,12698,0,23368,0,28107,0,21223,0,7733,1047,39,1048576,4194304,8388608,2097152,16777216,2097152,33554432,8388608,16777216,2097152,8388608,1048576,65536,1.3389701843261719
"9,29,30,33",WIN,4,12705010.0,90-69-split-proof.csv,split-exact-search child,100000,WIN,100000,17,99767,0.380339,0.99767,262923.33944191894,0,0,0,0,1,1,2,22,202,1212,4888,14965,25637,29361,18528,4772,400,9,0,0,1211,4887,14964,0,25636,0,29360,0,18528,0,4772,400,9,1048576,4194304,8388608,2097152,16777216,2097152,33554432,8388608,16777216,2097152,8388608,1048576,65536,1.2907748222351074
"9,29,30,34",WIN,4,8682388.0,90-69-split-proof.csv,split-exact-search child,100000,WIN,100000,17,99748,0.399402,0.99748,250374.3095928413,0,0,0,0,1,1,3,21,221,1110,4684,13283,24568,28648,20089,6602,749,20,0,0,1109,4683,13282,0,24567,0,28647,0,20089,0,6602,749,20,1048576,4194304,8388608,2097152,16777216,2097152,33554432,8388608,16777216,2097152,8388608,1048576,65536,1.308647632598877
"9,29,30,35",WIN,4,7589324.0,90-69-split-proof.csv,split-exact-search child,100000,WIN,100000,17,99813,0.400136,0.99813,249915.02889017735,0,0,0,0,1,1,4,12,162,896,4007,11981,23645,28647,22304,7442,863,35,0,0,895,4006,11980,0,23644,0,28646,0,22303,0,7441,863,35,1048576,4194304,8388608,2097152,16777216,2097152,33554432,8388608,16777216,2097152,8388608,1048576,65536,1.3278615474700928
"9,29,30,36",WIN,4,5858342.0,90-69-split-proof.csv,split-exact-search child,100000,WIN,100000,17,99792,0.39206,0.99792,255063.0005611386,0,0,0,0,1,1,1,26,172,1068,3967,12578,23645,29530,21529,6727,726,29,0,0,1067,3966,12577,0,23644,0,29529,0,21528,0,6726,726,29,1048576,4194304,8388608,2097152,16777216,2097152,33554432,8388608,16777216,2097152,8388608,1048576,65536,1.3439960479736328
"9,29,30,37",WIN,4,6663690.0,90-69-split-proof.csv,split-exact-search child,100000,WIN,100000,17,99781,0.414672,0.99781,241154.45460508548,0,0,0,0,1,1,1,27,184,1092,4030,13199,23949,29649,21059,6147,635,26,0,0,1091,4029,13198,0,23948,0,29648,0,21059,0,6147,635,26,1048576,4194304,8388608,2097152,16777216,2097152,33554432,8388608,16777216,2097152,8388608,1048576,65536,1.3402619361877441
"9,29,30,38",WIN,4,3364161.0,90-69-split-proof.csv,split-exact-search child,100000,WIN,100000,18,99823,0.42012,0.99823,238027.23031514804,0,0,0,0,1,1,1,15,148,828,3462,11676,23164,29682,22460,7526,983,48,5,0,827,3461,11675,0,23163,0,29681,0,22459,0,7526,983,48,1048576,4194304,8388608,2097152,16777216,2097152,33554432,8388608,16777216,2097152,8388608,1048576,65536,1.3578886985778809
"9,29,30,40",WIN,4,7454398.0,90-69-split-proof.csv,split-exact-search child,100000,WIN,100000,18,99811,0.444662,0.99811,224889.9163859291,0,0,0,0,1,1,3,15,154,889,4006,11913,23303,28548,21780,8012,1290,76,9,0,888,4005,11912,0,23302,0,28547,0,21779,0,8012,1290,76,1048576,4194304,8388608,2097152,16777216,2097152,33554432,8388608,16777216,2097152,8388608,1048576,65536,1.3666512966156006
"9,29,30,41",WIN,4,5103962.0,90-69-split-proof.csv,split-exact-search child,100000,WIN,100000,18,99837,0.396687,0.99837,252087.91818234525,0,0,0,0,1,1,1,16,131,890,3733,12930,24049,30208,21111,6282,617,21,9,0,889,3732,12929,0,24048,0,30208,0,21111,0,6282,617,21,1048576,4194304,8388608,2097152,16777216,2097152,33554432,8388608,16777216,2097152,8388608,1048576,65536,1.3201608657836914
"9,29,30,42",WIN,4,9686837.0,90-69-split-proof.csv,split-exact-search child,100000,WIN,100000,17,99871,0.409896,0.99871,243964.32265745458,0,0,0,0,1,1,3,9,112,734,3285,10865,22500,29344,23600,8510,1009,27,0,0,733,3284,10864,0,22500,0,29344,0,23600,0,8510,1009,27,1048576,4194304,8388608,2097152,16777216,2097152,33554432,8388608,16777216,2097152,8388608,1048576,65536,1.3964710235595703
"9,29,30,43",WIN,4,12258406.0,90-69-split-proof.csv,split-exact-search child,100000,WIN,100000,17,99826,0.39828,0.99826,251079.6424625891,0,0,0,0,1,1,2,17,146,838,3620,11276,22370,28346,23066,8890,1357,70,0,0,837,3619,11275,0,22369,0,28345,0,23065,0,8889,1357,70,1048576,4194304,8388608,2097152,16777216,2097152,33554432,8388608,16777216,2097152,8388608,1048576,65536,1.314096450805664
"9,29,30,44",WIN,4,16008249.0,90-69-split-proof.csv,split-exact-search child,100000,WIN,100000,17,99843,0.401151,0.99843,249282.68906222348,0,0,0,0,1,1,2,15,134,964,4058,13362,24871,29796,20353,5883,550,10,0,0,963,4057,13361,0,24870,0,29796,0,20353,0,5883,550,10,1048576,4194304,8388608,2097152,16777216,2097152,33554432,8388608,16777216,2097152,8388608,1048576,65536,1.3563146591186523
"9,29,30,50",WIN,4,5365025.0,90-69-split-proof.csv,split-exact-search child,100000,WIN,100000,17,99840,0.394447,0.9984,253519.48423996125,0,0,0,0,1,1,3,11,141,744,3376,10300,21664,28017,24199,9831,1616,96,0,0,743,3375,10299,0,21664,0,28017,0,24199,0,9831,1616,96,1048576,4194304,8388608,2097152,16777216,2097152,33554432,8388608,16777216,2097152,8388608,1048576,65536,1.346721887588501
"9,29,30,51",WIN,4,5380800.0,90-69-split-proof.csv,split-exact-search child,100000,WIN,100000,17,99882,0.416226,0.99882,240254.09272846964,0,0,0,0,1,1,3,5,103,523,2874,9208,21398,28450,25335,10485,1548,66,0,0,522,2873,9207,0,21397,0,28449,0,25335,0,10485,1548,66,1048576,4194304,8388608,2097152,16777216,2097152,33554432,8388608,16777216,2097152,8388608,1048576,65536,1.3386762142181396
"9,29,30,52",WIN,4,5301054.0,90-69-split-proof.csv,split-exact-search child,100000,WIN,100000,17,99781,0.401946,0.99781,248789.63840913953,0,0,0,0,1,1,1,27,182,1204,4633,14257,25035,29667,19300,5200,480,12,0,0,1203,4632,14256,0,25034,0,29666,0,19299,0,5199,480,12,1048576,4194304,8388608,2097152,16777216,2097152,33554432,8388608,16777216,2097152,8388608,1048576,65536,1.3654084205627441
"9,29,30,53",WIN,4,6657576.0,90-69-split-proof.csv,split-exact-search child,100000,WIN,100000,17,99783,0.393311,0.99783,254251.72446232114,0,0,0,0,1,1,2,21,188,994,4168,13156,24390,29308,20531,6424,784,32,0,0,993,4167,13155,0,24389,0,29308,0,20531,0,6424,784,32,1048576,4194304,8388608,2097152,16777216,2097152,33554432,8388608,16777216,2097152,8388608,1048576,65536,1.3499996662139893
"9,29,30,54",WIN,4,16956211.0,90-69-split-proof.csv,split-exact-search child,100000,WIN,100000,17,99786,0.397182,0.99786,251773.74604085786,0,0,0,0,1,1,2,30,176,1096,4302,13413,24377,29405,20507,6058,618,14,0,0,1095,4301,13412,0,24376,0,29405,0,20507,0,6058,618,14,1048576,4194304,8388608,2097152,16777216,2097152,33554432,8388608,16777216,2097152,8388608,1048576,65536,1.3490631580352783
"9,29,30,60",WIN,4,8290621.0,90-69-split-proof.csv,split-exact-search child,100000,WIN,100000,17,99805,0.381968,0.99805,261802.0357726302,0,0,0,0,1,1,2,15,170,939,4064,12411,24076,29313,21845,6569,581,13,0,0,938,4063,12410,0,24075,0,29312,0,21844,0,6569,581,13,1048576,4194304,8388608,2097152,16777216,2097152,33554432,8388608,16777216,2097152,8388608,1048576,65536,1.2920870780944824
"9,29,30,61",WIN,4,4572957.0,90-69-split-proof.csv,split-exact-search child,100000,WIN,100000,18,99852,0.423193,0.99852,236298.80456434772,0,0,0,0,1,1,1,7,79,555,2430,8359,18883,27385,26013,13327,2694,210,55,0,554,2429,8358,0,18882,0,27385,0,26013,0,13327,2694,210,1048576,4194304,8388608,2097152,16777216,2097152,33554432,8388608,16777216,2097152,8388608,1048576,65536,1.3875691890716553
"9,29,30,62",WIN,4,10392210.0,90-69-split-proof.csv,split-exact-search child,100000,WIN,100000,17,99737,0.385699,0.99737,259269.5340148665,0,0,0,0,1,2,2,52,200,1560,4940,15564,25101,29354,18280,4562,374,8,0,0,1559,4939,15563,0,25100,0,29353,0,18279,0,4562,374,8,1048576,4194304,8388608,2097152,16777216,2097152,33554432,8388608,16777216,2097152,8388608,1048576,65536,1.3259809017181396
"9,29,30,63",WIN,4,4665740.0,90-69-split-proof.csv,split-exact-search child,100000,WIN,100000,17,99792,0.394945,0.99792,253199.81263213867,0,0,0,0,1,1,2,21,180,916,3786,12069,23177,29040,22450,7502,827,28,0,0,915,3785,12068,0,23177,0,29040,0,22450,0,7502,827,28,1048576,4194304,8388608,2097152,16777216,2097152,33554432,8388608,16777216,2097152,8388608,1048576,65536,1.3345327377319336
"9,29,30,64",WIN,4,10808160.0,90-69-split-proof.csv,split-exact-search child,100000,WIN,100000,17,99843,0.396354,0.99843,252299.71187372904,0,0,0,0,1,1,2,11,137,834,3720,11490,23044,28715,22594,8362,1061,28,0,0,833,3719,11489,0,23043,0,28714,0,22594,0,8362,1061,28,1048576,4194304,8388608,2097152,16777216,2097152,33554432,8388608,16777216,2097152,8388608,1048576,65536,1.3130998611450195
"9,29,30,70",WIN,4,5421546.0,90-69-split-proof.csv,split-exact-search child,100000,WIN,100000,17,99766,0.386304,0.99766,258863.48575215376,0,0,0,0,1,1,1,41,183,1400,4789,14851,24863,28650,19207,5488,514,11,0,0,1399,4788,14850,0,24862,0,28649,0,19206,0,5487,514,11,1048576,4194304,8388608,2097152,16777216,2097152,33554432,8388608,16777216,2097152,8388608,1048576,65536,1.3365671634674072
"9,29,30,71",WIN,4,6369070.0,90-69-split-proof.csv,split-exact-search child,100000,WIN,100000,18,99903,0.399076,0.99903,250578.83711373273,0,0,0,0,1,1,1,7,74,603,2603,9330,20159,28794,25244,11059,2005,111,8,0,602,2602,9329,0,20158,0,28793,0,25244,0,11059,2005,111,1048576,4194304,8388608,2097152,16777216,2097152,33554432,8388608,16777216,2097152,8388608,1048576,65536,1.3045814037322998
"9,29,30,72",WIN,4,10722733.0,90-69-split-proof.csv,split-exact-search child,100000,WIN,100000,17,99833,0.392002,0.99833,255100.73928194243,0,0,0,0,1,1,1,19,141,972,3876,12831,24015,29966,21353,6246,565,13,0,0,971,3875,12830,0,24014,0,29966,0,21353,0,6246,565,13,1048576,4194304,8388608,2097152,16777216,2097152,33554432,8388608,16777216,2097152,8388608,1048576,65536,1.3113596439361572
"9,29,30,73",WIN,4,11770121.0,90-69-split-proof.csv,split-exact-search child,100000,WIN,100000,17,99835,0.395795,0.99835,252656.04669083742,0,0,0,0,1,1,2,11,143,682,3236,10171,22201,28811,24119,9310,1269,43,0,0,681,3235,10170,0,22200,0,28810,0,24118,0,9309,1269,43,1048576,4194304,8388608,2097152,16777216,2097152,33554432,8388608,16777216,2097152,8388608,1048576,65536,1.3385999202728271
"9,29,30,74",WIN,4,4761463.0,90-69-split-proof.csv,split-exact-search child,100000,WIN,100000,17,99745,0.400336,0.99745,249790.17625194835,0,0,0,0,1,1,3,27,221,1276,5327,15347,26576,29731,17280,3916,291,3,0,0,1275,5326,15347,0,26576,0,29731,0,17280,0,3916,291,3,1048576,4194304,8388608,2097152,16777216,2097152,33554432,8388608,16777216,2097152,8388608,1048576,65536,1.3266007900238037
"9,29,30,80",WIN,4,7221622.0,90-69-split-proof.csv,split-exact-search child,100000,WIN,100000,17,99913,0.399784,0.99913,250135.0729393873,0,0,0,0,1,1,1,10,67,606,2595,10130,22032,30745,24741,8289,776,6,0,0,605,2594,10129,0,22031,0,30744,0,24740,0,8288,776,6,1048576,4194304,8388608,2097152,16777216,2097152,33554432,8388608,16777216,2097152,8388608,1048576,65536,1.3397581577301025
"9,29,30,81",WIN,4,8485123.0,90-69-split-proof.csv,split-exact-search child,100000,WIN,100000,18,99858,0.401185,0.99858,249261.56262073605,0,0,0,0,1,1,1,14,112,681,2965,9818,20800,28416,24616,10646,1821,99,9,0,680,2964,9817,0,20799,0,28416,0,24616,0,10646,1821,99,1048576,4194304,8388608,2097152,16777216,2097152,33554432,8388608,16777216,2097152,8388608,1048576,65536,1.3555035591125488
"9,29,30,82",WIN,4,8254990.0,90-69-split-proof.csv,split-exact-search child,100000,WIN,100000,17,99843,0.393571,0.99843,254083.76125273458,0,0,0,0,1,1,1,20,128,961,3948,13089,24018,29581,21037,6451,732,32,0,0,960,3947,13088,0,24017,0,29580,0,21036,0,6451,732,32,1048576,4194304,8388608,2097152,16777216,2097152,33554432,8388608,16777216,2097152,8388608,1048576,65536,1.324779748916626
"9,29,30,83",WIN,4,8629886.0,90-69-split-proof.csv,split-exact-search child,100000,WIN,100000,17,99793,0.405162,0.99793,246814.8543051915,0,0,0,0,1,1,3,14,183,980,4136,12250,23379,28770,21454,7806,996,27,0,0,979,4135,12249,0,23378,0,28769,0,21454,0,7806,996,27,1048576,4194304,8388608,2097152,16777216,2097152,33554432,8388608,16777216,2097152,8388608,1048576,65536,1.3228747844696045
"9,29,30,84",WIN,4,7893502.0,90-69-split-proof.csv,split-exact-search child,100000,WIN,100000,17,99776,0.397894,0.99776,251323.21673611563,0,0,0,0,1,1,2,19,198,1082,4467,13757,24948,29452,19763,5745,554,11,0,0,1081,4466,13756,0,24948,0,29452,0,19763,0,5745,554,11,1048576,4194304,8388608,2097152,16777216,2097152,33554432,8388608,16777216,2097152,8388608,1048576,65536,1.3150134086608887
"9,29,30,90",WIN,4,4694565.0,90-69-split-proof.csv,split-exact-search child,100000,WIN,100000,18,99862,0.419418,0.99862,238425.62789389104,0,0,0,0,1,1,2,14,110,662,2986,10117,21671,29087,24376,9556,1350,62,5,0,661,2985,10116,0,21670,0,29086,0,24376,0,9556,1350,62,1048576,4194304,8388608,2097152,16777216,2097152,33554432,8388608,16777216,2097152,8388608,1048576,65536,1.3319549560546875
"90,61,2,73,69,66,13,91",LOSS,8,10471.0,10X10_PROOF_BENCHMARKS.md,proof-benchmark,100000,LOSS,10471,17,10470,0.0935202,0.9999044981377136,111965.11555792225,0,0,0,0,0,0,0,0,1,46,192,1069,2191,3446,2570,824,125,7,0,0,46,192,1069,0,2191,0,3446,0,2570,0,824,125,7,1048576,4194304,8388608,2097152,16777216,2097152,33554432,8388608,16777216,2097152,8388608,1048576,65536,1.0353198051452637
"7,16,17,28,30,33,41,48,54,68,69,71,81,92",WIN,14,2.0,10X10_PROOF_BENCHMARKS.md,proof-benchmark,100000,WIN,2,15,2,0.0568863,1.0,35.15784995684374,0,0,0,0,0,0,0,0,0,0,0,0,0,0,1,1,0,0,0,0,0,0,0,0,0,0,0,0,1,0,1,0,0,1048576,4194304,8388608,2097152,16777216,2097152,33554432,8388608,16777216,2097152,8388608,1048576,65536,1.0567607879638672
"90,61,2,73,69,66",LOSS,6,432614.0,six-stone-loss-proof-90-61-2-73-69-66.csv,LOSS-proof-export,10000,LOSS,10000,16,9967,0.0886121,0.9967,112851.40516927147,0,0,0,0,0,0,1,5,22,196,687,1906,2888,2900,1240,152,3,0,0,0,195,686,1905,0,2887,0,2899,0,1240,0,152,3,0,1048576,4194304,8388608,2097152,16777216,2097152,33554432,8388608,16777216,2097152,8388608,1048576,65536,1.0872154235839844
"61,2,73,13,91",LOSS,5,7404873.0,five-stone-loss-proof-61-2-73-13-91.csv,LOSS-proof-export,10000,LOSS,10000,17,9983,0.0921141,0.9983,108561.01291767492,0,0,0,0,0,1,1,2,7,57,240,917,1975,2800,2549,1195,243,13,0,0,56,239,916,0,1974,0,2799,0,2548,0,1195,243,13,1048576,4194304,8388608,2097152,16777216,2097152,33554432,8388608,16777216,2097152,8388608,1048576,65536,1.058527946472168
"61,73,66,13",LOSS,4,9559583.0,four-stone-loss-proof-61-73-66-13.csv,LOSS-proof-export,10000,LOSS,10000,16,9920,0.08671,0.992,115326.95190866107,0,0,0,0,1,1,1,7,65,281,1059,2208,2998,2400,870,107,2,0,0,0,280,1058,2207,0,2997,0,2399,0,870,0,107,2,0,1048576,4194304,8388608,2097152,16777216,2097152,33554432,8388608,16777216,2097152,8388608,1048576,65536,1.044288158416748
"1,39,80",WIN,3,603662904.0,69-91-expanded-memo.csv,split-exact-search expanded-memo,10000,WIN,10000,17,9981,0.0923035,0.9981,108338.25369568868,0,0,0,1,1,1,1,2,8,94,338,1265,2283,3051,2210,662,79,4,0,0,93,337,1264,0,2282,0,3050,0,2210,0,662,79,4,1048576,4194304,8388608,2097152,16777216,2097152,33554432,8388608,16777216,2097152,8388608,1048576,65536,1.066474199295044
"1,39,90",LOSS,3,827783863.0,69-91-expanded-memo.csv,split-exact-search expanded-memo,10000,LOSS,10000,17,9984,0.0981393,0.9984,101895.97847141766,0,0,0,1,1,1,1,1,6,42,240,889,2053,3006,2673,967,114,5,0,0,41,239,888,0,2052,0,3005,0,2673,0,967,114,5,1048576,4194304,8388608,2097152,16777216,2097152,33554432,8388608,16777216,2097152,8388608,1048576,65536,1.0895066261291504
"7,8,30",LOSS,3,826399468.0,69-91-expanded-memo.csv,split-exact-search expanded-memo,10000,LOSS,10000,16,9943,0.0927172,0.9943,107854.85325268666,0,0,0,1,1,1,1,9,39,196,637,1812,2634,2844,1530,282,13,0,0,0,195,636,1811,0,2633,0,2843,0,1530,0,282,13,0,1048576,4194304,8388608,2097152,16777216,2097152,33554432,8388608,16777216,2097152,8388608,1048576,65536,1.1467170715332031
"8,17,30",LOSS,3,819209782.0,69-91-expanded-memo.csv,split-exact-search expanded-memo,10000,LOSS,10000,16,9953,0.0884235,0.9953,113092.10786725247,0,0,0,1,1,1,1,7,31,198,706,1905,2822,2885,1257,179,6,0,0,0,197,705,1904,0,2821,0,2884,0,1257,0,179,6,0,1048576,4194304,8388608,2097152,16777216,2097152,33554432,8388608,16777216,2097152,8388608,1048576,65536,1.0761635303497314
"0,8,30",WIN,3,216998113.0,two-stone-69-91-child-proof.csv,split-exact-search shrink=1 load=85,10000,WIN,10000,16,9973,0.0969614,0.9973,103133.82438784918,0,0,0,1,1,1,1,5,16,142,479,1543,2571,3031,1759,418,32,0,0,0,141,478,1543,0,2571,0,3031,0,1759,0,418,32,0,1048576,4194304,8388608,2097152,16777216,2097152,33554432,8388608,16777216,2097152,8388608,1048576,65536,1.0770955085754395
"1,8,30",WIN,3,31048468.0,two-stone-69-91-child-proof.csv,split-exact-search shrink=2 load=80,10000,WIN,10000,16,9969,0.0921587,0.9969,108508.47505444413,0,0,0,1,1,1,1,3,18,123,454,1259,2345,2893,2128,702,71,0,0,0,122,453,1258,0,2344,0,2892,0,2127,0,702,71,0,1048576,4194304,8388608,2097152,16777216,2097152,33554432,8388608,16777216,2097152,8388608,1048576,65536,1.0489399433135986
"1,30,39",WIN,3,17796724.0,two-stone-69-91-child-proof.csv,split-exact-search shrink=2 load=80,10000,WIN,10000,16,9959,0.0895454,0.9959,111675.19492905276,0,0,0,1,1,1,1,9,22,184,602,1807,2624,2940,1546,252,10,0,0,0,183,601,1806,0,2623,0,2939,0,1545,0,252,10,0,1048576,4194304,8388608,2097152,16777216,2097152,33554432,8388608,16777216,2097152,8388608,1048576,65536,1.1196653842926025
"1,39,40",WIN,3,38645226.0,two-stone-69-91-child-proof.csv,split-exact-search shrink=2 load=80,10000,WIN,10000,16,9960,0.100318,0.996,99683.00803445044,0,0,0,1,1,1,1,8,26,190,601,1769,2652,2921,1551,267,11,0,0,0,189,600,1769,0,2652,0,2921,0,1551,0,267,11,0,1048576,4194304,8388608,2097152,16777216,2097152,33554432,8388608,16777216,2097152,8388608,1048576,65536,1.0267820358276367
"1,39,41",WIN,3,16410465.0,two-stone-69-91-child-proof.csv,split-exact-search shrink=2 load=80,10000,WIN,10000,17,9956,0.0871314,0.9956,114769.18768664339,0,0,0,1,1,1,1,8,27,208,614,1785,2561,2815,1586,364,27,1,0,0,207,613,1784,0,2560,0,2814,0,1586,0,364,27,1,1048576,4194304,8388608,2097152,16777216,2097152,33554432,8388608,16777216,2097152,8388608,1048576,65536,1.0120799541473389
"1,39,42",WIN,3,18824894.0,two-stone-69-91-child-proof.csv,split-exact-search shrink=2 load=80,10000,WIN,10000,17,9980,0.0910882,0.998,109783.70414609138,0,0,0,1,1,1,1,2,7,89,286,1038,2029,2846,2520,1034,141,4,0,0,88,285,1037,0,2028,0,2845,0,2519,0,1033,141,4,1048576,4194304,8388608,2097152,16777216,2097152,33554432,8388608,16777216,2097152,8388608,1048576,65536,1.0309457778930664
"1,39,43",WIN,3,34679456.0,two-stone-69-91-child-proof.csv,split-exact-search shrink=2 load=80,10000,WIN,10000,17,9971,0.0962995,0.9971,103842.69907943447,0,0,0,1,1,1,1,4,18,162,614,1777,2808,2887,1432,266,26,2,0,0,161,613,1776,0,2808,0,2887,0,1432,0,266,26,2,1048576,4194304,8388608,2097152,16777216,2097152,33554432,8388608,16777216,2097152,8388608,1048576,65536,1.02921462059021
"1,39,44",WIN,3,21518525.0,two-stone-69-91-child-proof.csv,split-exact-search shrink=2 load=80,10000,WIN,10000,17,9974,0.0889013,0.9974,112484.29438039713,0,0,0,1,1,1,1,3,13,116,414,1334,2339,2839,2109,692,125,12,0,0,115,413,1333,0,2338,0,2838,0,2108,0,692,125,12,1048576,4194304,8388608,2097152,16777216,2097152,33554432,8388608,16777216,2097152,8388608,1048576,65536,1.0380287170410156
"1,39,50",WIN,3,45306409.0,two-stone-69-91-child-proof.csv,split-exact-search shrink=2 load=80,10000,WIN,10000,16,9969,0.0952434,0.9969,104994.1518257433,0,0,0,1,1,1,1,6,16,133,459,1489,2450,2913,1921,560,49,0,0,0,132,458,1488,0,2449,0,2912,0,1921,0,560,49,0,1048576,4194304,8388608,2097152,16777216,2097152,33554432,8388608,16777216,2097152,8388608,1048576,65536,1.0389111042022705
"1,39,51",WIN,3,33837357.0,two-stone-69-91-child-proof.csv,split-exact-search shrink=2 load=80,10000,WIN,10000,17,9975,0.0899451,0.9975,111178.93025856884,0,0,0,1,1,1,1,2,13,69,317,965,2214,2892,2507,912,104,1,0,0,68,316,964,0,2213,0,2891,0,2506,0,912,104,1,1048576,4194304,8388608,2097152,16777216,2097152,33554432,8388608,16777216,2097152,8388608,1048576,65536,1.0586917400360107
"1,39,52",WIN,3,194807387.0,two-stone-69-91-child-proof.csv,split-exact-search shrink=1 load=85,10000,WIN,10000,18,9970,0.0940433,0.997,106333.9972119226,0,0,0,1,1,1,1,1,12,53,282,809,1963,2718,2616,1267,244,22,9,0,52,281,808,0,1962,0,2718,0,2616,0,1267,244,22,1048576,4194304,8388608,2097152,16777216,2097152,33554432,8388608,16777216,2097152,8388608,1048576,65536,1.040079116821289
"1,39,53",WIN,3,67527782.0,two-stone-69-91-child-proof.csv,split-exact-search shrink=2 load=80,10000,WIN,10000,17,9974,0.0928471,0.9974,107703.95628942638,0,0,0,1,1,1,1,1,16,24,222,651,1939,2828,2919,1241,149,6,0,0,23,221,650,0,1938,0,2827,0,2919,0,1241,149,6,1048576,4194304,8388608,2097152,16777216,2097152,33554432,8388608,16777216,2097152,8388608,1048576,65536,1.0344316959381104
"1,39,54",WIN,3,62732202.0,two-stone-69-91-child-proof.csv,split-exact-search shrink=2 load=80,10000,WIN,10000,17,9966,0.0905463,0.9966,110440.73584453479,0,0,0,1,1,1,1,5,20,120,498,1538,2634,3071,1735,348,26,1,0,0,119,497,1537,0,2633,0,3070,0,1735,0,348,26,1,1048576,4194304,8388608,2097152,16777216,2097152,33554432,8388608,16777216,2097152,8388608,1048576,65536,1.0472893714904785
"1,39,60",WIN,3,32063327.0,two-stone-69-91-child-proof.csv,split-exact-search shrink=2 load=80,10000,WIN,10000,16,9963,0.0927583,0.9963,107807.06416568652,0,0,0,1,1,1,1,2,28,99,457,1223,2492,2767,2202,681,45,0,0,0,98,456,1222,0,2492,0,2767,0,2202,0,681,45,0,1048576,4194304,8388608,2097152,16777216,2097152,33554432,8388608,16777216,2097152,8388608,1048576,65536,1.0543160438537598
"1,39,61",WIN,3,175941959.0,two-stone-69-91-child-proof.csv,split-exact-search shrink=1 load=85,10000,WIN,10000,17,9968,0.0913417,0.9968,109479.02217716552,0,0,0,1,1,1,1,3,19,98,418,1193,2310,2792,2165,871,124,3,0,0,97,417,1192,0,2309,0,2791,0,2164,0,871,124,3,1048576,4194304,8388608,2097152,16777216,2097152,33554432,8388608,16777216,2097152,8388608,1048576,65536,1.03704833984375
"1,39,62",WIN,3,18154759.0,two-stone-69-91-child-proof.csv,split-exact-search shrink=2 load=80,10000,WIN,10000,16,9954,0.0905463,0.9954,110440.73584453479,0,0,0,1,1,1,1,8,30,210,730,1854,2683,2797,1321,329,34,0,0,0,209,729,1853,0,2682,0,2797,0,1321,0,329,34,0,1048576,4194304,8388608,2097152,16777216,2097152,33554432,8388608,16777216,2097152,8388608,1048576,65536,1.0481677055358887
"1,39,63",WIN,3,16854990.0,two-stone-69-91-child-proof.csv,split-exact-search shrink=2 load=80,10000,WIN,10000,16,9948,0.0902155,0.9948,110845.69724714711,0,0,0,1,1,1,1,7,36,208,733,1907,2836,2809,1269,185,6,0,0,0,207,732,1906,0,2835,0,2808,0,1269,0,185,6,0,1048576,4194304,8388608,2097152,16777216,2097152,33554432,8388608,16777216,2097152,8388608,1048576,65536,1.0575048923492432
"1,39,64",WIN,3,57900962.0,two-stone-69-91-child-proof.csv,split-exact-search shrink=2 load=80,10000,WIN,10000,16,9945,0.0920988,0.9945,108579.0477183199,0,0,0,1,1,1,1,5,40,238,811,1942,2907,2763,1153,136,1,0,0,0,237,810,1941,0,2906,0,2762,0,1152,0,136,1,0,1048576,4194304,8388608,2097152,16777216,2097152,33554432,8388608,16777216,2097152,8388608,1048576,65536,1.0242061614990234
"1,39,70",WIN,3,358027581.0,two-stone-69-91-child-proof.csv,split-exact-search shrink=0 load=90,10000,WIN,10000,17,9970,0.0895895,0.997,111620.22335206693,0,0,0,1,1,1,1,4,18,130,444,1446,2425,2973,1925,564,66,1,0,0,129,443,1445,0,2424,0,2973,0,1925,0,564,66,1,1048576,4194304,8388608,2097152,16777216,2097152,33554432,8388608,16777216,2097152,8388608,1048576,65536,1.0287892818450928
"1,39,71",WIN,3,32937402.0,two-stone-69-91-child-proof.csv,split-exact-search shrink=2 load=80,10000,WIN,10000,16,9962,0.089306,0.9962,111974.55938010884,0,0,0,1,1,1,1,4,24,138,497,1395,2439,2809,1980,648,62,0,0,0,137,496,1394,0,2438,0,2808,0,1979,0,648,62,0,1048576,4194304,8388608,2097152,16777216,2097152,33554432,8388608,16777216,2097152,8388608,1048576,65536,1.0186021327972412
"1,39,72",WIN,3,125211843.0,two-stone-69-91-child-proof.csv,split-exact-search shrink=2 load=80,10000,WIN,10000,17,9974,0.101207,0.9974,98807.39474542275,0,0,0,1,1,1,1,3,14,96,379,1195,2241,2841,2210,853,154,10,0,0,95,378,1194,0,2240,0,2840,0,2210,0,853,154,10,1048576,4194304,8388608,2097152,16777216,2097152,33554432,8388608,16777216,2097152,8388608,1048576,65536,1.0705757141113281
"1,39,73",WIN,3,40458541.0,two-stone-69-91-child-proof.csv,split-exact-search shrink=2 load=80,10000,WIN,10000,16,9969,0.0903706,0.9969,110655.45653121702,0,0,0,1,1,1,1,3,19,119,490,1471,2544,2894,1950,478,28,0,0,0,118,489,1470,0,2543,0,2893,0,1950,0,478,28,0,1048576,4194304,8388608,2097152,16777216,2097152,33554432,8388608,16777216,2097152,8388608,1048576,65536,1.060960292816162
"1,39,74",WIN,3,203045139.0,two-stone-69-91-child-proof.csv,split-exact-search shrink=1 load=85,10000,WIN,10000,17,9962,0.0975945,0.9962,102464.79053635194,0,0,0,1,1,1,1,8,22,175,547,1707,2604,2980,1626,307,19,1,0,0,174,546,1706,0,2603,0,2980,0,1626,0,307,19,1,1048576,4194304,8388608,2097152,16777216,2097152,33554432,8388608,16777216,2097152,8388608,1048576,65536,1.1077754497528076
"1,39,81",WIN,3,44252480.0,two-stone-69-91-child-proof.csv,split-exact-search shrink=2 load=80,10000,WIN,10000,16,9936,0.0926736,0.9936,107905.59555256298,0,0,0,1,1,1,1,9,45,219,808,1999,2841,2764,1164,145,2,0,0,0,218,807,1998,0,2840,0,2763,0,1163,0,145,2,0,1048576,4194304,8388608,2097152,16777216,2097152,33554432,8388608,16777216,2097152,8388608,1048576,65536,1.027177333831787
"2,8,30",WIN,3,352129890.0,two-stone-69-91-child-proof.csv,split-exact-search shrink=0 load=90,10000,WIN,10000,17,9962,0.0904863,0.9962,110513.96730775818,0,0,0,1,1,1,1,5,26,161,557,1640,2564,2855,1721,419,45,3,0,0,160,556,1639,0,2564,0,2855,0,1721,0,419,45,3,1048576,4194304,8388608,2097152,16777216,2097152,33554432,8388608,16777216,2097152,8388608,1048576,65536,1.0759990215301514
"3,8,30",WIN,3,22455099.0,two-stone-69-91-child-proof.csv,split-exact-search shrink=2 load=80,10000,WIN,10000,16,9959,0.089064,0.9959,112278.8107428366,0,0,0,1,1,1,1,5,28,148,638,1706,2790,2919,1497,256,9,0,0,0,147,637,1705,0,2789,0,2919,0,1497,0,256,9,0,1048576,4194304,8388608,2097152,16777216,2097152,33554432,8388608,16777216,2097152,8388608,1048576,65536,1.0375947952270508
"3,8,80",WIN,3,24740137.0,two-stone-69-91-child-proof.csv,split-exact-search shrink=2 load=80,10000,WIN,10000,17,9971,0.0929035,0.9971,107638.57120560581,0,0,0,1,1,1,1,1,18,68,381,1054,2329,2772,2378,893,100,2,0,0,67,380,1053,0,2328,0,2771,0,2377,0,893,100,2,1048576,4194304,8388608,2097152,16777216,2097152,33554432,8388608,16777216,2097152,8388608,1048576,65536,1.0398626327514648
"3,9,80",WIN,3,244295234.0,two-stone-69-91-child-proof.csv,split-exact-search shrink=0 load=90,10000,WIN,10000,16,9955,0.088075,0.9955,113539.59693443088,0,0,0,1,1,1,1,3,33,146,716,1794,2997,2885,1238,178,6,0,0,0,145,715,1793,0,2996,0,2884,0,1238,0,178,6,0,1048576,4194304,8388608,2097152,16777216,2097152,33554432,8388608,16777216,2097152,8388608,1048576,65536,1.0392227172851562
"3,18,80",WIN,3,60270544.0,two-stone-69-91-child-proof.csv,split-exact-search shrink=2 load=80,10000,WIN,10000,17,9965,0.092886,0.9965,107658.85063411064,0,0,0,1,1,1,1,6,20,149,519,1593,2541,2867,1748,487,63,3,0,0,148,518,1592,0,2540,0,2866,0,1748,0,487,63,3,1048576,4194304,8388608,2097152,16777216,2097152,33554432,8388608,16777216,2097152,8388608,1048576,65536,1.1012847423553467
"3,19,80",WIN,3,52009697.0,two-stone-69-91-child-proof.csv,split-exact-search shrink=2 load=80,10000,WIN,10000,16,9957,0.0918996,0.9957,108814.40180370753,0,0,0,1,1,1,1,3,32,187,737,1842,2904,2872,1243,171,5,0,0,0,186,736,1841,0,2903,0,2872,0,1243,0,171,5,0,1048576,4194304,8388608,2097152,16777216,2097152,33554432,8388608,16777216,2097152,8388608,1048576,65536,1.0624706745147705
"3,28,80",WIN,3,36803717.0,two-stone-69-91-child-proof.csv,split-exact-search shrink=2 load=80,10000,WIN,10000,17,9983,0.098406,0.9983,101619.81992967908,0,0,0,1,1,1,1,1,8,60,250,898,2031,2901,2504,1153,186,4,0,0,59,249,897,0,2030,0,2901,0,2504,0,1153,186,4,1048576,4194304,8388608,2097152,16777216,2097152,33554432,8388608,16777216,2097152,8388608,1048576,65536,1.1498796939849854
"3,29,80",WIN,3,87025966.0,two-stone-69-91-child-proof.csv,split-exact-search shrink=2 load=80,10000,WIN,10000,17,9971,0.104455,0.9971,95735.00550476281,0,0,0,1,1,1,1,1,18,68,381,1054,2329,2772,2378,893,100,2,0,0,67,380,1053,0,2328,0,2771,0,2377,0,893,100,2,1048576,4194304,8388608,2097152,16777216,2097152,33554432,8388608,16777216,2097152,8388608,1048576,65536,1.1591739654541016
"3,38,80",WIN,3,39920149.0,two-stone-69-91-child-proof.csv,split-exact-search shrink=2 load=80,10000,WIN,10000,16,9956,0.097765,0.9956,102286.09420549276,0,0,0,1,1,1,1,4,32,170,585,1625,2598,2797,1712,442,31,0,0,0,169,584,1624,0,2597,0,2797,0,1712,0,442,31,0,1048576,4194304,8388608,2097152,16777216,2097152,33554432,8388608,16777216,2097152,8388608,1048576,65536,1.1426868438720703
"3,39,80",WIN,3,72224478.0,two-stone-69-91-child-proof.csv,split-exact-search shrink=2 load=80,10000,WIN,10000,17,9972,0.132845,0.9972,75275.6972411457,0,0,0,1,1,1,1,5,14,134,461,1520,2508,2988,1865,456,43,2,0,0,133,460,1519,0,2507,0,2987,0,1865,0,456,43,2,1048576,4194304,8388608,2097152,16777216,2097152,33554432,8388608,16777216,2097152,8388608,1048576,65536,1.3614423274993896
"3,48,80",WIN,3,20466671.0,two-stone-69-91-child-proof.csv,split-exact-search shrink=2 load=80,10000,WIN,10000,17,9926,0.130267,0.9926,76765.4125757099,0,0,0,1,1,1,2,7,56,254,940,2068,2897,2553,1047,158,14,1,0,0,253,939,2067,0,2896,0,2552,0,1046,0,158,14,1,1048576,4194304,8388608,2097152,16777216,2097152,33554432,8388608,16777216,2097152,8388608,1048576,65536,1.5302891731262207
"3,49,80",WIN,3,54737269.0,two-stone-69-91-child-proof.csv,split-exact-search shrink=2 load=80,10000,WIN,10000,16,9982,0.154399,0.9982,64767.258855303466,0,0,0,1,1,1,1,2,5,75,285,1159,2206,3135,2385,689,55,0,0,0,74,284,1158,0,2205,0,3134,0,2384,0,688,55,0,1048576,4194304,8388608,2097152,16777216,2097152,33554432,8388608,16777216,2097152,8388608,1048576,65536,1.7596514225006104
"3,58,80",WIN,3,42481748.0,two-stone-69-91-child-proof.csv,split-exact-search shrink=2 load=80,10000,WIN,10000,16,9955,0.0892513,0.9955,112043.18592558315,0,0,0,1,1,1,1,3,33,146,716,1794,2997,2885,1238,178,6,0,0,0,145,715,1793,0,2996,0,2884,0,1238,0,178,6,0,1048576,4194304,8388608,2097152,16777216,2097152,33554432,8388608,16777216,2097152,8388608,1048576,65536,1.3712570667266846
"3,59,80",WIN,3,109752351.0,two-stone-69-91-child-proof.csv,split-exact-search shrink=2 load=80,10000,WIN,10000,17,9955,0.105501,0.9955,94785.83141392026,0,0,0,1,1,1,1,7,29,197,651,1790,2610,2794,1520,361,36,1,0,0,196,650,1789,0,2609,0,2793,0,1520,0,361,36,1,1048576,4194304,8388608,2097152,16777216,2097152,33554432,8388608,16777216,2097152,8388608,1048576,65536,1.2205274105072021
"3,68,80",WIN,3,148060593.0,two-stone-69-91-child-proof.csv,split-exact-search shrink=1 load=85,10000,WIN,10000,16,9963,0.117324,0.9963,85234.05270873819,0,0,0,1,1,1,1,4,25,147,550,1545,2517,2853,1794,509,52,0,0,0,146,549,1544,0,2516,0,2853,0,1794,0,509,52,0,1048576,4194304,8388608,2097152,16777216,2097152,33554432,8388608,16777216,2097152,8388608,1048576,65536,1.266963005065918
"3,69,80",WIN,3,126339560.0,two-stone-69-91-child-proof.csv,split-exact-search shrink=2 load=80,10000,WIN,10000,16,9966,0.0914414,0.9966,109359.6554733414,0,0,0,1,1,1,1,4,22,184,640,1874,2810,2952,1313,188,9,0,0,0,183,639,1873,0,2809,0,2952,0,1313,0,188,9,0,1048576,4194304,8388608,2097152,16777216,2097152,33554432,8388608,16777216,2097152,8388608,1048576,65536,1.4307692050933838
"3,78,80",WIN,3,35343937.0,two-stone-69-91-child-proof.csv,split-exact-search shrink=2 load=80,10000,WIN,10000,16,9955,0.0906997,0.9955,110253.94791824008,0,0,0,1,1,1,1,3,33,146,716,1794,2997,2885,1238,178,6,0,0,0,145,715,1793,0,2996,0,2884,0,1238,0,178,6,0,1048576,4194304,8388608,2097152,16777216,2097152,33554432,8388608,16777216,2097152,8388608,1048576,65536,1.2062134742736816
"3,79,80",WIN,3,194775124.0,two-stone-69-91-child-proof.csv,split-exact-search shrink=1 load=85,10000,WIN,10000,17,9966,0.102356,0.9966,97698.22970807769,0,0,0,1,1,1,1,3,23,115,481,1437,2516,2892,1875,563,85,6,0,0,114,480,1436,0,2515,0,2892,0,1875,0,563,85,6,1048576,4194304,8388608,2097152,16777216,2097152,33554432,8388608,16777216,2097152,8388608,1048576,65536,1.13995361328125
"3,80,89",WIN,3,19225614.0,two-stone-69-91-child-proof.csv,split-exact-search shrink=2 load=80,10000,WIN,10000,16,9947,0.092999,0.9947,107528.03793589179,0,0,0,1,1,1,1,3,46,224,911,2117,3034,2549,995,116,1,0,0,0,224,911,2117,0,3034,0,2549,0,995,0,116,1,0,1048576,4194304,8388608,2097152,16777216,2097152,33554432,8388608,16777216,2097152,8388608,1048576,65536,1.1759319305419922
"4,8,30",WIN,3,22193110.0,two-stone-69-91-child-proof.csv,split-exact-search shrink=2 load=80,10000,WIN,10000,16,9959,0.106739,0.9959,93686.46886330207,0,0,0,1,1,1,1,5,28,148,638,1706,2790,2919,1497,256,9,0,0,0,147,637,1705,0,2789,0,2919,0,1497,0,256,9,0,1048576,4194304,8388608,2097152,16777216,2097152,33554432,8388608,16777216,2097152,8388608,1048576,65536,1.140249490737915
"5,8,30",WIN,3,516334994.0,two-stone-69-91-child-proof.csv,split-exact-search shrink=0 load=90,10000,WIN,10000,16,9959,0.0983438,0.9959,101684.09193055384,0,0,0,1,1,1,1,5,28,155,537,1637,2576,2961,1745,340,12,0,0,0,154,536,1636,0,2575,0,2961,0,1745,0,340,12,0,1048576,4194304,8388608,2097152,16777216,2097152,33554432,8388608,16777216,2097152,8388608,1048576,65536,1.1769554615020752
"6,8,30",WIN,3,178086561.0,two-stone-69-91-child-proof.csv,split-exact-search shrink=1 load=85,10000,WIN,10000,16,9969,0.103106,0.9969,96987.56619401393,0,0,0,1,1,1,1,3,18,123,454,1259,2345,2893,2128,702,71,0,0,0,122,453,1258,0,2344,0,2892,0,2127,0,702,71,0,1048576,4194304,8388608,2097152,16777216,2097152,33554432,8388608,16777216,2097152,8388608,1048576,65536,1.1557660102844238
"8,9,30",WIN,3,379052148.0,two-stone-69-91-child-proof.csv,split-exact-search shrink=0 load=90,10000,WIN,10000,17,9971,0.0970127,0.9971,103079.28755719612,0,0,0,1,1,1,1,1,20,64,355,978,2255,2820,2428,953,120,2,0,0,63,354,977,0,2254,0,2820,0,2428,0,953,120,2,1048576,4194304,8388608,2097152,16777216,2097152,33554432,8388608,16777216,2097152,8388608,1048576,65536,1.087005853652954
"8,10,30",WIN,3,389304153.0,two-stone-69-91-child-proof.csv,split-exact-search shrink=0 load=90,10000,WIN,10000,17,9971,0.0971178,0.9971,102967.7360895737,0,0,0,1,1,1,1,1,18,68,381,1054,2329,2772,2378,893,100,2,0,0,67,380,1053,0,2328,0,2771,0,2377,0,893,100,2,1048576,4194304,8388608,2097152,16777216,2097152,33554432,8388608,16777216,2097152,8388608,1048576,65536,1.1152868270874023
"8,11,30",WIN,3,23344463.0,two-stone-69-91-child-proof.csv,split-exact-search shrink=2 load=80,10000,WIN,10000,17,9960,0.103261,0.996,96841.9829364426,0,0,0,1,1,1,1,4,28,148,589,1555,2560,2909,1720,438,43,2,0,0,147,588,1554,0,2559,0,2909,0,1720,0,438,43,2,1048576,4194304,8388608,2097152,16777216,2097152,33554432,8388608,16777216,2097152,8388608,1048576,65536,1.4068350791931152
"8,12,30",WIN,3,58698106.0,two-stone-69-91-child-proof.csv,split-exact-search shrink=2 load=80,10000,WIN,10000,16,9958,0.0979278,0.9958,102116.04876245561,0,0,0,1,1,1,1,5,29,167,588,1706,2648,2908,1579,342,24,0,0,0,166,587,1705,0,2647,0,2908,0,1579,0,342,24,0,1048576,4194304,8388608,2097152,16777216,2097152,33554432,8388608,16777216,2097152,8388608,1048576,65536,1.1034164428710938
"8,13,30",WIN,3,120505655.0,two-stone-69-91-child-proof.csv,split-exact-search shrink=2 load=80,10000,WIN,10000,18,9955,0.0979478,0.9955,102095.19764609312,0,0,0,1,1,1,1,2,26,102,465,1239,2388,2840,2096,721,96,13,8,0,101,464,1238,0,2387,0,2839,0,2096,0,721,96,13,1048576,4194304,8388608,2097152,16777216,2097152,33554432,8388608,16777216,2097152,8388608,1048576,65536,1.1245040893554688
"8,14,30",WIN,3,75068432.0,two-stone-69-91-child-proof.csv,split-exact-search shrink=2 load=80,10000,WIN,10000,16,9978,0.106796,0.9978,93636.4657852354,0,0,0,1,1,1,1,2,10,76,354,1203,2375,3074,2262,607,33,0,0,0,75,353,1202,0,2374,0,3073,0,2261,0,607,33,0,1048576,4194304,8388608,2097152,16777216,2097152,33554432,8388608,16777216,2097152,8388608,1048576,65536,1.1149179935455322
"8,15,30",WIN,3,102486523.0,two-stone-69-91-child-proof.csv,split-exact-search shrink=2 load=80,10000,WIN,10000,16,9934,0.0910515,0.9934,109827.95450926125,0,0,0,1,1,1,1,9,49,266,870,2144,2828,2591,1071,159,9,0,0,0,265,869,2143,0,2827,0,2591,0,1071,0,159,9,0,1048576,4194304,8388608,2097152,16777216,2097152,33554432,8388608,16777216,2097152,8388608,1048576,65536,1.12797212600708
"8,16,30",WIN,3,16908878.0,two-stone-69-91-child-proof.csv,split-exact-search shrink=2 load=80,10000,WIN,10000,16,9912,0.0935799,0.9912,106860.55445667286,0,0,0,1,1,1,1,12,66,345,1049,2364,2903,2371,766,105,15,0,0,0,344,1048,2363,0,2902,0,2370,0,765,0,105,15,0,1048576,4194304,8388608,2097152,16777216,2097152,33554432,8388608,16777216,2097152,8388608,1048576,65536,1.1341631412506104
"8,18,30",WIN,3,97498284.0,two-stone-69-91-child-proof.csv,split-exact-search shrink=2 load=80,10000,WIN,10000,16,9958,0.0899697,0.9958,111148.53111658702,0,0,0,1,1,1,1,5,29,167,588,1706,2648,2908,1579,342,24,0,0,0,166,587,1705,0,2647,0,2908,0,1579,0,342,24,0,1048576,4194304,8388608,2097152,16777216,2097152,33554432,8388608,16777216,2097152,8388608,1048576,65536,1.1016592979431152
"8,19,30",WIN,3,26221342.0,two-stone-69-91-child-proof.csv,split-exact-search shrink=2 load=80,10000,WIN,10000,17,9970,0.0981524,0.997,101882.37883128686,0,0,0,1,1,1,1,5,17,117,404,1256,2254,2823,2234,768,109,9,0,0,116,403,1255,0,2253,0,2823,0,2234,0,768,109,9,1048576,4194304,8388608,2097152,16777216,2097152,33554432,8388608,16777216,2097152,8388608,1048576,65536,1.082273244857788
"8,20,30",WIN,3,127733631.0,two-stone-69-91-child-proof.csv,split-exact-search shrink=2 load=80,10000,WIN,10000,17,9971,0.0951793,0.9971,105064.86179242756,0,0,0,1,1,1,1,1,20,64,355,978,2255,2820,2428,953,120,2,0,0,63,354,977,0,2254,0,2820,0,2428,0,953,120,2,1048576,4194304,8388608,2097152,16777216,2097152,33554432,8388608,16777216,2097152,8388608,1048576,65536,1.1110527515411377
"8,21,30",WIN,3,31227013.0,two-stone-69-91-child-proof.csv,split-exact-search shrink=2 load=80,10000,WIN,10000,16,9975,0.0967244,0.9975,103386.52914879803,0,0,0,1,1,1,1,3,15,136,531,1644,2798,3047,1549,263,10,0,0,0,135,530,1643,0,2798,0,3047,0,1549,0,263,10,0,1048576,4194304,8388608,2097152,16777216,2097152,33554432,8388608,16777216,2097152,8388608,1048576,65536,1.1462419033050537
"8,22,30",WIN,3,16692741.0,two-stone-69-91-child-proof.csv,split-exact-search shrink=2 load=80,10000,WIN,10000,17,9923,0.0891964,0.9923,112112.14802391129,0,0,0,1,1,1,2,8,58,211,875,1927,2897,2557,1212,235,14,1,0,0,210,874,1926,0,2896,0,2556,0,1211,0,235,14,1,1048576,4194304,8388608,2097152,16777216,2097152,33554432,8388608,16777216,2097152,8388608,1048576,65536,1.1481740474700928
"8,23,30",WIN,3,95392584.0,two-stone-69-91-child-proof.csv,split-exact-search shrink=2 load=80,10000,WIN,10000,16,9968,0.0977582,0.9968,102293.2091630165,0,0,0,1,1,1,1,3,19,133,453,1314,2345,2838,2106,716,69,0,0,0,132,452,1313,0,2344,0,2837,0,2105,0,716,69,0,1048576,4194304,8388608,2097152,16777216,2097152,33554432,8388608,16777216,2097152,8388608,1048576,65536,1.1492993831634521
"8,24,30",WIN,3,57537250.0,two-stone-69-91-child-proof.csv,split-exact-search shrink=2 load=80,10000,WIN,10000,16,9969,0.0929815,0.9969,107548.27573226932,0,0,0,1,1,1,1,3,18,130,464,1430,2438,2969,1934,557,53,0,0,0,129,463,1429,0,2437,0,2968,0,1933,0,557,53,0,1048576,4194304,8388608,2097152,16777216,2097152,33554432,8388608,16777216,2097152,8388608,1048576,65536,1.1840524673461914
"8,25,30",WIN,3,22634338.0,two-stone-69-91-child-proof.csv,split-exact-search shrink=2 load=80,10000,WIN,10000,17,9944,0.089678,0.9944,111510.06935926314,0,0,0,1,1,1,1,9,40,210,729,1836,2755,2699,1376,314,27,1,0,0,209,728,1835,0,2755,0,2699,0,1376,0,314,27,1,1048576,4194304,8388608,2097152,16777216,2097152,33554432,8388608,16777216,2097152,8388608,1048576,65536,1.1483643054962158
"8,26,30",WIN,3,19030287.0,two-stone-69-91-child-proof.csv,split-exact-search shrink=2 load=80,10000,WIN,10000,17,9975,0.0947451,0.9975,105546.35543157377,0,0,0,1,1,1,1,3,12,80,343,932,1875,2729,2446,1305,260,11,0,0,79,342,931,0,1874,0,2728,0,2445,0,1305,260,11,1048576,4194304,8388608,2097152,16777216,2097152,33554432,8388608,16777216,2097152,8388608,1048576,65536,1.095266580581665
"8,27,30",WIN,3,26167315.0,two-stone-69-91-child-proof.csv,split-exact-search shrink=2 load=80,10000,WIN,10000,17,9975,0.0894085,0.9975,111846.18912072119,0,0,0,1,1,1,1,3,12,108,373,1196,2237,2827,2247,878,113,2,0,0,107,372,1195,0,2236,0,2826,0,2246,0,878,113,2,1048576,4194304,8388608,2097152,16777216,2097152,33554432,8388608,16777216,2097152,8388608,1048576,65536,1.018601655960083
"8,28,30",WIN,3,121981106.0,two-stone-69-91-child-proof.csv,split-exact-search shrink=2 load=80,10000,WIN,10000,17,9954,0.0871219,0.9954,114781.70241925394,0,0,0,1,1,1,1,7,29,202,633,1760,2560,2796,1569,389,48,3,0,0,201,632,1759,0,2559,0,2795,0,1568,0,389,48,3,1048576,4194304,8388608,2097152,16777216,2097152,33554432,8388608,16777216,2097152,8388608,1048576,65536,1.0385112762451172
"8,29,30",WIN,3,129937827.0,two-stone-69-91-child-proof.csv,split-exact-search shrink=1 load=85,10000,WIN,10000,16,9967,0.087913,0.9967,113748.81985599399,0,0,0,1,1,1,1,6,18,151,490,1657,2491,3087,1769,317,10,0,0,0,150,489,1656,0,2490,0,3086,0,1769,0,317,10,0,1048576,4194304,8388608,2097152,16777216,2097152,33554432,8388608,16777216,2097152,8388608,1048576,65536,0.9979395866394043
"8,30,31",WIN,3,11561798.0,two-stone-69-91-child-proof.csv,split-exact-search shrink=2 load=80,10000,WIN,10000,17,9956,0.0879591,0.9956,113689.20327743236,0,0,0,1,1,1,1,8,27,208,614,1785,2561,2815,1586,364,27,1,0,0,207,613,1784,0,2560,0,2814,0,1586,0,364,27,1,1048576,4194304,8388608,2097152,16777216,2097152,33554432,8388608,16777216,2097152,8388608,1048576,65536,1.100355625152588
"8,30,32",WIN,3,17796724.0,two-stone-69-91-child-proof.csv,split-exact-search shrink=2 load=80,10000,WIN,10000,16,9959,0.0907454,0.9959,110198.42328095969,0,0,0,1,1,1,1,9,22,184,602,1807,2624,2940,1546,252,10,0,0,0,183,601,1806,0,2623,0,2939,0,1545,0,252,10,0,1048576,4194304,8388608,2097152,16777216,2097152,33554432,8388608,16777216,2097152,8388608,1048576,65536,1.0569148063659668
"8,30,33",WIN,3,14321990.0,two-stone-69-91-child-proof.csv,split-exact-search shrink=2 load=80,10000,WIN,10000,16,9936,0.0921286,0.9936,108543.92664167262,0,0,0,1,1,1,1,9,45,219,808,1999,2841,2764,1164,145,2,0,0,0,218,807,1998,0,2840,0,2763,0,1163,0,145,2,0,1048576,4194304,8388608,2097152,16777216,2097152,33554432,8388608,16777216,2097152,8388608,1048576,65536,1.1561975479125977
"8,30,34",WIN,3,15466534.0,two-stone-69-91-child-proof.csv,split-exact-search shrink=2 load=80,10000,WIN,10000,16,9961,0.103414,0.9961,96698.70617131142,0,0,0,1,1,1,1,8,22,197,532,1788,2529,2865,1574,428,53,0,0,0,196,531,1787,0,2528,0,2864,0,1574,0,428,53,0,1048576,4194304,8388608,2097152,16777216,2097152,33554432,8388608,16777216,2097152,8388608,1048576,65536,1.0803327560424805
"8,30,35",WIN,3,15603149.0,two-stone-69-91-child-proof.csv,split-exact-search shrink=2 load=80,10000,WIN,10000,15,9900,0.0895776,0.99,111635.05162004787,0,0,0,1,1,1,1,9,83,288,1016,2212,3017,2480,816,75,0,0,0,0,287,1015,2211,0,3016,0,2480,0,816,0,75,0,0,1048576,4194304,8388608,2097152,16777216,2097152,33554432,8388608,16777216,2097152,8388608,1048576,65536,1.3762528896331787
"8,30,36",WIN,3,11386731.0,two-stone-69-91-child-proof.csv,split-exact-search shrink=2 load=80,10000,WIN,10000,16,9938,0.0907048,0.9938,110247.74874097071,0,0,0,1,1,1,1,9,44,224,706,1914,2816,2837,1228,206,12,0,0,0,223,705,1913,0,2815,0,2836,0,1228,0,206,12,0,1048576,4194304,8388608,2097152,16777216,2097152,33554432,8388608,16777216,2097152,8388608,1048576,65536,1.0742061138153076
"8,30,37",WIN,3,19980229.0,two-stone-69-91-child-proof.csv,split-exact-search shrink=2 load=80,10000,WIN,10000,15,9936,0.102686,0.9936,97384.25880840622,0,0,0,1,1,1,1,8,46,238,846,2031,2950,2708,1063,106,0,0,0,0,237,845,2030,0,2949,0,2707,0,1062,0,106,0,0,1048576,4194304,8388608,2097152,16777216,2097152,33554432,8388608,16777216,2097152,8388608,1048576,65536,1.2697618007659912
"8,30,38",WIN,3,16410465.0,two-stone-69-91-child-proof.csv,split-exact-search shrink=2 load=80,10000,WIN,10000,17,9956,0.0921167,0.9956,108557.9487758463,0,0,0,1,1,1,1,8,27,208,614,1785,2561,2815,1586,364,27,1,0,0,207,613,1784,0,2560,0,2814,0,1586,0,364,27,1,1048576,4194304,8388608,2097152,16777216,2097152,33554432,8388608,16777216,2097152,8388608,1048576,65536,1.146972417831421
"8,30,40",WIN,3,51750201.0,two-stone-69-91-child-proof.csv,split-exact-search shrink=2 load=80,10000,WIN,10000,17,9960,0.0908166,0.996,110112.02797726408,0,0,0,1,1,1,1,4,28,148,589,1555,2560,2909,1720,438,43,2,0,0,147,588,1554,0,2559,0,2909,0,1720,0,438,43,2,1048576,4194304,8388608,2097152,16777216,2097152,33554432,8388608,16777216,2097152,8388608,1048576,65536,1.021864891052246
"8,30,41",WIN,3,40965734.0,two-stone-69-91-child-proof.csv,split-exact-search shrink=2 load=80,10000,WIN,10000,16,9967,0.0930842,0.9967,107429.61748610398,0,0,0,1,1,1,1,5,21,134,520,1565,2546,2894,1751,504,56,0,0,0,133,519,1564,0,2546,0,2894,0,1751,0,504,56,0,1048576,4194304,8388608,2097152,16777216,2097152,33554432,8388608,16777216,2097152,8388608,1048576,65536,1.0692641735076904
"8,30,42",WIN,3,239542464.0,two-stone-69-91-child-proof.csv,split-exact-search shrink=1 load=85,10000,WIN,10000,17,9975,0.0998438,0.9975,100156.44436609985,0,0,0,1,1,1,1,2,14,100,436,1426,2611,3049,1881,441,34,2,0,0,99,435,1425,0,2610,0,3048,0,1881,0,441,34,2,1048576,4194304,8388608,2097152,16777216,2097152,33554432,8388608,16777216,2097152,8388608,1048576,65536,1.1506707668304443
"8,30,43",WIN,3,72469009.0,two-stone-69-91-child-proof.csv,split-exact-search shrink=2 load=80,10000,WIN,10000,17,9984,0.0906387,0.9984,110328.14901361118,0,0,0,1,1,1,1,2,8,65,255,958,2025,3007,2596,973,106,1,0,0,64,254,958,0,2025,0,3007,0,2596,0,973,106,1,1048576,4194304,8388608,2097152,16777216,2097152,33554432,8388608,16777216,2097152,8388608,1048576,65536,1.0223965644836426
"8,30,44",WIN,3,18901187.0,two-stone-69-91-child-proof.csv,split-exact-search shrink=2 load=80,10000,WIN,10000,16,9957,0.0873854,0.9957,114435.59221563327,0,0,0,1,1,1,1,3,29,156,599,1657,2720,2828,1622,364,18,0,0,0,155,598,1656,0,2719,0,2827,0,1621,0,363,18,0,1048576,4194304,8388608,2097152,16777216,2097152,33554432,8388608,16777216,2097152,8388608,1048576,65536,1.01448655128479
"8,30,50",WIN,3,66159663.0,two-stone-69-91-child-proof.csv,split-exact-search shrink=2 load=80,10000,WIN,10000,17,9974,0.0962349,0.9974,103912.40599823973,0,0,0,1,1,1,1,4,13,117,455,1499,2545,2970,1825,512,55,1,0,0,116,454,1498,0,2544,0,2969,0,1825,0,512,55,1,1048576,4194304,8388608,2097152,16777216,2097152,33554432,8388608,16777216,2097152,8388608,1048576,65536,1.0682718753814697
"8,30,51",WIN,3,48895527.0,two-stone-69-91-child-proof.csv,split-exact-search shrink=2 load=80,10000,WIN,10000,16,9960,0.0880112,0.996,113621.9026669333,0,0,0,1,1,1,1,12,20,202,489,1658,2475,2935,1778,404,23,0,0,0,201,488,1657,0,2474,0,2935,0,1778,0,404,23,0,1048576,4194304,8388608,2097152,16777216,2097152,33554432,8388608,16777216,2097152,8388608,1048576,65536,1.0449841022491455
"8,30,52",WIN,3,196569299.0,two-stone-69-91-child-proof.csv,split-exact-search shrink=1 load=85,10000,WIN,10000,16,9956,0.0877268,0.9956,113990.25155368714,0,0,0,1,1,1,1,9,28,182,628,1864,2796,2907,1390,188,4,0,0,0,181,627,1863,0,2796,0,2907,0,1390,0,188,4,0,1048576,4194304,8388608,2097152,16777216,2097152,33554432,8388608,16777216,2097152,8388608,1048576,65536,1.0154366493225098
"8,30,53",WIN,3,10764998.0,two-stone-69-91-child-proof.csv,split-exact-search shrink=2 load=80,10000,WIN,10000,16,9959,0.0935957,0.9959,106842.51520101885,0,0,0,1,1,1,1,5,28,148,638,1706,2790,2919,1497,256,9,0,0,0,147,637,1705,0,2789,0,2919,0,1497,0,256,9,0,1048576,4194304,8388608,2097152,16777216,2097152,33554432,8388608,16777216,2097152,8388608,1048576,65536,1.0177292823791504
"8,30,54",WIN,3,243843900.0,two-stone-69-91-child-proof.csv,split-exact-search shrink=1 load=85,10000,WIN,10000,16,9963,0.0876167,0.9963,114133.49281586728,0,0,0,1,1,1,1,4,24,142,579,1731,2817,2991,1474,230,4,0,0,0,141,578,1730,0,2816,0,2990,0,1474,0,230,4,0,1048576,4194304,8388608,2097152,16777216,2097152,33554432,8388608,16777216,2097152,8388608,1048576,65536,1.009631872177124
"8,30,60",WIN,3,19949818.0,two-stone-69-91-child-proof.csv,split-exact-search shrink=2 load=80,10000,WIN,10000,16,9973,0.0925511,0.9973,108048.41865736875,0,0,0,1,1,1,1,5,16,142,479,1543,2571,3031,1759,418,32,0,0,0,141,478,1543,0,2571,0,3031,0,1759,0,418,32,0,1048576,4194304,8388608,2097152,16777216,2097152,33554432,8388608,16777216,2097152,8388608,1048576,65536,1.0797555446624756
"8,30,61",WIN,3,25667870.0,two-stone-69-91-child-proof.csv,split-exact-search shrink=2 load=80,10000,WIN,10000,16,9974,0.092354,0.9974,108279.01336163025,0,0,0,1,1,1,1,2,14,87,358,1054,2196,2850,2446,904,85,0,0,0,86,357,1053,0,2195,0,2849,0,2445,0,904,85,0,1048576,4194304,8388608,2097152,16777216,2097152,33554432,8388608,16777216,2097152,8388608,1048576,65536,1.0109319686889648
"8,30,62",WIN,3,23527283.0,two-stone-69-91-child-proof.csv,split-exact-search shrink=2 load=80,10000,WIN,10000,16,9943,0.0897939,0.9943,111366.13957072809,0,0,0,1,1,1,1,7,42,257,799,1979,2723,2701,1245,227,16,0,0,0,256,798,1978,0,2722,0,2701,0,1245,0,227,16,0,1048576,4194304,8388608,2097152,16777216,2097152,33554432,8388608,16777216,2097152,8388608,1048576,65536,1.0294127464294434
"8,30,63",WIN,3,46674013.0,two-stone-69-91-child-proof.csv,split-exact-search shrink=2 load=80,10000,WIN,10000,16,9968,0.0914443,0.9968,109356.18731840038,0,0,0,1,1,1,1,2,21,139,529,1556,2677,2859,1792,403,18,0,0,0,138,528,1555,0,2676,0,2858,0,1792,0,403,18,0,1048576,4194304,8388608,2097152,16777216,2097152,33554432,8388608,16777216,2097152,8388608,1048576,65536,1.0299174785614014
"8,30,64",WIN,3,30590089.0,two-stone-69-91-child-proof.csv,split-exact-search shrink=2 load=80,10000,WIN,10000,17,9969,0.0917263,0.9969,109019.98663414964,0,0,0,1,1,1,1,2,22,96,483,1196,2345,2680,2121,902,143,6,0,0,95,482,1195,0,2345,0,2680,0,2121,0,902,143,6,1048576,4194304,8388608,2097152,16777216,2097152,33554432,8388608,16777216,2097152,8388608,1048576,65536,1.0769321918487549
"8,30,70",WIN,3,127310522.0,two-stone-69-91-child-proof.csv,split-exact-search shrink=2 load=80,10000,WIN,10000,17,9971,0.0883423,0.9971,113196.05670216873,0,0,0,1,1,1,1,3,17,142,553,1615,2643,2862,1682,439,39,1,0,0,141,552,1614,0,2642,0,2861,0,1682,0,439,39,1,1048576,4194304,8388608,2097152,16777216,2097152,33554432,8388608,16777216,2097152,8388608,1048576,65536,1.0469372272491455
"8,30,71",WIN,3,29985541.0,two-stone-69-91-child-proof.csv,split-exact-search shrink=2 load=80,10000,WIN,10000,16,9953,0.0925421,0.9953,108058.92669390472,0,0,0,1,1,1,1,8,31,195,674,1806,2661,2776,1474,342,29,0,0,0,194,673,1805,0,2660,0,2776,0,1474,0,342,29,0,1048576,4194304,8388608,2097152,16777216,2097152,33554432,8388608,16777216,2097152,8388608,1048576,65536,1.0843379497528076
"8,30,72",WIN,3,518980323.0,two-stone-69-91-child-proof.csv,split-exact-search shrink=0 load=90,10000,WIN,10000,16,9927,0.0930402,0.9927,107480.42244105236,0,0,0,1,1,1,2,8,57,228,898,1904,2909,2546,1222,218,5,0,0,0,227,897,1903,0,2909,0,2546,0,1222,0,218,5,0,1048576,4194304,8388608,2097152,16777216,2097152,33554432,8388608,16777216,2097152,8388608,1048576,65536,1.093700647354126
"8,30,73",WIN,3,12873311.0,two-stone-69-91-child-proof.csv,split-exact-search shrink=2 load=80,10000,WIN,10000,16,9974,0.090146,0.9974,110931.15612450913,0,0,0,1,1,1,1,4,15,139,541,1595,2738,3014,1643,299,8,0,0,0,138,540,1594,0,2738,0,3014,0,1643,0,299,8,0,1048576,4194304,8388608,2097152,16777216,2097152,33554432,8388608,16777216,2097152,8388608,1048576,65536,1.055539608001709
"8,30,74",WIN,3,16149821.0,two-stone-69-91-child-proof.csv,split-exact-search shrink=2 load=80,10000,WIN,10000,16,9936,0.0905823,0.9936,110396.84353344969,0,0,0,1,1,1,2,3,53,184,836,1725,2820,2600,1473,292,9,0,0,0,183,835,1724,0,2820,0,2600,0,1473,0,292,9,0,1048576,4194304,8388608,2097152,16777216,2097152,33554432,8388608,16777216,2097152,8388608,1048576,65536,1.0686860084533691
"23,31,36",WIN,3,5222081.0,two-stone-61-66-child-proof.csv,EXACT_3_STONE_SEARCH,10000,WIN,10000,16,9941,0.0896551,0.9941,111538.5516272917,0,0,0,1,1,1,1,9,42,258,799,1972,2833,2695,1210,174,4,0,0,0,257,798,1971,0,2832,0,2695,0,1210,0,174,4,0,1048576,4194304,8388608,2097152,16777216,2097152,33554432,8388608,16777216,2097152,8388608,1048576,65536,1.0358383655548096
"24,31,36",WIN,3,5467450.0,two-stone-61-66-child-proof.csv,EXACT_3_STONE_SEARCH,10000,WIN,10000,16,9899,0.100182,0.9899,99818.33063823842,0,0,0,1,1,1,3,9,85,284,1038,2136,2902,2466,943,126,5,0,0,0,283,1038,2136,0,2902,0,2466,0,943,0,126,5,0,1048576,4194304,8388608,2097152,16777216,2097152,33554432,8388608,16777216,2097152,8388608,1048576,65536,1.0615260601043701
"31,36,50",WIN,3,7624254.0,two-stone-61-66-child-proof.csv,EXACT_3_STONE_SEARCH,10000,WIN,10000,16,9954,0.100419,0.9954,99582.74828468717,0,0,0,1,1,1,1,4,33,163,618,1547,2576,2731,1755,527,42,0,0,0,162,617,1546,0,2575,0,2730,0,1755,0,527,42,0,1048576,4194304,8388608,2097152,16777216,2097152,33554432,8388608,16777216,2097152,8388608,1048576,65536,1.0987882614135742
"33,38,52",WIN,3,11894638.0,two-stone-61-66-child-proof.csv,EXACT_3_STONE_SEARCH,10000,WIN,10000,16,9956,0.106519,0.9956,93879.965076653,0,0,0,1,1,1,1,4,31,167,645,1652,2687,2822,1639,334,15,0,0,0,166,644,1651,0,2686,0,2821,0,1639,0,334,15,0,1048576,4194304,8388608,2097152,16777216,2097152,33554432,8388608,16777216,2097152,8388608,1048576,65536,1.1880545616149902
"31,36,60",WIN,3,9966001.0,two-stone-61-66-child-proof.csv,EXACT_3_STONE_SEARCH,10000,WIN,10000,16,9942,0.102466,0.9942,97593.34803739777,0,0,0,1,1,1,1,11,39,258,710,1906,2622,2693,1449,295,13,0,0,0,257,709,1905,0,2621,0,2693,0,1449,0,295,13,0,1048576,4194304,8388608,2097152,16777216,2097152,33554432,8388608,16777216,2097152,8388608,1048576,65536,1.110342264175415
"33,38,62",WIN,3,5096474.0,two-stone-61-66-child-proof.csv,EXACT_3_STONE_SEARCH,10000,WIN,10000,17,9964,0.092849,0.9964,107701.75230751005,0,0,0,1,1,1,1,5,22,155,499,1530,2471,2787,1899,573,54,1,0,0,154,498,1529,0,2470,0,2786,0,1899,0,573,54,1,1048576,4194304,8388608,2097152,16777216,2097152,33554432,8388608,16777216,2097152,8388608,1048576,65536,1.1254122257232666
"13,18,63",WIN,3,4274608.0,two-stone-61-66-child-proof.csv,EXACT_3_STONE_SEARCH,10000,WIN,10000,17,9926,0.0919875,0.9926,108710.4226117679,0,0,0,1,1,1,2,7,58,220,744,1695,2639,2576,1585,431,39,1,0,0,219,743,1694,0,2638,0,2576,0,1585,0,431,39,1,1048576,4194304,8388608,2097152,16777216,2097152,33554432,8388608,16777216,2097152,8388608,1048576,65536,1.0292768478393555
"13,39,63",WIN,3,5728213.0,two-stone-61-66-child-proof.csv,EXACT_3_STONE_SEARCH,10000,WIN,10000,15,9834,0.146589,0.9834,68217.94268328456,0,0,0,1,1,1,1,25,132,598,1530,2821,2868,1610,388,24,0,0,0,0,597,1529,2820,0,2867,0,1609,0,388,0,24,0,0,1048576,4194304,8388608,2097152,16777216,2097152,33554432,8388608,16777216,2097152,8388608,1048576,65536,1.3048665523529053
"13,49,63",WIN,3,6983809.0,two-stone-61-66-child-proof.csv,EXACT_3_STONE_SEARCH,10000,WIN,10000,16,9924,0.094409,0.9924,105922.10488406825,0,0,0,1,1,1,2,10,56,245,818,1889,2803,2613,1308,242,11,0,0,0,244,817,1888,0,2802,0,2612,0,1308,0,242,11,0,1048576,4194304,8388608,2097152,16777216,2097152,33554432,8388608,16777216,2097152,8388608,1048576,65536,1.1799955368041992
"16,61,66",WIN,3,4530172.0,two-stone-61-66-child-proof.csv,EXACT_3_STONE_SEARCH,10000,WIN,10000,16,9812,0.103509,0.9812,96609.95662212947,0,0,0,1,1,1,4,22,155,581,1528,2531,2774,1787,554,60,1,0,0,0,580,1527,2530,0,2773,0,1787,0,554,0,60,1,0,1048576,4194304,8388608,2097152,16777216,2097152,33554432,8388608,16777216,2097152,8388608,1048576,65536,1.1094067096710205
"30,31,36",WIN,3,5071133.0,two-stone-61-66-child-proof.csv,EXACT_3_STONE_SEARCH,10000,WIN,10000,17,9934,0.0961517,0.9934,104002.32133181211,0,0,0,1,1,1,2,4,53,213,796,1814,2788,2544,1382,366,34,1,0,0,212,795,1813,0,2787,0,2544,0,1382,0,366,34,1,1048576,4194304,8388608,2097152,16777216,2097152,33554432,8388608,16777216,2097152,8388608,1048576,65536,1.1618015766143799
"31,32,36",WIN,3,5222081.0,two-stone-61-66-child-proof.csv,EXACT_3_STONE_SEARCH,10000,WIN,10000,16,9941,0.0922504,0.9941,108400.6139810776,0,0,0,1,1,1,1,9,42,258,799,1972,2833,2695,1210,174,4,0,0,0,257,798,1971,0,2832,0,2695,0,1210,0,174,4,0,1048576,4194304,8388608,2097152,16777216,2097152,33554432,8388608,16777216,2097152,8388608,1048576,65536,1.0694432258605957
"31,33,36",WIN,3,6066250.0,two-stone-61-66-child-proof.csv,EXACT_3_STONE_SEARCH,10000,WIN,10000,15,9876,0.0899477,0.9876,111175.71655528712,0,0,0,1,1,1,4,10,104,299,1228,2182,3009,2297,778,86,0,0,0,0,298,1227,2181,0,3009,0,2297,0,778,0,86,0,0,1048576,4194304,8388608,2097152,16777216,2097152,33554432,8388608,16777216,2097152,8388608,1048576,65536,1.0748467445373535
"31,34,36",WIN,3,7653828.0,two-stone-61-66-child-proof.csv,EXACT_3_STONE_SEARCH,10000,WIN,10000,16,9902,0.0927644,0.9902,107799.97499040581,0,0,0,1,1,1,1,15,79,344,1038,2320,2902,2307,871,117,3,0,0,0,344,1038,2320,0,2902,0,2307,0,871,0,117,3,0,1048576,4194304,8388608,2097152,16777216,2097152,33554432,8388608,16777216,2097152,8388608,1048576,65536,1.0801985263824463
"31,35,36",WIN,3,5467450.0,two-stone-61-66-child-proof.csv,EXACT_3_STONE_SEARCH,10000,WIN,10000,16,9899,0.0909587,0.9899,109940.00573886829,0,0,0,1,1,1,3,9,85,284,1038,2136,2902,2466,943,126,5,0,0,0,283,1038,2136,0,2902,0,2466,0,943,0,126,5,0,1048576,4194304,8388608,2097152,16777216,2097152,33554432,8388608,16777216,2097152,8388608,1048576,65536,1.092040777206421
"31,36,37",WIN,3,4268453.0,two-stone-61-66-child-proof.csv,EXACT_3_STONE_SEARCH,10000,WIN,10000,16,9859,0.101796,0.9859,98235.6870603953,0,0,0,1,1,1,4,8,125,334,1290,2115,2880,2096,939,198,8,0,0,0,333,1290,2115,0,2880,0,2096,0,939,0,198,8,0,1048576,4194304,8388608,2097152,16777216,2097152,33554432,8388608,16777216,2097152,8388608,1048576,65536,1.099602222442627
"30,33,38",WIN,3,5764153.0,two-stone-61-66-child-proof.csv,EXACT_3_STONE_SEARCH,10000,WIN,10000,15,9776,0.0947149,0.9776,105580.00905876477,0,0,0,1,1,1,5,23,189,525,1609,2444,2908,1802,459,33,0,0,0,0,524,1608,2443,0,2907,0,1802,0,459,0,33,0,0,1048576,4194304,8388608,2097152,16777216,2097152,33554432,8388608,16777216,2097152,8388608,1048576,65536,1.093113660812378
"31,33,38",WIN,3,4537311.0,two-stone-61-66-child-proof.csv,EXACT_3_STONE_SEARCH,10000,WIN,10000,16,9913,0.0964317,0.9913,103700.33920380955,0,0,0,1,1,1,3,7,70,281,1067,2185,2902,2323,991,162,6,0,0,0,280,1066,2184,0,2901,0,2323,0,991,0,162,6,0,1048576,4194304,8388608,2097152,16777216,2097152,33554432,8388608,16777216,2097152,8388608,1048576,65536,1.1173722743988037
"0,31,36",WIN,3,10691452.0,two-stone-61-66-child-proof.csv,HAS_EXACT_4_STONE_LOSS_CHILD,10000,WIN,10000,16,9933,0.0950897,0.9933,105163.86107012641,0,0,0,1,1,1,1,7,53,253,846,2018,2765,2640,1176,224,14,0,0,0,252,845,2017,0,2765,0,2640,0,1176,0,224,14,0,1048576,4194304,8388608,2097152,16777216,2097152,33554432,8388608,16777216,2097152,8388608,1048576,65536,1.179621696472168
"3,31,36",WIN,3,9648343.0,two-stone-61-66-child-proof.csv,EXACT_3_STONE_SEARCH,10000,WIN,10000,16,9949,0.0896663,0.9949,111524.61961740363,0,0,0,1,1,1,1,9,33,192,625,1627,2448,2759,1707,537,59,0,0,0,191,624,1626,0,2447,0,2758,0,1707,0,537,59,0,1048576,4194304,8388608,2097152,16777216,2097152,33554432,8388608,16777216,2097152,8388608,1048576,65536,1.124983787536621
"4,31,36",WIN,3,7077456.0,two-stone-61-66-child-proof.csv,EXACT_3_STONE_SEARCH,10000,WIN,10000,16,9844,0.0868579,0.9844,115130.57534202415,0,0,0,1,1,1,2,17,130,448,1382,2423,2879,2015,637,63,1,0,0,0,447,1381,2422,0,2878,0,2015,0,637,0,63,1,0,1048576,4194304,8388608,2097152,16777216,2097152,33554432,8388608,16777216,2097152,8388608,1048576,65536,1.0146522521972656
"7,31,36",WIN,3,11894638.0,two-stone-61-66-child-proof.csv,EXACT_3_STONE_SEARCH,10000,WIN,10000,16,9956,0.0889667,0.9956,112401.6064437593,0,0,0,1,1,1,1,4,31,167,645,1652,2687,2822,1639,334,15,0,0,0,166,644,1651,0,2686,0,2821,0,1639,0,334,15,0,1048576,4194304,8388608,2097152,16777216,2097152,33554432,8388608,16777216,2097152,8388608,1048576,65536,1.0315630435943604
"10,31,36",WIN,3,8348401.0,two-stone-61-66-child-proof.csv,EXACT_3_STONE_SEARCH,10000,WIN,10000,16,9957,0.0897869,0.9957,111374.82193950342,0,0,0,1,1,1,1,8,27,173,545,1641,2540,2905,1641,467,49,0,0,0,172,544,1640,0,2539,0,2905,0,1641,0,467,49,0,1048576,4194304,8388608,2097152,16777216,2097152,33554432,8388608,16777216,2097152,8388608,1048576,65536,1.019606351852417
"13,31,36",WIN,3,6927525.0,two-stone-61-66-child-proof.csv,EXACT_3_STONE_SEARCH,10000,WIN,10000,16,9931,0.0908598,0.9931,110059.6743554355,0,0,0,1,1,1,2,8,51,210,774,1655,2615,2508,1658,483,33,0,0,0,209,773,1654,0,2614,0,2507,0,1658,0,483,33,0,1048576,4194304,8388608,2097152,16777216,2097152,33554432,8388608,16777216,2097152,8388608,1048576,65536,1.1233739852905273
"14,31,36",WIN,3,6884755.0,two-stone-61-66-child-proof.csv,EXACT_3_STONE_SEARCH,10000,WIN,10000,16,9905,0.0902505,0.9905,110802.71023429233,0,0,0,1,1,1,2,9,77,290,1021,2094,2913,2482,959,144,6,0,0,0,289,1020,2093,0,2912,0,2482,0,959,0,144,6,0,1048576,4194304,8388608,2097152,16777216,2097152,33554432,8388608,16777216,2097152,8388608,1048576,65536,1.0321707725524902
"17,31,36",WIN,3,5096474.0,two-stone-61-66-child-proof.csv,EXACT_3_STONE_SEARCH,10000,WIN,10000,17,9964,0.0907376,0.9964,110207.89617534517,0,0,0,1,1,1,1,5,22,155,499,1530,2471,2787,1899,573,54,1,0,0,154,498,1529,0,2470,0,2786,0,1899,0,573,54,1,1048576,4194304,8388608,2097152,16777216,2097152,33554432,8388608,16777216,2097152,8388608,1048576,65536,1.0423798561096191
"21,31,36",WIN,3,4274608.0,two-stone-61-66-child-proof.csv,EXACT_3_STONE_SEARCH,10000,WIN,10000,17,9926,0.0900141,0.9926,111093.70643043701,0,0,0,1,1,1,2,7,58,220,744,1695,2639,2576,1585,431,39,1,0,0,219,743,1694,0,2638,0,2576,0,1585,0,431,39,1,1048576,4194304,8388608,2097152,16777216,2097152,33554432,8388608,16777216,2097152,8388608,1048576,65536,1.0279505252838135
"22,31,36",WIN,3,7222035.0,two-stone-61-66-child-proof.csv,EXACT_3_STONE_SEARCH,10000,WIN,10000,15,9842,0.0840925,0.9842,118916.66914409728,0,0,0,1,1,1,3,19,131,531,1551,2598,2911,1804,430,19,0,0,0,0,530,1550,2598,0,2911,0,1804,0,430,0,19,0,0,1048576,4194304,8388608,2097152,16777216,2097152,33554432,8388608,16777216,2097152,8388608,1048576,65536,0.9875235557556152
"25,31,36",WIN,3,8824924.0,two-stone-61-66-child-proof.csv,EXACT_3_STONE_SEARCH,10000,WIN,10000,16,9931,0.0935431,0.9931,106902.59356382245,0,0,0,1,1,1,1,9,52,263,790,1883,2779,2645,1335,234,6,0,0,0,262,789,1882,0,2778,0,2645,0,1335,0,234,6,0,1048576,4194304,8388608,2097152,16777216,2097152,33554432,8388608,16777216,2097152,8388608,1048576,65536,1.0051689147949219
"26,31,36",WIN,3,4268453.0,two-stone-61-66-child-proof.csv,EXACT_3_STONE_SEARCH,10000,WIN,10000,16,9859,0.0928249,0.9859,107729.71476403422,0,0,0,1,1,1,4,8,125,334,1290,2115,2880,2096,939,198,8,0,0,0,333,1290,2115,0,2880,0,2096,0,939,0,198,8,0,1048576,4194304,8388608,2097152,16777216,2097152,33554432,8388608,16777216,2097152,8388608,1048576,65536,1.0133650302886963
"31,36,41",WIN,3,5547810.0,two-stone-61-66-child-proof.csv,EXACT_3_STONE_SEARCH,10000,WIN,10000,15,9807,0.084873,0.9807,117823.10039706384,0,0,0,1,1,1,4,22,158,480,1565,2449,2997,1842,445,35,0,0,0,0,479,1564,2448,0,2996,0,1841,0,444,0,35,0,0,1048576,4194304,8388608,2097152,16777216,2097152,33554432,8388608,16777216,2097152,8388608,1048576,65536,1.0043714046478271
"31,36,43",WIN,3,10860519.0,two-stone-61-66-child-proof.csv,EXACT_3_STONE_SEARCH,10000,WIN,10000,16,9899,0.0917909,0.9899,108943.26126010313,0,0,0,1,1,1,3,9,85,284,1038,2136,2902,2466,943,126,5,0,0,0,283,1038,2136,0,2902,0,2466,0,943,0,126,5,0,1048576,4194304,8388608,2097152,16777216,2097152,33554432,8388608,16777216,2097152,8388608,1048576,65536,1.0065181255340576
"33,38,43",WIN,3,6242853.0,two-stone-61-66-child-proof.csv,EXACT_3_STONE_SEARCH,10000,WIN,10000,16,9812,0.0858935,0.9812,116423.2450651097,0,0,0,1,1,1,4,22,155,581,1528,2531,2774,1787,554,60,1,0,0,0,580,1527,2530,0,2773,0,1787,0,554,0,60,1,0,1048576,4194304,8388608,2097152,16777216,2097152,33554432,8388608,16777216,2097152,8388608,1048576,65536,1.029482364654541
"31,36,44",WIN,3,10278182.0,two-stone-61-66-child-proof.csv,EXACT_3_STONE_SEARCH,10000,WIN,10000,15,9864,0.0857848,0.9864,116570.76778170493,0,0,0,1,1,1,1,14,114,438,1410,2609,2987,1968,443,13,0,0,0,0,437,1409,2608,0,2986,0,1968,0,443,0,13,0,0,1048576,4194304,8388608,2097152,16777216,2097152,33554432,8388608,16777216,2097152,8388608,1048576,65536,1.0029261112213135
"31,36,53",WIN,3,4785034.0,two-stone-61-66-child-proof.csv,EXACT_3_STONE_SEARCH,10000,WIN,10000,16,9914,0.0881471,0.9914,113446.72711864598,0,0,0,1,1,1,1,11,68,281,945,2100,2962,2524,984,118,3,0,0,0,280,944,2099,0,2962,0,2524,0,984,0,118,3,0,1048576,4194304,8388608,2097152,16777216,2097152,33554432,8388608,16777216,2097152,8388608,1048576,65536,1.0137338638305664
"31,36,54",WIN,3,7707798.0,two-stone-61-66-child-proof.csv,EXACT_3_STONE_SEARCH,10000,WIN,10000,16,9876,0.0875847,0.9876,114175.19269918147,0,0,0,1,1,1,2,12,104,323,1073,2106,2762,2281,1086,233,15,0,0,0,322,1072,2105,0,2762,0,2281,0,1086,0,233,15,0,1048576,4194304,8388608,2097152,16777216,2097152,33554432,8388608,16777216,2097152,8388608,1048576,65536,1.0007989406585693
"31,36,61",WIN,3,5325067.0,two-stone-61-66-child-proof.csv,EXACT_3_STONE_SEARCH,10000,WIN,10000,16,9876,0.0879059,0.9876,113758.00714172769,0,0,0,1,1,1,2,12,104,323,1073,2106,2762,2281,1086,233,15,0,0,0,322,1072,2105,0,2762,0,2281,0,1086,0,233,15,0,1048576,4194304,8388608,2097152,16777216,2097152,33554432,8388608,16777216,2097152,8388608,1048576,65536,1.015260934829712
"13,27,63",WIN,3,4489170.0,two-stone-61-66-child-proof.csv,EXACT_3_STONE_SEARCH,10000,WIN,10000,16,9933,0.0865402,0.9933,115553.23421947258,0,0,0,1,1,1,1,9,50,257,794,1969,2790,2673,1237,210,7,0,0,0,256,793,1968,0,2789,0,2673,0,1237,0,210,7,0,1048576,4194304,8388608,2097152,16777216,2097152,33554432,8388608,16777216,2097152,8388608,1048576,65536,1.0359139442443848
"13,36,63",WIN,3,5760682.0,two-stone-61-66-child-proof.csv,EXACT_3_STONE_SEARCH,10000,WIN,10000,16,9912,0.086614,0.9912,115454.77636409819,0,0,0,1,1,1,2,11,67,290,930,2035,2697,2577,1196,187,5,0,0,0,289,929,2034,0,2696,0,2576,0,1196,0,187,5,0,1048576,4194304,8388608,2097152,16777216,2097152,33554432,8388608,16777216,2097152,8388608,1048576,65536,1.0269935131072998
"33,38,63",WIN,3,4803336.0,two-stone-61-66-child-proof.csv,EXACT_3_STONE_SEARCH,10000,WIN,10000,16,9880,0.0865566,0.988,115531.34018665244,0,0,0,1,1,1,2,17,95,401,1164,2319,2812,2234,824,122,7,0,0,0,400,1163,2318,0,2812,0,2234,0,824,0,122,7,0,1048576,4194304,8388608,2097152,16777216,2097152,33554432,8388608,16777216,2097152,8388608,1048576,65536,0.9977085590362549
"13,46,63",WIN,3,4785034.0,two-stone-61-66-child-proof.csv,EXACT_3_STONE_SEARCH,10000,WIN,10000,16,9914,0.0874267,0.9914,114381.5333302069,0,0,0,1,1,1,1,11,68,281,945,2100,2962,2524,984,118,3,0,0,0,280,944,2099,0,2962,0,2524,0,984,0,118,3,0,1048576,4194304,8388608,2097152,16777216,2097152,33554432,8388608,16777216,2097152,8388608,1048576,65536,1.0595755577087402
"13,57,63",WIN,3,8389492.0,two-stone-61-66-child-proof.csv,EXACT_3_STONE_SEARCH,10000,WIN,10000,16,9943,0.0876354,0.9943,114109.13854446948,0,0,0,1,1,1,1,7,41,221,759,1892,2755,2722,1327,259,13,0,0,0,220,758,1891,0,2754,0,2721,0,1327,0,259,13,0,1048576,4194304,8388608,2097152,16777216,2097152,33554432,8388608,16777216,2097152,8388608,1048576,65536,1.0293080806732178
"1,31,36",WIN,3,5307499.0,two-stone-61-66-child-proof.csv,EXACT_3_STONE_SEARCH,10000,WIN,10000,16,9893,0.0896317,0.9893,111567.67081289321,0,0,0,1,1,1,3,10,86,321,1140,2246,2964,2310,808,106,3,0,0,0,320,1139,2245,0,2963,0,2309,0,808,0,106,3,0,1048576,4194304,8388608,2097152,16777216,2097152,33554432,8388608,16777216,2097152,8388608,1048576,65536,1.100212812423706
"6,31,36",WIN,3,8424552.0,two-stone-61-66-child-proof.csv,HAS_EXACT_4_STONE_LOSS_CHILD,10000,WIN,10000,15,9776,0.0859794,0.9776,116306.92933423587,0,0,0,1,1,1,5,23,189,525,1609,2444,2908,1802,459,33,0,0,0,0,524,1608,2443,0,2907,0,1802,0,459,0,33,0,0,1048576,4194304,8388608,2097152,16777216,2097152,33554432,8388608,16777216,2097152,8388608,1048576,65536,1.0185675621032715
"12,31,36",WIN,3,7112400.0,two-stone-61-66-child-proof.csv,EXACT_3_STONE_SEARCH,10000,WIN,10000,16,9957,0.0971878,0.9957,102893.57306163941,0,0,0,1,1,1,1,7,27,193,593,1705,2638,2905,1608,307,13,0,0,0,192,592,1704,0,2637,0,2904,0,1608,0,307,13,0,1048576,4194304,8388608,2097152,16777216,2097152,33554432,8388608,16777216,2097152,8388608,1048576,65536,1.094527244567871
"15,31,36",WIN,3,9966001.0,two-stone-61-66-child-proof.csv,EXACT_3_STONE_SEARCH,10000,WIN,10000,16,9942,0.0869487,0.9942,115010.34518054899,0,0,0,1,1,1,1,11,39,258,710,1906,2622,2693,1449,295,13,0,0,0,257,709,1905,0,2621,0,2693,0,1449,0,295,13,0,1048576,4194304,8388608,2097152,16777216,2097152,33554432,8388608,16777216,2097152,8388608,1048576,65536,0.9919342994689941
"31,36,40",WIN,3,9076416.0,two-stone-61-66-child-proof.csv,EXACT_3_STONE_SEARCH,10000,WIN,10000,16,9932,0.0901387,0.9932,110940.14002864475,0,0,0,1,1,1,2,7,50,206,671,1587,2450,2658,1789,531,46,0,0,0,205,670,1586,0,2449,0,2657,0,1788,0,531,46,0,1048576,4194304,8388608,2097152,16777216,2097152,33554432,8388608,16777216,2097152,8388608,1048576,65536,1.0333421230316162
"31,36,42",WIN,3,15648482.0,two-stone-61-66-child-proof.csv,HAS_EXACT_4_STONE_LOSS_CHILD,10000,WIN,10000,16,9865,0.0935274,0.9865,106920.5387939791,0,0,0,1,1,1,2,18,107,397,1190,2260,2838,2220,820,136,9,0,0,0,396,1189,2259,0,2837,0,2219,0,820,0,136,9,0,1048576,4194304,8388608,2097152,16777216,2097152,33554432,8388608,16777216,2097152,8388608,1048576,65536,1.0158729553222656
"33,38,42",WIN,3,6507420.0,two-stone-61-66-child-proof.csv,EXACT_3_STONE_SEARCH,10000,WIN,10000,16,9918,0.0902915,0.9918,110752.39640497722,0,0,0,1,1,1,1,21,53,356,790,2085,2572,2640,1254,214,11,0,0,0,355,789,2084,0,2571,0,2640,0,1254,0,214,11,0,1048576,4194304,8388608,2097152,16777216,2097152,33554432,8388608,16777216,2097152,8388608,1048576,65536,1.0460660457611084
"33,38,44",WIN,3,7791803.0,two-stone-61-66-child-proof.csv,EXACT_3_STONE_SEARCH,10000,WIN,10000,15,9844,0.101829,0.9844,98203.85155505799,0,0,0,1,1,1,2,21,125,517,1478,2669,2929,1835,407,14,0,0,0,0,516,1477,2668,0,2928,0,1834,0,407,0,14,0,0,1048576,4194304,8388608,2097152,16777216,2097152,33554432,8388608,16777216,2097152,8388608,1048576,65536,1.1172900199890137
"31,36,52",WIN,3,7677090.0,two-stone-61-66-child-proof.csv,HAS_EXACT_4_STONE_LOSS_CHILD,10000,WIN,10000,16,9902,0.211951,0.9902,47180.71629763483,0,0,0,1,1,1,1,16,75,300,839,2040,2699,2611,1223,187,6,0,0,0,299,838,2039,0,2699,0,2611,0,1223,0,187,6,0,1048576,4194304,8388608,2097152,16777216,2097152,33554432,8388608,16777216,2097152,8388608,1048576,65536,2.0266270637512207
"33,38,54",WIN,3,6075507.0,two-stone-61-66-child-proof.csv,HAS_EXACT_4_STONE_LOSS_CHILD,10000,WIN,10000,17,9945,0.104896,0.9945,95332.51982916413,0,0,0,1,1,1,1,4,45,171,686,1703,2741,2714,1538,363,30,1,0,0,170,685,1703,0,2741,0,2714,0,1538,0,363,30,1,1048576,4194304,8388608,2097152,16777216,2097152,33554432,8388608,16777216,2097152,8388608,1048576,65536,1.3754959106445312
"9,13,63",WIN,3,6874695.0,two-stone-61-66-child-proof.csv,EXACT_3_STONE_SEARCH,10000,WIN,10000,16,9928,0.119929,0.9928,83382.66807861318,0,0,0,1,1,1,2,8,53,272,890,1984,2719,2506,1270,275,18,0,0,0,271,889,1983,0,2718,0,2505,0,1269,0,275,18,0,1048576,4194304,8388608,2097152,16777216,2097152,33554432,8388608,16777216,2097152,8388608,1048576,65536,1.3005716800689697
"7,61,66",WIN,3,13564840.0,two-stone-61-66-child-proof.csv,HAS_EXACT_4_STONE_LOSS_CHILD,10000,WIN,10000,16,9963,0.1672,0.9963,59808.61244019139,0,0,0,1,1,1,1,4,23,141,527,1567,2589,2956,1772,395,22,0,0,0,140,526,1566,0,2588,0,2955,0,1771,0,395,22,0,1048576,4194304,8388608,2097152,16777216,2097152,33554432,8388608,16777216,2097152,8388608,1048576,65536,1.626607894897461
"2,31,36",WIN,3,14329582.0,two-stone-61-66-child-proof.csv,HAS_EXACT_4_STONE_LOSS_CHILD,10000,WIN,10000,16,9922,0.111457,0.9922,89720.69946257301,0,0,0,1,1,1,2,5,64,213,945,1985,3098,2668,924,92,1,0,0,0,212,944,1984,0,3097,0,2668,0,924,0,92,1,0,1048576,4194304,8388608,2097152,16777216,2097152,33554432,8388608,16777216,2097152,8388608,1048576,65536,1.395827054977417
"5,31,36",WIN,3,14481474.0,two-stone-61-66-child-proof.csv,HAS_EXACT_4_STONE_LOSS_CHILD,10000,WIN,10000,16,9965,0.127401,0.9965,78492.31952653434,0,0,0,1,1,1,1,5,20,151,484,1597,2521,3023,1756,409,30,0,0,0,150,483,1596,0,2520,0,3022,0,1755,0,409,30,0,1048576,4194304,8388608,2097152,16777216,2097152,33554432,8388608,16777216,2097152,8388608,1048576,65536,1.3731179237365723
"11,31,36",WIN,3,15246599.0,two-stone-61-66-child-proof.csv,HAS_EXACT_4_STONE_LOSS_CHILD,10000,WIN,10000,16,9888,0.133094,0.9888,75134.86708642013,0,0,0,1,1,1,2,21,84,443,1230,2460,2914,2140,635,64,4,0,0,0,442,1229,2460,0,2914,0,2140,0,635,0,64,4,0,1048576,4194304,8388608,2097152,16777216,2097152,33554432,8388608,16777216,2097152,8388608,1048576,65536,1.4169931411743164
"16,31,36",WIN,3,9834450.0,two-stone-61-66-child-proof.csv,EXACT_3_STONE_SEARCH,10000,WIN,10000,15,9770,0.122439,0.977,81673.32304249462,0,0,0,1,1,1,3,26,195,663,1733,2794,2802,1470,296,15,0,0,0,0,662,1732,2793,0,2802,0,1470,0,296,0,15,0,0,1048576,4194304,8388608,2097152,16777216,2097152,33554432,8388608,16777216,2097152,8388608,1048576,65536,1.3305647373199463
"20,31,36",WIN,3,7638822.0,two-stone-61-66-child-proof.csv,EXACT_3_STONE_SEARCH,10000,WIN,10000,16,9839,0.111319,0.9839,89831.9244693179,0,0,0,1,1,1,3,21,131,483,1514,2619,2950,1822,421,32,1,0,0,0,482,1513,2618,0,2950,0,1822,0,421,0,32,1,0,1048576,4194304,8388608,2097152,16777216,2097152,33554432,8388608,16777216,2097152,8388608,1048576,65536,1.2327303886413574
"27,31,36",WIN,3,6222826.0,two-stone-61-66-child-proof.csv,EXACT_3_STONE_SEARCH,10000,WIN,10000,17,9918,0.110553,0.9918,90454.35221115664,0,0,0,1,1,1,1,9,64,236,741,1807,2639,2593,1479,394,33,1,0,0,235,740,1806,0,2638,0,2592,0,1479,0,394,33,1,1048576,4194304,8388608,2097152,16777216,2097152,33554432,8388608,16777216,2097152,8388608,1048576,65536,1.1803064346313477
"31,36,51",WIN,3,6336688.0,two-stone-61-66-child-proof.csv,EXACT_3_STONE_SEARCH,10000,WIN,10000,17,9955,0.0914309,0.9955,109372.21442641383,0,0,0,1,1,1,1,6,30,175,606,1737,2646,2850,1585,330,30,1,0,0,174,605,1736,0,2645,0,2849,0,1585,0,330,30,1,1048576,4194304,8388608,2097152,16777216,2097152,33554432,8388608,16777216,2097152,8388608,1048576,65536,1.155121088027954
"33,38,53",WIN,3,11678598.0,two-stone-61-66-child-proof.csv,HAS_EXACT_4_STONE_LOSS_CHILD,10000,WIN,10000,16,9907,0.0878636,0.9907,113812.77343518818,0,0,0,1,1,1,1,8,76,336,1031,2222,2907,2376,913,125,2,0,0,0,335,1030,2221,0,2906,0,2375,0,913,0,125,2,0,1048576,4194304,8388608,2097152,16777216,2097152,33554432,8388608,16777216,2097152,8388608,1048576,65536,1.0501618385314941
"31,36,62",WIN,3,5755839.0,two-stone-61-66-child-proof.csv,EXACT_3_STONE_SEARCH,10000,WIN,10000,16,9866,0.0912173,0.9866,109628.32708269155,0,0,0,1,1,1,3,9,116,290,1121,2171,3012,2373,790,105,7,0,0,0,289,1120,2170,0,3012,0,2373,0,790,0,105,7,0,1048576,4194304,8388608,2097152,16777216,2097152,33554432,8388608,16777216,2097152,8388608,1048576,65536,1.0414230823516846
"7,13,63",WIN,3,13996712.0,two-stone-61-66-child-proof.csv,HAS_EXACT_4_STONE_LOSS_CHILD,10000,WIN,10000,16,9881,0.107344,0.9881,93158.4438813534,0,0,0,1,1,1,3,7,101,297,1230,2160,3008,2286,797,104,4,0,0,0,296,1229,2159,0,3007,0,2285,0,797,0,104,4,0,1048576,4194304,8388608,2097152,16777216,2097152,33554432,8388608,16777216,2097152,8388608,1048576,65536,1.2238976955413818
"8,13,63",WIN,3,8777000.0,two-stone-61-66-child-proof.csv,EXACT_3_STONE_SEARCH,10000,WIN,10000,16,9880,0.103055,0.988,97035.56353403523,0,0,0,1,1,1,3,12,101,401,1304,2408,3019,2081,600,65,3,0,0,0,400,1304,2408,0,3019,0,2081,0,600,0,65,3,0,1048576,4194304,8388608,2097152,16777216,2097152,33554432,8388608,16777216,2097152,8388608,1048576,65536,1.2656967639923096
"13,17,63",WIN,3,6454141.0,two-stone-61-66-child-proof.csv,EXACT_3_STONE_SEARCH,10000,WIN,10000,16,9901,0.099597,0.9901,100404.6306615661,0,0,0,1,1,1,1,13,75,323,1001,2246,2877,2417,912,125,7,0,0,0,322,1000,2245,0,2876,0,2416,0,911,0,124,7,0,1048576,4194304,8388608,2097152,16777216,2097152,33554432,8388608,16777216,2097152,8388608,1048576,65536,1.2669384479522705
"13,19,63",WIN,3,8355101.0,two-stone-61-66-child-proof.csv,EXACT_3_STONE_SEARCH,10000,WIN,10000,16,9942,0.0949685,0.9942,105298.07251878254,0,0,0,1,1,1,1,7,41,255,784,1983,2722,2622,1290,273,19,0,0,0,254,783,1982,0,2721,0,2621,0,1289,0,273,19,0,1048576,4194304,8388608,2097152,16777216,2097152,33554432,8388608,16777216,2097152,8388608,1048576,65536,1.2474143505096436
"13,28,63",WIN,3,9762456.0,two-stone-61-66-child-proof.csv,EXACT_3_STONE_SEARCH,10000,WIN,10000,17,9889,0.0894144,0.9889,111838.80896142007,0,0,0,1,1,1,2,8,95,365,1163,2188,2833,2181,953,184,23,2,0,0,364,1162,2187,0,2833,0,2181,0,953,0,184,23,2,1048576,4194304,8388608,2097152,16777216,2097152,33554432,8388608,16777216,2097152,8388608,1048576,65536,1.1214442253112793
"13,29,63",WIN,3,6667531.0,two-stone-61-66-child-proof.csv,EXACT_3_STONE_SEARCH,10000,WIN,10000,16,9930,0.0905899,0.993,110387.58183859348,0,0,0,1,1,1,1,7,54,240,760,1873,2725,2689,1405,236,7,0,0,0,239,759,1872,0,2724,0,2688,0,1405,0,236,7,0,1048576,4194304,8388608,2097152,16777216,2097152,33554432,8388608,16777216,2097152,8388608,1048576,65536,1.0937814712524414
"13,37,63",WIN,3,11777065.0,two-stone-61-66-child-proof.csv,EXACT_3_STONE_SEARCH,10000,WIN,10000,17,9953,0.0891718,0.9953,112143.07662287854,0,0,0,1,1,1,1,7,32,199,675,1825,2621,2736,1476,383,41,1,0,0,198,674,1824,0,2620,0,2736,0,1476,0,383,41,1,1048576,4194304,8388608,2097152,16777216,2097152,33554432,8388608,16777216,2097152,8388608,1048576,65536,1.1010830402374268
"13,38,63",WIN,3,5862955.0,two-stone-61-66-child-proof.csv,EXACT_3_STONE_SEARCH,10000,WIN,10000,16,9843,0.0901673,0.9843,110904.95112973328,0,0,0,1,1,1,3,9,137,357,1351,2153,2985,2188,725,88,1,0,0,0,356,1350,2152,0,2984,0,2187,0,725,0,88,1,0,1048576,4194304,8388608,2097152,16777216,2097152,33554432,8388608,16777216,2097152,8388608,1048576,65536,1.0582242012023926
"13,47,63",WIN,3,7265332.0,two-stone-61-66-child-proof.csv,HAS_EXACT_4_STONE_LOSS_CHILD,10000,WIN,10000,17,9961,0.0934109,0.9961,107053.88771545932,0,0,0,1,1,1,1,7,23,132,467,1381,2432,2896,2011,591,54,2,0,0,131,466,1380,0,2431,0,2895,0,2011,0,591,54,2,1048576,4194304,8388608,2097152,16777216,2097152,33554432,8388608,16777216,2097152,8388608,1048576,65536,1.1061911582946777
"13,48,63",WIN,3,7370867.0,two-stone-61-66-child-proof.csv,EXACT_3_STONE_SEARCH,10000,WIN,10000,16,9938,0.0941156,0.9938,106252.310987764,0,0,0,1,1,1,1,10,45,244,764,1877,2733,2665,1386,259,13,0,0,0,243,763,1876,0,2733,0,2665,0,1386,0,259,13,0,1048576,4194304,8388608,2097152,16777216,2097152,33554432,8388608,16777216,2097152,8388608,1048576,65536,1.049513578414917
"13,56,63",WIN,3,8285550.0,two-stone-61-66-child-proof.csv,HAS_EXACT_4_STONE_LOSS_CHILD,10000,WIN,10000,16,9942,0.0917743,0.9942,108962.96675648847,0,0,0,1,1,1,1,6,42,206,798,1948,2867,2755,1188,179,7,0,0,0,205,797,1947,0,2866,0,2754,0,1187,0,179,7,0,1048576,4194304,8388608,2097152,16777216,2097152,33554432,8388608,16777216,2097152,8388608,1048576,65536,1.0616860389709473
"13,58,63",WIN,3,9054802.0,two-stone-61-66-child-proof.csv,EXACT_3_STONE_SEARCH,10000,WIN,10000,16,9937,0.089269,0.9937,112020.97032564496,0,0,0,1,1,1,1,14,40,245,759,2052,2739,2778,1208,157,4,0,0,0,244,758,2051,0,2738,0,2777,0,1208,0,157,4,0,1048576,4194304,8388608,2097152,16777216,2097152,33554432,8388608,16777216,2097152,8388608,1048576,65536,1.056006908416748
"13,59,63",WIN,3,12009891.0,two-stone-61-66-child-proof.csv,HAS_EXACT_4_STONE_LOSS_CHILD,10000,WIN,10000,16,9853,0.0903718,0.9853,110653.9871951206,0,0,0,1,1,1,4,16,120,417,1373,2403,2986,2074,541,59,4,0,0,0,416,1372,2402,0,2985,0,2074,0,541,0,59,4,0,1048576,4194304,8388608,2097152,16777216,2097152,33554432,8388608,16777216,2097152,8388608,1048576,65536,1.1361808776855469
"16,60,66",WIN,3,7056475.0,two-stone-61-66-child-proof.csv,EXACT_3_STONE_SEARCH,10000,WIN,10000,16,9931,0.087902,0.9931,113763.05431048214,0,0,0,1,1,1,1,7,56,239,887,2025,2893,2644,1086,153,6,0,0,0,238,886,2025,0,2893,0,2644,0,1086,0,153,6,0,1048576,4194304,8388608,2097152,16777216,2097152,33554432,8388608,16777216,2097152,8388608,1048576,65536,1.0431463718414307
"9,61,66",WIN,3,15082498.0,two-stone-61-66-child-proof.csv,HAS_EXACT_4_STONE_LOSS_CHILD,10000,WIN,10000,17,9970,0.0911122,0.997,109754.78585743731,0,0,0,1,1,1,1,4,15,136,432,1482,2442,3043,1873,506,61,2,0,0,135,431,1481,0,2441,0,3042,0,1872,0,505,61,2,1048576,4194304,8388608,2097152,16777216,2097152,33554432,8388608,16777216,2097152,8388608,1048576,65536,1.100278615951538
"17,61,66",WIN,3,7725566.0,two-stone-61-66-child-proof.csv,EXACT_3_STONE_SEARCH,10000,WIN,10000,16,9935,0.0950143,0.9935,105247.31540410234,0,0,0,1,1,1,1,6,52,222,828,1993,2848,2665,1122,235,25,0,0,0,221,827,1992,0,2848,0,2665,0,1122,0,235,25,0,1048576,4194304,8388608,2097152,16777216,2097152,33554432,8388608,16777216,2097152,8388608,1048576,65536,1.0987520217895508
"26,61,66",WIN,3,7912792.0,two-stone-61-66-child-proof.csv,EXACT_3_STONE_SEARCH,10000,WIN,10000,16,9855,0.0892047,0.9855,112101.71661358651,0,0,0,1,1,1,4,13,121,350,1229,2351,3008,2175,665,77,4,0,0,0,349,1228,2350,0,3007,0,2175,0,665,0,77,4,0,1048576,4194304,8388608,2097152,16777216,2097152,33554432,8388608,16777216,2097152,8388608,1048576,65536,1.2621979713439941
"27,61,66",WIN,3,15251431.0,two-stone-61-66-child-proof.csv,HAS_EXACT_4_STONE_LOSS_CHILD,10000,WIN,10000,15,9783,0.0877808,0.9783,113920.12831963254,0,0,0,1,1,1,5,19,189,502,1584,2465,3029,1794,389,21,0,0,0,0,501,1584,2465,0,3029,0,1794,0,389,0,21,0,0,1048576,4194304,8388608,2097152,16777216,2097152,33554432,8388608,16777216,2097152,8388608,1048576,65536,1.07916259765625
"29,61,66",WIN,3,12789022.0,two-stone-61-66-child-proof.csv,EXACT_3_STONE_SEARCH,10000,WIN,10000,16,9948,0.10146,0.9948,98561.00926473488,0,0,0,1,1,1,1,7,38,229,728,1819,2757,2663,1453,295,7,0,0,0,228,727,1818,0,2757,0,2663,0,1453,0,295,7,0,1048576,4194304,8388608,2097152,16777216,2097152,33554432,8388608,16777216,2097152,8388608,1048576,65536,1.156294345855713
"8,31,36",WIN,3,9251704.0,two-stone-61-66-child-proof.csv,EXACT_3_STONE_SEARCH,10000,WIN,10000,16,9919,0.0955146,0.9919,104696.03599868501,0,0,0,1,1,1,1,10,62,255,837,1979,2841,2726,1119,159,8,0,0,0,254,836,1978,0,2840,0,2725,0,1119,0,159,8,0,1048576,4194304,8388608,2097152,16777216,2097152,33554432,8388608,16777216,2097152,8388608,1048576,65536,1.1884148120880127
"9,31,36",WIN,3,10549777.0,two-stone-61-66-child-proof.csv,EXACT_3_STONE_SEARCH,10000,WIN,10000,17,9945,0.115494,0.9945,86584.58448057908,0,0,0,1,1,1,2,5,39,195,674,1610,2551,2710,1659,494,57,1,0,0,194,673,1609,0,2550,0,2709,0,1658,0,494,57,1,1048576,4194304,8388608,2097152,16777216,2097152,33554432,8388608,16777216,2097152,8388608,1048576,65536,1.2213687896728516
"18,31,36",WIN,3,6601458.0,two-stone-61-66-child-proof.csv,EXACT_3_STONE_SEARCH,10000,WIN,10000,16,9860,0.0922378,0.986,108415.42187693116,0,0,0,1,1,1,2,18,112,462,1261,2507,2871,2104,609,50,1,0,0,0,461,1260,2506,0,2870,0,2103,0,609,0,50,1,0,1048576,4194304,8388608,2097152,16777216,2097152,33554432,8388608,16777216,2097152,8388608,1048576,65536,1.2036101818084717
"19,31,36",WIN,3,15079594.0,two-stone-61-66-child-proof.csv,HAS_EXACT_4_STONE_LOSS_CHILD,10000,WIN,10000,16,9954,0.0940806,0.9954,106291.83912517564,0,0,0,1,1,1,1,9,28,189,584,1785,2621,2933,1529,297,21,0,0,0,188,583,1784,0,2620,0,2932,0,1529,0,297,21,0,1048576,4194304,8388608,2097152,16777216,2097152,33554432,8388608,16777216,2097152,8388608,1048576,65536,1.2016096115112305
"28,31,36",WIN,3,12802281.0,two-stone-61-66-child-proof.csv,HAS_EXACT_4_STONE_LOSS_CHILD,10000,WIN,10000,16,9938,0.0930947,0.9938,107417.50067404482,0,0,0,1,1,1,1,9,43,218,673,1826,2653,2775,1463,314,22,0,0,0,217,672,1825,0,2652,0,2774,0,1462,0,314,22,0,1048576,4194304,8388608,2097152,16777216,2097152,33554432,8388608,16777216,2097152,8388608,1048576,65536,1.0573546886444092
"29,31,36",WIN,3,10179036.0,two-stone-61-66-child-proof.csv,EXACT_3_STONE_SEARCH,10000,WIN,10000,15,9756,0.0851015,0.9756,117506.74194931934,0,0,0,1,1,1,6,26,205,610,1869,2715,2906,1408,239,13,0,0,0,0,609,1868,2714,0,2905,0,1408,0,239,0,13,0,0,1048576,4194304,8388608,2097152,16777216,2097152,33554432,8388608,16777216,2097152,8388608,1048576,65536,1.0460484027862549
"33,38,40",WIN,3,6570676.0,two-stone-61-66-child-proof.csv,EXACT_3_STONE_SEARCH,10000,WIN,10000,16,9878,0.0898367,0.9878,111313.08251527493,0,0,0,1,1,1,1,9,105,335,1161,2246,2939,2238,811,143,9,0,0,0,334,1160,2245,0,2938,0,2238,0,811,0,143,9,0,1048576,4194304,8388608,2097152,16777216,2097152,33554432,8388608,16777216,2097152,8388608,1048576,65536,1.0380356311798096
"33,38,41",WIN,3,15858699.0,two-stone-61-66-child-proof.csv,HAS_EXACT_4_STONE_LOSS_CHILD,10000,WIN,10000,16,9954,0.0941916,0.9954,106166.57961007139,0,0,0,1,1,1,2,6,30,199,658,1682,2600,2831,1567,388,34,0,0,0,198,657,1681,0,2599,0,2830,0,1567,0,388,34,0,1048576,4194304,8388608,2097152,16777216,2097152,33554432,8388608,16777216,2097152,8388608,1048576,65536,1.0825846195220947
"33,38,50",WIN,3,7014882.0,two-stone-61-66-child-proof.csv,EXACT_3_STONE_SEARCH,10000,WIN,10000,16,9867,0.0888322,0.9867,112571.79266076941,0,0,0,1,1,1,1,22,101,415,1066,2313,2774,2300,869,128,8,0,0,0,414,1065,2312,0,2773,0,2299,0,868,0,128,8,0,1048576,4194304,8388608,2097152,16777216,2097152,33554432,8388608,16777216,2097152,8388608,1048576,65536,1.0318989753723145
"33,38,51",WIN,3,11221502.0,two-stone-61-66-child-proof.csv,EXACT_3_STONE_SEARCH,10000,WIN,10000,16,9880,0.0900858,0.988,111005.28607172274,0,0,0,1,1,1,3,14,95,354,1034,2302,2799,2328,937,128,3,0,0,0,353,1033,2301,0,2798,0,2327,0,937,0,128,3,0,1048576,4194304,8388608,2097152,16777216,2097152,33554432,8388608,16777216,2097152,8388608,1048576,65536,1.0680019855499268
"33,38,60",WIN,3,12562627.0,two-stone-61-66-child-proof.csv,HAS_EXACT_4_STONE_LOSS_CHILD,10000,WIN,10000,16,9916,0.0894851,0.9916,111750.44783991973,0,0,0,1,1,1,2,4,69,255,1013,2058,2889,2410,1088,200,9,0,0,0,254,1012,2057,0,2888,0,2409,0,1087,0,200,9,0,1048576,4194304,8388608,2097152,16777216,2097152,33554432,8388608,16777216,2097152,8388608,1048576,65536,1.0480146408081055
"33,38,61",WIN,3,5696205.0,two-stone-61-66-child-proof.csv,EXACT_3_STONE_SEARCH,10000,WIN,10000,16,9912,0.0883005,0.9912,113249.64184800765,0,0,0,1,1,1,2,8,71,293,941,2033,2748,2496,1145,239,21,0,0,0,292,940,2032,0,2747,0,2496,0,1145,0,239,21,0,1048576,4194304,8388608,2097152,16777216,2097152,33554432,8388608,16777216,2097152,8388608,1048576,65536,1.1074714660644531
"8,61,66",WIN,3,11074905.0,two-stone-61-66-child-proof.csv,EXACT_3_STONE_SEARCH,10000,WIN,10000,16,9963,0.094562,0.9963,105750.7243924621,0,0,0,1,1,1,1,4,23,141,527,1567,2589,2956,1772,395,22,0,0,0,140,526,1566,0,2588,0,2955,0,1771,0,395,22,0,1048576,4194304,8388608,2097152,16777216,2097152,33554432,8388608,16777216,2097152,8388608,1048576,65536,1.091186285018921
"18,61,66",WIN,3,7562710.0,two-stone-61-66-child-proof.csv,EXACT_3_STONE_SEARCH,10000,WIN,10000,16,9908,0.0884462,0.9908,113063.0824162033,0,0,0,1,1,1,1,10,76,349,1129,2359,2965,2265,760,82,1,0,0,0,348,1128,2359,0,2965,0,2265,0,760,0,82,1,0,1048576,4194304,8388608,2097152,16777216,2097152,33554432,8388608,16777216,2097152,8388608,1048576,65536,1.0877737998962402
"19,61,66",WIN,3,7484087.0,two-stone-61-66-child-proof.csv,EXACT_3_STONE_SEARCH,10000,WIN,10000,16,9921,0.0865018,0.9921,115604.53077277004,0,0,0,1,1,1,2,8,62,303,1070,2246,2984,2386,834,101,1,0,0,0,302,1069,2245,0,2983,0,2386,0,834,0,101,1,0,1048576,4194304,8388608,2097152,16777216,2097152,33554432,8388608,16777216,2097152,8388608,1048576,65536,1.0628821849822998
"28,61,66",WIN,3,8626503.0,two-stone-61-66-child-proof.csv,HAS_EXACT_4_STONE_LOSS_CHILD,10000,WIN,10000,15,9917,0.0938253,0.9917,106581.0607586653,0,0,0,1,1,1,1,7,68,270,1030,2255,3103,2444,756,63,0,0,0,0,269,1029,2254,0,3102,0,2444,0,756,0,63,0,0,1048576,4194304,8388608,2097152,16777216,2097152,33554432,8388608,16777216,2097152,8388608,1048576,65536,1.1485748291015625
"0,9,10,30",WIN,4,4001299.0,three-stone-9-10-30-child-proof.csv,EXACT_DIRECT,10000,WIN,10000,17,9977,0.0887877,0.9977,112628.21314213568,0,0,0,0,1,1,1,5,12,149,497,1627,2564,3060,1690,363,29,1,0,0,148,496,1626,0,2564,0,3060,0,1690,0,363,29,1,1048576,4194304,8388608,2097152,16777216,2097152,33554432,8388608,16777216,2097152,8388608,1048576,65536,1.1119697093963623
"9,10,30,60",WIN,4,2997030.0,three-stone-9-10-30-child-proof.csv,EXACT_DIRECT,10000,WIN,10000,16,9963,0.106406,0.9963,93979.66280096988,0,0,0,0,1,1,1,5,25,160,539,1635,2561,2980,1695,378,19,0,0,0,159,538,1634,0,2560,0,2980,0,1695,0,378,19,0,1048576,4194304,8388608,2097152,16777216,2097152,33554432,8388608,16777216,2097152,8388608,1048576,65536,1.15325927734375
"1,9,10,30",WIN,4,10890016.0,three-stone-9-10-30-child-proof.csv,EXACT_DIRECT,10000,WIN,10000,17,9972,0.091918,0.9972,108792.61950869253,0,0,0,0,1,1,1,5,17,162,536,1671,2609,2909,1627,416,43,2,0,0,161,535,1670,0,2609,0,2909,0,1627,0,416,43,2,1048576,4194304,8388608,2097152,16777216,2097152,33554432,8388608,16777216,2097152,8388608,1048576,65536,1.0895133018493652
"9,10,20,30",WIN,4,4072785.0,three-stone-9-10-30-child-proof.csv,EXACT_DIRECT,10000,WIN,10000,17,9972,0.0883071,0.9972,113241.17766295123,0,0,0,0,1,1,1,5,17,162,536,1671,2609,2909,1627,416,43,2,0,0,161,535,1670,0,2609,0,2909,0,1627,0,416,43,2,1048576,4194304,8388608,2097152,16777216,2097152,33554432,8388608,16777216,2097152,8388608,1048576,65536,1.0304274559020996
"9,10,30,40",WIN,4,4086738.0,three-stone-9-10-30-child-proof.csv,EXACT_DIRECT,10000,WIN,10000,16,9979,0.0948518,0.9979,105427.6249897208,0,0,0,0,1,1,1,4,12,152,468,1607,2582,3080,1704,362,26,0,0,0,151,467,1607,0,2582,0,3080,0,1704,0,362,26,0,1048576,4194304,8388608,2097152,16777216,2097152,33554432,8388608,16777216,2097152,8388608,1048576,65536,1.118504285812378
"9,10,30,50",WIN,4,10149441.0,three-stone-9-10-30-child-proof.csv,EXACT_DIRECT,10000,WIN,10000,17,9969,0.101385,0.9969,98633.92020515855,0,0,0,0,1,1,1,3,21,115,457,1316,2341,2783,2076,782,102,1,0,0,114,456,1315,0,2340,0,2783,0,2076,0,782,102,1,1048576,4194304,8388608,2097152,16777216,2097152,33554432,8388608,16777216,2097152,8388608,1048576,65536,1.0997936725616455
"9,10,30,54",WIN,4,9002723.0,three-stone-9-10-30-child-proof.csv,EXACT_DIRECT,10000,WIN,10000,17,9972,0.0893495,0.9972,111920.04432033755,0,0,0,0,1,1,1,5,17,162,536,1671,2609,2909,1627,416,43,2,0,0,161,535,1670,0,2609,0,2909,0,1627,0,416,43,2,1048576,4194304,8388608,2097152,16777216,2097152,33554432,8388608,16777216,2097152,8388608,1048576,65536,1.1576156616210938
"1,3,9,90",WIN,4,5902767.0,three-stone-9-10-30-child-proof.csv,EXACT_DIRECT,10000,WIN,10000,17,9978,0.0978947,0.9978,102150.57607817379,0,0,0,0,1,1,1,3,9,98,330,1253,2300,3092,2201,651,59,1,0,0,97,329,1252,0,2299,0,3091,0,2200,0,650,59,1,1048576,4194304,8388608,2097152,16777216,2097152,33554432,8388608,16777216,2097152,8388608,1048576,65536,1.0839576721191406
"9,10,30,41",WIN,4,3795565.0,three-stone-9-10-30-child-proof.csv,EXACT_DIRECT,10000,WIN,10000,18,9979,0.0923344,0.9979,108301.99795525828,0,0,0,0,1,1,1,1,6,21,176,599,1729,2743,2980,1445,268,25,4,0,20,175,598,0,1728,0,2742,0,2979,0,1444,268,25,1048576,4194304,8388608,2097152,16777216,2097152,33554432,8388608,16777216,2097152,8388608,1048576,65536,1.0694127082824707
"9,10,30,70",WIN,4,5848840.0,three-stone-9-10-30-child-proof.csv,EXACT_DIRECT,10000,WIN,10000,17,9963,0.0883864,0.9963,113139.57803462975,0,0,0,0,1,1,1,4,28,145,558,1569,2624,2867,1730,430,40,2,0,0,144,557,1569,0,2624,0,2867,0,1730,0,430,40,2,1048576,4194304,8388608,2097152,16777216,2097152,33554432,8388608,16777216,2097152,8388608,1048576,65536,1.0412938594818115
"9,10,30,80",WIN,4,5412472.0,three-stone-9-10-30-child-proof.csv,EXACT_DIRECT,10000,WIN,10000,17,9979,0.0915334,0.9979,109249.73834687666,0,0,0,0,1,1,1,2,11,109,420,1407,2571,3038,1936,462,39,2,0,0,108,419,1406,0,2570,0,3037,0,1936,0,462,39,2,1048576,4194304,8388608,2097152,16777216,2097152,33554432,8388608,16777216,2097152,8388608,1048576,65536,1.0157897472381592
"9,10,19,30",WIN,4,9420726.0,three-stone-9-10-30-child-proof.csv,EXACT_DIRECT,10000,WIN,10000,16,9967,0.0881497,0.9967,113443.3809757719,0,0,0,0,1,1,1,4,19,174,592,1768,2784,3013,1422,212,9,0,0,0,173,591,1767,0,2783,0,3012,0,1421,0,211,9,0,1048576,4194304,8388608,2097152,16777216,2097152,33554432,8388608,16777216,2097152,8388608,1048576,65536,1.0305070877075195
"9,10,30,39",WIN,4,5987221.0,three-stone-9-10-30-child-proof.csv,EXACT_DIRECT,10000,WIN,10000,16,9923,0.0926374,0.9923,107947.76191905214,0,0,0,0,1,1,2,6,63,271,963,2063,2858,2543,1067,156,6,0,0,0,270,962,2062,0,2857,0,2543,0,1067,0,156,6,0,1048576,4194304,8388608,2097152,16777216,2097152,33554432,8388608,16777216,2097152,8388608,1048576,65536,1.0391278266906738
"9,10,30,72",WIN,4,2997030.0,three-stone-9-10-30-child-proof.csv,EXACT_DIRECT,10000,WIN,10000,16,9963,0.0921523,0.9963,108516.01099484223,0,0,0,0,1,1,1,5,25,160,539,1635,2561,2980,1695,378,19,0,0,0,159,538,1634,0,2560,0,2980,0,1695,0,378,19,0,1048576,4194304,8388608,2097152,16777216,2097152,33554432,8388608,16777216,2097152,8388608,1048576,65536,1.0730299949645996
"2,9,10,30",WIN,4,5490927.0,three-stone-9-10-30-child-proof.csv,EXACT_DIRECT,10000,WIN,10000,16,9969,0.0901494,0.9969,110926.97233703164,0,0,0,0,1,1,1,7,17,161,582,1792,2831,3036,1366,197,8,0,0,0,160,581,1791,0,2830,0,3036,0,1366,0,197,8,0,1048576,4194304,8388608,2097152,16777216,2097152,33554432,8388608,16777216,2097152,8388608,1048576,65536,1.0566089153289795
"3,9,10,30",WIN,4,5858852.0,three-stone-9-10-30-child-proof.csv,EXACT_DIRECT,10000,WIN,10000,18,9979,0.0967149,0.9979,103396.68448191539,0,0,0,0,1,1,1,1,4,46,189,687,1601,2592,2684,1644,489,51,9,0,45,188,686,0,1600,0,2592,0,2684,0,1644,489,51,1048576,4194304,8388608,2097152,16777216,2097152,33554432,8388608,16777216,2097152,8388608,1048576,65536,1.1125376224517822
"9,10,11,30",WIN,4,4129394.0,three-stone-9-10-30-child-proof.csv,EXACT_DIRECT,10000,WIN,10000,17,9980,0.0910779,0.998,109796.1195855416,0,0,0,0,1,1,1,3,10,98,339,1160,2174,2886,2366,841,114,6,0,0,97,338,1159,0,2173,0,2886,0,2366,0,841,114,6,1048576,4194304,8388608,2097152,16777216,2097152,33554432,8388608,16777216,2097152,8388608,1048576,65536,1.0677978992462158
"9,10,30,34",WIN,4,5770743.0,three-stone-9-10-30-child-proof.csv,EXACT_DIRECT,10000,WIN,10000,17,9977,0.103765,0.9977,96371.60892401099,0,0,0,0,1,1,1,3,13,113,383,1227,2207,2892,2239,811,108,1,0,0,112,382,1226,0,2206,0,2892,0,2239,0,811,108,1,1048576,4194304,8388608,2097152,16777216,2097152,33554432,8388608,16777216,2097152,8388608,1048576,65536,1.1488287448883057
"9,10,30,38",WIN,4,6247759.0,three-stone-9-10-30-child-proof.csv,EXACT_DIRECT,10000,WIN,10000,18,9979,0.09836,0.9979,101667.34444896299,0,0,0,0,1,1,1,1,4,46,189,687,1601,2592,2684,1644,489,51,9,0,45,188,686,0,1600,0,2592,0,2684,0,1644,489,51,1048576,4194304,8388608,2097152,16777216,2097152,33554432,8388608,16777216,2097152,8388608,1048576,65536,1.031813621520996
"0,19,39,60",WIN,4,6289219.0,three-stone-9-10-30-child-proof.csv,EXACT_DIRECT,10000,WIN,10000,16,9948,0.0911786,0.9948,109674.85791622158,0,0,0,0,1,1,1,5,40,167,691,1805,2812,2803,1378,275,21,0,0,0,166,690,1804,0,2811,0,2803,0,1378,0,275,21,0,1048576,4194304,8388608,2097152,16777216,2097152,33554432,8388608,16777216,2097152,8388608,1048576,65536,1.1078050136566162
"9,10,30,61",WIN,4,5069291.0,three-stone-9-10-30-child-proof.csv,EXACT_DIRECT,10000,WIN,10000,16,9976,0.0983764,0.9976,101650.39582664134,0,0,0,0,1,1,1,2,15,90,371,1206,2334,2980,2268,677,54,0,0,0,89,370,1205,0,2333,0,2980,0,2268,0,677,54,0,1048576,4194304,8388608,2097152,16777216,2097152,33554432,8388608,16777216,2097152,8388608,1048576,65536,1.0251221656799316
"9,10,30,63",WIN,4,4379585.0,three-stone-9-10-30-child-proof.csv,EXACT_DIRECT,10000,WIN,10000,16,9962,0.10138,0.9962,98638.78477017164,0,0,0,0,1,1,1,2,28,165,660,1821,2875,2853,1356,225,12,0,0,0,164,659,1820,0,2874,0,2852,0,1356,0,225,12,0,1048576,4194304,8388608,2097152,16777216,2097152,33554432,8388608,16777216,2097152,8388608,1048576,65536,1.0501224994659424
"0,19,39,71",WIN,4,5358161.0,three-stone-9-10-30-child-proof.csv,EXACT_DIRECT,10000,WIN,10000,17,9974,0.0896753,0.9974,111513.42677415074,0,0,0,0,1,1,1,3,13,104,423,1380,2513,3002,1997,514,46,2,0,0,103,422,1379,0,2512,0,3001,0,1996,0,513,46,2,1048576,4194304,8388608,2097152,16777216,2097152,33554432,8388608,16777216,2097152,8388608,1048576,65536,1.019218921661377
"0,19,39,84",WIN,4,16297760.0,three-stone-9-10-30-child-proof.csv,EXACT_DIRECT,10000,WIN,10000,17,9979,0.0913998,0.9979,109409.42977993387,0,0,0,0,1,1,1,2,11,99,336,1265,2215,2935,2170,833,129,2,0,0,98,335,1264,0,2214,0,2934,0,2170,0,833,129,2,1048576,4194304,8388608,2097152,16777216,2097152,33554432,8388608,16777216,2097152,8388608,1048576,65536,1.030092716217041
"0,19,39,90",WIN,4,5071383.0,three-stone-9-10-30-child-proof.csv,EXACT_DIRECT,10000,WIN,10000,16,9983,0.092537,0.9983,108064.88215524601,0,0,0,0,1,1,1,1,7,64,267,1005,2242,3011,2573,783,44,0,0,0,63,266,1004,0,2241,0,3010,0,2572,0,783,44,0,1048576,4194304,8388608,2097152,16777216,2097152,33554432,8388608,16777216,2097152,8388608,1048576,65536,1.040048599243164
"9,10,14,30",WIN,4,6861583.0,three-stone-9-10-30-child-proof.csv,EXACT_DIRECT,10000,WIN,10000,16,9967,0.0904787,0.9967,110523.25022353328,0,0,0,0,1,1,1,5,22,177,593,1697,2699,2899,1548,336,21,0,0,0,176,592,1696,0,2699,0,2899,0,1548,0,336,21,0,1048576,4194304,8388608,2097152,16777216,2097152,33554432,8388608,16777216,2097152,8388608,1048576,65536,1.036726474761963
"9,10,30,43",WIN,4,6645424.0,three-stone-9-10-30-child-proof.csv,EXACT_DIRECT,10000,WIN,10000,17,9977,0.0910956,0.9977,109774.786048942,0,0,0,0,1,1,1,1,14,20,240,698,1993,2756,2830,1270,171,4,0,0,19,239,697,0,1992,0,2755,0,2830,0,1270,171,4,1048576,4194304,8388608,2097152,16777216,2097152,33554432,8388608,16777216,2097152,8388608,1048576,65536,1.0543239116668701
"9,10,30,81",WIN,4,7627079.0,three-stone-9-10-30-child-proof.csv,EXACT_DIRECT,10000,WIN,10000,17,9963,0.0903396,0.9963,110693.42790979813,0,0,0,0,1,1,1,4,28,145,558,1569,2624,2867,1730,430,40,2,0,0,144,557,1569,0,2624,0,2867,0,1730,0,430,40,2,1048576,4194304,8388608,2097152,16777216,2097152,33554432,8388608,16777216,2097152,8388608,1048576,65536,1.0288236141204834
"1,3,29,90",WIN,4,5617073.0,three-stone-9-10-30-child-proof.csv,EXACT_DIRECT,10000,WIN,10000,16,9986,0.0914964,0.9986,109293.91757489911,0,0,0,0,1,1,1,3,6,78,253,1124,2056,3003,2390,957,127,0,0,0,77,252,1124,0,2056,0,3003,0,2390,0,957,127,0,1048576,4194304,8388608,2097152,16777216,2097152,33554432,8388608,16777216,2097152,8388608,1048576,65536,1.0585789680480957
"9,10,16,30",WIN,4,4129394.0,three-stone-9-10-30-child-proof.csv,EXACT_DIRECT,10000,WIN,10000,17,9980,0.0912869,0.998,109544.74300255567,0,0,0,0,1,1,1,3,10,98,339,1160,2174,2886,2366,841,114,6,0,0,97,338,1159,0,2173,0,2886,0,2366,0,841,114,6,1048576,4194304,8388608,2097152,16777216,2097152,33554432,8388608,16777216,2097152,8388608,1048576,65536,1.04002046585083
"9,10,18,30",WIN,4,5810987.0,three-stone-9-10-30-child-proof.csv,EXACT_DIRECT,10000,WIN,10000,17,9972,0.0926854,0.9972,107891.85783305677,0,0,0,0,1,1,1,3,18,106,414,1315,2475,2952,2127,550,36,1,0,0,105,413,1314,0,2474,0,2952,0,2127,0,550,36,1,1048576,4194304,8388608,2097152,16777216,2097152,33554432,8388608,16777216,2097152,8388608,1048576,65536,1.0453312397003174
"9,10,30,37",WIN,4,33175308.0,three-stone-9-10-30-child-proof.csv,EXACT_DIRECT,10000,WIN,10000,17,9977,0.0925872,0.9977,108006.29028634628,0,0,0,0,1,1,1,5,12,149,497,1627,2564,3060,1690,363,29,1,0,0,148,496,1626,0,2564,0,3060,0,1690,0,363,29,1,1048576,4194304,8388608,2097152,16777216,2097152,33554432,8388608,16777216,2097152,8388608,1048576,65536,1.017273187637329
"9,10,30,42",WIN,4,6100320.0,three-stone-9-10-30-child-proof.csv,EXACT_DIRECT,10000,WIN,10000,17,9987,0.0911766,0.9987,109677.26368388381,0,0,0,0,1,1,1,1,5,77,318,1178,2347,3115,2322,587,45,2,0,0,76,317,1177,0,2346,0,3115,0,2322,0,587,45,2,1048576,4194304,8388608,2097152,16777216,2097152,33554432,8388608,16777216,2097152,8388608,1048576,65536,1.0903265476226807
"0,19,39,42",WIN,4,7682542.0,three-stone-9-10-30-child-proof.csv,EXACT_DIRECT,10000,WIN,10000,16,9973,0.0894924,0.9973,111741.33222485932,0,0,0,0,1,1,1,6,14,138,523,1566,2627,2988,1669,428,38,0,0,0,137,522,1565,0,2626,0,2988,0,1669,0,428,38,0,1048576,4194304,8388608,2097152,16777216,2097152,33554432,8388608,16777216,2097152,8388608,1048576,65536,1.0176053047180176
"0,19,39,44",WIN,4,4967096.0,three-stone-9-10-30-child-proof.csv,EXACT_DIRECT,10000,WIN,10000,16,9975,0.087038,0.9975,114892.345871918,0,0,0,0,1,1,1,2,15,99,429,1357,2558,3089,1985,446,17,0,0,0,98,428,1356,0,2557,0,3088,0,1985,0,446,17,0,1048576,4194304,8388608,2097152,16777216,2097152,33554432,8388608,16777216,2097152,8388608,1048576,65536,1.0465724468231201
"9,10,28,30",WIN,4,7318467.0,three-stone-9-10-30-child-proof.csv,EXACT_DIRECT,10000,WIN,10000,17,9958,0.0867648,0.9958,115254.11226672567,0,0,0,0,1,1,1,6,28,206,721,1897,2769,2789,1329,234,17,1,0,0,205,720,1896,0,2768,0,2788,0,1329,0,234,17,1,1048576,4194304,8388608,2097152,16777216,2097152,33554432,8388608,16777216,2097152,8388608,1048576,65536,1.0173635482788086
"9,10,30,36",WIN,4,7241455.0,three-stone-9-10-30-child-proof.csv,EXACT_DIRECT,10000,WIN,10000,16,9951,0.0907999,0.9951,110132.27988136551,0,0,0,0,1,1,1,4,40,203,693,1722,2614,2725,1609,369,18,0,0,0,202,692,1722,0,2614,0,2725,0,1609,0,369,18,0,1048576,4194304,8388608,2097152,16777216,2097152,33554432,8388608,16777216,2097152,8388608,1048576,65536,1.0628483295440674
"0,19,39,50",WIN,4,10193210.0,three-stone-9-10-30-child-proof.csv,EXACT_DIRECT,10000,WIN,10000,17,9960,0.0868677,0.996,115117.58685909722,0,0,0,0,1,1,1,4,29,147,675,1780,2835,2827,1420,266,13,1,0,0,146,674,1779,0,2834,0,2827,0,1420,0,266,13,1,1048576,4194304,8388608,2097152,16777216,2097152,33554432,8388608,16777216,2097152,8388608,1048576,65536,1.029217004776001
"9,10,30,51",WIN,4,4445319.0,three-stone-9-10-30-child-proof.csv,EXACT_DIRECT,10000,WIN,10000,17,9973,0.0934409,0.9973,107019.51714934253,0,0,0,0,1,1,1,2,19,96,404,1208,2428,2853,2283,662,40,2,0,0,95,403,1207,0,2428,0,2853,0,2283,0,662,40,2,1048576,4194304,8388608,2097152,16777216,2097152,33554432,8388608,16777216,2097152,8388608,1048576,65536,1.027266025543213
"0,19,39,51",WIN,4,15355579.0,three-stone-9-10-30-child-proof.csv,EXACT_DIRECT,10000,WIN,10000,18,9949,0.0894447,0.9949,111800.92280481683,0,0,0,0,1,1,1,7,30,168,565,1632,2620,2892,1580,414,71,11,7,0,167,564,1631,0,2619,0,2892,0,1580,0,414,71,11,1048576,4194304,8388608,2097152,16777216,2097152,33554432,8388608,16777216,2097152,8388608,1048576,65536,1.064561367034912
"9,10,30,52",WIN,4,4976837.0,three-stone-9-10-30-child-proof.csv,EXACT_DIRECT,10000,WIN,10000,18,9979,0.104773,0.9979,95444.43702098823,0,0,0,0,1,1,1,1,6,21,176,599,1729,2743,2980,1445,268,25,4,0,20,175,598,0,1728,0,2742,0,2979,0,1444,268,25,1048576,4194304,8388608,2097152,16777216,2097152,33554432,8388608,16777216,2097152,8388608,1048576,65536,1.0412054061889648
"0,19,39,54",WIN,4,8806029.0,three-stone-9-10-30-child-proof.csv,EXACT_DIRECT,10000,WIN,10000,18,9978,0.091791,0.9978,108943.14257389068,0,0,0,0,1,1,1,1,6,51,239,828,1992,2833,2608,1182,229,21,7,0,50,238,827,0,1991,0,2832,0,2608,0,1182,229,21,1048576,4194304,8388608,2097152,16777216,2097152,33554432,8388608,16777216,2097152,8388608,1048576,65536,1.0436248779296875
"0,19,39,63",WIN,4,5427843.0,three-stone-9-10-30-child-proof.csv,EXACT_DIRECT,10000,WIN,10000,17,9978,0.0966393,0.9978,103477.57071915877,0,0,0,0,1,1,1,3,13,105,407,1310,2341,2929,2090,706,90,3,0,0,104,406,1309,0,2341,0,2929,0,2090,0,706,90,3,1048576,4194304,8388608,2097152,16777216,2097152,33554432,8388608,16777216,2097152,8388608,1048576,65536,1.0669598579406738
"0,19,39,64",WIN,4,10960618.0,three-stone-9-10-30-child-proof.csv,EXACT_DIRECT,10000,WIN,10000,16,9948,0.0895091,0.9948,111720.48428595529,0,0,0,0,1,1,1,5,40,167,691,1805,2812,2803,1378,275,21,0,0,0,166,690,1804,0,2811,0,2803,0,1378,0,275,21,0,1048576,4194304,8388608,2097152,16777216,2097152,33554432,8388608,16777216,2097152,8388608,1048576,65536,1.0689153671264648
"9,10,30,73",WIN,4,6443370.0,three-stone-9-10-30-child-proof.csv,EXACT_DIRECT,10000,WIN,10000,17,9969,0.0907568,0.9969,110184.58121044374,0,0,0,0,1,1,1,3,20,102,445,1245,2399,2791,2125,769,96,2,0,0,101,444,1244,0,2398,0,2790,0,2125,0,769,96,2,1048576,4194304,8388608,2097152,16777216,2097152,33554432,8388608,16777216,2097152,8388608,1048576,65536,1.0314726829528809
"4,9,10,30",WIN,4,4418109.0,three-stone-9-10-30-child-proof.csv,EXACT_DIRECT,10000,WIN,10000,16,9982,0.0901822,0.9982,110886.62729452153,0,0,0,0,1,1,1,2,8,95,356,1250,2426,3100,2133,583,44,0,0,0,94,355,1249,0,2425,0,3099,0,2133,0,583,44,0,1048576,4194304,8388608,2097152,16777216,2097152,33554432,8388608,16777216,2097152,8388608,1048576,65536,1.040762186050415
"5,9,10,30",WIN,4,4802691.0,three-stone-9-10-30-child-proof.csv,EXACT_DIRECT,10000,WIN,10000,16,9978,0.0925234,0.9978,108080.7665952613,0,0,0,0,1,1,1,3,10,102,337,1264,2267,3140,2256,581,37,0,0,0,101,336,1263,0,2266,0,3139,0,2255,0,581,37,0,1048576,4194304,8388608,2097152,16777216,2097152,33554432,8388608,16777216,2097152,8388608,1048576,65536,1.04298734664917
"9,10,12,30",WIN,4,4657764.0,three-stone-9-10-30-child-proof.csv,EXACT_DIRECT,10000,WIN,10000,16,9967,0.0895413,0.9967,111680.30841633971,0,0,0,0,1,1,1,4,19,174,592,1768,2784,3013,1422,212,9,0,0,0,173,591,1767,0,2783,0,3012,0,1421,0,211,9,0,1048576,4194304,8388608,2097152,16777216,2097152,33554432,8388608,16777216,2097152,8388608,1048576,65536,1.1027553081512451
"9,10,30,35",WIN,4,35355700.0,three-stone-9-10-30-child-proof.csv,EXACT_DIRECT,10000,WIN,10000,17,9965,0.0918016,0.9965,108930.56330172895,0,0,0,0,1,1,1,3,22,142,504,1473,2523,2863,1829,567,69,2,0,0,141,503,1472,0,2522,0,2862,0,1828,0,566,69,2,1048576,4194304,8388608,2097152,16777216,2097152,33554432,8388608,16777216,2097152,8388608,1048576,65536,1.071948528289795
"0,19,39,70",WIN,4,5739055.0,three-stone-9-10-30-child-proof.csv,EXACT_DIRECT,10000,WIN,10000,17,9977,0.0914389,0.9977,109362.6454386481,0,0,0,0,1,1,1,2,13,99,407,1246,2190,2863,2119,823,216,19,0,0,98,406,1245,0,2189,0,2862,0,2119,0,823,216,19,1048576,4194304,8388608,2097152,16777216,2097152,33554432,8388608,16777216,2097152,8388608,1048576,65536,1.0702569484710693
"0,19,39,80",WIN,4,8330247.0,three-stone-9-10-30-child-proof.csv,EXACT_DIRECT,10000,WIN,10000,16,9967,0.09243,0.9967,108189.98160770313,0,0,0,0,1,1,1,8,15,145,457,1519,2483,3052,1898,404,16,0,0,0,144,456,1518,0,2482,0,3051,0,1897,0,403,16,0,1048576,4194304,8388608,2097152,16777216,2097152,33554432,8388608,16777216,2097152,8388608,1048576,65536,1.0503535270690918
"1,3,69,90",WIN,4,8739606.0,three-stone-9-10-30-child-proof.csv,EXACT_DIRECT,10000,WIN,10000,17,9962,0.0892669,0.9962,112023.60561417503,0,0,0,0,1,1,1,4,27,130,574,1514,2666,2841,1738,460,42,1,0,0,129,573,1513,0,2665,0,2841,0,1738,0,460,42,1,1048576,4194304,8388608,2097152,16777216,2097152,33554432,8388608,16777216,2097152,8388608,1048576,65536,1.1044387817382812
"1,3,89,90",WIN,4,6896235.0,three-stone-9-10-30-child-proof.csv,EXACT_DIRECT,10000,WIN,10000,17,9966,0.0905177,0.9966,110475.63073299476,0,0,0,0,1,1,1,5,21,134,502,1533,2644,3006,1742,377,32,1,0,0,133,501,1532,0,2643,0,3005,0,1742,0,377,32,1,1048576,4194304,8388608,2097152,16777216,2097152,33554432,8388608,16777216,2097152,8388608,1048576,65536,1.0812060832977295
"6,9,10,30",WIN,4,3955210.0,three-stone-9-10-30-child-proof.csv,EXACT_DIRECT,10000,WIN,10000,16,9968,0.13152,0.9968,76034.06326034063,0,0,0,0,1,1,1,4,19,124,461,1471,2556,3067,1852,417,26,0,0,0,123,460,1470,0,2555,0,3066,0,1851,0,417,26,0,1048576,4194304,8388608,2097152,16777216,2097152,33554432,8388608,16777216,2097152,8388608,1048576,65536,1.1784086227416992
"7,9,10,30",WIN,4,8139427.0,three-stone-9-10-30-child-proof.csv,EXACT_DIRECT,10000,WIN,10000,16,9971,0.114799,0.9971,87108.77272450109,0,0,0,0,1,1,1,2,17,94,375,1158,2317,2916,2240,794,84,0,0,0,93,374,1157,0,2316,0,2915,0,2239,0,793,84,0,1048576,4194304,8388608,2097152,16777216,2097152,33554432,8388608,16777216,2097152,8388608,1048576,65536,1.45755934715271
"8,9,10,30",WIN,4,5527908.0,three-stone-9-10-30-child-proof.csv,EXACT_DIRECT,10000,WIN,10000,17,9983,0.10418,0.9983,95987.7135726627,0,0,0,0,1,1,1,4,7,70,219,986,1969,2982,2524,1070,163,3,0,0,69,218,985,0,1969,0,2982,0,2524,0,1070,163,3,1048576,4194304,8388608,2097152,16777216,2097152,33554432,8388608,16777216,2097152,8388608,1048576,65536,1.3361175060272217
"9,10,13,30",WIN,4,6694464.0,three-stone-9-10-30-child-proof.csv,EXACT_DIRECT,10000,WIN,10000,16,9974,0.0905431,0.9974,110444.63907244174,0,0,0,0,1,1,1,5,11,111,403,1381,2439,3052,2032,528,35,0,0,0,110,402,1380,0,2438,0,3051,0,2031,0,527,35,0,1048576,4194304,8388608,2097152,16777216,2097152,33554432,8388608,16777216,2097152,8388608,1048576,65536,1.1080029010772705
"9,10,15,30",WIN,4,9607607.0,three-stone-9-10-30-child-proof.csv,EXACT_DIRECT,10000,WIN,10000,17,9965,0.0908834,0.9965,110031.09478738692,0,0,0,0,1,1,1,5,22,148,504,1457,2399,2770,1903,669,112,8,0,0,147,503,1456,0,2398,0,2769,0,1903,0,669,112,8,1048576,4194304,8388608,2097152,16777216,2097152,33554432,8388608,16777216,2097152,8388608,1048576,65536,1.187931776046753
"9,10,17,30",WIN,4,4372405.0,three-stone-9-10-30-child-proof.csv,EXACT_DIRECT,10000,WIN,10000,17,9985,0.0911915,0.9985,109659.34325019328,0,0,0,0,1,1,1,1,7,74,311,1026,2100,2871,2459,1019,126,3,0,0,73,310,1025,0,2099,0,2871,0,2459,0,1019,126,3,1048576,4194304,8388608,2097152,16777216,2097152,33554432,8388608,16777216,2097152,8388608,1048576,65536,1.0716094970703125
"9,10,21,30",WIN,4,8774644.0,three-stone-9-10-30-child-proof.csv,EXACT_DIRECT,10000,WIN,10000,17,9977,0.0896613,0.9977,111530.83883459197,0,0,0,0,1,1,1,4,10,101,361,1296,2340,3111,2148,574,50,2,0,0,100,360,1295,0,2339,0,3110,0,2147,0,574,50,2,1048576,4194304,8388608,2097152,16777216,2097152,33554432,8388608,16777216,2097152,8388608,1048576,65536,1.0773298740386963
"9,10,23,30",WIN,4,5285080.0,three-stone-9-10-30-child-proof.csv,EXACT_DIRECT,10000,WIN,10000,16,9975,0.0927904,0.9975,107769.76928647792,0,0,0,0,1,1,1,2,15,89,378,1260,2284,2991,2193,717,68,0,0,0,88,377,1259,0,2283,0,2990,0,2193,0,717,68,0,1048576,4194304,8388608,2097152,16777216,2097152,33554432,8388608,16777216,2097152,8388608,1048576,65536,1.0490567684173584
"9,10,27,30",WIN,4,5902767.0,three-stone-9-10-30-child-proof.csv,EXACT_DIRECT,10000,WIN,10000,17,9978,0.090247,0.9978,110807.00743515021,0,0,0,0,1,1,1,3,9,98,330,1253,2300,3092,2201,651,59,1,0,0,97,329,1252,0,2299,0,3091,0,2200,0,650,59,1,1048576,4194304,8388608,2097152,16777216,2097152,33554432,8388608,16777216,2097152,8388608,1048576,65536,1.0588397979736328
"9,10,30,31",WIN,4,6283641.0,three-stone-9-10-30-child-proof.csv,EXACT_DIRECT,10000,WIN,10000,17,9981,0.0921186,0.9981,108555.70970466334,0,0,0,0,1,1,1,2,10,62,274,895,2024,2869,2634,1087,139,1,0,0,61,273,894,0,2023,0,2869,0,2634,0,1087,139,1,1048576,4194304,8388608,2097152,16777216,2097152,33554432,8388608,16777216,2097152,8388608,1048576,65536,1.0532054901123047
"9,10,30,32",WIN,4,7349489.0,three-stone-9-10-30-child-proof.csv,EXACT_DIRECT,10000,WIN,10000,16,9975,0.0913324,0.9975,109490.16997253988,0,0,0,0,1,1,1,2,15,89,378,1260,2284,2991,2193,717,68,0,0,0,88,377,1259,0,2283,0,2990,0,2193,0,717,68,0,1048576,4194304,8388608,2097152,16777216,2097152,33554432,8388608,16777216,2097152,8388608,1048576,65536,1.1376571655273438
"9,10,30,33",WIN,4,5920970.0,three-stone-9-10-30-child-proof.csv,EXACT_DIRECT,10000,WIN,10000,17,9988,0.0911241,0.9988,109740.45285495275,0,0,0,0,1,1,1,2,4,72,282,1072,2140,2999,2459,849,113,5,0,0,71,281,1071,0,2140,0,2999,0,2459,0,849,113,5,1048576,4194304,8388608,2097152,16777216,2097152,33554432,8388608,16777216,2097152,8388608,1048576,65536,1.0305554866790771
"0,19,39,41",WIN,4,15405768.0,three-stone-9-10-30-child-proof.csv,EXACT_DIRECT,10000,WIN,10000,17,9977,0.0908591,0.9977,110060.52228120243,0,0,0,0,1,1,1,1,14,67,382,1101,2372,2939,2271,759,88,3,0,0,66,381,1100,0,2371,0,2938,0,2271,0,759,88,3,1048576,4194304,8388608,2097152,16777216,2097152,33554432,8388608,16777216,2097152,8388608,1048576,65536,1.089350938796997
"0,19,39,43",WIN,4,5295329.0,three-stone-9-10-30-child-proof.csv,EXACT_DIRECT,10000,WIN,10000,17,9979,0.0911195,0.9979,109745.99289943425,0,0,0,0,1,1,1,2,10,93,396,1255,2411,2966,2177,618,64,5,0,0,92,395,1254,0,2410,0,2965,0,2176,0,618,64,5,1048576,4194304,8388608,2097152,16777216,2097152,33554432,8388608,16777216,2097152,8388608,1048576,65536,1.0540015697479248
"9,10,30,44",WIN,4,5234809.0,three-stone-9-10-30-child-proof.csv,EXACT_DIRECT,10000,WIN,10000,17,9984,0.0914251,0.9984,109379.15298971509,0,0,0,0,1,1,1,3,7,106,343,1308,2339,2985,2108,690,103,5,0,0,105,342,1307,0,2339,0,2985,0,2108,0,690,103,5,1048576,4194304,8388608,2097152,16777216,2097152,33554432,8388608,16777216,2097152,8388608,1048576,65536,1.0364313125610352
"0,19,39,53",WIN,4,10056578.0,three-stone-9-10-30-child-proof.csv,EXACT_DIRECT,10000,WIN,10000,16,9954,0.0900377,0.9954,111064.58738950462,0,0,0,0,1,1,1,3,36,169,635,1812,2818,2913,1402,204,5,0,0,0,168,634,1811,0,2817,0,2913,0,1402,0,204,5,0,1048576,4194304,8388608,2097152,16777216,2097152,33554432,8388608,16777216,2097152,8388608,1048576,65536,1.0254454612731934
"0,19,39,73",WIN,4,6061801.0,three-stone-9-10-30-child-proof.csv,EXACT_DIRECT,10000,WIN,10000,16,9981,0.0904266,0.9981,110586.92906733196,0,0,0,0,1,1,1,2,11,119,413,1392,2446,2962,2063,549,40,0,0,0,118,412,1391,0,2446,0,2962,0,2063,0,549,40,0,1048576,4194304,8388608,2097152,16777216,2097152,33554432,8388608,16777216,2097152,8388608,1048576,65536,1.0384624004364014
"9,10,30,74",WIN,4,6229934.0,three-stone-9-10-30-child-proof.csv,EXACT_DIRECT,10000,WIN,10000,17,9977,0.0902672,0.9977,110782.21103568072,0,0,0,0,1,1,1,3,12,97,352,1153,2171,2843,2348,871,140,7,0,0,96,351,1152,0,2170,0,2842,0,2348,0,871,140,7,1048576,4194304,8388608,2097152,16777216,2097152,33554432,8388608,16777216,2097152,8388608,1048576,65536,1.037825345993042
"0,19,39,82",WIN,4,10624813.0,three-stone-9-10-30-child-proof.csv,EXACT_DIRECT,10000,WIN,10000,16,9971,0.088766,0.9971,112655.74656963252,0,0,0,0,1,1,1,5,17,162,570,1717,2747,2965,1510,289,15,0,0,0,161,569,1716,0,2746,0,2965,0,1510,0,289,15,0,1048576,4194304,8388608,2097152,16777216,2097152,33554432,8388608,16777216,2097152,8388608,1048576,65536,1.0351967811584473
"1,3,49,90",WIN,4,6677808.0,three-stone-9-10-30-child-proof.csv,EXACT_DIRECT,10000,WIN,10000,16,9972,0.0868733,0.9972,115110.16618454692,0,0,0,0,1,1,1,3,19,135,609,1665,2750,2902,1575,322,17,0,0,0,134,608,1664,0,2750,0,2902,0,1575,0,322,17,0,1048576,4194304,8388608,2097152,16777216,2097152,33554432,8388608,16777216,2097152,8388608,1048576,65536,1.046912670135498
"9,10,22,30",WIN,4,4855831.0,three-stone-9-10-30-child-proof.csv,EXACT_DIRECT,10000,WIN,10000,17,9981,0.0902987,0.9981,110743.56552198426,0,0,0,0,1,1,1,1,9,35,200,617,1786,2689,2964,1436,246,14,0,0,34,199,616,0,1785,0,2688,0,2963,0,1436,246,14,1048576,4194304,8388608,2097152,16777216,2097152,33554432,8388608,16777216,2097152,8388608,1048576,65536,1.0375568866729736
"9,10,24,30",WIN,4,7877006.0,three-stone-9-10-30-child-proof.csv,EXACT_DIRECT,10000,WIN,10000,16,9962,0.0881366,0.9962,113460.24239646186,0,0,0,0,1,1,1,6,27,167,580,1598,2565,2924,1694,404,32,0,0,0,166,579,1598,0,2565,0,2924,0,1694,0,404,32,0,1048576,4194304,8388608,2097152,16777216,2097152,33554432,8388608,16777216,2097152,8388608,1048576,65536,1.0524020195007324
"9,10,25,30",WIN,4,6884289.0,three-stone-9-10-30-child-proof.csv,EXACT_DIRECT,10000,WIN,10000,16,9958,0.091363,0.9958,109453.49868108534,0,0,0,0,1,1,1,9,26,203,615,1928,2738,2888,1357,219,14,0,0,0,202,614,1927,0,2737,0,2888,0,1357,0,219,14,0,1048576,4194304,8388608,2097152,16777216,2097152,33554432,8388608,16777216,2097152,8388608,1048576,65536,1.0749413967132568
"9,10,26,30",WIN,4,7786966.0,three-stone-9-10-30-child-proof.csv,EXACT_DIRECT,10000,WIN,10000,16,9979,0.0927421,0.9979,107825.89568275897,0,0,0,0,1,1,1,2,12,91,365,1247,2360,3062,2175,634,49,0,0,0,90,364,1246,0,2359,0,3062,0,2175,0,634,49,0,1048576,4194304,8388608,2097152,16777216,2097152,33554432,8388608,16777216,2097152,8388608,1048576,65536,1.0953059196472168
"9,10,29,30",WIN,4,4756900.0,three-stone-9-10-30-child-proof.csv,EXACT_DIRECT,10000,WIN,10000,17,9979,0.0913373,0.9979,109484.29611998603,0,0,0,0,1,1,1,4,14,112,401,1354,2405,2952,2131,579,44,1,0,0,112,401,1354,0,2405,0,2952,0,2131,0,579,44,1,1048576,4194304,8388608,2097152,16777216,2097152,33554432,8388608,16777216,2097152,8388608,1048576,65536,1.0821053981781006
"0,19,39,52",WIN,4,8230479.0,three-stone-9-10-30-child-proof.csv,EXACT_DIRECT,10000,WIN,10000,17,9949,0.0912841,0.9949,109548.10311982041,0,0,0,0,1,1,1,2,41,172,794,1767,2870,2669,1365,294,22,1,0,0,171,793,1766,0,2869,0,2668,0,1365,0,294,22,1,1048576,4194304,8388608,2097152,16777216,2097152,33554432,8388608,16777216,2097152,8388608,1048576,65536,1.0811243057250977
"9,10,30,53",WIN,4,6898245.0,three-stone-9-10-30-child-proof.csv,EXACT_DIRECT,10000,WIN,10000,17,9980,0.0901694,0.998,110902.36820917075,0,0,0,0,1,1,1,2,10,97,323,1222,2218,3015,2282,740,86,2,0,0,96,322,1221,0,2217,0,3014,0,2282,0,740,86,2,1048576,4194304,8388608,2097152,16777216,2097152,33554432,8388608,16777216,2097152,8388608,1048576,65536,1.0589287281036377
"0,19,39,61",WIN,4,8118937.0,three-stone-9-10-30-child-proof.csv,EXACT_DIRECT,10000,WIN,10000,16,9966,0.0911634,0.9966,109693.14439786141,0,0,0,0,1,1,1,5,22,162,627,1820,2855,2958,1346,196,6,0,0,0,161,626,1819,0,2854,0,2958,0,1346,0,196,6,0,1048576,4194304,8388608,2097152,16777216,2097152,33554432,8388608,16777216,2097152,8388608,1048576,65536,1.0704021453857422
"9,10,30,62",WIN,4,5219433.0,three-stone-9-10-30-child-proof.csv,EXACT_DIRECT,10000,WIN,10000,16,9982,0.0894201,0.9982,111831.67990194599,0,0,0,0,1,1,1,3,7,101,308,1241,2290,3136,2280,598,33,0,0,0,100,307,1240,0,2289,0,3135,0,2280,0,598,33,0,1048576,4194304,8388608,2097152,16777216,2097152,33554432,8388608,16777216,2097152,8388608,1048576,65536,1.0253956317901611
"0,19,39,62",WIN,4,13290786.0,three-stone-9-10-30-child-proof.csv,EXACT_DIRECT,10000,WIN,10000,17,9937,0.0883388,0.9937,113200.5415513908,0,0,0,0,1,1,1,7,51,237,749,1818,2696,2563,1463,378,34,1,0,0,236,748,1818,0,2696,0,2563,0,1463,0,378,34,1,1048576,4194304,8388608,2097152,16777216,2097152,33554432,8388608,16777216,2097152,8388608,1048576,65536,1.0355684757232666
"9,10,30,64",WIN,4,7992679.0,three-stone-9-10-30-child-proof.csv,EXACT_DIRECT,10000,WIN,10000,16,9984,0.0892375,0.9984,112060.5126768455,0,0,0,0,1,1,1,2,6,59,252,1017,2145,3041,2562,843,70,0,0,0,58,251,1016,0,2144,0,3040,0,2562,0,843,70,0,1048576,4194304,8388608,2097152,16777216,2097152,33554432,8388608,16777216,2097152,8388608,1048576,65536,1.0439958572387695
"9,10,30,71",WIN,4,4575762.0,three-stone-9-10-30-child-proof.csv,EXACT_DIRECT,10000,WIN,10000,17,9979,0.0925582,0.9979,108040.13042604546,0,0,0,0,1,1,1,4,9,75,293,1066,2161,2955,2526,841,66,1,0,0,74,292,1065,0,2160,0,2954,0,2526,0,841,66,1,1048576,4194304,8388608,2097152,16777216,2097152,33554432,8388608,16777216,2097152,8388608,1048576,65536,1.0226166248321533
"0,19,39,72",WIN,4,10360381.0,three-stone-9-10-30-child-proof.csv,EXACT_DIRECT,10000,WIN,10000,16,9970,0.0910277,0.997,109856.67000264754,0,0,0,0,1,1,1,4,19,154,510,1576,2625,2957,1698,417,37,0,0,0,153,509,1575,0,2624,0,2957,0,1698,0,417,37,0,1048576,4194304,8388608,2097152,16777216,2097152,33554432,8388608,16777216,2097152,8388608,1048576,65536,1.0525922775268555
"0,19,39,74",WIN,4,6041154.0,three-stone-9-10-30-child-proof.csv,EXACT_DIRECT,10000,WIN,10000,17,9978,0.0944308,0.9978,105897.65203725903,0,0,0,0,1,1,1,2,10,65,263,969,2127,2918,2587,940,113,3,0,0,64,262,968,0,2126,0,2917,0,2586,0,939,113,3,1048576,4194304,8388608,2097152,16777216,2097152,33554432,8388608,16777216,2097152,8388608,1048576,65536,1.0463910102844238
"0,19,39,81",WIN,4,5595421.0,three-stone-9-10-30-child-proof.csv,EXACT_DIRECT,10000,WIN,10000,16,9985,0.0895692,0.9985,111645.52100498832,0,0,0,0,1,1,1,2,6,82,307,1182,2316,3072,2347,647,36,0,0,0,81,306,1181,0,2315,0,3072,0,2347,0,647,36,0,1048576,4194304,8388608,2097152,16777216,2097152,33554432,8388608,16777216,2097152,8388608,1048576,65536,1.035188913345337
"9,10,30,82",WIN,4,6135612.0,three-stone-9-10-30-child-proof.csv,EXACT_DIRECT,10000,WIN,10000,17,9981,0.0937686,0.9981,106645.50819784022,0,0,0,0,1,1,1,1,9,81,341,1143,2353,3010,2293,697,67,2,0,0,80,340,1142,0,2352,0,3009,0,2292,0,697,67,2,1048576,4194304,8388608,2097152,16777216,2097152,33554432,8388608,16777216,2097152,8388608,1048576,65536,1.0363185405731201
"9,10,30,83",WIN,4,7230535.0,three-stone-9-10-30-child-proof.csv,EXACT_DIRECT,10000,WIN,10000,17,9976,0.0945501,0.9976,105764.03409409404,0,0,0,0,1,1,1,2,12,101,401,1286,2358,2849,2162,746,79,1,0,0,100,400,1285,0,2357,0,2848,0,2161,0,745,79,1,1048576,4194304,8388608,2097152,16777216,2097152,33554432,8388608,16777216,2097152,8388608,1048576,65536,1.040048360824585
"0,19,39,83",WIN,4,7370958.0,three-stone-9-10-30-child-proof.csv,EXACT_DIRECT,10000,WIN,10000,17,9962,0.0887523,0.9962,112673.13635815635,0,0,0,0,1,1,1,5,23,125,492,1443,2525,2820,1898,604,61,1,0,0,124,491,1442,0,2524,0,2819,0,1897,0,603,61,1,1048576,4194304,8388608,2097152,16777216,2097152,33554432,8388608,16777216,2097152,8388608,1048576,65536,1.0524370670318604
"9,10,30,84",WIN,4,8346438.0,three-stone-9-10-30-child-proof.csv,EXACT_DIRECT,10000,WIN,10000,17,9976,0.0901729,0.9976,110898.06360891132,0,0,0,0,1,1,1,1,14,49,276,886,2136,2900,2539,1064,130,2,0,0,48,275,885,0,2135,0,2899,0,2538,0,1064,130,2,1048576,4194304,8388608,2097152,16777216,2097152,33554432,8388608,16777216,2097152,8388608,1048576,65536,1.0425951480865479
"1,3,19,90",WIN,4,6247146.0,three-stone-9-10-30-child-proof.csv,EXACT_DIRECT,10000,WIN,10000,16,9986,0.0914265,0.9986,109377.47808348783,0,0,0,0,1,1,1,3,6,78,253,1124,2056,3003,2390,957,127,0,0,0,77,252,1124,0,2056,0,3003,0,2390,0,957,127,0,1048576,4194304,8388608,2097152,16777216,2097152,33554432,8388608,16777216,2097152,8388608,1048576,65536,1.0116856098175049
"1,3,39,90",WIN,4,6438254.0,three-stone-9-10-30-child-proof.csv,EXACT_DIRECT,10000,WIN,10000,17,9981,0.0917422,0.9981,109001.09219094376,0,0,0,0,1,1,1,2,8,72,258,970,2008,2962,2547,1029,138,3,0,0,71,257,969,0,2007,0,2961,0,2546,0,1029,138,3,1048576,4194304,8388608,2097152,16777216,2097152,33554432,8388608,16777216,2097152,8388608,1048576,65536,1.02431321144104
"1,3,59,90",WIN,4,9543079.0,three-stone-9-10-30-child-proof.csv,EXACT_DIRECT,10000,WIN,10000,17,9982,0.0900255,0.9982,111079.63854685618,0,0,0,0,1,1,1,2,10,83,374,1247,2412,2998,2081,667,112,11,0,0,82,373,1246,0,2412,0,2998,0,2081,0,667,112,11,1048576,4194304,8388608,2097152,16777216,2097152,33554432,8388608,16777216,2097152,8388608,1048576,65536,1.03017258644104
"1,3,79,90",WIN,4,7869942.0,three-stone-9-10-30-child-proof.csv,EXACT_DIRECT,10000,WIN,10000,17,9980,0.0900238,0.998,111081.73616310353,0,0,0,0,1,1,1,2,10,74,353,1197,2401,3080,2131,666,78,5,0,0,73,352,1196,0,2400,0,3079,0,2131,0,666,78,5,1048576,4194304,8388608,2097152,16777216,2097152,33554432,8388608,16777216,2097152,8388608,1048576,65536,1.0416362285614014
"90,61,13",WIN,3,80553789.0,three-stone-subsets-of-medium-loss.csv,EXACT_INDEPENDENT_SEARCH,10000,WIN,10000,18,9959,0.089573,0.9959,111640.78461143425,0,0,0,1,1,1,1,5,22,154,547,1487,2478,2744,1864,571,103,15,6,0,153,546,1486,0,2477,0,2744,0,1864,0,571,103,15,1048576,4194304,8388608,2097152,16777216,2097152,33554432,8388608,16777216,2097152,8388608,1048576,65536,1.0381865501403809
"90,2,73",WIN,3,19509339.0,three-stone-subsets-of-medium-loss.csv,EXACT_INDEPENDENT_SEARCH,10000,WIN,10000,16,9948,0.0877141,0.9948,114006.75604036295,0,0,0,1,1,1,1,5,40,180,629,1684,2538,2851,1640,396,33,0,0,0,179,628,1683,0,2538,0,2851,0,1640,0,396,33,0,1048576,4194304,8388608,2097152,16777216,2097152,33554432,8388608,16777216,2097152,8388608,1048576,65536,1.0462346076965332
"90,2,69",WIN,3,131916886.0,three-stone-subsets-of-medium-loss.csv,EXACT_INDEPENDENT_SEARCH,10000,WIN,10000,17,9981,0.0893831,0.9981,111877.97245788075,0,0,0,1,1,1,1,1,10,49,293,978,2241,2949,2475,907,92,1,0,0,48,292,977,0,2240,0,2949,0,2475,0,907,92,1,1048576,4194304,8388608,2097152,16777216,2097152,33554432,8388608,16777216,2097152,8388608,1048576,65536,1.0159313678741455
"90,2,13",WIN,3,155781592.0,three-stone-subsets-of-medium-loss.csv,EXACT_INDEPENDENT_SEARCH,10000,WIN,10000,16,9975,0.0908757,0.9975,110040.41784547464,0,0,0,1,1,1,1,2,13,71,350,1101,2241,2864,2264,962,128,0,0,0,70,349,1100,0,2240,0,2863,0,2263,0,962,128,0,1048576,4194304,8388608,2097152,16777216,2097152,33554432,8388608,16777216,2097152,8388608,1048576,65536,1.0557608604431152
"90,2,91",LOSS,3,644565278.0,three-stone-subsets-of-medium-loss.csv,EXACT_INDEPENDENT_SEARCH,10000,LOSS,10000,16,9958,0.0881866,0.9958,113395.91275772055,0,0,0,1,1,1,1,3,29,188,678,1791,2795,2812,1415,271,14,0,0,0,187,677,1790,0,2794,0,2811,0,1414,0,271,14,0,1048576,4194304,8388608,2097152,16777216,2097152,33554432,8388608,16777216,2097152,8388608,1048576,65536,1.055201530456543
"90,73,69",WIN,3,21154191.0,three-stone-subsets-of-medium-loss.csv,EXACT_INDEPENDENT_SEARCH,10000,WIN,10000,16,9944,0.0895684,0.9944,111646.51819168366,0,0,0,1,1,1,1,8,39,197,710,1830,2763,2794,1381,261,13,0,0,0,196,709,1829,0,2762,0,2793,0,1381,0,261,13,0,1048576,4194304,8388608,2097152,16777216,2097152,33554432,8388608,16777216,2097152,8388608,1048576,65536,1.0533668994903564
"90,73,13",WIN,3,30119603.0,three-stone-subsets-of-medium-loss.csv,EXACT_INDEPENDENT_SEARCH,10000,WIN,10000,16,9967,0.0901593,0.9967,110914.79192939609,0,0,0,1,1,1,1,3,23,137,505,1467,2583,2999,1856,407,16,0,0,0,136,504,1466,0,2583,0,2999,0,1856,0,407,16,0,1048576,4194304,8388608,2097152,16777216,2097152,33554432,8388608,16777216,2097152,8388608,1048576,65536,1.0410480499267578
"90,73,91",LOSS,3,504612782.0,three-stone-subsets-of-medium-loss.csv,EXACT_INDEPENDENT_SEARCH,10000,LOSS,10000,17,9963,0.0922401,0.9963,108412.71854648899,0,0,0,1,1,1,1,1,26,91,433,1259,2507,2924,2127,578,48,2,0,0,90,432,1258,0,2506,0,2923,0,2126,0,578,48,2,1048576,4194304,8388608,2097152,16777216,2097152,33554432,8388608,16777216,2097152,8388608,1048576,65536,1.0522229671478271
"90,69,13",WIN,3,32946592.0,three-stone-subsets-of-medium-loss.csv,EXACT_INDEPENDENT_SEARCH,10000,WIN,10000,16,9933,0.0873913,0.9933,114427.86638944608,0,0,0,1,1,1,1,9,49,268,806,1958,2681,2526,1371,308,20,0,0,0,267,805,1957,0,2680,0,2525,0,1371,0,308,20,0,1048576,4194304,8388608,2097152,16777216,2097152,33554432,8388608,16777216,2097152,8388608,1048576,65536,1.0471107959747314
"90,69,91",WIN,3,379052148.0,three-stone-subsets-of-medium-loss.csv,EXACT_INDEPENDENT_SEARCH,10000,WIN,10000,17,9971,0.0915846,0.9971,109188.66272277216,0,0,0,1,1,1,1,1,20,64,355,978,2255,2820,2428,953,120,2,0,0,63,354,977,0,2254,0,2820,0,2428,0,953,120,2,1048576,4194304,8388608,2097152,16777216,2097152,33554432,8388608,16777216,2097152,8388608,1048576,65536,1.0694918632507324
"90,66,13",WIN,3,79980489.0,three-stone-subsets-of-medium-loss.csv,EXACT_INDEPENDENT_SEARCH,10000,WIN,10000,17,9970,0.0881083,0.997,113496.68532930495,0,0,0,1,1,1,1,5,17,169,628,1782,2760,2889,1413,303,29,1,0,0,168,627,1781,0,2759,0,2889,0,1413,0,303,29,1,1048576,4194304,8388608,2097152,16777216,2097152,33554432,8388608,16777216,2097152,8388608,1048576,65536,1.0768847465515137
"90,13,91",WIN,3,105751008.0,three-stone-subsets-of-medium-loss.csv,EXACT_INDEPENDENT_SEARCH,10000,WIN,10000,17,9963,0.0943571,0.9963,105980.3660773805,0,0,0,1,1,1,1,4,27,159,557,1614,2594,2874,1713,418,33,3,0,0,158,556,1614,0,2594,0,2874,0,1713,0,418,33,3,1048576,4194304,8388608,2097152,16777216,2097152,33554432,8388608,16777216,2097152,8388608,1048576,65536,1.1384918689727783
"61,2,73",WIN,3,13084217.0,three-stone-subsets-of-medium-loss.csv,EXACT_INDEPENDENT_SEARCH,10000,WIN,10000,16,9944,0.0893927,0.9944,111865.95773480384,0,0,0,1,1,1,1,9,38,203,568,1624,2511,2793,1738,476,36,0,0,0,202,567,1623,0,2510,0,2792,0,1738,0,476,36,0,1048576,4194304,8388608,2097152,16777216,2097152,33554432,8388608,16777216,2097152,8388608,1048576,65536,1.06196928024292
"61,2,13",WIN,3,13093168.0,three-stone-subsets-of-medium-loss.csv,EXACT_INDEPENDENT_SEARCH,10000,WIN,10000,17,9947,0.0937821,0.9947,106630.15650108071,0,0,0,1,1,1,1,7,39,193,657,1672,2568,2765,1642,404,47,2,0,0,192,656,1671,0,2568,0,2765,0,1642,0,404,47,2,1048576,4194304,8388608,2097152,16777216,2097152,33554432,8388608,16777216,2097152,8388608,1048576,65536,1.0342462062835693
"2,73,69",WIN,3,11878883.0,three-stone-subsets-of-medium-loss.csv,EXACT_INDEPENDENT_SEARCH,10000,WIN,10000,16,9918,0.0959913,0.9918,104176.10762642031,0,0,0,1,1,1,1,15,59,272,854,2050,2808,2609,1146,176,7,0,0,0,271,853,2049,0,2807,0,2609,0,1146,0,176,7,0,1048576,4194304,8388608,2097152,16777216,2097152,33554432,8388608,16777216,2097152,8388608,1048576,65536,1.0870921611785889
"2,73,66",WIN,3,10067830.0,three-stone-subsets-of-medium-loss.csv,EXACT_INDEPENDENT_SEARCH,10000,WIN,10000,16,9950,0.087794,0.995,113903.0002050254,0,0,0,1,1,1,1,6,36,176,666,1808,2772,2772,1423,313,24,0,0,0,175,665,1807,0,2771,0,2772,0,1423,0,313,24,0,1048576,4194304,8388608,2097152,16777216,2097152,33554432,8388608,16777216,2097152,8388608,1048576,65536,1.0130789279937744
"2,73,13",WIN,3,70437707.0,three-stone-subsets-of-medium-loss.csv,EXACT_INDEPENDENT_SEARCH,10000,WIN,10000,16,9969,0.0908559,0.9969,110064.39867966747,0,0,0,1,1,1,1,4,17,123,440,1284,2349,2866,2118,723,72,0,0,0,122,439,1283,0,2348,0,2865,0,2117,0,723,72,0,1048576,4194304,8388608,2097152,16777216,2097152,33554432,8388608,16777216,2097152,8388608,1048576,65536,1.0394349098205566
"2,73,91",WIN,3,31149588.0,three-stone-subsets-of-medium-loss.csv,EXACT_INDEPENDENT_SEARCH,10000,WIN,10000,16,9908,0.091675,0.9908,109080.99263703299,0,0,0,1,1,1,4,6,73,201,852,1732,2732,2557,1460,353,27,0,0,0,200,851,1731,0,2731,0,2556,0,1459,0,353,27,0,1048576,4194304,8388608,2097152,16777216,2097152,33554432,8388608,16777216,2097152,8388608,1048576,65536,1.0425770282745361
"2,69,13",WIN,3,22887591.0,three-stone-subsets-of-medium-loss.csv,EXACT_INDEPENDENT_SEARCH,10000,WIN,10000,16,9975,0.0907238,0.9975,110224.65990181189,0,0,0,1,1,1,1,3,13,119,470,1510,2517,3033,1865,438,28,0,0,0,118,469,1509,0,2516,0,3032,0,1865,0,438,28,0,1048576,4194304,8388608,2097152,16777216,2097152,33554432,8388608,16777216,2097152,8388608,1048576,65536,1.056535005569458
"2,69,91",WIN,3,194775124.0,three-stone-subsets-of-medium-loss.csv,EXACT_INDEPENDENT_SEARCH,10000,WIN,10000,17,9966,0.0900178,0.9966,111089.14014783743,0,0,0,1,1,1,1,3,23,115,481,1437,2516,2892,1875,563,85,6,0,0,114,480,1436,0,2515,0,2892,0,1875,0,563,85,6,1048576,4194304,8388608,2097152,16777216,2097152,33554432,8388608,16777216,2097152,8388608,1048576,65536,1.0399351119995117
"2,66,13",WIN,3,13469367.0,three-stone-subsets-of-medium-loss.csv,EXACT_INDEPENDENT_SEARCH,10000,WIN,10000,16,9970,0.0896889,0.997,111496.51740627881,0,0,0,1,1,1,1,4,17,140,505,1586,2545,3005,1784,388,22,0,0,0,139,504,1585,0,2544,0,3004,0,1784,0,388,22,0,1048576,4194304,8388608,2097152,16777216,2097152,33554432,8388608,16777216,2097152,8388608,1048576,65536,1.0595862865447998
"2,13,91",WIN,3,183998837.0,three-stone-subsets-of-medium-loss.csv,EXACT_INDEPENDENT_SEARCH,10000,WIN,10000,17,9965,0.0920429,0.9965,108644.99054245358,0,0,0,1,1,1,1,2,23,92,387,1050,2255,2715,2432,925,110,5,0,0,91,386,1049,0,2254,0,2714,0,2431,0,925,110,5,1048576,4194304,8388608,2097152,16777216,2097152,33554432,8388608,16777216,2097152,8388608,1048576,65536,1.0726723670959473
"73,69,13",WIN,3,24599420.0,three-stone-subsets-of-medium-loss.csv,EXACT_INDEPENDENT_SEARCH,10000,WIN,10000,16,9951,0.0913396,0.9951,109481.53922285623,0,0,0,1,1,1,2,4,37,223,747,1824,2723,2547,1525,351,14,0,0,0,222,746,1823,0,2723,0,2547,0,1525,0,351,14,0,1048576,4194304,8388608,2097152,16777216,2097152,33554432,8388608,16777216,2097152,8388608,1048576,65536,1.1143252849578857
"73,69,91",WIN,3,19030287.0,three-stone-subsets-of-medium-loss.csv,EXACT_INDEPENDENT_SEARCH,10000,WIN,10000,17,9975,0.0945867,0.9975,105723.10906290208,0,0,0,1,1,1,1,3,12,80,343,932,1875,2729,2446,1305,260,11,0,0,79,342,931,0,1874,0,2728,0,2445,0,1305,260,11,1048576,4194304,8388608,2097152,16777216,2097152,33554432,8388608,16777216,2097152,8388608,1048576,65536,1.0452449321746826
"73,13,91",WIN,3,18565218.0,three-stone-subsets-of-medium-loss.csv,EXACT_INDEPENDENT_SEARCH,10000,WIN,10000,17,9961,0.0932706,0.9961,107214.92088610989,0,0,0,1,1,1,1,1,30,104,496,1127,2358,2618,2162,930,163,7,0,0,103,495,1126,0,2357,0,2618,0,2162,0,930,163,7,1048576,4194304,8388608,2097152,16777216,2097152,33554432,8388608,16777216,2097152,8388608,1048576,65536,1.1823387145996094
"69,13,91",WIN,3,148060593.0,three-stone-subsets-of-medium-loss.csv,EXACT_INDEPENDENT_SEARCH,10000,WIN,10000,16,9963,0.0874715,0.9963,114322.95090400874,0,0,0,1,1,1,1,4,25,147,550,1545,2517,2853,1794,509,52,0,0,0,146,549,1544,0,2516,0,2853,0,1794,0,509,52,0,1048576,4194304,8388608,2097152,16777216,2097152,33554432,8388608,16777216,2097152,8388608,1048576,65536,1.0578112602233887
"90,61,2,69",WIN,4,19094374.0,four-stone-subsets-of-medium-loss.csv,EXACT_INDEPENDENT_SEARCH,10000,WIN,10000,16,9970,0.0915773,0.997,109197.36659630717,0,0,0,0,1,1,1,5,18,150,583,1769,2867,3078,1349,172,6,0,0,0,149,582,1768,0,2866,0,3078,0,1349,0,172,6,0,1048576,4194304,8388608,2097152,16777216,2097152,33554432,8388608,16777216,2097152,8388608,1048576,65536,1.134889841079712
"90,61,2,66",LOSS,4,28943306.0,four-stone-subsets-of-medium-loss.csv,EXACT_INDEPENDENT_SEARCH,10000,LOSS,10000,16,9908,0.0901147,0.9908,110969.68641076317,0,0,0,0,1,1,3,4,77,238,958,1822,2804,2434,1311,323,24,0,0,0,237,957,1821,0,2803,0,2433,0,1310,0,323,24,0,1048576,4194304,8388608,2097152,16777216,2097152,33554432,8388608,16777216,2097152,8388608,1048576,65536,1.04799222946167
"90,61,73,69",WIN,4,5228871.0,four-stone-subsets-of-medium-loss.csv,EXACT_INDEPENDENT_SEARCH,10000,WIN,10000,16,9959,0.0884884,0.9959,113009.16278291844,0,0,0,0,1,1,1,4,30,119,552,1501,2707,2898,1781,386,19,0,0,0,118,551,1500,0,2706,0,2898,0,1781,0,386,19,0,1048576,4194304,8388608,2097152,16777216,2097152,33554432,8388608,16777216,2097152,8388608,1048576,65536,1.0121145248413086
"90,61,73,66",LOSS,4,14873397.0,four-stone-subsets-of-medium-loss.csv,EXACT_INDEPENDENT_SEARCH,10000,LOSS,10000,16,9861,0.0871221,0.9861,114781.43892307463,0,0,0,0,1,1,3,14,116,367,1348,2339,3016,2111,607,72,5,0,0,0,366,1347,2338,0,3015,0,2111,0,607,0,72,5,0,1048576,4194304,8388608,2097152,16777216,2097152,33554432,8388608,16777216,2097152,8388608,1048576,65536,1.073094367980957
"90,61,69,66",LOSS,4,10178549.0,four-stone-subsets-of-medium-loss.csv,EXACT_INDEPENDENT_SEARCH,10000,LOSS,10000,16,9920,0.0898177,0.992,111336.62963981487,0,0,0,0,1,1,3,4,66,204,969,1801,2941,2476,1259,263,12,0,0,0,203,968,1800,0,2940,0,2475,0,1259,0,263,12,0,1048576,4194304,8388608,2097152,16777216,2097152,33554432,8388608,16777216,2097152,8388608,1048576,65536,1.0026657581329346
"90,61,69,13",WIN,4,12634302.0,four-stone-subsets-of-medium-loss.csv,EXACT_INDEPENDENT_SEARCH,10000,WIN,10000,16,9945,0.0867289,0.9945,115301.81980862204,0,0,0,0,1,1,1,5,41,193,790,1857,2903,2819,1228,158,3,0,0,0,192,789,1856,0,2902,0,2818,0,1227,0,158,3,0,1048576,4194304,8388608,2097152,16777216,2097152,33554432,8388608,16777216,2097152,8388608,1048576,65536,1.0760176181793213
"90,61,69,91",WIN,4,8000839.0,four-stone-subsets-of-medium-loss.csv,EXACT_INDEPENDENT_SEARCH,10000,WIN,10000,16,9951,0.0889202,0.9951,112460.3858290917,0,0,0,0,1,1,1,6,38,193,759,1720,2656,2605,1514,461,45,0,0,0,192,758,1720,0,2656,0,2605,0,1514,0,461,45,0,1048576,4194304,8388608,2097152,16777216,2097152,33554432,8388608,16777216,2097152,8388608,1048576,65536,1.0396316051483154
"90,61,66,13",WIN,4,10158812.0,four-stone-subsets-of-medium-loss.csv,EXACT_INDEPENDENT_SEARCH,10000,WIN,10000,16,9903,0.0885911,0.9903,112878.15593214217,0,0,0,0,1,1,2,7,81,297,1173,2251,2996,2311,793,85,2,0,0,0,296,1172,2250,0,2995,0,2310,0,793,0,85,2,0,1048576,4194304,8388608,2097152,16777216,2097152,33554432,8388608,16777216,2097152,8388608,1048576,65536,1.05696702003479
"90,61,66,91",LOSS,4,16042359.0,four-stone-subsets-of-medium-loss.csv,EXACT_INDEPENDENT_SEARCH,10000,LOSS,10000,16,9872,0.0859188,0.9872,116388.96260189853,0,0,0,0,1,1,4,9,111,324,1151,2183,2961,2287,860,107,1,0,0,0,323,1150,2183,0,2961,0,2287,0,860,0,107,1,0,1048576,4194304,8388608,2097152,16777216,2097152,33554432,8388608,16777216,2097152,8388608,1048576,65536,0.9903206825256348
"90,2,73,69",WIN,4,13427337.0,four-stone-subsets-of-medium-loss.csv,EXACT_INDEPENDENT_SEARCH,10000,WIN,10000,16,9958,0.0892187,0.9958,112084.12586150662,0,0,0,0,1,1,1,10,24,181,604,1818,2667,2920,1520,245,8,0,0,0,180,603,1817,0,2666,0,2919,0,1520,0,245,8,0,1048576,4194304,8388608,2097152,16777216,2097152,33554432,8388608,16777216,2097152,8388608,1048576,65536,1.0182485580444336
"90,2,69,66",WIN,4,15500819.0,four-stone-subsets-of-medium-loss.csv,EXACT_INDEPENDENT_SEARCH,10000,WIN,10000,16,9965,0.0867114,0.9965,115325.08989590759,0,0,0,0,1,1,1,4,24,153,652,1718,2777,2846,1487,318,18,0,0,0,152,651,1717,0,2776,0,2846,0,1487,0,318,18,0,1048576,4194304,8388608,2097152,16777216,2097152,33554432,8388608,16777216,2097152,8388608,1048576,65536,1.0043904781341553
"90,73,69,66",WIN,4,11026650.0,four-stone-subsets-of-medium-loss.csv,EXACT_INDEPENDENT_SEARCH,10000,WIN,10000,16,9940,0.0860737,0.994,116179.50663210714,0,0,0,0,1,1,1,6,46,255,917,2164,2961,2515,971,153,9,0,0,0,254,916,2163,0,2960,0,2514,0,971,0,153,9,0,1048576,4194304,8388608,2097152,16777216,2097152,33554432,8388608,16777216,2097152,8388608,1048576,65536,1.0467829704284668
"90,73,66,13",WIN,4,20736278.0,four-stone-subsets-of-medium-loss.csv,EXACT_INDEPENDENT_SEARCH,10000,WIN,10000,17,9978,0.0892676,0.9978,112022.72717088842,0,0,0,0,1,1,1,3,12,113,406,1333,2340,2956,2107,638,83,6,0,0,112,405,1332,0,2339,0,2956,0,2107,0,638,83,6,1048576,4194304,8388608,2097152,16777216,2097152,33554432,8388608,16777216,2097152,8388608,1048576,65536,1.023941993713379
"90,69,66,13",WIN,4,18262852.0,four-stone-subsets-of-medium-loss.csv,EXACT_INDEPENDENT_SEARCH,10000,WIN,10000,16,9931,0.0875743,0.9931,114188.7517228228,0,0,0,0,1,1,2,5,55,220,975,2111,2983,2546,969,126,6,0,0,0,219,974,2110,0,2982,0,2545,0,969,0,126,6,0,1048576,4194304,8388608,2097152,16777216,2097152,33554432,8388608,16777216,2097152,8388608,1048576,65536,1.0687754154205322
"90,69,66,91",WIN,4,11823314.0,four-stone-subsets-of-medium-loss.csv,EXACT_INDEPENDENT_SEARCH,10000,WIN,10000,16,9918,0.0867542,0.9918,115268.19450816214,0,0,0,0,1,1,2,7,64,267,1079,2137,3009,2396,916,119,2,0,0,0,266,1078,2136,0,3008,0,2395,0,915,0,118,2,0,1048576,4194304,8388608,2097152,16777216,2097152,33554432,8388608,16777216,2097152,8388608,1048576,65536,1.0046305656433105
"61,2,73,69",WIN,4,12232492.0,four-stone-subsets-of-medium-loss.csv,EXACT_INDEPENDENT_SEARCH,10000,WIN,10000,16,9962,0.0901984,0.9962,110866.71160464044,0,0,0,0,1,1,1,6,26,205,662,1778,2635,2892,1483,292,18,0,0,0,204,661,1777,0,2635,0,2892,0,1483,0,292,18,0,1048576,4194304,8388608,2097152,16777216,2097152,33554432,8388608,16777216,2097152,8388608,1048576,65536,1.0757710933685303
"61,2,73,66",WIN,4,4973501.0,four-stone-subsets-of-medium-loss.csv,EXACT_INDEPENDENT_SEARCH,10000,WIN,10000,16,9912,0.090964,0.9912,109933.60010553626,0,0,0,0,1,1,3,5,73,291,1189,2243,3095,2247,755,95,2,0,0,0,290,1188,2242,0,3094,0,2246,0,755,0,95,2,0,1048576,4194304,8388608,2097152,16777216,2097152,33554432,8388608,16777216,2097152,8388608,1048576,65536,1.0398163795471191
"61,2,69,66",LOSS,4,13219381.0,four-stone-subsets-of-medium-loss.csv,EXACT_INDEPENDENT_SEARCH,10000,LOSS,10000,15,9887,0.0875218,0.9887,114257.24790852108,0,0,0,0,1,1,2,9,96,371,1271,2424,2978,2127,653,67,0,0,0,0,370,1270,2423,0,2977,0,2127,0,653,0,67,0,0,1048576,4194304,8388608,2097152,16777216,2097152,33554432,8388608,16777216,2097152,8388608,1048576,65536,1.1365749835968018
"61,2,69,13",WIN,4,15150886.0,four-stone-subsets-of-medium-loss.csv,EXACT_INDEPENDENT_SEARCH,10000,WIN,10000,16,9947,0.0857098,0.9947,116672.77254176301,0,0,0,0,1,1,1,7,42,231,786,2098,2897,2741,1066,127,2,0,0,0,230,786,2098,0,2897,0,2741,0,1066,0,127,2,0,1048576,4194304,8388608,2097152,16777216,2097152,33554432,8388608,16777216,2097152,8388608,1048576,65536,1.022632122039795
"61,2,69,91",WIN,4,13779581.0,four-stone-subsets-of-medium-loss.csv,EXACT_INDEPENDENT_SEARCH,10000,WIN,10000,16,9972,0.087538,0.9972,114236.10317804839,0,0,0,0,1,1,1,4,17,150,533,1630,2587,2986,1739,342,9,0,0,0,149,532,1629,0,2586,0,2986,0,1739,0,342,9,0,1048576,4194304,8388608,2097152,16777216,2097152,33554432,8388608,16777216,2097152,8388608,1048576,65536,0.999269962310791
"61,2,66,13",WIN,4,21748976.0,four-stone-subsets-of-medium-loss.csv,EXACT_INDEPENDENT_SEARCH,10000,WIN,10000,16,9957,0.0901556,0.9957,110919.34388989702,0,0,0,0,1,1,1,7,28,182,620,1712,2569,2793,1661,402,23,0,0,0,181,619,1711,0,2568,0,2792,0,1661,0,402,23,0,1048576,4194304,8388608,2097152,16777216,2097152,33554432,8388608,16777216,2097152,8388608,1048576,65536,1.0119976997375488
"61,2,66,91",LOSS,4,36337892.0,four-stone-subsets-of-medium-loss.csv,EXACT_INDEPENDENT_SEARCH,10000,LOSS,10000,16,9907,0.0856144,0.9907,116802.78084060627,0,0,0,0,1,1,1,15,72,378,1061,2336,2882,2417,777,57,2,0,0,0,377,1060,2335,0,2882,0,2417,0,777,0,57,2,0,1048576,4194304,8388608,2097152,16777216,2097152,33554432,8388608,16777216,2097152,8388608,1048576,65536,0.9979953765869141
"61,73,69,66",LOSS,4,11829466.0,four-stone-subsets-of-medium-loss.csv,EXACT_INDEPENDENT_SEARCH,10000,LOSS,10000,16,9907,0.0857388,0.9907,116633.30954013819,0,0,0,0,1,1,2,8,77,309,1040,2175,2862,2361,986,169,9,0,0,0,308,1039,2174,0,2861,0,2361,0,986,0,169,9,0,1048576,4194304,8388608,2097152,16777216,2097152,33554432,8388608,16777216,2097152,8388608,1048576,65536,0.9922513961791992
"61,73,69,13",WIN,4,11691162.0,four-stone-subsets-of-medium-loss.csv,EXACT_INDEPENDENT_SEARCH,10000,WIN,10000,16,9953,0.0870324,0.9953,114899.7384881952,0,0,0,0,1,1,1,4,35,188,724,1820,2891,2850,1267,210,8,0,0,0,187,723,1819,0,2890,0,2849,0,1267,0,210,8,0,1048576,4194304,8388608,2097152,16777216,2097152,33554432,8388608,16777216,2097152,8388608,1048576,65536,1.0024714469909668
"61,73,69,91",WIN,4,9463946.0,four-stone-subsets-of-medium-loss.csv,EXACT_INDEPENDENT_SEARCH,10000,WIN,10000,16,9963,0.0959665,0.9963,104203.02918205832,0,0,0,0,1,1,1,2,27,122,503,1413,2512,2829,1943,598,48,0,0,0,121,502,1412,0,2511,0,2828,0,1943,0,598,48,0,1048576,4194304,8388608,2097152,16777216,2097152,33554432,8388608,16777216,2097152,8388608,1048576,65536,1.0162122249603271
"61,73,66,91",LOSS,4,18871803.0,four-stone-subsets-of-medium-loss.csv,EXACT_INDEPENDENT_SEARCH,10000,LOSS,10000,16,9838,0.0881434,0.9838,113451.48927769976,0,0,0,0,1,1,5,9,141,272,1080,2096,2967,2366,920,136,6,0,0,0,271,1079,2095,0,2966,0,2365,0,920,0,136,6,0,1048576,4194304,8388608,2097152,16777216,2097152,33554432,8388608,16777216,2097152,8388608,1048576,65536,1.0428063869476318
"61,69,66,13",LOSS,4,15373322.0,four-stone-subsets-of-medium-loss.csv,EXACT_INDEPENDENT_SEARCH,10000,LOSS,10000,16,9881,0.0867884,0.9881,115222.77170681796,0,0,0,0,1,1,3,11,99,335,1231,2224,2977,2234,791,92,1,0,0,0,334,1230,2223,0,2976,0,2234,0,791,0,92,1,0,1048576,4194304,8388608,2097152,16777216,2097152,33554432,8388608,16777216,2097152,8388608,1048576,65536,1.0327599048614502
"61,69,66,91",LOSS,4,14321989.0,four-stone-subsets-of-medium-loss.csv,EXACT_INDEPENDENT_SEARCH,10000,LOSS,10000,16,9938,0.0876642,0.9938,114071.65068522841,0,0,0,0,1,1,1,9,45,219,808,1999,2841,2765,1164,145,2,0,0,0,218,807,1998,0,2840,0,2764,0,1164,0,145,2,0,1048576,4194304,8388608,2097152,16777216,2097152,33554432,8388608,16777216,2097152,8388608,1048576,65536,1.0191032886505127
"61,69,13,91",WIN,4,31483795.0,four-stone-subsets-of-medium-loss.csv,EXACT_INDEPENDENT_SEARCH,10000,WIN,10000,16,9954,0.0869774,0.9954,114972.39512792979,0,0,0,0,1,1,1,4,35,211,779,1980,2877,2764,1181,161,5,0,0,0,210,778,1979,0,2876,0,2764,0,1181,0,161,5,0,1048576,4194304,8388608,2097152,16777216,2097152,33554432,8388608,16777216,2097152,8388608,1048576,65536,1.0427336692810059
"61,66,13,91",LOSS,4,19397573.0,four-stone-subsets-of-medium-loss.csv,EXACT_INDEPENDENT_SEARCH,10000,LOSS,10000,16,9944,0.0877364,0.9944,113977.77889222716,0,0,0,0,1,1,1,12,34,260,764,1987,2652,2668,1267,319,34,0,0,0,259,763,1986,0,2651,0,2667,0,1266,0,318,34,0,1048576,4194304,8388608,2097152,16777216,2097152,33554432,8388608,16777216,2097152,8388608,1048576,65536,1.0456829071044922
"2,73,69,66",WIN,4,11985545.0,four-stone-subsets-of-medium-loss.csv,EXACT_INDEPENDENT_SEARCH,10000,WIN,10000,16,9929,0.0894038,0.9929,111852.06892771895,0,0,0,0,1,1,1,9,55,256,862,1991,2812,2651,1138,211,12,0,0,0,255,861,1990,0,2811,0,2651,0,1138,0,211,12,0,1048576,4194304,8388608,2097152,16777216,2097152,33554432,8388608,16777216,2097152,8388608,1048576,65536,1.03403902053833
"2,73,69,13",WIN,4,19835645.0,four-stone-subsets-of-medium-loss.csv,EXACT_INDEPENDENT_SEARCH,10000,WIN,10000,16,9969,0.0924725,0.9969,108140.25791451512,0,0,0,0,1,1,1,4,18,129,451,1391,2430,2935,1991,593,55,0,0,0,128,450,1390,0,2429,0,2934,0,1990,0,593,55,0,1048576,4194304,8388608,2097152,16777216,2097152,33554432,8388608,16777216,2097152,8388608,1048576,65536,1.0358085632324219
"2,73,69,91",WIN,4,7794136.0,four-stone-subsets-of-medium-loss.csv,EXACT_INDEPENDENT_SEARCH,10000,WIN,10000,16,9968,0.105875,0.9968,94451.00354191264,0,0,0,0,1,1,1,4,20,137,531,1573,2625,2917,1766,403,21,0,0,0,136,530,1572,0,2624,0,2916,0,1766,0,403,21,0,1048576,4194304,8388608,2097152,16777216,2097152,33554432,8388608,16777216,2097152,8388608,1048576,65536,1.2239716053009033
"2,69,66,13",WIN,4,8451558.0,four-stone-subsets-of-medium-loss.csv,EXACT_INDEPENDENT_SEARCH,10000,WIN,10000,17,9962,0.12139,0.9962,82379.10865804432,0,0,0,0,1,1,1,5,26,150,514,1570,2487,2981,1758,450,54,2,0,0,149,513,1569,0,2486,0,2981,0,1758,0,450,54,2,1048576,4194304,8388608,2097152,16777216,2097152,33554432,8388608,16777216,2097152,8388608,1048576,65536,1.4073991775512695
"2,69,66,91",WIN,4,11046017.0,four-stone-subsets-of-medium-loss.csv,EXACT_INDEPENDENT_SEARCH,10000,WIN,10000,16,9960,0.121938,0.996,82008.88976365038,0,0,0,0,1,1,1,4,28,141,566,1617,2691,2903,1663,361,23,0,0,0,140,565,1616,0,2690,0,2902,0,1663,0,361,23,0,1048576,4194304,8388608,2097152,16777216,2097152,33554432,8388608,16777216,2097152,8388608,1048576,65536,1.3844244480133057
"90,2,73,69,91",WIN,5,1011492.0,five-stone-subsets-of-medium-loss.csv,EXACT_INDEPENDENT_SEARCH,10000,WIN,10000,16,9980,0.0880883,0.998,113522.45417382332,0,0,0,0,0,1,1,2,13,88,419,1259,2405,2936,2192,637,47,0,0,0,87,418,1258,0,2405,0,2936,0,2192,0,637,47,0,1048576,4194304,8388608,2097152,16777216,2097152,33554432,8388608,16777216,2097152,8388608,1048576,65536,1.154653549194336
"90,2,73,66,13",WIN,5,3290842.0,five-stone-subsets-of-medium-loss.csv,EXACT_INDEPENDENT_SEARCH,10000,WIN,10000,16,9978,0.0888627,0.9978,112533.15508081568,0,0,0,0,0,1,1,3,10,115,418,1494,2519,3125,1881,412,21,0,0,0,114,417,1493,0,2518,0,3124,0,1880,0,411,21,0,1048576,4194304,8388608,2097152,16777216,2097152,33554432,8388608,16777216,2097152,8388608,1048576,65536,1.049992322921753
"90,2,73,66,91",LOSS,5,11087821.0,five-stone-subsets-of-medium-loss.csv,EXACT_INDEPENDENT_SEARCH,10000,LOSS,10000,16,9970,0.0889643,0.997,112404.63871463048,0,0,0,0,0,1,1,3,19,137,545,1627,2755,2983,1599,316,14,0,0,0,136,544,1626,0,2754,0,2982,0,1598,0,316,14,0,1048576,4194304,8388608,2097152,16777216,2097152,33554432,8388608,16777216,2097152,8388608,1048576,65536,1.090421199798584
"90,2,73,13,91",LOSS,5,9547992.0,five-stone-subsets-of-medium-loss.csv,EXACT_INDEPENDENT_SEARCH,10000,LOSS,10000,17,9983,0.0906644,0.9983,110296.87506893554,0,0,0,0,0,1,1,1,9,53,224,889,2032,3030,2688,968,102,2,0,0,52,223,888,0,2031,0,3029,0,2688,0,968,102,2,1048576,4194304,8388608,2097152,16777216,2097152,33554432,8388608,16777216,2097152,8388608,1048576,65536,1.037527084350586
"90,2,69,66,91",WIN,5,5620326.0,five-stone-subsets-of-medium-loss.csv,EXACT_INDEPENDENT_SEARCH,10000,WIN,10000,17,9978,0.0888326,0.9978,112571.28576671178,0,0,0,0,0,1,1,2,12,122,551,1563,2695,2942,1672,401,37,1,0,0,121,550,1562,0,2694,0,2941,0,1671,0,401,37,1,1048576,4194304,8388608,2097152,16777216,2097152,33554432,8388608,16777216,2097152,8388608,1048576,65536,1.0064668655395508
"90,2,69,13,91",LOSS,5,16619693.0,five-stone-subsets-of-medium-loss.csv,EXACT_INDEPENDENT_SEARCH,10000,LOSS,10000,17,9982,0.0894778,0.9982,111759.5649423656,0,0,0,0,0,1,1,1,9,59,280,1037,2264,3120,2394,755,77,2,0,0,58,279,1036,0,2263,0,3119,0,2393,0,755,77,2,1048576,4194304,8388608,2097152,16777216,2097152,33554432,8388608,16777216,2097152,8388608,1048576,65536,1.0213818550109863
"90,2,66,13,91",LOSS,5,12845635.0,five-stone-subsets-of-medium-loss.csv,EXACT_INDEPENDENT_SEARCH,10000,LOSS,10000,17,9989,0.0889851,0.9989,112378.36446775921,0,0,0,0,0,1,1,2,5,79,343,1291,2475,3149,2079,528,46,1,0,0,78,342,1291,0,2475,0,3149,0,2079,0,528,46,1,1048576,4194304,8388608,2097152,16777216,2097152,33554432,8388608,16777216,2097152,8388608,1048576,65536,1.0123417377471924
"90,73,69,66,13",WIN,5,199064.0,five-stone-subsets-of-medium-loss.csv,EXACT_INDEPENDENT_SEARCH,10000,WIN,10000,17,9975,0.0884454,0.9975,113064.10508630185,0,0,0,0,0,1,1,3,17,124,523,1551,2654,3013,1680,389,42,2,0,0,123,522,1550,0,2654,0,3013,0,1680,0,389,42,2,1048576,4194304,8388608,2097152,16777216,2097152,33554432,8388608,16777216,2097152,8388608,1048576,65536,1.0273997783660889
"90,73,69,66,91",WIN,5,362898.0,five-stone-subsets-of-medium-loss.csv,EXACT_INDEPENDENT_SEARCH,10000,WIN,10000,16,9964,0.0873851,0.9964,114435.985082125,0,0,0,0,0,1,1,3,25,165,694,1709,2788,2869,1436,296,13,0,0,0,164,693,1708,0,2787,0,2868,0,1435,0,296,13,0,1048576,4194304,8388608,2097152,16777216,2097152,33554432,8388608,16777216,2097152,8388608,1048576,65536,1.0229129791259766
"90,73,69,13,91",LOSS,5,12389633.0,five-stone-subsets-of-medium-loss.csv,EXACT_INDEPENDENT_SEARCH,10000,LOSS,10000,17,9976,0.0903258,0.9976,110710.33968146422,0,0,0,0,0,1,1,2,13,58,321,1039,2181,2881,2417,972,113,1,0,0,57,320,1038,0,2180,0,2880,0,2416,0,971,113,1,1048576,4194304,8388608,2097152,16777216,2097152,33554432,8388608,16777216,2097152,8388608,1048576,65536,1.0223703384399414
"90,73,66,13,91",WIN,5,835234.0,five-stone-subsets-of-medium-loss.csv,EXACT_INDEPENDENT_SEARCH,10000,WIN,10000,16,9969,0.0895333,0.9969,111690.28730092602,0,0,0,0,0,1,1,6,18,163,590,1765,2816,2962,1446,226,6,0,0,0,162,589,1764,0,2815,0,2961,0,1446,0,226,6,0,1048576,4194304,8388608,2097152,16777216,2097152,33554432,8388608,16777216,2097152,8388608,1048576,65536,1.0221796035766602
"61,2,73,69,13",WIN,5,328248.0,five-stone-subsets-of-medium-loss.csv,EXACT_INDEPENDENT_SEARCH,10000,WIN,10000,16,9979,0.0909623,0.9979,109935.65466132673,0,0,0,0,0,1,1,3,12,112,432,1406,2528,3049,1942,483,31,0,0,0,111,431,1405,0,2527,0,3049,0,1942,0,483,31,0,1048576,4194304,8388608,2097152,16777216,2097152,33554432,8388608,16777216,2097152,8388608,1048576,65536,1.0306472778320312
"61,2,73,69,91",WIN,5,428035.0,five-stone-subsets-of-medium-loss.csv,EXACT_INDEPENDENT_SEARCH,10000,WIN,10000,17,9965,0.0908692,0.9965,110048.28918929627,0,0,0,0,0,1,1,2,25,98,460,1233,2413,2860,2139,689,77,2,0,0,97,459,1232,0,2412,0,2859,0,2138,0,689,77,2,1048576,4194304,8388608,2097152,16777216,2097152,33554432,8388608,16777216,2097152,8388608,1048576,65536,1.016139268875122
"61,2,73,66,13",WIN,5,146860.0,five-stone-subsets-of-medium-loss.csv,EXACT_INDEPENDENT_SEARCH,10000,WIN,10000,16,9959,0.0877605,0.9959,113946.47933865462,0,0,0,0,0,1,1,6,27,184,648,1809,2829,2925,1353,209,8,0,0,0,183,647,1808,0,2828,0,2924,0,1352,0,209,8,0,1048576,4194304,8388608,2097152,16777216,2097152,33554432,8388608,16777216,2097152,8388608,1048576,65536,1.05617356300354
"61,2,73,66,91",WIN,5,971982.0,five-stone-subsets-of-medium-loss.csv,EXACT_INDEPENDENT_SEARCH,10000,WIN,10000,17,9973,0.0939409,0.9973,106449.90627085754,0,0,0,0,0,1,1,3,18,134,524,1481,2424,2736,1930,662,83,3,0,0,133,523,1480,0,2423,0,2736,0,1930,0,662,83,3,1048576,4194304,8388608,2097152,16777216,2097152,33554432,8388608,16777216,2097152,8388608,1048576,65536,1.0566656589508057
"61,2,69,66,91",WIN,5,90344.0,five-stone-subsets-of-medium-loss.csv,EXACT_INDEPENDENT_SEARCH,10000,WIN,10000,17,9955,0.0875787,0.9955,114183.0148198135,0,0,0,0,0,1,1,7,31,199,684,1851,2771,2783,1359,288,24,1,0,0,198,683,1850,0,2770,0,2782,0,1359,0,288,24,1,1048576,4194304,8388608,2097152,16777216,2097152,33554432,8388608,16777216,2097152,8388608,1048576,65536,1.0360260009765625
"61,2,69,13,91",WIN,5,459078.0,five-stone-subsets-of-medium-loss.csv,EXACT_INDEPENDENT_SEARCH,10000,WIN,10000,17,9962,0.0877395,0.9962,113973.75184495011,0,0,0,0,0,1,1,3,29,135,658,1699,2849,2764,1441,373,45,2,0,0,134,657,1698,0,2848,0,2764,0,1441,0,373,45,2,1048576,4194304,8388608,2097152,16777216,2097152,33554432,8388608,16777216,2097152,8388608,1048576,65536,1.011756181716919
"61,2,66,13,91",WIN,5,769086.0,five-stone-subsets-of-medium-loss.csv,EXACT_INDEPENDENT_SEARCH,10000,WIN,10000,17,9959,0.0884273,0.9959,113087.24794266024,0,0,0,0,0,1,1,4,29,165,619,1701,2679,2840,1524,392,43,2,0,0,164,618,1700,0,2678,0,2839,0,1523,0,392,43,2,1048576,4194304,8388608,2097152,16777216,2097152,33554432,8388608,16777216,2097152,8388608,1048576,65536,1.070518970489502
"61,73,69,66,13",WIN,5,80878.0,five-stone-subsets-of-medium-loss.csv,EXACT_INDEPENDENT_SEARCH,10000,WIN,10000,16,9937,0.0930105,0.9937,107514.74295912827,0,0,0,0,0,1,1,8,48,251,887,2048,2862,2662,1095,134,3,0,0,0,250,886,2047,0,2861,0,2661,0,1095,0,134,3,0,1048576,4194304,8388608,2097152,16777216,2097152,33554432,8388608,16777216,2097152,8388608,1048576,65536,1.0368239879608154
"61,73,69,66,91",WIN,5,116660.0,five-stone-subsets-of-medium-loss.csv,EXACT_INDEPENDENT_SEARCH,10000,WIN,10000,16,9942,0.0921565,0.9942,108511.06541589578,0,0,0,0,0,1,1,6,49,232,834,2015,2883,2680,1117,172,10,0,0,0,231,834,2015,0,2883,0,2680,0,1117,0,172,10,0,1048576,4194304,8388608,2097152,16777216,2097152,33554432,8388608,16777216,2097152,8388608,1048576,65536,1.122727632522583
"61,73,69,13,91",WIN,5,511143.0,five-stone-subsets-of-medium-loss.csv,EXACT_INDEPENDENT_SEARCH,10000,WIN,10000,17,9969,0.0911699,0.9969,109685.32377462299,0,0,0,0,0,1,1,3,22,134,574,1552,2602,2806,1814,460,30,1,0,0,133,573,1551,0,2601,0,2806,0,1814,0,460,30,1,1048576,4194304,8388608,2097152,16777216,2097152,33554432,8388608,16777216,2097152,8388608,1048576,65536,1.0200347900390625
"61,73,66,13,91",WIN,5,140655.0,five-stone-subsets-of-medium-loss.csv,EXACT_INDEPENDENT_SEARCH,10000,WIN,10000,16,9940,0.0873502,0.994,114481.70696804357,0,0,0,0,0,1,1,6,48,247,835,2028,2873,2703,1110,142,6,0,0,0,246,834,2027,0,2872,0,2703,0,1110,0,142,6,0,1048576,4194304,8388608,2097152,16777216,2097152,33554432,8388608,16777216,2097152,8388608,1048576,65536,1.0315728187561035
"2,73,69,66,13",WIN,5,164164.0,five-stone-subsets-of-medium-loss.csv,EXACT_INDEPENDENT_SEARCH,10000,WIN,10000,16,9961,0.0881529,0.9961,113439.26291704526,0,0,0,0,0,1,1,8,24,205,695,1991,2786,2727,1306,241,15,0,0,0,204,694,1990,0,2785,0,2726,0,1306,0,241,15,0,1048576,4194304,8388608,2097152,16777216,2097152,33554432,8388608,16777216,2097152,8388608,1048576,65536,1.020580768585205
"2,73,69,66,91",WIN,5,264753.0,five-stone-subsets-of-medium-loss.csv,EXACT_INDEPENDENT_SEARCH,10000,WIN,10000,17,9963,0.0888511,0.9963,112547.84690341481,0,0,0,0,0,1,1,3,27,128,519,1500,2525,2840,1869,531,54,2,0,0,127,518,1499,0,2524,0,2839,0,1869,0,531,54,2,1048576,4194304,8388608,2097152,16777216,2097152,33554432,8388608,16777216,2097152,8388608,1048576,65536,1.0081069469451904
"2,73,69,13,91",WIN,5,1281634.0,five-stone-subsets-of-medium-loss.csv,EXACT_INDEPENDENT_SEARCH,10000,WIN,10000,17,9981,0.0910874,0.9981,109784.66835149538,0,0,0,0,0,1,1,3,8,96,294,1177,2172,3024,2265,837,119,3,0,0,95,293,1176,0,2171,0,3023,0,2264,0,837,119,3,1048576,4194304,8388608,2097152,16777216,2097152,33554432,8388608,16777216,2097152,8388608,1048576,65536,1.0080959796905518
"2,73,66,13,91",LOSS,5,10862287.0,five-stone-subsets-of-medium-loss.csv,EXACT_INDEPENDENT_SEARCH,10000,LOSS,10000,16,9974,0.0882672,0.9974,113292.36681349357,0,0,0,0,0,1,1,1,19,90,489,1324,2504,2918,1998,605,50,0,0,0,89,488,1323,0,2503,0,2918,0,1998,0,605,50,0,1048576,4194304,8388608,2097152,16777216,2097152,33554432,8388608,16777216,2097152,8388608,1048576,65536,1.0008468627929688
"2,69,66,13,91",WIN,5,828065.0,five-stone-subsets-of-medium-loss.csv,EXACT_INDEPENDENT_SEARCH,10000,WIN,10000,16,9973,0.088043,0.9973,113580.8638960508,0,0,0,0,0,1,1,3,16,138,553,1722,2783,2934,1539,294,16,0,0,0,137,552,1721,0,2782,0,2933,0,1538,0,294,16,0,1048576,4194304,8388608,2097152,16777216,2097152,33554432,8388608,16777216,2097152,8388608,1048576,65536,1.027787208557129
"73,69,66,13,91",LOSS,5,12376238.0,five-stone-subsets-of-medium-loss.csv,EXACT_INDEPENDENT_SEARCH,10000,LOSS,10000,17,9979,0.0925321,0.9979,108070.6046874544,0,0,0,0,0,1,1,2,12,115,431,1425,2439,2949,1997,568,59,1,0,0,114,430,1424,0,2438,0,2948,0,1997,0,568,59,1,1048576,4194304,8388608,2097152,16777216,2097152,33554432,8388608,16777216,2097152,8388608,1048576,65536,1.0106968879699707
"61,2,73,69,66,13,91",WIN,7,10952.0,seven-stone-subsets-of-medium-loss.csv,EXACT_BATCH,10000,WIN,10000,16,9991,0.09351,0.9991,106940.43417816277,0,0,0,0,0,0,0,1,4,89,336,1354,2407,3138,2141,507,23,0,0,0,88,335,1353,0,2406,0,3138,0,2141,0,507,23,0,1048576,4194304,8388608,2097152,16777216,2097152,33554432,8388608,16777216,2097152,8388608,1048576,65536,1.0269489288330078
"90,2,73,69,66,13,91",WIN,7,15362.0,seven-stone-subsets-of-medium-loss.csv,EXACT_BATCH,10000,WIN,10000,16,9991,0.0916153,0.9991,109152.07394398097,0,0,0,0,0,0,0,1,3,45,243,1045,2222,3191,2411,766,73,0,0,0,44,242,1044,0,2221,0,3190,0,2411,0,766,73,0,1048576,4194304,8388608,2097152,16777216,2097152,33554432,8388608,16777216,2097152,8388608,1048576,65536,1.0114340782165527
"90,61,73,69,66,13,91",WIN,7,13929.0,seven-stone-subsets-of-medium-loss.csv,EXACT_BATCH,10000,WIN,10000,16,9984,0.0915159,0.9984,109270.62947531522,0,0,0,0,0,0,0,1,10,73,350,1226,2466,3113,2145,576,40,0,0,0,72,349,1225,0,2465,0,3112,0,2145,0,576,40,0,1048576,4194304,8388608,2097152,16777216,2097152,33554432,8388608,16777216,2097152,8388608,1048576,65536,1.0509033203125
"90,61,2,69,66,13,91",WIN,7,6922.0,seven-stone-subsets-of-medium-loss.csv,EXACT_BATCH,10000,WIN,6922,16,6918,0.0830064,0.9994221323316961,83391.16019969546,0,0,0,0,0,0,0,1,3,50,160,842,1594,2335,1555,361,21,0,0,0,50,160,842,0,1594,0,2335,0,1555,0,361,21,0,1048576,4194304,8388608,2097152,16777216,2097152,33554432,8388608,16777216,2097152,8388608,1048576,65536,1.015695571899414
"90,61,2,73,66,13,91",WIN,7,4486.0,seven-stone-subsets-of-medium-loss.csv,EXACT_BATCH,10000,WIN,4486,16,4483,0.0742981,0.9993312527864467,60378.39460228458,0,0,0,0,0,0,0,1,2,45,160,640,1098,1439,902,190,9,0,0,0,45,160,640,0,1098,0,1439,0,902,0,190,9,0,1048576,4194304,8388608,2097152,16777216,2097152,33554432,8388608,16777216,2097152,8388608,1048576,65536,1.036663293838501
"90,61,2,73,69,13,91",WIN,7,24847.0,seven-stone-subsets-of-medium-loss.csv,EXACT_BATCH,10000,WIN,10000,16,9988,0.0928738,0.9988,107672.99281390445,0,0,0,0,0,0,0,1,5,49,236,996,2174,3079,2572,828,60,0,0,0,48,235,995,0,2173,0,3078,0,2571,0,828,60,0,1048576,4194304,8388608,2097152,16777216,2097152,33554432,8388608,16777216,2097152,8388608,1048576,65536,1.046633243560791
"90,61,2,73,69,66,91",WIN,7,3047.0,seven-stone-subsets-of-medium-loss.csv,EXACT_BATCH,10000,WIN,3047,16,3045,0.0680202,0.9993436166721366,44795.51662594347,0,0,0,0,0,0,0,1,1,32,137,509,868,991,437,68,3,0,0,0,32,137,509,0,868,0,991,0,437,0,68,3,0,1048576,4194304,8388608,2097152,16777216,2097152,33554432,8388608,16777216,2097152,8388608,1048576,65536,1.0456030368804932
"90,61,2,73,69,66,13",WIN,7,2360.0,seven-stone-subsets-of-medium-loss.csv,EXACT_BATCH,10000,WIN,2360,16,2358,0.0652351,0.9991525423728813,36176.84344777581,0,0,0,0,0,0,0,1,1,31,130,426,689,724,315,41,2,0,0,0,31,130,426,0,689,0,724,0,315,0,41,2,0,1048576,4194304,8388608,2097152,16777216,2097152,33554432,8388608,16777216,2097152,8388608,1048576,65536,1.014061689376831
"0,39,60",WIN,3,43834054.0,90-69-heavy-three-stone-results.csv,direct-exact-search,10000,WIN,10000,17,9961,0.0901417,0.9961,110936.44783712753,0,0,0,1,1,1,1,4,27,130,574,1514,2665,2841,1738,460,42,1,0,0,129,573,1513,0,2664,0,2841,0,1738,0,460,42,1,1048576,4194304,8388608,2097152,16777216,2097152,33554432,8388608,16777216,2097152,8388608,1048576,65536,1.0984630584716797
"0,39,90",WIN,3,22984058.0,90-69-heavy-three-stone-results.csv,seed-direct,10000,WIN,10000,17,9961,0.08748,0.9961,114311.84270690443,0,0,0,1,1,1,1,4,27,130,574,1514,2665,2841,1738,460,42,1,0,0,129,573,1513,0,2664,0,2841,0,1738,0,460,42,1,1048576,4194304,8388608,2097152,16777216,2097152,33554432,8388608,16777216,2097152,8388608,1048576,65536,0.9940445423126221
"0,9,30",WIN,3,93094485.0,90-69-heavy-three-stone-results.csv,seed-direct,10000,WIN,10000,17,9973,0.0940956,0.9973,106274.89489412894,0,0,0,1,1,1,1,1,16,96,354,1117,2323,2879,2314,819,76,1,0,0,95,353,1116,0,2322,0,2878,0,2313,0,819,76,1,1048576,4194304,8388608,2097152,16777216,2097152,33554432,8388608,16777216,2097152,8388608,1048576,65536,1.11598801612854
"9,28,30",WIN,3,17931419.0,90-69-heavy-three-stone-results.csv,seed-direct,10000,WIN,10000,17,9956,0.0931082,0.9956,107401.9259313358,0,0,0,1,1,1,1,5,29,149,575,1561,2554,2801,1760,501,59,2,0,0,148,574,1560,0,2553,0,2800,0,1759,0,501,59,2,1048576,4194304,8388608,2097152,16777216,2097152,33554432,8388608,16777216,2097152,8388608,1048576,65536,1.0103721618652344
"0,30,39",WIN,3,32981891.0,90-69-heavy-three-stone-results.csv,seed-direct,10000,WIN,10000,16,9929,0.0868968,0.9929,115079.03628211857,0,0,0,1,1,1,1,13,48,245,757,1926,2736,2799,1296,173,3,0,0,0,244,756,1925,0,2735,0,2798,0,1295,0,173,3,0,1048576,4194304,8388608,2097152,16777216,2097152,33554432,8388608,16777216,2097152,8388608,1048576,65536,1.0347449779510498
"9,30,54",WIN,3,18562768.0,90-69-heavy-three-stone-results.csv,seed-direct,10000,WIN,10000,16,9871,0.0950537,0.9871,105203.69012463481,0,0,0,1,1,1,4,8,110,321,1163,2230,2956,2296,791,111,7,0,0,0,320,1162,2229,0,2955,0,2296,0,791,0,111,7,0,1048576,4194304,8388608,2097152,16777216,2097152,33554432,8388608,16777216,2097152,8388608,1048576,65536,1.0151007175445557
"9,30,63",WIN,3,33477603.0,90-69-heavy-three-stone-results.csv,seed-direct,10000,WIN,10000,16,9975,0.0920672,0.9975,108616.31503944944,0,0,0,1,1,1,1,3,14,95,408,1287,2467,2939,2097,632,54,0,0,0,94,407,1286,0,2466,0,2939,0,2097,0,632,54,0,1048576,4194304,8388608,2097152,16777216,2097152,33554432,8388608,16777216,2097152,8388608,1048576,65536,1.0106313228607178
"0,39,50",WIN,3,11688427.0,90-69-heavy-three-stone-results.csv,seed-direct,10000,WIN,10000,16,9936,0.0986105,0.9936,101409.07915485674,0,0,0,1,1,1,1,9,44,223,847,1998,2878,2685,1145,164,3,0,0,0,222,846,1997,0,2877,0,2684,0,1144,0,163,3,0,1048576,4194304,8388608,2097152,16777216,2097152,33554432,8388608,16777216,2097152,8388608,1048576,65536,1.01220703125
"3,9,30",WIN,3,89170419.0,90-69-heavy-three-stone-results.csv,seed-direct,10000,WIN,10000,16,9968,0.0987141,0.9968,101302.65078646313,0,0,0,1,1,1,1,4,19,136,479,1566,2520,3017,1812,415,28,0,0,0,135,478,1565,0,2519,0,3016,0,1812,0,415,28,0,1048576,4194304,8388608,2097152,16777216,2097152,33554432,8388608,16777216,2097152,8388608,1048576,65536,1.0388381481170654
"4,9,30",WIN,3,28641297.0,90-69-heavy-three-stone-results.csv,seed-direct,10000,WIN,10000,16,9958,0.0955161,0.9958,104694.39183551254,0,0,0,1,1,1,1,2,30,101,538,1297,2576,2847,1980,580,45,0,0,0,100,537,1296,0,2575,0,2846,0,1979,0,580,45,0,1048576,4194304,8388608,2097152,16777216,2097152,33554432,8388608,16777216,2097152,8388608,1048576,65536,1.026698112487793
"5,9,30",WIN,3,35641854.0,90-69-heavy-three-stone-results.csv,seed-direct,10000,WIN,10000,16,9970,0.0900847,0.997,111006.64152736258,0,0,0,1,1,1,1,3,18,127,457,1446,2445,2961,2014,496,29,0,0,0,126,456,1445,0,2444,0,2960,0,2014,0,496,29,0,1048576,4194304,8388608,2097152,16777216,2097152,33554432,8388608,16777216,2097152,8388608,1048576,65536,1.0238268375396729
"9,18,30",WIN,3,93993888.0,90-69-heavy-three-stone-results.csv,seed-direct,10000,WIN,10000,16,9964,0.0895837,0.9964,111627.45008299501,0,0,0,1,1,1,1,4,22,143,515,1579,2637,2912,1753,406,25,0,0,0,142,514,1578,0,2636,0,2911,0,1752,0,406,25,0,1048576,4194304,8388608,2097152,16777216,2097152,33554432,8388608,16777216,2097152,8388608,1048576,65536,1.042041301727295
"9,19,30",WIN,3,130411736.0,90-69-heavy-three-stone-results.csv,direct-exact-search,10000,WIN,10000,16,9964,0.093602,0.9964,106835.32403153778,0,0,0,1,1,1,1,5,22,177,593,1696,2699,2899,1548,336,21,0,0,0,176,592,1695,0,2698,0,2898,0,1548,0,336,21,0,1048576,4194304,8388608,2097152,16777216,2097152,33554432,8388608,16777216,2097152,8388608,1048576,65536,1.056983470916748
"9,21,30",WIN,3,40852542.0,90-69-heavy-three-stone-results.csv,direct-exact-search,10000,WIN,10000,16,9949,0.0927136,0.9949,107859.04117626756,0,0,0,1,1,1,1,8,35,209,685,1866,2725,2788,1420,248,12,0,0,0,208,684,1865,0,2724,0,2788,0,1420,0,248,12,0,1048576,4194304,8388608,2097152,16777216,2097152,33554432,8388608,16777216,2097152,8388608,1048576,65536,1.0352020263671875
"9,23,30",WIN,3,212728576.0,90-69-heavy-three-stone-results.csv,direct-exact-search,10000,WIN,10000,16,9971,0.0885919,0.9971,112877.13662309985,0,0,0,1,1,1,1,6,12,105,410,1409,2500,3079,1996,457,22,0,0,0,104,409,1408,0,2499,0,3078,0,1995,0,456,22,0,1048576,4194304,8388608,2097152,16777216,2097152,33554432,8388608,16777216,2097152,8388608,1048576,65536,0.9916627407073975
"9,27,30",WIN,3,49770994.0,90-69-heavy-three-stone-results.csv,direct-exact-search,10000,WIN,10000,17,9957,0.0935441,0.9957,106901.45075958825,0,0,0,1,1,1,1,7,25,206,689,1775,2581,2739,1565,378,30,1,0,0,205,688,1774,0,2580,0,2738,0,1564,0,377,30,1,1048576,4194304,8388608,2097152,16777216,2097152,33554432,8388608,16777216,2097152,8388608,1048576,65536,0.9990360736846924
"9,30,34",WIN,3,20025956.0,90-69-heavy-three-stone-results.csv,direct-exact-search,10000,WIN,10000,16,9950,0.0876557,0.995,114082.71224803406,0,0,0,1,1,1,1,5,36,195,607,1592,2568,2765,1771,434,23,0,0,0,194,606,1591,0,2567,0,2764,0,1771,0,434,23,0,1048576,4194304,8388608,2097152,16777216,2097152,33554432,8388608,16777216,2097152,8388608,1048576,65536,1.0211279392242432
"9,30,40",WIN,3,27146764.0,90-69-heavy-three-stone-results.csv,direct-exact-search,10000,WIN,10000,16,9953,0.0908951,0.9953,110016.93160577412,0,0,0,1,1,1,1,6,35,217,758,1979,2863,2803,1170,160,5,0,0,0,216,757,1979,0,2863,0,2803,0,1170,0,160,5,0,1048576,4194304,8388608,2097152,16777216,2097152,33554432,8388608,16777216,2097152,8388608,1048576,65536,1.0534477233886719
"0,39,40",WIN,3,103769294.0,90-69-heavy-three-stone-results.csv,direct-exact-search,10000,WIN,10000,17,9947,0.0882659,0.9947,113294.03540891783,0,0,0,1,1,1,2,4,42,185,699,1550,2555,2680,1673,541,64,2,0,0,184,698,1550,0,2555,0,2680,0,1673,0,541,64,2,1048576,4194304,8388608,2097152,16777216,2097152,33554432,8388608,16777216,2097152,8388608,1048576,65536,0.998046875
"9,30,50",WIN,3,37621827.0,90-69-heavy-three-stone-results.csv,direct-exact-search,10000,WIN,10000,16,9970,0.0890129,0.997,112343.26709948781,0,0,0,1,1,1,1,3,18,127,457,1446,2445,2961,2014,496,29,0,0,0,126,456,1445,0,2444,0,2960,0,2014,0,496,29,0,1048576,4194304,8388608,2097152,16777216,2097152,33554432,8388608,16777216,2097152,8388608,1048576,65536,1.0211875438690186
"0,39,53",WIN,3,29517119.0,90-69-heavy-three-stone-results.csv,direct-exact-search,10000,WIN,10000,17,9949,0.0883041,0.9949,113245.02486294521,0,0,0,1,1,1,1,5,40,197,729,1845,2833,2800,1300,223,22,2,0,0,196,728,1845,0,2833,0,2800,0,1300,0,223,22,2,1048576,4194304,8388608,2097152,16777216,2097152,33554432,8388608,16777216,2097152,8388608,1048576,65536,1.0120203495025635
"0,39,70",WIN,3,158441784.0,90-69-heavy-three-stone-results.csv,direct-exact-search,10000,WIN,10000,17,9971,0.0871135,0.9971,114792.77035132328,0,0,0,1,1,1,1,6,16,149,460,1573,2455,2912,1815,526,79,5,0,0,148,459,1572,0,2455,0,2912,0,1815,0,526,79,5,1048576,4194304,8388608,2097152,16777216,2097152,33554432,8388608,16777216,2097152,8388608,1048576,65536,1.0157651901245117
"0,39,80",WIN,3,282020145.0,90-69-heavy-three-stone-results.csv,direct-exact-search,10000,WIN,10000,16,9934,0.104525,0.9934,95670.89213106912,0,0,0,1,1,1,1,8,49,220,783,1869,2783,2658,1378,242,6,0,0,0,219,782,1868,0,2782,0,2657,0,1378,0,242,6,0,1048576,4194304,8388608,2097152,16777216,2097152,33554432,8388608,16777216,2097152,8388608,1048576,65536,1.01629638671875
"3,9,90",WIN,3,49837228.0,90-69-heavy-three-stone-results.csv,direct-exact-search,10000,WIN,10000,17,9975,0.0898582,0.9975,111286.4490942396,0,0,0,1,1,1,1,2,13,87,331,1056,2079,2691,2350,1146,230,11,0,0,86,330,1055,0,2078,0,2690,0,2349,0,1146,230,11,1048576,4194304,8388608,2097152,16777216,2097152,33554432,8388608,16777216,2097152,8388608,1048576,65536,1.0863094329833984
"6,9,30",WIN,3,58999216.0,90-69-heavy-three-stone-results.csv,direct-exact-search,10000,WIN,10000,17,9977,0.0896449,0.9977,111551.24273661971,0,0,0,1,1,1,1,4,11,99,362,1293,2432,3048,2142,560,43,2,0,0,98,361,1292,0,2431,0,3048,0,2142,0,560,43,2,1048576,4194304,8388608,2097152,16777216,2097152,33554432,8388608,16777216,2097152,8388608,1048576,65536,1.00223708152771
"7,9,30",WIN,3,116943304.0,90-69-heavy-three-stone-results.csv,direct-exact-search,10000,WIN,10000,16,9971,0.0910198,0.9971,109866.20493562939,0,0,0,1,1,1,1,2,17,94,375,1158,2317,2916,2240,793,84,0,0,0,93,374,1157,0,2316,0,2915,0,2239,0,793,84,0,1048576,4194304,8388608,2097152,16777216,2097152,33554432,8388608,16777216,2097152,8388608,1048576,65536,1.0740635395050049
"9,13,30",WIN,3,24747185.0,90-69-heavy-three-stone-results.csv,direct-exact-search,10000,WIN,10000,17,9966,0.0911249,0.9966,109739.4894260515,0,0,0,1,1,1,1,1,23,121,523,1436,2568,2854,1863,552,54,1,0,0,120,522,1435,0,2567,0,2853,0,1862,0,552,54,1,1048576,4194304,8388608,2097152,16777216,2097152,33554432,8388608,16777216,2097152,8388608,1048576,65536,1.031599521636963
"9,14,30",WIN,3,51415473.0,90-69-heavy-three-stone-results.csv,direct-exact-search,10000,WIN,10000,16,9921,0.0916167,0.9921,109150.40598493506,0,0,0,1,1,1,3,3,68,185,713,1664,2694,2690,1602,356,19,0,0,0,184,712,1664,0,2694,0,2690,0,1602,0,356,19,0,1048576,4194304,8388608,2097152,16777216,2097152,33554432,8388608,16777216,2097152,8388608,1048576,65536,1.0550649166107178
"9,15,30",WIN,3,9018427.0,90-69-heavy-three-stone-results.csv,direct-exact-search,10000,WIN,10000,16,9952,0.0877992,0.9952,113896.25417999254,0,0,0,1,1,1,1,6,35,154,562,1482,2463,2753,1906,577,58,0,0,0,153,561,1481,0,2463,0,2753,0,1906,0,577,58,0,1048576,4194304,8388608,2097152,16777216,2097152,33554432,8388608,16777216,2097152,8388608,1048576,65536,0.9921884536743164
"9,17,30",WIN,3,35871881.0,90-69-heavy-three-stone-results.csv,direct-exact-search,10000,WIN,10000,16,9963,0.088075,0.9963,113539.59693443088,0,0,0,1,1,1,1,6,22,161,492,1590,2514,2917,1826,442,26,0,0,0,160,491,1589,0,2513,0,2916,0,1826,0,442,26,0,1048576,4194304,8388608,2097152,16777216,2097152,33554432,8388608,16777216,2097152,8388608,1048576,65536,1.0446383953094482
"9,22,30",WIN,3,20244649.0,90-69-heavy-three-stone-results.csv,direct-exact-search,10000,WIN,10000,16,9924,0.0861018,0.9924,116141.59053585406,0,0,0,1,1,1,1,11,56,283,890,2153,2902,2587,967,139,8,0,0,0,282,889,2152,0,2901,0,2586,0,967,0,139,8,0,1048576,4194304,8388608,2097152,16777216,2097152,33554432,8388608,16777216,2097152,8388608,1048576,65536,0.999671459197998
"9,24,30",WIN,3,49257364.0,90-69-heavy-three-stone-results.csv,direct-exact-search,10000,WIN,10000,16,9914,0.0864968,0.9914,115611.21336280649,0,0,0,1,1,1,2,5,73,240,1014,2010,2888,2489,1094,176,6,0,0,0,239,1013,2009,0,2888,0,2489,0,1094,0,176,6,0,1048576,4194304,8388608,2097152,16777216,2097152,33554432,8388608,16777216,2097152,8388608,1048576,65536,1.0786411762237549
"9,25,30",WIN,3,18264712.0,90-69-heavy-three-stone-results.csv,direct-exact-search,10000,WIN,10000,16,9931,0.0887174,0.9931,112717.46016001371,0,0,0,1,1,1,1,5,57,206,793,1864,2730,2668,1375,279,19,0,0,0,205,792,1863,0,2730,0,2668,0,1375,0,279,19,0,1048576,4194304,8388608,2097152,16777216,2097152,33554432,8388608,16777216,2097152,8388608,1048576,65536,1.000913143157959
"9,26,30",WIN,3,21154191.0,90-69-heavy-three-stone-results.csv,direct-exact-search,10000,WIN,10000,16,9944,0.0904263,0.9944,110587.29595261556,0,0,0,1,1,1,1,8,39,197,710,1830,2763,2794,1381,261,13,0,0,0,196,709,1829,0,2762,0,2793,0,1381,0,261,13,0,1048576,4194304,8388608,2097152,16777216,2097152,33554432,8388608,16777216,2097152,8388608,1048576,65536,1.0783655643463135
"9,30,31",WIN,3,12571096.0,90-69-heavy-three-stone-results.csv,direct-exact-search,10000,WIN,10000,16,9931,0.0880555,0.9931,113564.7404193946,0,0,0,1,1,1,2,6,53,215,907,1963,2935,2592,1119,196,9,0,0,0,214,906,1962,0,2934,0,2591,0,1119,0,196,9,0,1048576,4194304,8388608,2097152,16777216,2097152,33554432,8388608,16777216,2097152,8388608,1048576,65536,1.037069320678711
"9,30,32",WIN,3,26956576.0,90-69-heavy-three-stone-results.csv,direct-exact-search,10000,WIN,10000,17,9965,0.0907796,0.9965,110156.90749904163,0,0,0,1,1,1,1,9,19,144,438,1379,2154,2778,1938,907,219,11,0,0,143,437,1378,0,2154,0,2778,0,1938,0,907,219,11,1048576,4194304,8388608,2097152,16777216,2097152,33554432,8388608,16777216,2097152,8388608,1048576,65536,1.0835089683532715
"0,39,41",WIN,3,64962500.0,90-69-heavy-three-stone-results.csv,direct-exact-search,10000,WIN,10000,16,9920,0.0860417,0.992,116222.71526480764,0,0,0,1,1,1,1,9,61,262,938,2121,2963,2627,932,82,1,0,0,0,261,937,2120,0,2962,0,2626,0,931,0,82,1,0,1048576,4194304,8388608,2097152,16777216,2097152,33554432,8388608,16777216,2097152,8388608,1048576,65536,1.0103974342346191
"9,30,43",WIN,3,84737266.0,90-69-heavy-three-stone-results.csv,direct-exact-search,10000,WIN,10000,17,9976,0.0896051,0.9976,111600.79058000048,0,0,0,1,1,1,1,2,12,95,402,1290,2436,2993,2144,581,40,1,0,0,94,401,1289,0,2435,0,2992,0,2143,0,581,40,1,1048576,4194304,8388608,2097152,16777216,2097152,33554432,8388608,16777216,2097152,8388608,1048576,65536,1.1102895736694336
"0,39,43",WIN,3,78983296.0,90-69-heavy-three-stone-results.csv,direct-exact-search,10000,WIN,10000,16,9976,0.0982201,0.9976,101812.15453863313,0,0,0,1,1,1,1,5,12,146,476,1568,2556,3031,1778,399,25,0,0,0,145,475,1567,0,2556,0,3031,0,1778,0,399,25,0,1048576,4194304,8388608,2097152,16777216,2097152,33554432,8388608,16777216,2097152,8388608,1048576,65536,1.0143654346466064
"9,30,44",WIN,3,62499539.0,90-69-heavy-three-stone-results.csv,direct-exact-search,10000,WIN,10000,16,9981,0.0884061,0.9981,113114.3665425802,0,0,0,1,1,1,1,3,9,111,408,1439,2512,3103,1958,430,23,0,0,0,110,407,1438,0,2512,0,3103,0,1958,0,430,23,0,1048576,4194304,8388608,2097152,16777216,2097152,33554432,8388608,16777216,2097152,8388608,1048576,65536,1.009688138961792
"9,30,51",WIN,3,19953051.0,90-69-heavy-three-stone-results.csv,direct-exact-search,10000,WIN,10000,17,9976,0.105314,0.9976,94954.1371517557,0,0,0,1,1,1,1,2,15,78,293,1038,2192,2946,2452,867,109,4,0,0,77,292,1037,0,2192,0,2946,0,2452,0,867,109,4,1048576,4194304,8388608,2097152,16777216,2097152,33554432,8388608,16777216,2097152,8388608,1048576,65536,1.0091702938079834
"0,39,51",WIN,3,14486206.0,90-69-heavy-three-stone-results.csv,direct-exact-search,10000,WIN,10000,16,9905,0.0852351,0.9905,117322.55842956717,0,0,0,1,1,1,2,7,77,269,1123,2182,3084,2395,768,87,3,0,0,0,268,1122,2181,0,3083,0,2394,0,767,0,87,3,0,1048576,4194304,8388608,2097152,16777216,2097152,33554432,8388608,16777216,2097152,8388608,1048576,65536,0.9959423542022705
"9,30,52",WIN,3,78333243.0,90-69-heavy-three-stone-results.csv,direct-exact-search,10000,WIN,10000,17,9966,0.0949075,0.9966,105365.75086268208,0,0,0,1,1,1,1,5,20,143,471,1389,2375,2905,2031,588,67,2,0,0,142,470,1388,0,2374,0,2904,0,2031,0,588,67,2,1048576,4194304,8388608,2097152,16777216,2097152,33554432,8388608,16777216,2097152,8388608,1048576,65536,1.009559154510498
"0,39,52",WIN,3,65981624.0,90-69-heavy-three-stone-results.csv,direct-exact-search,10000,WIN,10000,17,9963,0.0881557,0.9963,113435.65986090519,0,0,0,1,1,1,1,6,24,193,602,1761,2537,2864,1488,443,74,4,0,0,192,601,1760,0,2537,0,2864,0,1488,0,443,74,4,1048576,4194304,8388608,2097152,16777216,2097152,33554432,8388608,16777216,2097152,8388608,1048576,65536,1.0073399543762207
"9,30,53",WIN,3,61441418.0,90-69-heavy-three-stone-results.csv,direct-exact-search,10000,WIN,10000,17,9985,0.117927,0.9985,84798.2226292537,0,0,0,1,1,1,1,1,5,39,186,730,1814,2798,2847,1351,218,7,0,0,38,185,729,0,1813,0,2797,0,2847,0,1351,218,7,1048576,4194304,8388608,2097152,16777216,2097152,33554432,8388608,16777216,2097152,8388608,1048576,65536,1.0472264289855957
"0,39,54",WIN,3,25092989.0,90-69-heavy-three-stone-results.csv,direct-exact-search,10000,WIN,10000,17,9982,0.0920117,0.9982,108681.83068022871,0,0,0,1,1,1,1,2,8,112,370,1328,2438,3145,2055,496,41,1,0,0,111,369,1327,0,2437,0,3145,0,2055,0,496,41,1,1048576,4194304,8388608,2097152,16777216,2097152,33554432,8388608,16777216,2097152,8388608,1048576,65536,1.058424949645996
"0,39,61",WIN,3,27079157.0,90-69-heavy-three-stone-results.csv,direct-exact-search,10000,WIN,10000,17,9965,0.0904935,0.9965,110505.1744047915,0,0,0,1,1,1,1,5,21,129,479,1414,2421,2815,1995,631,83,3,0,0,128,478,1413,0,2420,0,2814,0,1995,0,631,83,3,1048576,4194304,8388608,2097152,16777216,2097152,33554432,8388608,16777216,2097152,8388608,1048576,65536,1.082533597946167
"9,30,62",WIN,3,15354593.0,90-69-heavy-three-stone-results.csv,direct-exact-search,10000,WIN,10000,17,9934,0.0882068,0.9934,113369.94426733539,0,0,0,1,1,1,1,6,49,221,710,1777,2660,2684,1523,325,38,3,0,0,220,709,1776,0,2659,0,2683,0,1522,0,324,38,3,1048576,4194304,8388608,2097152,16777216,2097152,33554432,8388608,16777216,2097152,8388608,1048576,65536,1.0088040828704834
"0,39,62",WIN,3,16048536.0,90-69-heavy-three-stone-results.csv,direct-exact-search,10000,WIN,10000,16,9964,0.0873489,0.9964,114483.41078136074,0,0,0,1,1,1,1,8,20,186,583,1770,2617,2876,1541,365,30,0,0,0,185,582,1769,0,2616,0,2876,0,1541,0,365,30,0,1048576,4194304,8388608,2097152,16777216,2097152,33554432,8388608,16777216,2097152,8388608,1048576,65536,1.053227186203003
"9,30,64",WIN,3,21081911.0,90-69-heavy-three-stone-results.csv,direct-exact-search,10000,WIN,10000,17,9982,0.0899663,0.9982,111152.73163395627,0,0,0,1,1,1,1,1,10,56,286,916,2121,2816,2570,1073,143,4,0,0,55,285,915,0,2121,0,2816,0,2570,0,1073,143,4,1048576,4194304,8388608,2097152,16777216,2097152,33554432,8388608,16777216,2097152,8388608,1048576,65536,1.008446455001831
"0,39,64",WIN,3,38631317.0,90-69-heavy-three-stone-results.csv,direct-exact-search,10000,WIN,10000,16,9947,0.0898564,0.9947,111288.67838017103,0,0,0,1,1,1,1,5,40,167,691,1805,2811,2803,1378,275,21,0,0,0,166,690,1804,0,2810,0,2803,0,1378,0,275,21,0,1048576,4194304,8388608,2097152,16777216,2097152,33554432,8388608,16777216,2097152,8388608,1048576,65536,1.04777193069458
"9,30,70",WIN,3,49149227.0,90-69-heavy-three-stone-results.csv,direct-exact-search,10000,WIN,10000,17,9970,0.0913774,0.997,109436.25010122854,0,0,0,1,1,1,1,2,19,125,452,1407,2549,2939,1899,538,64,2,0,0,124,451,1406,0,2548,0,2938,0,1899,0,538,64,2,1048576,4194304,8388608,2097152,16777216,2097152,33554432,8388608,16777216,2097152,8388608,1048576,65536,1.034597396850586
"9,30,71",WIN,3,189044946.0,90-69-heavy-three-stone-results.csv,direct-exact-search,10000,WIN,10000,16,9970,0.0890229,0.997,112330.64750755143,0,0,0,1,1,1,1,4,17,145,472,1591,2575,3090,1739,345,18,0,0,0,144,471,1590,0,2574,0,3089,0,1739,0,345,18,0,1048576,4194304,8388608,2097152,16777216,2097152,33554432,8388608,16777216,2097152,8388608,1048576,65536,1.0463478565216064
"0,39,72",WIN,3,44468820.0,90-69-heavy-three-stone-results.csv,direct-exact-search,10000,WIN,10000,17,9969,0.0904219,0.9969,110592.6772164708,0,0,0,1,1,1,1,7,15,121,391,1315,2334,2973,2110,623,97,10,0,0,120,390,1314,0,2333,0,2972,0,2110,0,623,97,10,1048576,4194304,8388608,2097152,16777216,2097152,33554432,8388608,16777216,2097152,8388608,1048576,65536,1.0109338760375977
"0,39,73",WIN,3,50600210.0,90-69-heavy-three-stone-results.csv,direct-exact-search,10000,WIN,10000,17,9961,0.0893604,0.9961,111906.3925407675,0,0,0,1,1,1,1,7,23,143,525,1534,2522,2868,1842,485,45,2,0,0,142,524,1533,0,2521,0,2867,0,1842,0,485,45,2,1048576,4194304,8388608,2097152,16777216,2097152,33554432,8388608,16777216,2097152,8388608,1048576,65536,1.0905804634094238
"9,30,74",WIN,3,29287341.0,90-69-heavy-three-stone-results.csv,direct-exact-search,10000,WIN,10000,17,9959,0.0907334,0.9959,110212.99763923758,0,0,0,1,1,1,1,8,23,163,512,1623,2522,2904,1706,478,55,2,0,0,162,511,1622,0,2521,0,2903,0,1705,0,478,55,2,1048576,4194304,8388608,2097152,16777216,2097152,33554432,8388608,16777216,2097152,8388608,1048576,65536,1.0006260871887207
"0,39,74",WIN,3,148631333.0,90-69-heavy-three-stone-results.csv,direct-exact-search,10000,WIN,10000,16,9958,0.0906593,0.9958,110303.07977229032,0,0,0,1,1,1,1,10,24,185,580,1821,2706,2990,1477,200,3,0,0,0,184,579,1820,0,2705,0,2990,0,1477,0,200,3,0,1048576,4194304,8388608,2097152,16777216,2097152,33554432,8388608,16777216,2097152,8388608,1048576,65536,1.0775978565216064
"9,30,80",WIN,3,44725434.0,90-69-heavy-three-stone-results.csv,direct-exact-search,10000,WIN,10000,17,9972,0.0901557,0.9972,110919.220859025,0,0,0,1,1,1,1,4,14,121,391,1375,2399,2965,2059,605,62,1,0,0,120,390,1374,0,2398,0,2964,0,2058,0,605,62,1,1048576,4194304,8388608,2097152,16777216,2097152,33554432,8388608,16777216,2097152,8388608,1048576,65536,1.069213628768921
"0,39,81",WIN,3,62080083.0,90-69-heavy-three-stone-results.csv,direct-exact-search,10000,WIN,10000,16,9950,0.0874045,0.995,114410.58526734894,0,0,0,1,1,1,1,4,38,193,754,1840,2829,2813,1308,210,7,0,0,0,192,753,1839,0,2828,0,2813,0,1308,0,210,7,0,1048576,4194304,8388608,2097152,16777216,2097152,33554432,8388608,16777216,2097152,8388608,1048576,65536,1.0063083171844482
"9,30,82",WIN,3,56351468.0,90-69-heavy-three-stone-results.csv,direct-exact-search,10000,WIN,10000,16,9982,0.0908664,0.9982,110051.68026905434,0,0,0,1,1,1,1,2,7,84,333,1122,2196,2902,2377,876,97,0,0,0,83,332,1121,0,2195,0,2901,0,2377,0,876,97,0,1048576,4194304,8388608,2097152,16777216,2097152,33554432,8388608,16777216,2097152,8388608,1048576,65536,1.0206084251403809
"0,39,82",WIN,3,28447710.0,90-69-heavy-three-stone-results.csv,direct-exact-search,10000,WIN,10000,16,9953,0.0882905,0.9953,113262.46878203205,0,0,0,1,1,1,1,5,34,155,670,1822,2852,2839,1371,239,9,0,0,0,154,669,1821,0,2851,0,2839,0,1371,0,239,9,0,1048576,4194304,8388608,2097152,16777216,2097152,33554432,8388608,16777216,2097152,8388608,1048576,65536,1.0423266887664795
"9,30,83",WIN,3,37815942.0,90-69-heavy-three-stone-results.csv,direct-exact-search,10000,WIN,10000,16,9950,0.0909334,0.995,109970.59386320098,0,0,0,1,1,1,1,6,35,184,685,1770,2687,2749,1504,351,25,0,0,0,183,684,1769,0,2686,0,2748,0,1504,0,351,25,0,1048576,4194304,8388608,2097152,16777216,2097152,33554432,8388608,16777216,2097152,8388608,1048576,65536,1.042712926864624
"0,39,83",WIN,3,32946592.0,90-69-heavy-three-stone-results.csv,direct-exact-search,10000,WIN,10000,16,9933,0.089306,0.9933,111974.55938010884,0,0,0,1,1,1,1,9,49,268,806,1958,2681,2526,1371,308,20,0,0,0,267,805,1957,0,2680,0,2525,0,1371,0,308,20,0,1048576,4194304,8388608,2097152,16777216,2097152,33554432,8388608,16777216,2097152,8388608,1048576,65536,1.01145339012146
"9,30,84",WIN,3,27667506.0,90-69-heavy-three-stone-results.csv,direct-exact-search,10000,WIN,10000,16,9969,0.0889192,0.9969,112461.65057715318,0,0,0,1,1,1,1,3,19,107,406,1311,2426,2981,2132,578,33,0,0,0,106,405,1310,0,2425,0,2980,0,2132,0,578,33,0,1048576,4194304,8388608,2097152,16777216,2097152,33554432,8388608,16777216,2097152,8388608,1048576,65536,1.057187795639038
"3,39,90",WIN,3,111409501.0,90-69-heavy-three-stone-results.csv,direct-exact-search,10000,WIN,10000,16,9957,0.0932204,0.9957,107272.6570578972,0,0,0,1,1,1,1,7,28,192,624,1735,2650,2816,1599,328,17,0,0,0,191,623,1734,0,2649,0,2816,0,1599,0,328,17,0,1048576,4194304,8388608,2097152,16777216,2097152,33554432,8388608,16777216,2097152,8388608,1048576,65536,1.0372803211212158
"3,49,90",WIN,3,47540630.0,90-69-heavy-three-stone-results.csv,direct-exact-search,10000,WIN,10000,17,9974,0.0919501,0.9974,108754.63974481811,0,0,0,1,1,1,1,3,14,89,379,1134,2305,2812,2289,856,112,3,0,0,88,378,1133,0,2304,0,2811,0,2289,0,856,112,3,1048576,4194304,8388608,2097152,16777216,2097152,33554432,8388608,16777216,2097152,8388608,1048576,65536,1.0929327011108398
"3,59,90",WIN,3,227576756.0,90-69-heavy-three-stone-results.csv,direct-exact-search,10000,WIN,10000,16,9962,0.0891197,0.9962,112208.63624989761,0,0,0,1,1,1,1,3,26,152,624,1730,2741,2926,1539,252,3,0,0,0,151,623,1729,0,2740,0,2925,0,1539,0,252,3,0,1048576,4194304,8388608,2097152,16777216,2097152,33554432,8388608,16777216,2097152,8388608,1048576,65536,1.0529229640960693
"1,69,90",WIN,3,76565503.0,90-69-heavy-three-stone-results.csv,direct-exact-search,10000,WIN,10000,17,9961,0.108696,0.9961,91999.70560094208,0,0,0,1,1,1,1,4,27,130,574,1514,2665,2841,1738,460,42,1,0,0,129,573,1513,0,2664,0,2841,0,1738,0,460,42,1,1048576,4194304,8388608,2097152,16777216,2097152,33554432,8388608,16777216,2097152,8388608,1048576,65536,1.1058952808380127
"2,69,90",WIN,3,131916886.0,90-69-heavy-three-stone-results.csv,direct-exact-search,10000,WIN,10000,17,9981,0.10844,0.9981,92216.89413500554,0,0,0,1,1,1,1,1,10,49,293,978,2241,2949,2475,907,92,1,0,0,48,292,977,0,2240,0,2949,0,2475,0,907,92,1,1048576,4194304,8388608,2097152,16777216,2097152,33554432,8388608,16777216,2097152,8388608,1048576,65536,1.0279181003570557
"3,69,90",WIN,3,84901501.0,90-69-heavy-three-stone-results.csv,direct-exact-search,10000,WIN,10000,16,9962,0.0899314,0.9962,111195.86707201267,0,0,0,1,1,1,1,7,22,187,534,1693,2603,2994,1580,343,33,0,0,0,186,533,1692,0,2602,0,2993,0,1580,0,343,33,0,1048576,4194304,8388608,2097152,16777216,2097152,33554432,8388608,16777216,2097152,8388608,1048576,65536,1.0999696254730225
"0,3,19,90",WIN,4,6006930.0,90-69-split-proof.csv,split-exact-search child,10000,WIN,10000,17,9981,0.0926002,0.9981,107991.1274489688,0,0,0,0,1,1,1,1,10,47,259,848,1978,2855,2604,1179,206,10,0,0,46,258,847,0,1977,0,2854,0,2604,0,1179,206,10,1048576,4194304,8388608,2097152,16777216,2097152,33554432,8388608,16777216,2097152,8388608,1048576,65536,1.0207035541534424
"0,8,69,90",WIN,4,6003208.0,90-69-split-proof.csv,split-exact-search child,10000,WIN,10000,17,9962,0.0939629,0.9962,106424.98262612158,0,0,0,0,1,1,1,4,26,182,579,1625,2571,2823,1612,489,80,6,0,0,181,578,1624,0,2570,0,2822,0,1612,0,489,80,6,1048576,4194304,8388608,2097152,16777216,2097152,33554432,8388608,16777216,2097152,8388608,1048576,65536,1.2001700401306152
"1,8,69,90",WIN,4,5797376.0,90-69-split-proof.csv,split-exact-search child,10000,WIN,10000,17,9974,0.0884073,0.9974,113112.8311802306,0,0,0,0,1,1,1,3,13,103,389,1353,2485,3074,1994,529,53,1,0,0,102,388,1352,0,2484,0,3073,0,1993,0,528,53,1,1048576,4194304,8388608,2097152,16777216,2097152,33554432,8388608,16777216,2097152,8388608,1048576,65536,1.002359390258789
"2,3,19,90",WIN,4,6407257.0,90-69-split-proof.csv,split-exact-search child,10000,WIN,10000,16,9963,0.0899851,0.9963,111129.50921874844,0,0,0,0,1,1,1,3,28,143,595,1644,2732,2892,1604,338,18,0,0,0,142,594,1643,0,2732,0,2892,0,1604,0,338,18,0,1048576,4194304,8388608,2097152,16777216,2097152,33554432,8388608,16777216,2097152,8388608,1048576,65536,1.1310226917266846
"2,8,69,90",WIN,4,6471074.0,90-69-split-proof.csv,split-exact-search child,10000,WIN,10000,17,9986,0.0952484,0.9986,104988.64022912721,0,0,0,0,1,1,1,1,6,61,260,945,2046,2844,2545,1105,179,5,0,0,60,259,944,0,2045,0,2844,0,2545,0,1105,179,5,1048576,4194304,8388608,2097152,16777216,2097152,33554432,8388608,16777216,2097152,8388608,1048576,65536,1.0227010250091553
"3,10,19,90",WIN,4,4686037.0,90-69-split-proof.csv,split-exact-search child,10000,WIN,10000,17,9972,0.0915113,0.9972,109276.12218381773,0,0,0,0,1,1,1,3,20,94,382,1162,2351,2945,2208,744,86,2,0,0,93,381,1162,0,2351,0,2945,0,2208,0,744,86,2,1048576,4194304,8388608,2097152,16777216,2097152,33554432,8388608,16777216,2097152,8388608,1048576,65536,1.0186376571655273
"3,11,19,90",WIN,4,6285754.0,90-69-split-proof.csv,split-exact-search child,10000,WIN,10000,16,9969,0.0881591,0.9969,113431.2850289987,0,0,0,0,1,1,1,3,22,111,496,1498,2569,2890,1891,492,25,0,0,0,110,495,1497,0,2569,0,2890,0,1891,0,492,25,0,1048576,4194304,8388608,2097152,16777216,2097152,33554432,8388608,16777216,2097152,8388608,1048576,65536,1.0169198513031006
"3,12,19,90",WIN,4,7637389.0,90-69-split-proof.csv,split-exact-search child,10000,WIN,10000,16,9977,0.0894386,0.9977,111808.54798711072,0,0,0,0,1,1,1,4,11,97,422,1394,2465,3025,2003,534,42,0,0,0,96,421,1393,0,2464,0,3024,0,2003,0,534,42,0,1048576,4194304,8388608,2097152,16777216,2097152,33554432,8388608,16777216,2097152,8388608,1048576,65536,0.9911255836486816
"3,13,19,90",WIN,4,7349235.0,90-69-split-proof.csv,split-exact-search child,10000,WIN,10000,17,9974,0.0901632,0.9974,110909.99432140829,0,0,0,0,1,1,1,5,16,149,483,1525,2476,2890,1848,540,64,1,0,0,148,482,1525,0,2476,0,2890,0,1848,0,540,64,1,1048576,4194304,8388608,2097152,16777216,2097152,33554432,8388608,16777216,2097152,8388608,1048576,65536,0.9990527629852295
"3,14,19,90",WIN,4,4008448.0,90-69-split-proof.csv,split-exact-search child,10000,WIN,10000,17,9981,0.131579,0.9981,75999.96960001216,0,0,0,0,1,1,1,1,10,47,259,848,1978,2855,2604,1179,206,10,0,0,46,258,847,0,1977,0,2854,0,2604,0,1179,206,10,1048576,4194304,8388608,2097152,16777216,2097152,33554432,8388608,16777216,2097152,8388608,1048576,65536,1.2386555671691895
"3,15,19,90",WIN,4,5413033.0,90-69-split-proof.csv,split-exact-search child,10000,WIN,10000,17,9984,0.135932,0.9984,73566.19486213695,0,0,0,0,1,1,1,2,7,78,298,1151,2269,3003,2383,739,66,1,0,0,77,297,1150,0,2268,0,3003,0,2383,0,739,66,1,1048576,4194304,8388608,2097152,16777216,2097152,33554432,8388608,16777216,2097152,8388608,1048576,65536,1.5249524116516113
"3,16,19,90",WIN,4,7218670.0,90-69-split-proof.csv,split-exact-search child,10000,WIN,10000,16,9969,0.126323,0.9969,79162.14782739486,0,0,0,0,1,1,1,3,22,111,496,1498,2569,2890,1891,492,25,0,0,0,110,495,1497,0,2569,0,2890,0,1891,0,492,25,0,1048576,4194304,8388608,2097152,16777216,2097152,33554432,8388608,16777216,2097152,8388608,1048576,65536,1.5073444843292236
"3,17,19,90",WIN,4,8590681.0,90-69-split-proof.csv,split-exact-search child,10000,WIN,10000,17,9974,0.0890872,0.9974,112249.57120663798,0,0,0,0,1,1,1,2,15,69,363,1030,2159,2758,2380,1033,177,11,0,0,68,362,1029,0,2158,0,2757,0,2379,0,1033,177,11,1048576,4194304,8388608,2097152,16777216,2097152,33554432,8388608,16777216,2097152,8388608,1048576,65536,1.1620488166809082
"3,18,19,90",WIN,4,6812673.0,90-69-split-proof.csv,split-exact-search child,10000,WIN,10000,16,9977,0.0929359,0.9977,107601.0454517576,0,0,0,0,1,1,1,4,11,97,422,1394,2465,3025,2003,534,42,0,0,0,96,421,1393,0,2464,0,3024,0,2003,0,534,42,0,1048576,4194304,8388608,2097152,16777216,2097152,33554432,8388608,16777216,2097152,8388608,1048576,65536,1.0979745388031006
"3,19,20,90",WIN,4,6041112.0,90-69-split-proof.csv,split-exact-search child,10000,WIN,10000,17,9978,0.088684,0.9978,112759.91159622931,0,0,0,0,1,1,1,4,10,95,340,1225,2228,2966,2242,787,99,1,0,0,94,339,1224,0,2227,0,2965,0,2242,0,787,99,1,1048576,4194304,8388608,2097152,16777216,2097152,33554432,8388608,16777216,2097152,8388608,1048576,65536,1.039989948272705
"3,19,21,90",WIN,4,4129908.0,90-69-split-proof.csv,split-exact-search child,10000,WIN,10000,17,9979,0.0885098,0.9979,112981.83929915105,0,0,0,0,1,1,1,2,12,101,390,1193,2327,2889,2265,728,86,4,0,0,100,389,1192,0,2326,0,2889,0,2265,0,728,86,4,1048576,4194304,8388608,2097152,16777216,2097152,33554432,8388608,16777216,2097152,8388608,1048576,65536,1.094834804534912
"3,19,22,90",WIN,4,6372301.0,90-69-split-proof.csv,split-exact-search child,10000,WIN,10000,17,9979,0.0908744,0.9979,110041.99202415643,0,0,0,0,1,1,1,1,11,34,230,684,1895,2640,2784,1442,261,15,0,0,33,229,683,0,1894,0,2639,0,2783,0,1442,261,15,1048576,4194304,8388608,2097152,16777216,2097152,33554432,8388608,16777216,2097152,8388608,1048576,65536,1.0130865573883057
"3,19,23,90",WIN,4,13041993.0,90-69-split-proof.csv,split-exact-search child,10000,WIN,10000,16,9968,0.0900189,0.9968,111087.78267674899,0,0,0,0,1,1,1,3,20,148,627,1705,2757,2841,1547,332,17,0,0,0,147,626,1704,0,2756,0,2840,0,1546,0,332,17,0,1048576,4194304,8388608,2097152,16777216,2097152,33554432,8388608,16777216,2097152,8388608,1048576,65536,1.0455284118652344
"3,19,24,90",WIN,4,9238120.0,90-69-split-proof.csv,split-exact-search child,10000,WIN,10000,17,9981,0.0958428,0.9981,104337.51935460983,0,0,0,0,1,1,1,3,9,93,363,1381,2546,3105,2025,447,24,1,0,0,92,362,1380,0,2545,0,3105,0,2025,0,447,24,1,1048576,4194304,8388608,2097152,16777216,2097152,33554432,8388608,16777216,2097152,8388608,1048576,65536,1.060260534286499
"3,19,25,90",WIN,4,6908987.0,90-69-split-proof.csv,split-exact-search child,10000,WIN,10000,16,9971,0.0880932,0.9971,113516.13972474607,0,0,0,0,1,1,1,7,14,128,449,1534,2462,3040,1890,445,28,0,0,0,127,448,1533,0,2461,0,3039,0,1890,0,445,28,0,1048576,4194304,8388608,2097152,16777216,2097152,33554432,8388608,16777216,2097152,8388608,1048576,65536,1.03999662399292
"3,19,26,90",WIN,4,8197677.0,90-69-split-proof.csv,split-exact-search child,10000,WIN,10000,17,9983,0.0933476,0.9983,107126.48209487979,0,0,0,0,1,1,1,1,7,43,249,785,1901,2733,2642,1327,288,21,0,0,42,248,784,0,1900,0,2732,0,2641,0,1327,288,21,1048576,4194304,8388608,2097152,16777216,2097152,33554432,8388608,16777216,2097152,8388608,1048576,65536,1.0920543670654297
"3,19,27,90",WIN,4,6334507.0,90-69-split-proof.csv,split-exact-search child,10000,WIN,10000,17,9981,0.0922179,0.9981,108438.81719275757,0,0,0,0,1,1,1,1,9,58,262,835,2003,2776,2668,1180,193,12,0,0,57,261,834,0,2002,0,2775,0,2667,0,1180,193,12,1048576,4194304,8388608,2097152,16777216,2097152,33554432,8388608,16777216,2097152,8388608,1048576,65536,1.0160706043243408
"3,19,28,90",WIN,4,8267832.0,90-69-split-proof.csv,split-exact-search child,10000,WIN,10000,16,9966,0.0907112,0.9966,110239.97036749596,0,0,0,0,1,1,1,1,24,84,482,1228,2455,2863,2156,654,50,0,0,0,83,481,1227,0,2454,0,2862,0,2155,0,654,50,0,1048576,4194304,8388608,2097152,16777216,2097152,33554432,8388608,16777216,2097152,8388608,1048576,65536,1.0277299880981445
"3,19,29,90",WIN,4,5094523.0,90-69-split-proof.csv,split-exact-search child,10000,WIN,10000,17,9986,0.0887914,0.9986,112623.51984539043,0,0,0,0,1,1,1,1,4,57,225,957,2088,3021,2512,993,136,3,0,0,56,224,956,0,2087,0,3020,0,2511,0,993,136,3,1048576,4194304,8388608,2097152,16777216,2097152,33554432,8388608,16777216,2097152,8388608,1048576,65536,1.0046031475067139
"3,19,30,90",WIN,4,7707559.0,90-69-split-proof.csv,split-exact-search child,10000,WIN,10000,17,9966,0.0906982,0.9966,110255.77133835069,0,0,0,0,1,1,1,5,22,175,577,1673,2583,2846,1669,410,36,1,0,0,174,576,1672,0,2582,0,2846,0,1669,0,410,36,1,1048576,4194304,8388608,2097152,16777216,2097152,33554432,8388608,16777216,2097152,8388608,1048576,65536,1.0077030658721924
"3,19,31,90",WIN,4,11373990.0,90-69-split-proof.csv,split-exact-search child,10000,WIN,10000,17,9961,0.0878432,0.9961,113839.20440056828,0,0,0,0,1,1,1,7,25,186,609,1777,2639,2870,1505,323,52,4,0,0,185,608,1776,0,2638,0,2870,0,1505,0,323,52,4,1048576,4194304,8388608,2097152,16777216,2097152,33554432,8388608,16777216,2097152,8388608,1048576,65536,1.0186347961425781
"3,19,32,90",WIN,4,7528807.0,90-69-split-proof.csv,split-exact-search child,10000,WIN,10000,16,9978,0.0893746,0.9978,111888.61264833633,0,0,0,0,1,1,1,1,14,43,291,888,2242,2869,2584,972,93,0,0,0,42,290,887,0,2241,0,2869,0,2584,0,972,93,0,1048576,4194304,8388608,2097152,16777216,2097152,33554432,8388608,16777216,2097152,8388608,1048576,65536,1.0216364860534668
"3,19,33,90",WIN,4,6620736.0,90-69-split-proof.csv,split-exact-search child,10000,WIN,10000,16,9965,0.0879525,0.9965,113697.73457263864,0,0,0,0,1,1,1,4,22,139,575,1697,2689,2882,1637,336,16,0,0,0,138,574,1696,0,2688,0,2881,0,1636,0,336,16,0,1048576,4194304,8388608,2097152,16777216,2097152,33554432,8388608,16777216,2097152,8388608,1048576,65536,1.004138708114624
"3,19,34,90",WIN,4,13249982.0,90-69-split-proof.csv,split-exact-search child,10000,WIN,10000,18,9977,0.0906564,0.9977,110306.60824828694,0,0,0,0,1,1,1,2,6,65,245,960,1990,2861,2468,1104,259,29,8,0,64,244,959,0,1989,0,2861,0,2468,0,1104,259,29,1048576,4194304,8388608,2097152,16777216,2097152,33554432,8388608,16777216,2097152,8388608,1048576,65536,1.0106496810913086
"3,19,35,90",WIN,4,11975784.0,90-69-split-proof.csv,split-exact-search child,10000,WIN,10000,17,9978,0.0912688,0.9978,109566.46740178463,0,0,0,0,1,1,1,3,11,110,426,1394,2532,3091,1921,473,35,1,0,0,109,425,1393,0,2531,0,3090,0,1921,0,473,35,1,1048576,4194304,8388608,2097152,16777216,2097152,33554432,8388608,16777216,2097152,8388608,1048576,65536,1.0282421112060547
"3,19,36,90",WIN,4,5325192.0,90-69-split-proof.csv,split-exact-search child,10000,WIN,10000,17,9979,0.0895328,0.9979,111690.91104042318,0,0,0,0,1,1,1,2,11,99,344,1237,2327,2976,2246,688,66,1,0,0,98,343,1236,0,2326,0,2975,0,2246,0,688,66,1,1048576,4194304,8388608,2097152,16777216,2097152,33554432,8388608,16777216,2097152,8388608,1048576,65536,1.0169486999511719
"3,19,37,90",WIN,4,7155746.0,90-69-split-proof.csv,split-exact-search child,10000,WIN,10000,17,9962,0.0878963,0.9962,113770.43174741144,0,0,0,0,1,1,1,4,26,182,579,1625,2571,2823,1612,489,80,6,0,0,181,578,1624,0,2570,0,2822,0,1612,0,489,80,6,1048576,4194304,8388608,2097152,16777216,2097152,33554432,8388608,16777216,2097152,8388608,1048576,65536,1.0304970741271973
"3,19,38,90",WIN,4,8525938.0,90-69-split-proof.csv,split-exact-search child,10000,WIN,10000,17,9973,0.0885683,0.9973,112907.21398062287,0,0,0,0,1,1,1,3,15,119,434,1439,2459,2945,1991,537,53,2,0,0,118,433,1438,0,2458,0,2944,0,1990,0,537,53,2,1048576,4194304,8388608,2097152,16777216,2097152,33554432,8388608,16777216,2097152,8388608,1048576,65536,1.089939832687378
"3,19,39,90",WIN,4,3878404.0,90-69-split-proof.csv,split-exact-search child,10000,WIN,10000,17,9972,0.0902869,0.9972,110758.03909537263,0,0,0,0,1,1,1,1,20,46,312,832,2076,2708,2632,1179,184,7,0,0,45,311,831,0,2075,0,2708,0,2632,0,1179,184,7,1048576,4194304,8388608,2097152,16777216,2097152,33554432,8388608,16777216,2097152,8388608,1048576,65536,1.0571913719177246
"3,19,40,90",WIN,4,5167417.0,90-69-split-proof.csv,split-exact-search child,10000,WIN,10000,17,9967,0.0900326,0.9967,111070.87877057865,0,0,0,0,1,1,1,2,21,130,564,1583,2758,2900,1592,396,49,2,0,0,129,563,1582,0,2757,0,2899,0,1591,0,395,49,2,1048576,4194304,8388608,2097152,16777216,2097152,33554432,8388608,16777216,2097152,8388608,1048576,65536,1.1123583316802979
"3,19,41,90",WIN,4,7891054.0,90-69-split-proof.csv,split-exact-search child,10000,WIN,10000,17,9970,0.0917129,0.997,109035.9153401539,0,0,0,0,1,1,1,2,20,82,363,1094,2341,2908,2288,805,92,2,0,0,81,362,1093,0,2340,0,2907,0,2288,0,805,92,2,1048576,4194304,8388608,2097152,16777216,2097152,33554432,8388608,16777216,2097152,8388608,1048576,65536,1.0411779880523682
"3,19,42,90",WIN,4,10457544.0,90-69-split-proof.csv,split-exact-search child,10000,WIN,10000,17,9981,0.0935129,0.9981,106937.11776663968,0,0,0,0,1,1,1,1,9,44,278,884,2102,2815,2610,1079,165,10,0,0,43,277,883,0,2101,0,2814,0,2609,0,1079,165,10,1048576,4194304,8388608,2097152,16777216,2097152,33554432,8388608,16777216,2097152,8388608,1048576,65536,1.160942554473877
"3,19,43,90",WIN,4,8319222.0,90-69-split-proof.csv,split-exact-search child,10000,WIN,10000,16,9970,0.0903469,0.997,110684.48391699107,0,0,0,0,1,1,1,1,21,101,508,1410,2658,2989,1920,381,8,0,0,0,100,507,1409,0,2657,0,2988,0,1920,0,381,8,0,1048576,4194304,8388608,2097152,16777216,2097152,33554432,8388608,16777216,2097152,8388608,1048576,65536,1.0224347114562988
"3,19,44,90",WIN,4,14816809.0,90-69-split-proof.csv,split-exact-search child,10000,WIN,10000,16,9977,0.0924203,0.9977,108201.33671931384,0,0,0,0,1,1,1,3,13,135,532,1574,2605,3021,1748,354,12,0,0,0,134,531,1573,0,2604,0,3021,0,1748,0,354,12,0,1048576,4194304,8388608,2097152,16777216,2097152,33554432,8388608,16777216,2097152,8388608,1048576,65536,1.1768505573272705
"3,19,45,90",WIN,4,7464647.0,90-69-split-proof.csv,split-exact-search child,10000,WIN,10000,17,9977,0.0930171,0.9977,107507.1142832877,0,0,0,0,1,1,1,3,12,105,401,1257,2348,2888,2140,722,112,9,0,0,104,400,1256,0,2347,0,2887,0,2140,0,722,112,9,1048576,4194304,8388608,2097152,16777216,2097152,33554432,8388608,16777216,2097152,8388608,1048576,65536,1.025317907333374
"3,19,46,90",WIN,4,10243755.0,90-69-split-proof.csv,split-exact-search child,10000,WIN,10000,16,9951,0.0891292,0.9951,112196.67628566171,0,0,0,0,1,1,1,7,33,197,610,1738,2593,2865,1592,340,22,0,0,0,196,609,1737,0,2592,0,2864,0,1591,0,340,22,0,1048576,4194304,8388608,2097152,16777216,2097152,33554432,8388608,16777216,2097152,8388608,1048576,65536,1.0039072036743164
"3,19,47,90",WIN,4,10789044.0,90-69-split-proof.csv,split-exact-search child,10000,WIN,10000,16,9963,0.0907346,0.9963,110211.54002993346,0,0,0,0,1,1,1,6,24,190,657,1819,2781,2916,1366,228,10,0,0,0,189,656,1818,0,2780,0,2916,0,1366,0,228,10,0,1048576,4194304,8388608,2097152,16777216,2097152,33554432,8388608,16777216,2097152,8388608,1048576,65536,1.0168170928955078
"3,19,48,90",WIN,4,10269485.0,90-69-split-proof.csv,split-exact-search child,10000,WIN,10000,16,9980,0.090256,0.998,110795.9581634462,0,0,0,0,1,1,1,2,13,86,336,1167,2251,2999,2309,760,74,0,0,0,85,335,1167,0,2251,0,2999,0,2309,0,760,74,0,1048576,4194304,8388608,2097152,16777216,2097152,33554432,8388608,16777216,2097152,8388608,1048576,65536,1.0375304222106934
"3,19,49,90",WIN,4,6550989.0,90-69-split-proof.csv,split-exact-search child,10000,WIN,10000,17,9979,0.0927566,0.9979,107809.04000362239,0,0,0,0,1,1,1,1,12,64,309,897,2048,2628,2452,1223,331,32,0,0,63,308,896,0,2047,0,2627,0,2452,0,1223,331,32,1048576,4194304,8388608,2097152,16777216,2097152,33554432,8388608,16777216,2097152,8388608,1048576,65536,1.0349955558776855
"3,19,50,90",WIN,4,7741880.0,90-69-split-proof.csv,split-exact-search child,10000,WIN,10000,16,9978,0.0927618,0.9978,107802.99649209049,0,0,0,0,1,1,1,3,12,142,515,1651,2667,3025,1649,319,14,0,0,0,141,514,1650,0,2666,0,3025,0,1649,0,319,14,0,1048576,4194304,8388608,2097152,16777216,2097152,33554432,8388608,16777216,2097152,8388608,1048576,65536,1.0130956172943115
"3,19,51,90",WIN,4,15763634.0,90-69-split-proof.csv,split-exact-search child,10000,WIN,10000,17,9968,0.122975,0.9968,81317.34092295181,0,0,0,0,1,1,1,4,20,138,551,1626,2648,2925,1660,388,36,1,0,0,137,550,1625,0,2647,0,2924,0,1660,0,388,36,1,1048576,4194304,8388608,2097152,16777216,2097152,33554432,8388608,16777216,2097152,8388608,1048576,65536,1.0383632183074951
"3,19,52,90",WIN,4,12218025.0,90-69-split-proof.csv,split-exact-search child,10000,WIN,10000,16,9971,0.087918,0.9971,113742.3508269069,0,0,0,0,1,1,1,2,17,115,426,1331,2408,2930,2136,595,37,0,0,0,114,425,1330,0,2407,0,2929,0,2135,0,594,37,0,1048576,4194304,8388608,2097152,16777216,2097152,33554432,8388608,16777216,2097152,8388608,1048576,65536,1.00492525100708
"3,19,53,90",WIN,4,20524472.0,90-69-split-proof.csv,split-exact-search child,10000,WIN,10000,16,9955,0.0897949,0.9955,111364.89934283574,0,0,0,0,1,1,1,6,31,184,667,1787,2778,2853,1431,250,10,0,0,0,183,666,1786,0,2777,0,2852,0,1431,0,250,10,0,1048576,4194304,8388608,2097152,16777216,2097152,33554432,8388608,16777216,2097152,8388608,1048576,65536,1.0198071002960205
"3,19,54,90",WIN,4,9235512.0,90-69-split-proof.csv,split-exact-search child,10000,WIN,10000,16,9982,0.0888894,0.9982,112499.35312871952,0,0,0,0,1,1,1,5,9,105,320,1333,2285,3150,2195,552,43,0,0,0,104,320,1333,0,2285,0,3150,0,2195,0,552,43,0,1048576,4194304,8388608,2097152,16777216,2097152,33554432,8388608,16777216,2097152,8388608,1048576,65536,1.0113999843597412
"3,19,55,90",WIN,4,9124817.0,90-69-split-proof.csv,split-exact-search child,10000,WIN,10000,17,9971,0.0994938,0.9971,100508.77542118203,0,0,0,0,1,1,1,4,18,147,560,1670,2693,2928,1558,370,47,2,0,0,146,559,1669,0,2692,0,2928,0,1558,0,370,47,2,1048576,4194304,8388608,2097152,16777216,2097152,33554432,8388608,16777216,2097152,8388608,1048576,65536,1.01704740524292
"3,19,56,90",WIN,4,9540713.0,90-69-split-proof.csv,split-exact-search child,10000,WIN,10000,16,9978,0.0893017,0.9978,111979.95110955335,0,0,0,0,1,1,1,2,14,109,452,1460,2581,3044,1858,447,30,0,0,0,108,451,1459,0,2581,0,3044,0,1858,0,447,30,0,1048576,4194304,8388608,2097152,16777216,2097152,33554432,8388608,16777216,2097152,8388608,1048576,65536,1.0085334777832031
"3,19,57,90",WIN,4,10041393.0,90-69-split-proof.csv,split-exact-search child,10000,WIN,10000,17,9984,0.0914969,0.9984,109293.32032014198,0,0,0,0,1,1,1,2,6,87,308,1176,2200,3046,2190,848,131,3,0,0,86,307,1175,0,2199,0,3045,0,2190,0,848,131,3,1048576,4194304,8388608,2097152,16777216,2097152,33554432,8388608,16777216,2097152,8388608,1048576,65536,1.0562191009521484
"3,19,58,90",WIN,4,5094523.0,90-69-split-proof.csv,split-exact-search child,10000,WIN,10000,17,9986,0.0924406,0.9986,108177.57565398753,0,0,0,0,1,1,1,1,4,57,225,957,2088,3021,2512,993,136,3,0,0,56,224,956,0,2087,0,3020,0,2511,0,993,136,3,1048576,4194304,8388608,2097152,16777216,2097152,33554432,8388608,16777216,2097152,8388608,1048576,65536,1.0117285251617432
"3,19,59,90",WIN,4,7255476.0,90-69-split-proof.csv,split-exact-search child,10000,WIN,10000,18,9970,0.0935542,0.997,106889.9098062941,0,0,0,0,1,1,1,2,6,47,234,816,1923,2812,2560,1223,313,46,15,0,46,233,815,0,1922,0,2812,0,2560,0,1223,313,46,1048576,4194304,8388608,2097152,16777216,2097152,33554432,8388608,16777216,2097152,8388608,1048576,65536,1.0646555423736572
"3,19,60,90",WIN,4,5656909.0,90-69-split-proof.csv,split-exact-search child,10000,WIN,10000,16,9981,0.0909595,0.9981,109939.03880298375,0,0,0,0,1,1,1,1,9,73,316,1060,2289,3054,2449,703,43,0,0,0,72,315,1059,0,2288,0,3053,0,2448,0,703,43,0,1048576,4194304,8388608,2097152,16777216,2097152,33554432,8388608,16777216,2097152,8388608,1048576,65536,1.0524990558624268
"3,19,61,90",WIN,4,10284637.0,90-69-split-proof.csv,split-exact-search child,10000,WIN,10000,16,9975,0.0909309,0.9975,109973.61732920272,0,0,0,0,1,1,1,3,13,110,458,1471,2546,3038,1870,454,34,0,0,0,109,457,1470,0,2545,0,3037,0,1869,0,454,34,0,1048576,4194304,8388608,2097152,16777216,2097152,33554432,8388608,16777216,2097152,8388608,1048576,65536,1.0882587432861328
"3,19,62,90",WIN,4,10017847.0,90-69-split-proof.csv,split-exact-search child,10000,WIN,10000,17,9968,0.0906004,0.9968,110374.78863227977,0,0,0,0,1,1,1,4,21,140,558,1528,2512,2818,1849,519,47,1,0,0,139,557,1527,0,2511,0,2818,0,1849,0,519,47,1,1048576,4194304,8388608,2097152,16777216,2097152,33554432,8388608,16777216,2097152,8388608,1048576,65536,1.0296571254730225
"3,19,63,90",WIN,4,6801089.0,90-69-split-proof.csv,split-exact-search child,10000,WIN,10000,17,9979,0.0888423,0.9979,112558.99498324559,0,0,0,0,1,1,1,3,9,78,312,1116,2241,2973,2352,817,93,3,0,0,77,311,1115,0,2240,0,2972,0,2351,0,817,93,3,1048576,4194304,8388608,2097152,16777216,2097152,33554432,8388608,16777216,2097152,8388608,1048576,65536,1.0933856964111328
"3,19,64,90",WIN,4,8099181.0,90-69-split-proof.csv,split-exact-search child,10000,WIN,10000,16,9966,0.0879176,0.9966,113742.86832215621,0,0,0,0,1,1,1,3,22,118,491,1482,2558,2988,1891,422,22,0,0,0,117,490,1481,0,2557,0,2987,0,1890,0,422,22,0,1048576,4194304,8388608,2097152,16777216,2097152,33554432,8388608,16777216,2097152,8388608,1048576,65536,1.010507583618164
"3,19,65,90",WIN,4,8142733.0,90-69-split-proof.csv,split-exact-search child,10000,WIN,10000,16,9973,0.0888734,0.9973,112519.60654143983,0,0,0,0,1,1,1,3,16,96,411,1298,2501,3024,2094,532,22,0,0,0,95,410,1297,0,2500,0,3023,0,2094,0,532,22,0,1048576,4194304,8388608,2097152,16777216,2097152,33554432,8388608,16777216,2097152,8388608,1048576,65536,1.0496063232421875
"3,19,66,90",WIN,4,8024727.0,90-69-split-proof.csv,split-exact-search child,10000,WIN,10000,17,9949,0.0875795,0.9949,114181.97180847115,0,0,0,0,1,1,1,7,36,179,643,1645,2592,2796,1580,412,93,14,0,0,178,642,1644,0,2591,0,2795,0,1580,0,412,93,14,1048576,4194304,8388608,2097152,16777216,2097152,33554432,8388608,16777216,2097152,8388608,1048576,65536,1.0169556140899658
"3,19,67,90",WIN,4,8011239.0,90-69-split-proof.csv,split-exact-search child,10000,WIN,10000,17,9970,0.0890009,0.997,112358.41435311329,0,0,0,0,1,1,1,7,15,156,474,1553,2510,2984,1828,430,38,2,0,0,155,473,1552,0,2509,0,2983,0,1828,0,430,38,2,1048576,4194304,8388608,2097152,16777216,2097152,33554432,8388608,16777216,2097152,8388608,1048576,65536,1.0978684425354004
"3,19,68,90",WIN,4,20070927.0,90-69-split-proof.csv,split-exact-search child,10000,WIN,10000,16,9968,0.0896917,0.9968,111493.03670239275,0,0,0,0,1,1,1,1,23,69,440,1202,2565,2993,2110,565,29,0,0,0,68,439,1201,0,2564,0,2992,0,2110,0,565,29,0,1048576,4194304,8388608,2097152,16777216,2097152,33554432,8388608,16777216,2097152,8388608,1048576,65536,0.9991648197174072
"3,19,70,90",WIN,4,5826785.0,90-69-split-proof.csv,split-exact-search child,10000,WIN,10000,17,9977,0.0923925,0.9977,108233.8934437319,0,0,0,0,1,1,1,1,15,74,348,1071,2340,2883,2369,823,72,1,0,0,73,347,1070,0,2339,0,2883,0,2369,0,823,72,1,1048576,4194304,8388608,2097152,16777216,2097152,33554432,8388608,16777216,2097152,8388608,1048576,65536,1.0985355377197266
"3,19,71,90",WIN,4,10783223.0,90-69-split-proof.csv,split-exact-search child,10000,WIN,10000,17,9977,0.0919211,0.9977,108788.95052387318,0,0,0,0,1,1,1,2,12,73,264,1015,2112,2952,2490,923,141,13,0,0,72,263,1014,0,2111,0,2951,0,2489,0,923,141,13,1048576,4194304,8388608,2097152,16777216,2097152,33554432,8388608,16777216,2097152,8388608,1048576,65536,1.0254554748535156
"3,19,72,90",WIN,4,6283115.0,90-69-split-proof.csv,split-exact-search child,10000,WIN,10000,17,9972,0.0918206,0.9972,108908.02281840894,0,0,0,0,1,1,1,1,17,47,322,915,2214,2831,2490,1001,149,10,0,0,46,321,914,0,2213,0,2830,0,2489,0,1000,149,10,1048576,4194304,8388608,2097152,16777216,2097152,33554432,8388608,16777216,2097152,8388608,1048576,65536,1.0702626705169678
"3,19,80,90",WIN,4,11167298.0,90-69-split-proof.csv,split-exact-search child,10000,WIN,10000,17,9975,0.0904255,0.9975,110588.27432527329,0,0,0,0,1,1,1,5,12,146,536,1723,2764,2970,1521,297,22,1,0,0,145,535,1722,0,2763,0,2969,0,1521,0,297,22,1,1048576,4194304,8388608,2097152,16777216,2097152,33554432,8388608,16777216,2097152,8388608,1048576,65536,1.0216336250305176
"3,19,81,90",WIN,4,9147847.0,90-69-split-proof.csv,split-exact-search child,10000,WIN,10000,16,9981,0.087421,0.9981,114388.99120348658,0,0,0,0,1,1,1,3,11,108,405,1497,2563,3144,1894,359,13,0,0,0,107,404,1497,0,2563,0,3144,0,1894,0,359,13,0,1048576,4194304,8388608,2097152,16777216,2097152,33554432,8388608,16777216,2097152,8388608,1048576,65536,1.0090136528015137
"3,4,19,90",WIN,4,11879485.0,90-69-split-proof.csv,split-exact-search child,10000,WIN,10000,16,9967,0.0895769,0.9967,111635.9239937975,0,0,0,0,1,1,1,7,21,173,546,1657,2529,2873,1679,463,49,0,0,0,172,545,1657,0,2529,0,2873,0,1679,0,463,49,0,1048576,4194304,8388608,2097152,16777216,2097152,33554432,8388608,16777216,2097152,8388608,1048576,65536,1.048729658126831
"3,5,19,90",WIN,4,9687373.0,90-69-split-proof.csv,split-exact-search child,10000,WIN,10000,16,9965,0.0876412,0.9965,114101.58692487095,0,0,0,0,1,1,1,5,21,175,636,1780,2799,2863,1435,269,14,0,0,0,174,635,1779,0,2798,0,2862,0,1434,0,269,14,0,1048576,4194304,8388608,2097152,16777216,2097152,33554432,8388608,16777216,2097152,8388608,1048576,65536,1.004422664642334
"3,6,19,90",WIN,4,5474852.0,90-69-split-proof.csv,split-exact-search child,10000,WIN,10000,17,9981,0.0963752,0.9981,103761.13356963203,0,0,0,0,1,1,1,4,8,113,320,1325,2214,3148,2170,630,64,1,0,0,112,319,1324,0,2213,0,3148,0,2170,0,630,64,1,1048576,4194304,8388608,2097152,16777216,2097152,33554432,8388608,16777216,2097152,8388608,1048576,65536,1.0351390838623047
"3,7,19,90",WIN,4,5397606.0,90-69-split-proof.csv,split-exact-search child,10000,WIN,10000,17,9981,0.0904689,0.9981,110535.22260135804,0,0,0,0,1,1,1,2,10,87,330,1244,2358,3140,2188,583,53,2,0,0,86,329,1243,0,2357,0,3140,0,2188,0,583,53,2,1048576,4194304,8388608,2097152,16777216,2097152,33554432,8388608,16777216,2097152,8388608,1048576,65536,1.039576530456543
"3,8,19,90",WIN,4,5612447.0,90-69-split-proof.csv,split-exact-search child,10000,WIN,10000,16,9955,0.105684,0.9955,94621.70243367019,0,0,0,0,1,1,1,6,31,184,667,1787,2778,2853,1431,250,10,0,0,0,183,666,1786,0,2777,0,2852,0,1431,0,250,10,0,1048576,4194304,8388608,2097152,16777216,2097152,33554432,8388608,16777216,2097152,8388608,1048576,65536,1.0786890983581543
"3,8,69,90",WIN,4,4881263.0,90-69-split-proof.csv,split-exact-search child,10000,WIN,10000,16,9977,0.122812,0.9977,81425.26788913136,0,0,0,0,1,1,1,3,12,88,313,1084,2147,2904,2428,915,103,0,0,0,87,312,1083,0,2146,0,2903,0,2428,0,915,103,0,1048576,4194304,8388608,2097152,16777216,2097152,33554432,8388608,16777216,2097152,8388608,1048576,65536,1.276308298110962
"3,9,19,90",WIN,4,5014701.0,90-69-split-proof.csv,split-exact-search child,10000,WIN,10000,17,9972,0.128812,0.9972,77632.518709437,0,0,0,0,1,1,1,1,17,47,322,915,2214,2831,2490,1001,149,10,0,0,46,321,914,0,2213,0,2830,0,2489,0,1000,149,10,1048576,4194304,8388608,2097152,16777216,2097152,33554432,8388608,16777216,2097152,8388608,1048576,65536,1.52687406539917
"8,10,69,90",WIN,4,8728530.0,90-69-split-proof.csv,split-exact-search child,10000,WIN,10000,16,9974,0.103369,0.9974,96740.80236821483,0,0,0,0,1,1,1,2,17,137,563,1573,2731,2947,1656,351,20,0,0,0,136,562,1572,0,2730,0,2947,0,1656,0,351,20,0,1048576,4194304,8388608,2097152,16777216,2097152,33554432,8388608,16777216,2097152,8388608,1048576,65536,1.4036202430725098
"8,11,69,90",WIN,4,11458467.0,90-69-split-proof.csv,split-exact-search child,10000,WIN,10000,16,9975,0.121197,0.9975,82510.29315907159,0,0,0,0,1,1,1,2,15,92,420,1262,2428,2938,2086,686,68,0,0,0,91,419,1261,0,2427,0,2937,0,2086,0,686,68,0,1048576,4194304,8388608,2097152,16777216,2097152,33554432,8388608,16777216,2097152,8388608,1048576,65536,1.384326457977295
"8,12,69,90",WIN,4,12382845.0,90-69-split-proof.csv,split-exact-search child,10000,WIN,10000,16,9978,0.12044,0.9978,83028.89405513118,0,0,0,0,1,1,1,5,12,114,430,1408,2464,3077,1933,512,42,0,0,0,113,429,1408,0,2464,0,3077,0,1933,0,512,42,0,1048576,4194304,8388608,2097152,16777216,2097152,33554432,8388608,16777216,2097152,8388608,1048576,65536,1.2397956848144531
"8,20,69,90",WIN,4,12521340.0,90-69-split-proof.csv,split-exact-search child,10000,WIN,10000,17,9984,0.175873,0.9984,56859.21090787102,0,0,0,0,1,1,1,1,7,43,268,818,1965,2733,2565,1313,268,16,0,0,42,267,817,0,1964,0,2732,0,2565,0,1313,268,16,1048576,4194304,8388608,2097152,16777216,2097152,33554432,8388608,16777216,2097152,8388608,1048576,65536,1.9966623783111572
"8,21,69,90",WIN,4,5461865.0,90-69-split-proof.csv,split-exact-search child,10000,WIN,10000,17,9979,0.16466,0.9979,60731.20369245719,0,0,0,0,1,1,1,4,11,81,302,1126,2174,2920,2430,849,98,2,0,0,80,301,1125,0,2174,0,2920,0,2430,0,849,98,2,1048576,4194304,8388608,2097152,16777216,2097152,33554432,8388608,16777216,2097152,8388608,1048576,65536,1.89137864112854
"8,22,69,90",WIN,4,9920541.0,90-69-split-proof.csv,split-exact-search child,10000,WIN,10000,17,9943,0.135504,0.9943,73798.55945211949,0,0,0,0,1,1,1,2,46,233,854,1823,2662,2573,1385,346,65,8,0,0,232,853,1822,0,2661,0,2572,0,1384,0,346,65,8,1048576,4194304,8388608,2097152,16777216,2097152,33554432,8388608,16777216,2097152,8388608,1048576,65536,1.5653831958770752
"8,30,69,90",WIN,4,5890681.0,90-69-split-proof.csv,split-exact-search child,10000,WIN,10000,17,9984,0.105731,0.9984,94579.6407865243,0,0,0,0,1,1,1,3,5,49,235,884,1973,2796,2588,1233,221,10,0,0,48,234,883,0,1972,0,2795,0,2588,0,1233,221,10,1048576,4194304,8388608,2097152,16777216,2097152,33554432,8388608,16777216,2097152,8388608,1048576,65536,1.313798427581787
"8,31,69,90",WIN,4,10860524.0,90-69-split-proof.csv,split-exact-search child,10000,WIN,10000,16,9970,0.0982133,0.997,101819.20371273544,0,0,0,0,1,1,1,3,21,160,576,1724,2615,2942,1623,315,18,0,0,0,159,575,1723,0,2615,0,2942,0,1623,0,315,18,0,1048576,4194304,8388608,2097152,16777216,2097152,33554432,8388608,16777216,2097152,8388608,1048576,65536,1.1391329765319824
"8,32,69,90",WIN,4,9552327.0,90-69-split-proof.csv,split-exact-search child,10000,WIN,10000,17,9981,0.0954372,0.9981,104780.94495647399,0,0,0,0,1,1,1,4,8,113,320,1325,2214,3148,2170,630,64,1,0,0,112,319,1324,0,2213,0,3148,0,2170,0,630,64,1,1048576,4194304,8388608,2097152,16777216,2097152,33554432,8388608,16777216,2097152,8388608,1048576,65536,1.2190678119659424
"8,40,69,90",WIN,4,7742897.0,90-69-split-proof.csv,split-exact-search child,10000,WIN,10000,17,9972,0.0946026,0.9972,105705.34002236725,0,0,0,0,1,1,1,5,15,137,536,1590,2579,2884,1771,432,45,3,0,0,136,535,1589,0,2578,0,2883,0,1771,0,432,45,3,1048576,4194304,8388608,2097152,16777216,2097152,33554432,8388608,16777216,2097152,8388608,1048576,65536,1.1266872882843018
"8,41,69,90",WIN,4,29093975.0,90-69-split-proof.csv,split-exact-search child,10000,WIN,10000,16,9980,0.0904109,0.998,110606.13266763189,0,0,0,0,1,1,1,3,10,113,438,1405,2473,3037,1999,487,32,0,0,0,112,437,1404,0,2472,0,3037,0,1999,0,487,32,0,1048576,4194304,8388608,2097152,16777216,2097152,33554432,8388608,16777216,2097152,8388608,1048576,65536,1.0959832668304443
"8,42,69,90",WIN,4,9528574.0,90-69-split-proof.csv,split-exact-search child,10000,WIN,10000,16,9983,0.0940508,0.9983,106325.51769894567,0,0,0,0,1,1,1,2,7,95,372,1391,2577,3282,1905,351,15,0,0,0,94,371,1390,0,2576,0,3281,0,1905,0,351,15,0,1048576,4194304,8388608,2097152,16777216,2097152,33554432,8388608,16777216,2097152,8388608,1048576,65536,1.0382800102233887
"8,50,69,90",WIN,4,10439901.0,90-69-split-proof.csv,split-exact-search child,10000,WIN,10000,16,9975,0.0905913,0.9975,110385.87590640603,0,0,0,0,1,1,1,4,12,138,473,1608,2655,3081,1672,333,21,0,0,0,137,472,1607,0,2654,0,3080,0,1671,0,333,21,0,1048576,4194304,8388608,2097152,16777216,2097152,33554432,8388608,16777216,2097152,8388608,1048576,65536,1.0623393058776855
"8,51,69,90",WIN,4,9288090.0,90-69-split-proof.csv,split-exact-search child,10000,WIN,10000,17,9969,0.0881609,0.9969,113428.96907812874,0,0,0,0,1,1,1,5,18,144,547,1570,2488,2853,1808,510,53,1,0,0,143,546,1569,0,2487,0,2852,0,1808,0,510,53,1,1048576,4194304,8388608,2097152,16777216,2097152,33554432,8388608,16777216,2097152,8388608,1048576,65536,1.046851396560669
"8,52,69,90",WIN,4,12739337.0,90-69-split-proof.csv,split-exact-search child,10000,WIN,10000,16,9961,0.0889397,0.9961,112435.72892645242,0,0,0,0,1,1,1,5,27,169,602,1748,2737,2890,1511,293,15,0,0,0,168,601,1747,0,2736,0,2890,0,1511,0,293,15,0,1048576,4194304,8388608,2097152,16777216,2097152,33554432,8388608,16777216,2097152,8388608,1048576,65536,1.0570080280303955
"8,60,69,90",WIN,4,6182497.0,90-69-split-proof.csv,split-exact-search child,10000,WIN,10000,16,9969,0.0911731,0.9969,109681.4740312658,0,0,0,0,1,1,1,4,19,135,456,1531,2572,2999,1862,403,16,0,0,0,134,455,1530,0,2571,0,2998,0,1862,0,403,16,0,1048576,4194304,8388608,2097152,16777216,2097152,33554432,8388608,16777216,2097152,8388608,1048576,65536,1.0349500179290771
"8,61,69,90",WIN,4,5710231.0,90-69-split-proof.csv,split-exact-search child,10000,WIN,10000,16,9946,0.0907042,0.9946,110248.47801976094,0,0,0,0,1,1,1,3,41,203,796,1785,2696,2627,1506,326,14,0,0,0,202,795,1784,0,2695,0,2626,0,1505,0,325,14,0,1048576,4194304,8388608,2097152,16777216,2097152,33554432,8388608,16777216,2097152,8388608,1048576,65536,1.0078177452087402
"8,62,69,90",WIN,4,27666903.0,90-69-split-proof.csv,split-exact-search child,10000,WIN,10000,17,9972,0.0917868,0.9972,108948.12761747876,0,0,0,0,1,1,1,3,20,94,382,1162,2351,2945,2208,744,86,2,0,0,93,381,1162,0,2351,0,2945,0,2208,0,744,86,2,1048576,4194304,8388608,2097152,16777216,2097152,33554432,8388608,16777216,2097152,8388608,1048576,65536,1.056483507156372
"8,69,70,90",WIN,4,8846667.0,90-69-split-proof.csv,split-exact-search child,10000,WIN,10000,17,9985,0.0889169,0.9985,112464.55960565427,0,0,0,0,1,1,1,1,7,59,271,1007,2215,3053,2414,860,108,2,0,0,58,270,1006,0,2214,0,3053,0,2414,0,860,108,2,1048576,4194304,8388608,2097152,16777216,2097152,33554432,8388608,16777216,2097152,8388608,1048576,65536,1.0296666622161865
"8,69,71,90",WIN,4,12704652.0,90-69-split-proof.csv,split-exact-search child,10000,WIN,10000,17,9963,0.0896564,0.9963,111536.9343404375,0,0,0,0,1,1,1,2,26,105,545,1363,2521,2718,1868,718,125,6,0,0,104,544,1362,0,2520,0,2717,0,1867,0,718,125,6,1048576,4194304,8388608,2097152,16777216,2097152,33554432,8388608,16777216,2097152,8388608,1048576,65536,1.0296664237976074
"8,69,80,90",WIN,4,5881079.0,90-69-split-proof.csv,split-exact-search child,10000,WIN,10000,17,9970,0.0882995,0.997,113250.9244106705,0,0,0,0,1,1,1,5,17,179,544,1653,2553,2918,1735,363,28,2,0,0,178,543,1652,0,2552,0,2917,0,1735,0,363,28,2,1048576,4194304,8388608,2097152,16777216,2097152,33554432,8388608,16777216,2097152,8388608,1048576,65536,1.0200250148773193
"0,20,30,39",WIN,4,3510894.0,90-69-split-proof.csv,split-exact-search child,10000,WIN,10000,17,9981,0.091063,0.9981,109814.08475451061,0,0,0,0,1,1,1,3,9,89,284,1056,2038,2917,2455,1004,139,3,0,0,88,283,1055,0,2037,0,2917,0,2455,0,1004,139,3,1048576,4194304,8388608,2097152,16777216,2097152,33554432,8388608,16777216,2097152,8388608,1048576,65536,1.018446445465088
"0,20,39,40",WIN,4,4158917.0,90-69-split-proof.csv,split-exact-search child,10000,WIN,10000,17,9984,0.0910723,0.9984,109802.87090586271,0,0,0,0,1,1,1,1,7,40,229,814,2054,2883,2635,1167,165,2,0,0,39,228,813,0,2053,0,2882,0,2635,0,1167,165,2,1048576,4194304,8388608,2097152,16777216,2097152,33554432,8388608,16777216,2097152,8388608,1048576,65536,1.025409460067749
"0,20,39,41",WIN,4,8919051.0,90-69-split-proof.csv,split-exact-search child,10000,WIN,10000,17,9982,0.0910335,0.9982,109849.670725612,0,0,0,0,1,1,1,2,12,69,335,1019,2216,2816,2395,988,140,5,0,0,68,335,1019,0,2216,0,2816,0,2395,0,988,140,5,1048576,4194304,8388608,2097152,16777216,2097152,33554432,8388608,16777216,2097152,8388608,1048576,65536,1.011267900466919
"0,20,39,42",WIN,4,7646718.0,90-69-split-proof.csv,split-exact-search child,10000,WIN,10000,17,9978,0.0909555,0.9978,109943.8736525004,0,0,0,0,1,1,1,1,16,47,317,916,2177,2724,2502,1127,166,4,0,0,46,316,916,0,2177,0,2724,0,2502,0,1127,166,4,1048576,4194304,8388608,2097152,16777216,2097152,33554432,8388608,16777216,2097152,8388608,1048576,65536,1.0361196994781494
"0,20,39,43",WIN,4,7969101.0,90-69-split-proof.csv,split-exact-search child,10000,WIN,10000,17,9982,0.0892641,0.9982,112027.11952509463,0,0,0,0,1,1,1,2,10,77,319,1096,2272,2983,2412,757,67,2,0,0,76,318,1095,0,2272,0,2983,0,2412,0,757,67,2,1048576,4194304,8388608,2097152,16777216,2097152,33554432,8388608,16777216,2097152,8388608,1048576,65536,1.0575592517852783
"0,20,39,44",WIN,4,6111774.0,90-69-split-proof.csv,split-exact-search child,10000,WIN,10000,16,9975,0.0888936,0.9975,112494.03781599575,0,0,0,0,1,1,1,4,13,125,415,1409,2368,2968,2086,567,42,0,0,0,124,414,1408,0,2367,0,2967,0,2086,0,567,42,0,1048576,4194304,8388608,2097152,16777216,2097152,33554432,8388608,16777216,2097152,8388608,1048576,65536,1.0090670585632324
"0,20,39,50",WIN,4,5258499.0,90-69-split-proof.csv,split-exact-search child,10000,WIN,10000,16,9971,0.091731,0.9971,109014.400802346,0,0,0,0,1,1,1,5,17,146,510,1590,2591,3054,1732,337,15,0,0,0,145,509,1589,0,2590,0,3054,0,1732,0,337,15,0,1048576,4194304,8388608,2097152,16777216,2097152,33554432,8388608,16777216,2097152,8388608,1048576,65536,1.0548524856567383
"0,20,39,51",WIN,4,4366040.0,90-69-split-proof.csv,split-exact-search child,10000,WIN,10000,17,9976,0.0885824,0.9976,112889.24210678418,0,0,0,0,1,1,1,3,13,116,422,1354,2367,3002,1995,630,91,4,0,0,115,421,1353,0,2366,0,3001,0,1995,0,630,91,4,1048576,4194304,8388608,2097152,16777216,2097152,33554432,8388608,16777216,2097152,8388608,1048576,65536,1.0359065532684326
"0,20,39,52",WIN,4,6182041.0,90-69-split-proof.csv,split-exact-search child,10000,WIN,10000,16,9980,0.0891903,0.998,112119.81571987088,0,0,0,0,1,1,1,2,12,86,343,1178,2264,2911,2286,830,85,0,0,0,85,342,1177,0,2264,0,2911,0,2286,0,830,85,0,1048576,4194304,8388608,2097152,16777216,2097152,33554432,8388608,16777216,2097152,8388608,1048576,65536,1.0294854640960693
"0,20,39,53",WIN,4,4810599.0,90-69-split-proof.csv,split-exact-search child,10000,WIN,10000,17,9956,0.0865355,0.9956,115559.51025879552,0,0,0,0,1,1,1,4,31,154,579,1638,2605,2973,1644,340,28,1,0,0,153,578,1637,0,2604,0,2972,0,1643,0,340,28,1,1048576,4194304,8388608,2097152,16777216,2097152,33554432,8388608,16777216,2097152,8388608,1048576,65536,0.9985899925231934
"0,20,39,54",WIN,4,7253702.0,90-69-split-proof.csv,split-exact-search child,10000,WIN,10000,17,9980,0.0891043,0.998,112228.02939925458,0,0,0,0,1,1,1,3,10,95,408,1306,2474,3074,2044,528,53,2,0,0,94,407,1305,0,2473,0,3074,0,2044,0,528,53,2,1048576,4194304,8388608,2097152,16777216,2097152,33554432,8388608,16777216,2097152,8388608,1048576,65536,1.0635697841644287
"0,20,39,60",WIN,4,4533818.0,90-69-split-proof.csv,split-exact-search child,10000,WIN,10000,16,9969,0.0881625,0.9969,113426.91053452432,0,0,0,0,1,1,1,4,19,136,518,1558,2593,2968,1754,418,29,0,0,0,135,517,1557,0,2592,0,2967,0,1754,0,418,29,0,1048576,4194304,8388608,2097152,16777216,2097152,33554432,8388608,16777216,2097152,8388608,1048576,65536,1.050328254699707
"0,20,39,61",WIN,4,8444300.0,90-69-split-proof.csv,split-exact-search child,10000,WIN,10000,17,9987,0.0941823,0.9987,106177.0629937897,0,0,0,0,1,1,1,1,4,27,177,685,1813,2846,2884,1358,200,2,0,0,26,176,684,0,1812,0,2845,0,2884,0,1358,200,2,1048576,4194304,8388608,2097152,16777216,2097152,33554432,8388608,16777216,2097152,8388608,1048576,65536,1.0951740741729736
"0,20,39,62",WIN,4,7721112.0,90-69-split-proof.csv,split-exact-search child,10000,WIN,10000,16,9984,0.0887036,0.9984,112734.99609936915,0,0,0,0,1,1,1,1,8,53,275,1012,2204,3114,2454,801,75,0,0,0,52,274,1011,0,2203,0,3114,0,2454,0,801,75,0,1048576,4194304,8388608,2097152,16777216,2097152,33554432,8388608,16777216,2097152,8388608,1048576,65536,1.0400259494781494
"0,20,39,63",WIN,4,10362457.0,90-69-split-proof.csv,split-exact-search child,10000,WIN,10000,17,9976,0.0903415,0.9976,110691.09988211397,0,0,0,0,1,1,1,3,13,84,374,1196,2295,2839,2224,858,109,2,0,0,83,373,1195,0,2294,0,2838,0,2224,0,858,109,2,1048576,4194304,8388608,2097152,16777216,2097152,33554432,8388608,16777216,2097152,8388608,1048576,65536,1.0629854202270508
"0,20,39,64",WIN,4,20653821.0,90-69-split-proof.csv,split-exact-search child,10000,WIN,10000,16,9977,0.0907226,0.9977,110226.11785817426,0,0,0,0,1,1,1,1,17,77,377,1091,2373,2964,2386,678,33,0,0,0,76,376,1091,0,2373,0,2964,0,2386,0,678,33,0,1048576,4194304,8388608,2097152,16777216,2097152,33554432,8388608,16777216,2097152,8388608,1048576,65536,1.0409502983093262
"0,20,39,70",WIN,4,4895288.0,90-69-split-proof.csv,split-exact-search child,10000,WIN,10000,17,9979,0.0908681,0.9979,110049.62137427767,0,0,0,0,1,1,1,4,7,86,315,1124,2177,2905,2334,917,126,2,0,0,85,314,1123,0,2176,0,2904,0,2333,0,916,126,2,1048576,4194304,8388608,2097152,16777216,2097152,33554432,8388608,16777216,2097152,8388608,1048576,65536,1.030228614807129
"0,20,39,71",WIN,4,4987184.0,90-69-split-proof.csv,split-exact-search child,10000,WIN,10000,17,9987,0.0917022,0.9987,109048.63787346432,0,0,0,0,1,1,1,1,4,39,173,664,1720,2716,2832,1531,301,16,0,0,38,172,663,0,1719,0,2715,0,2832,0,1531,301,16,1048576,4194304,8388608,2097152,16777216,2097152,33554432,8388608,16777216,2097152,8388608,1048576,65536,1.0112197399139404
"0,20,39,72",WIN,4,7229368.0,90-69-split-proof.csv,split-exact-search child,10000,WIN,10000,16,9969,0.0874256,0.9969,114382.97249318277,0,0,0,0,1,1,1,6,18,122,433,1542,2566,3048,1815,414,33,0,0,0,121,432,1541,0,2565,0,3048,0,1815,0,414,33,0,1048576,4194304,8388608,2097152,16777216,2097152,33554432,8388608,16777216,2097152,8388608,1048576,65536,1.0115153789520264
"0,20,39,73",WIN,4,11247326.0,90-69-split-proof.csv,split-exact-search child,10000,WIN,10000,16,9972,0.0897252,0.9972,111451.40941452346,0,0,0,0,1,1,1,3,15,112,490,1501,2728,3061,1719,350,18,0,0,0,111,489,1500,0,2727,0,3060,0,1718,0,349,18,0,1048576,4194304,8388608,2097152,16777216,2097152,33554432,8388608,16777216,2097152,8388608,1048576,65536,1.0123622417449951
"0,20,39,74",WIN,4,9182301.0,90-69-split-proof.csv,split-exact-search child,10000,WIN,10000,16,9979,0.0879562,0.9979,113692.95171915113,0,0,0,0,1,1,1,3,11,119,430,1496,2558,3158,1848,359,15,0,0,0,118,429,1495,0,2557,0,3158,0,1848,0,359,15,0,1048576,4194304,8388608,2097152,16777216,2097152,33554432,8388608,16777216,2097152,8388608,1048576,65536,1.0037949085235596
"0,20,39,80",WIN,4,9843878.0,90-69-split-proof.csv,split-exact-search child,10000,WIN,10000,17,9979,0.0923544,0.9979,108278.54438987206,0,0,0,0,1,1,1,3,10,96,359,1227,2264,2967,2143,819,108,1,0,0,95,358,1226,0,2263,0,2966,0,2143,0,819,108,1,1048576,4194304,8388608,2097152,16777216,2097152,33554432,8388608,16777216,2097152,8388608,1048576,65536,1.0116541385650635
"0,20,39,81",WIN,4,11089693.0,90-69-split-proof.csv,split-exact-search child,10000,WIN,10000,17,9981,0.089714,0.9981,111465.32313797178,0,0,0,0,1,1,1,2,7,98,299,1177,2156,2928,2342,875,110,3,0,0,97,298,1176,0,2155,0,2927,0,2341,0,874,110,3,1048576,4194304,8388608,2097152,16777216,2097152,33554432,8388608,16777216,2097152,8388608,1048576,65536,1.0379831790924072
"0,20,39,82",WIN,4,9301828.0,90-69-split-proof.csv,split-exact-search child,10000,WIN,10000,18,9976,0.0918237,0.9976,108904.34604573765,0,0,0,0,1,1,1,1,7,44,257,903,2071,2864,2490,1126,211,16,7,0,43,256,902,0,2070,0,2863,0,2489,0,1126,211,16,1048576,4194304,8388608,2097152,16777216,2097152,33554432,8388608,16777216,2097152,8388608,1048576,65536,1.0216107368469238
"0,20,39,83",WIN,4,12868639.0,90-69-split-proof.csv,split-exact-search child,10000,WIN,10000,16,9979,0.0925114,0.9979,108094.78615608455,0,0,0,0,1,1,1,1,10,47,315,1066,2326,3022,2423,735,52,0,0,0,46,314,1065,0,2325,0,3021,0,2422,0,734,52,0,1048576,4194304,8388608,2097152,16777216,2097152,33554432,8388608,16777216,2097152,8388608,1048576,65536,1.0381011962890625
"0,20,39,84",WIN,4,8806610.0,90-69-split-proof.csv,split-exact-search child,10000,WIN,10000,17,9980,0.0902032,0.998,110860.81203327599,0,0,0,0,1,1,1,1,11,93,364,1262,2424,3032,2164,592,52,2,0,0,92,363,1261,0,2423,0,3031,0,2164,0,592,52,2,1048576,4194304,8388608,2097152,16777216,2097152,33554432,8388608,16777216,2097152,8388608,1048576,65536,1.0268361568450928
"0,20,39,90",WIN,4,7075780.0,90-69-split-proof.csv,split-exact-search child,10000,WIN,10000,16,9962,0.0871468,0.9962,114748.90644292161,0,0,0,0,1,1,1,5,28,163,636,1710,2784,2929,1466,266,10,0,0,0,162,635,1710,0,2784,0,2929,0,1466,0,266,10,0,1048576,4194304,8388608,2097152,16777216,2097152,33554432,8388608,16777216,2097152,8388608,1048576,65536,1.0298488140106201
"0,9,29,30",WIN,4,5311320.0,90-69-split-proof.csv,split-exact-search child,10000,WIN,10000,17,9980,0.0887651,0.998,112656.88879976477,0,0,0,0,1,1,1,2,10,61,334,1041,2294,2933,2397,836,88,1,0,0,60,333,1040,0,2293,0,2932,0,2397,0,836,88,1,1048576,4194304,8388608,2097152,16777216,2097152,33554432,8388608,16777216,2097152,8388608,1048576,65536,1.0380735397338867
"1,69,70,90",WIN,4,5692938.0,90-69-split-proof.csv,split-exact-search child,10000,WIN,10000,17,9979,0.0952583,0.9979,104977.728974798,0,0,0,0,1,1,1,1,11,41,286,836,2075,2800,2606,1163,173,5,0,0,40,285,835,0,2074,0,2799,0,2605,0,1163,173,5,1048576,4194304,8388608,2097152,16777216,2097152,33554432,8388608,16777216,2097152,8388608,1048576,65536,1.075411081314087
"1,9,29,30",WIN,4,5880087.0,90-69-split-proof.csv,split-exact-search child,10000,WIN,10000,17,9972,0.0900446,0.9972,111056.07665534635,0,0,0,0,1,1,1,3,17,121,452,1447,2522,2949,1936,500,47,3,0,0,120,451,1446,0,2521,0,2948,0,1936,0,500,47,3,1048576,4194304,8388608,2097152,16777216,2097152,33554432,8388608,16777216,2097152,8388608,1048576,65536,1.0148255825042725
"2,69,70,90",WIN,4,8731899.0,90-69-split-proof.csv,split-exact-search child,10000,WIN,10000,17,9979,0.0894461,0.9979,111799.1729097188,0,0,0,0,1,1,1,3,9,82,357,1302,2452,3123,2116,514,38,1,0,0,81,356,1301,0,2451,0,3122,0,2115,0,514,38,1,1048576,4194304,8388608,2097152,16777216,2097152,33554432,8388608,16777216,2097152,8388608,1048576,65536,1.0556142330169678
"2,9,29,30",WIN,4,4942559.0,90-69-split-proof.csv,split-exact-search child,10000,WIN,10000,17,9972,0.0909442,0.9972,109957.53440021463,0,0,0,0,1,1,1,3,17,121,452,1447,2522,2949,1936,500,47,3,0,0,120,451,1446,0,2521,0,2948,0,1936,0,500,47,3,1048576,4194304,8388608,2097152,16777216,2097152,33554432,8388608,16777216,2097152,8388608,1048576,65536,1.0420713424682617
"3,69,70,90",WIN,4,5503185.0,90-69-split-proof.csv,split-exact-search child,10000,WIN,10000,17,9979,0.0912009,0.9979,109648.04075398379,0,0,0,0,1,1,1,1,11,41,286,836,2075,2800,2606,1163,173,5,0,0,40,285,835,0,2074,0,2799,0,2605,0,1163,173,5,1048576,4194304,8388608,2097152,16777216,2097152,33554432,8388608,16777216,2097152,8388608,1048576,65536,1.043954849243164
"3,9,29,30",WIN,4,3473805.0,90-69-split-proof.csv,split-exact-search child,10000,WIN,10000,17,9981,0.0925306,0.9981,108072.35660419363,0,0,0,0,1,1,1,3,9,89,284,1056,2038,2917,2455,1004,139,3,0,0,88,283,1055,0,2037,0,2917,0,2455,0,1004,139,3,1048576,4194304,8388608,2097152,16777216,2097152,33554432,8388608,16777216,2097152,8388608,1048576,65536,1.0586788654327393
"4,69,70,90",WIN,4,7880961.0,90-69-split-proof.csv,split-exact-search child,10000,WIN,10000,17,9987,0.0902464,0.9987,110807.74413162186,0,0,0,0,1,1,1,1,5,59,226,933,1973,2996,2579,1046,172,7,0,0,58,225,932,0,1972,0,2996,0,2579,0,1046,172,7,1048576,4194304,8388608,2097152,16777216,2097152,33554432,8388608,16777216,2097152,8388608,1048576,65536,1.010565996170044
"4,9,29,30",WIN,4,5590831.0,90-69-split-proof.csv,split-exact-search child,10000,WIN,10000,18,9973,0.0898713,0.9973,111270.22753648828,0,0,0,0,1,1,1,4,10,92,253,1064,2000,2845,2452,1033,215,23,6,0,91,252,1063,0,1999,0,2845,0,2452,0,1033,215,23,1048576,4194304,8388608,2097152,16777216,2097152,33554432,8388608,16777216,2097152,8388608,1048576,65536,1.0457186698913574
"5,69,70,90",WIN,4,8999426.0,90-69-split-proof.csv,split-exact-search child,10000,WIN,10000,17,9979,0.0919543,0.9979,108749.67239161192,0,0,0,0,1,1,1,3,12,118,398,1397,2393,3006,2026,577,65,2,0,0,117,397,1396,0,2393,0,3006,0,2026,0,577,65,2,1048576,4194304,8388608,2097152,16777216,2097152,33554432,8388608,16777216,2097152,8388608,1048576,65536,1.059957504272461
"5,9,29,30",WIN,4,4922877.0,90-69-split-proof.csv,split-exact-search child,10000,WIN,10000,17,9984,0.0924692,0.9984,108144.11717631384,0,0,0,0,1,1,1,1,6,50,242,781,1950,2796,2717,1279,171,4,0,0,49,241,780,0,1949,0,2795,0,2716,0,1279,171,4,1048576,4194304,8388608,2097152,16777216,2097152,33554432,8388608,16777216,2097152,8388608,1048576,65536,1.0935814380645752
"6,69,70,90",WIN,4,13334051.0,90-69-split-proof.csv,split-exact-search child,10000,WIN,10000,16,9970,0.0929445,0.997,107591.08930598368,0,0,0,0,1,1,1,6,16,165,476,1650,2473,2977,1835,379,20,0,0,0,164,475,1649,0,2472,0,2976,0,1835,0,379,20,0,1048576,4194304,8388608,2097152,16777216,2097152,33554432,8388608,16777216,2097152,8388608,1048576,65536,0.993311882019043
"6,9,29,30",WIN,4,4230409.0,90-69-split-proof.csv,split-exact-search child,10000,WIN,10000,17,9975,0.0897231,0.9975,111454.01797307494,0,0,0,0,1,1,1,1,15,73,418,1220,2406,2834,2162,776,91,1,0,0,72,417,1219,0,2405,0,2833,0,2161,0,776,91,1,1048576,4194304,8388608,2097152,16777216,2097152,33554432,8388608,16777216,2097152,8388608,1048576,65536,1.017218828201294
"7,69,70,90",WIN,4,6912299.0,90-69-split-proof.csv,split-exact-search child,10000,WIN,10000,17,9973,0.0906285,0.9973,110340.56615744495,0,0,0,0,1,1,1,3,18,110,399,1317,2417,2984,2117,583,48,1,0,0,109,398,1316,0,2417,0,2984,0,2117,0,583,48,1,1048576,4194304,8388608,2097152,16777216,2097152,33554432,8388608,16777216,2097152,8388608,1048576,65536,1.0353429317474365
"7,9,29,30",WIN,4,5739973.0,90-69-split-proof.csv,split-exact-search child,10000,WIN,10000,17,9981,0.0913911,0.9981,109419.84503961545,0,0,0,0,1,1,1,3,9,89,284,1056,2038,2917,2455,1004,139,3,0,0,88,283,1055,0,2037,0,2917,0,2455,0,1004,139,3,1048576,4194304,8388608,2097152,16777216,2097152,33554432,8388608,16777216,2097152,8388608,1048576,65536,1.0098247528076172
"8,9,29,30",WIN,4,4698669.0,90-69-split-proof.csv,split-exact-search child,10000,WIN,10000,17,9976,0.090497,0.9976,110500.90058233976,0,0,0,0,1,1,1,2,15,72,334,1042,2189,2785,2438,959,150,11,0,0,71,333,1041,0,2188,0,2785,0,2438,0,959,150,11,1048576,4194304,8388608,2097152,16777216,2097152,33554432,8388608,16777216,2097152,8388608,1048576,65536,1.0260508060455322
"9,11,29,30",WIN,4,4860950.0,90-69-split-proof.csv,split-exact-search child,10000,WIN,10000,17,9981,0.0906718,0.9981,110287.8734071674,0,0,0,0,1,1,1,2,9,72,298,957,2105,2851,2538,1037,127,1,0,0,71,297,956,0,2104,0,2850,0,2538,0,1037,127,1,1048576,4194304,8388608,2097152,16777216,2097152,33554432,8388608,16777216,2097152,8388608,1048576,65536,1.044999122619629
"9,12,29,30",WIN,4,11963121.0,90-69-split-proof.csv,split-exact-search child,10000,WIN,10000,17,9979,0.0916945,0.9979,109057.79517855488,0,0,0,0,1,1,1,3,10,96,359,1227,2264,2967,2143,819,108,1,0,0,95,358,1226,0,2263,0,2966,0,2143,0,819,108,1,1048576,4194304,8388608,2097152,16777216,2097152,33554432,8388608,16777216,2097152,8388608,1048576,65536,1.010387897491455
"9,13,29,30",WIN,4,7605710.0,90-69-split-proof.csv,split-exact-search child,10000,WIN,10000,17,9979,0.104481,0.9979,95711.18193738574,0,0,0,0,1,1,1,3,11,105,406,1413,2424,2983,2055,544,51,2,0,0,104,405,1412,0,2423,0,2983,0,2055,0,544,51,2,1048576,4194304,8388608,2097152,16777216,2097152,33554432,8388608,16777216,2097152,8388608,1048576,65536,1.0347213745117188
"9,14,29,30",WIN,4,11980065.0,90-69-split-proof.csv,split-exact-search child,10000,WIN,10000,16,9962,0.137507,0.9962,72723.57043641416,0,0,0,0,1,1,1,5,24,148,548,1586,2620,2885,1716,434,31,0,0,0,147,547,1585,0,2619,0,2884,0,1715,0,434,31,0,1048576,4194304,8388608,2097152,16777216,2097152,33554432,8388608,16777216,2097152,8388608,1048576,65536,1.442556381225586
"9,15,29,30",WIN,4,7715171.0,90-69-split-proof.csv,split-exact-search child,10000,WIN,10000,16,9980,0.135393,0.998,73859.06213762896,0,0,0,0,1,1,1,2,11,77,350,1188,2406,3055,2242,622,44,0,0,0,76,349,1187,0,2405,0,3055,0,2242,0,622,44,0,1048576,4194304,8388608,2097152,16777216,2097152,33554432,8388608,16777216,2097152,8388608,1048576,65536,1.570112705230713
"9,16,29,30",WIN,4,4895288.0,90-69-split-proof.csv,split-exact-search child,10000,WIN,10000,17,9979,0.104983,0.9979,95253.51723612394,0,0,0,0,1,1,1,4,7,86,315,1124,2177,2905,2334,917,126,2,0,0,85,314,1123,0,2176,0,2904,0,2333,0,916,126,2,1048576,4194304,8388608,2097152,16777216,2097152,33554432,8388608,16777216,2097152,8388608,1048576,65536,1.324249505996704
"9,17,29,30",WIN,4,12302987.0,90-69-split-proof.csv,split-exact-search child,10000,WIN,10000,17,9976,0.0907078,0.9976,110244.1024917372,0,0,0,0,1,1,1,3,12,120,393,1240,2233,2858,2220,812,103,3,0,0,119,392,1239,0,2232,0,2857,0,2219,0,812,103,3,1048576,4194304,8388608,2097152,16777216,2097152,33554432,8388608,16777216,2097152,8388608,1048576,65536,1.1371703147888184
"9,18,29,30",WIN,4,11459001.0,90-69-split-proof.csv,split-exact-search child,10000,WIN,10000,17,9959,0.09004,0.9959,111061.75033318526,0,0,0,0,1,1,2,3,30,151,512,1376,2383,2744,1972,704,117,4,0,0,150,511,1375,0,2382,0,2744,0,1972,0,704,117,4,1048576,4194304,8388608,2097152,16777216,2097152,33554432,8388608,16777216,2097152,8388608,1048576,65536,1.1167092323303223
"9,19,29,30",WIN,4,6312321.0,90-69-split-proof.csv,split-exact-search child,10000,WIN,10000,17,9982,0.090685,0.9982,110271.8200363897,0,0,0,0,1,1,1,2,10,78,325,1127,2275,2973,2321,787,94,5,0,0,77,324,1126,0,2275,0,2973,0,2321,0,787,94,5,1048576,4194304,8388608,2097152,16777216,2097152,33554432,8388608,16777216,2097152,8388608,1048576,65536,1.084864854812622
"9,20,29,30",WIN,4,6908233.0,90-69-split-proof.csv,split-exact-search child,10000,WIN,10000,17,9972,0.0910252,0.9972,109859.68720749859,0,0,0,0,1,1,1,3,17,121,452,1447,2522,2949,1936,500,47,3,0,0,120,451,1446,0,2521,0,2948,0,1936,0,500,47,3,1048576,4194304,8388608,2097152,16777216,2097152,33554432,8388608,16777216,2097152,8388608,1048576,65536,1.047116756439209
"9,21,29,30",WIN,4,8864666.0,90-69-split-proof.csv,split-exact-search child,10000,WIN,10000,16,9969,0.088414,0.9969,113104.259506413,0,0,0,0,1,1,1,4,19,136,518,1558,2593,2968,1754,418,29,0,0,0,135,517,1557,0,2592,0,2967,0,1754,0,418,29,0,1048576,4194304,8388608,2097152,16777216,2097152,33554432,8388608,16777216,2097152,8388608,1048576,65536,1.0777616500854492
"9,22,29,30",WIN,4,6273066.0,90-69-split-proof.csv,split-exact-search child,10000,WIN,10000,16,9949,0.0965043,0.9949,103622.3256373032,0,0,0,0,1,1,1,5,39,209,793,1872,2759,2689,1373,250,8,0,0,0,208,792,1871,0,2758,0,2689,0,1373,0,250,8,0,1048576,4194304,8388608,2097152,16777216,2097152,33554432,8388608,16777216,2097152,8388608,1048576,65536,1.010180950164795
"9,23,29,30",WIN,4,5807012.0,90-69-split-proof.csv,split-exact-search child,10000,WIN,10000,16,9966,0.0882774,0.9966,113279.27646260537,0,0,0,0,1,1,1,4,23,132,515,1489,2576,2904,1851,474,29,0,0,0,131,514,1488,0,2575,0,2904,0,1851,0,474,29,0,1048576,4194304,8388608,2097152,16777216,2097152,33554432,8388608,16777216,2097152,8388608,1048576,65536,1.0026609897613525
"9,24,29,30",WIN,4,17984457.0,90-69-split-proof.csv,split-exact-search child,10000,WIN,10000,17,9974,0.0910236,0.9974,109861.61830558229,0,0,0,0,1,1,1,4,13,83,349,1093,2154,2814,2289,1010,180,8,0,0,82,348,1092,0,2153,0,2813,0,2288,0,1010,180,8,1048576,4194304,8388608,2097152,16777216,2097152,33554432,8388608,16777216,2097152,8388608,1048576,65536,1.0308339595794678
"9,25,29,30",WIN,4,5121746.0,90-69-split-proof.csv,split-exact-search child,10000,WIN,10000,16,9968,0.0884803,0.9968,113019.50829732721,0,0,0,0,1,1,1,6,19,158,578,1638,2670,2872,1686,354,16,0,0,0,157,577,1637,0,2669,0,2872,0,1686,0,354,16,0,1048576,4194304,8388608,2097152,16777216,2097152,33554432,8388608,16777216,2097152,8388608,1048576,65536,1.0093731880187988
"9,26,29,30",WIN,4,18576553.0,90-69-split-proof.csv,split-exact-search child,10000,WIN,10000,16,9973,0.0888515,0.9973,112547.34022498214,0,0,0,0,1,1,1,2,16,120,468,1494,2630,3150,1765,336,16,0,0,0,119,467,1493,0,2629,0,3149,0,1764,0,336,16,0,1048576,4194304,8388608,2097152,16777216,2097152,33554432,8388608,16777216,2097152,8388608,1048576,65536,1.022383213043213
"9,27,29,30",WIN,4,4975177.0,90-69-split-proof.csv,split-exact-search child,10000,WIN,10000,17,9978,0.101418,0.9978,98601.82610581949,0,0,0,0,1,1,1,3,9,98,345,1247,2253,2864,2267,818,92,1,0,0,97,344,1246,0,2252,0,2863,0,2266,0,817,92,1,1048576,4194304,8388608,2097152,16777216,2097152,33554432,8388608,16777216,2097152,8388608,1048576,65536,1.0353505611419678
"9,28,29,30",WIN,4,6480120.0,90-69-split-proof.csv,split-exact-search child,10000,WIN,10000,17,9976,0.0934009,0.9976,107065.3494773605,0,0,0,0,1,1,1,2,14,90,388,1181,2331,2976,2254,696,64,1,0,0,89,387,1180,0,2330,0,2975,0,2254,0,696,64,1,1048576,4194304,8388608,2097152,16777216,2097152,33554432,8388608,16777216,2097152,8388608,1048576,65536,1.0411524772644043
"9,29,30,31",WIN,4,10949669.0,90-69-split-proof.csv,split-exact-search child,10000,WIN,10000,17,9977,0.0889577,0.9977,112412.97830317105,0,0,0,0,1,1,1,3,11,85,352,1152,2255,2819,2215,941,158,6,0,0,84,351,1151,0,2254,0,2818,0,2214,0,941,158,6,1048576,4194304,8388608,2097152,16777216,2097152,33554432,8388608,16777216,2097152,8388608,1048576,65536,1.0392718315124512
"9,29,30,32",WIN,4,7799206.0,90-69-split-proof.csv,split-exact-search child,10000,WIN,10000,16,9945,0.0886313,0.9945,112826.95842213756,0,0,0,0,1,1,2,3,43,163,601,1492,2529,2775,1908,458,24,0,0,0,162,600,1491,0,2528,0,2774,0,1908,0,458,24,0,1048576,4194304,8388608,2097152,16777216,2097152,33554432,8388608,16777216,2097152,8388608,1048576,65536,1.0259997844696045
"9,29,30,33",WIN,4,12705010.0,90-69-split-proof.csv,split-exact-search child,10000,WIN,10000,16,9959,0.0905058,0.9959,110490.15643196348,0,0,0,0,1,1,1,4,30,174,760,1962,2925,2785,1176,176,5,0,0,0,173,759,1961,0,2924,0,2785,0,1176,0,176,5,0,1048576,4194304,8388608,2097152,16777216,2097152,33554432,8388608,16777216,2097152,8388608,1048576,65536,1.05617356300354
"9,29,30,34",WIN,4,8682388.0,90-69-split-proof.csv,split-exact-search child,10000,WIN,10000,16,9974,0.091045,0.9974,109835.79548574881,0,0,0,0,1,1,1,3,15,127,443,1452,2540,2926,1933,518,40,0,0,0,126,442,1451,0,2539,0,2925,0,1933,0,518,40,0,1048576,4194304,8388608,2097152,16777216,2097152,33554432,8388608,16777216,2097152,8388608,1048576,65536,1.021711826324463
"9,29,30,35",WIN,4,7589324.0,90-69-split-proof.csv,split-exact-search child,10000,WIN,10000,16,9966,0.087855,0.9966,113823.91440441637,0,0,0,0,1,1,1,5,23,160,552,1621,2535,2877,1756,435,33,0,0,0,159,551,1620,0,2535,0,2877,0,1756,0,435,33,0,1048576,4194304,8388608,2097152,16777216,2097152,33554432,8388608,16777216,2097152,8388608,1048576,65536,1.0193030834197998
"9,29,30,36",WIN,4,5858342.0,90-69-split-proof.csv,split-exact-search child,10000,WIN,10000,16,9965,0.0871547,0.9965,114738.50520970182,0,0,0,0,1,1,1,4,23,180,605,1720,2672,2950,1553,275,15,0,0,0,179,604,1719,0,2671,0,2949,0,1553,0,275,15,0,1048576,4194304,8388608,2097152,16777216,2097152,33554432,8388608,16777216,2097152,8388608,1048576,65536,1.0232031345367432
"9,29,30,37",WIN,4,6663690.0,90-69-split-proof.csv,split-exact-search child,10000,WIN,10000,16,9968,0.0966871,0.9968,103426.41365807848,0,0,0,0,1,1,1,3,21,134,511,1489,2601,2970,1808,427,33,0,0,0,133,510,1488,0,2600,0,2969,0,1808,0,427,33,0,1048576,4194304,8388608,2097152,16777216,2097152,33554432,8388608,16777216,2097152,8388608,1048576,65536,1.0524282455444336
"9,29,30,38",WIN,4,3364161.0,90-69-split-proof.csv,split-exact-search child,10000,WIN,10000,17,9973,0.0928546,0.9973,107695.25688549626,0,0,0,0,1,1,1,3,18,110,399,1317,2417,2984,2117,583,48,1,0,0,109,398,1316,0,2417,0,2984,0,2117,0,583,48,1,1048576,4194304,8388608,2097152,16777216,2097152,33554432,8388608,16777216,2097152,8388608,1048576,65536,1.0968880653381348
"9,29,30,40",WIN,4,7454398.0,90-69-split-proof.csv,split-exact-search child,10000,WIN,10000,17,9966,0.093586,0.9966,106853.58921206163,0,0,0,0,1,1,1,2,22,102,464,1393,2580,3020,1949,435,29,1,0,0,101,463,1392,0,2579,0,3019,0,1948,0,434,29,1,1048576,4194304,8388608,2097152,16777216,2097152,33554432,8388608,16777216,2097152,8388608,1048576,65536,1.0032587051391602
"9,29,30,41",WIN,4,5103962.0,90-69-split-proof.csv,split-exact-search child,10000,WIN,10000,17,9970,0.0878776,0.997,113794.64163791455,0,0,0,0,1,1,1,4,20,161,533,1668,2623,2952,1678,338,19,1,0,0,160,532,1667,0,2623,0,2952,0,1678,0,338,19,1,1048576,4194304,8388608,2097152,16777216,2097152,33554432,8388608,16777216,2097152,8388608,1048576,65536,1.0802099704742432
"9,29,30,42",WIN,4,9686837.0,90-69-split-proof.csv,split-exact-search child,10000,WIN,10000,17,9984,0.0908538,0.9984,110066.942714559,0,0,0,0,1,1,1,1,8,63,322,1074,2252,2935,2378,841,117,6,0,0,62,321,1073,0,2251,0,2935,0,2378,0,841,117,6,1048576,4194304,8388608,2097152,16777216,2097152,33554432,8388608,16777216,2097152,8388608,1048576,65536,1.0030953884124756
"9,29,30,43",WIN,4,12258406.0,90-69-split-proof.csv,split-exact-search child,10000,WIN,10000,16,9966,0.0909466,0.9966,109954.63271854032,0,0,0,0,1,1,1,4,23,153,578,1611,2642,2859,1751,363,13,0,0,0,152,577,1610,0,2641,0,2859,0,1751,0,363,13,0,1048576,4194304,8388608,2097152,16777216,2097152,33554432,8388608,16777216,2097152,8388608,1048576,65536,1.0616252422332764
"9,29,30,44",WIN,4,16008249.0,90-69-split-proof.csv,split-exact-search child,10000,WIN,10000,16,9968,0.0901273,0.9968,110954.17259809181,0,0,0,0,1,1,1,7,18,164,543,1776,2626,2940,1576,324,23,0,0,0,163,542,1775,0,2625,0,2940,0,1576,0,324,23,0,1048576,4194304,8388608,2097152,16777216,2097152,33554432,8388608,16777216,2097152,8388608,1048576,65536,1.034991979598999
"9,29,30,50",WIN,4,5365025.0,90-69-split-proof.csv,split-exact-search child,10000,WIN,10000,17,9960,0.0922252,0.996,108430.23381895621,0,0,0,0,1,1,1,2,29,125,580,1439,2625,2825,1831,495,44,2,0,0,124,579,1438,0,2624,0,2824,0,1830,0,495,44,2,1048576,4194304,8388608,2097152,16777216,2097152,33554432,8388608,16777216,2097152,8388608,1048576,65536,1.0369951725006104
"9,29,30,51",WIN,4,5380800.0,90-69-split-proof.csv,split-exact-search child,10000,WIN,10000,17,9986,0.0942028,0.9986,106153.95720721676,0,0,0,0,1,1,1,1,6,50,232,896,2037,2901,2638,1069,160,7,0,0,49,231,895,0,2036,0,2901,0,2638,0,1069,160,7,1048576,4194304,8388608,2097152,16777216,2097152,33554432,8388608,16777216,2097152,8388608,1048576,65536,1.0263917446136475
"9,29,30,52",WIN,4,5301054.0,90-69-split-proof.csv,split-exact-search child,10000,WIN,10000,17,9967,0.0871004,0.9967,114810.03531556687,0,0,0,0,1,1,1,5,22,158,575,1591,2608,2793,1755,449,39,2,0,0,157,574,1590,0,2608,0,2793,0,1755,0,449,39,2,1048576,4194304,8388608,2097152,16777216,2097152,33554432,8388608,16777216,2097152,8388608,1048576,65536,1.006140947341919
"9,29,30,53",WIN,4,6657576.0,90-69-split-proof.csv,split-exact-search child,10000,WIN,10000,16,9973,0.101455,0.9973,98565.86664038243,0,0,0,0,1,1,1,1,17,80,427,1229,2426,2927,2153,680,57,0,0,0,79,426,1228,0,2425,0,2926,0,2152,0,680,57,0,1048576,4194304,8388608,2097152,16777216,2097152,33554432,8388608,16777216,2097152,8388608,1048576,65536,1.0149750709533691
"9,29,30,54",WIN,4,16956211.0,90-69-split-proof.csv,split-exact-search child,10000,WIN,10000,16,9971,0.0872622,0.9971,114597.15661535006,0,0,0,0,1,1,1,5,17,146,510,1590,2591,3054,1732,337,15,0,0,0,145,509,1589,0,2590,0,3054,0,1732,0,337,15,0,1048576,4194304,8388608,2097152,16777216,2097152,33554432,8388608,16777216,2097152,8388608,1048576,65536,1.0169923305511475
"9,29,30,60",WIN,4,8290621.0,90-69-split-proof.csv,split-exact-search child,10000,WIN,10000,17,9975,0.088149,0.9975,113444.2818409738,0,0,0,0,1,1,1,3,16,117,450,1467,2538,3002,1938,437,28,1,0,0,116,449,1466,0,2538,0,3002,0,1938,0,437,28,1,1048576,4194304,8388608,2097152,16777216,2097152,33554432,8388608,16777216,2097152,8388608,1048576,65536,1.0658586025238037
"9,29,30,61",WIN,4,4572957.0,90-69-split-proof.csv,split-exact-search child,10000,WIN,10000,16,9977,0.0904267,0.9977,110586.8067727784,0,0,0,0,1,1,1,2,14,114,443,1442,2574,2935,1911,519,43,0,0,0,113,442,1441,0,2573,0,2935,0,1911,0,519,43,0,1048576,4194304,8388608,2097152,16777216,2097152,33554432,8388608,16777216,2097152,8388608,1048576,65536,1.033919334411621
"9,29,30,62",WIN,4,10392210.0,90-69-split-proof.csv,split-exact-search child,10000,WIN,10000,16,9953,0.0878493,0.9953,113831.29973716353,0,0,0,0,1,1,1,9,31,233,692,1941,2672,2771,1387,250,11,0,0,0,232,691,1940,0,2671,0,2771,0,1387,0,250,11,0,1048576,4194304,8388608,2097152,16777216,2097152,33554432,8388608,16777216,2097152,8388608,1048576,65536,1.0173370838165283
"9,29,30,63",WIN,4,4665740.0,90-69-split-proof.csv,split-exact-search child,10000,WIN,10000,17,9969,0.0888111,0.9969,112598.53779538818,0,0,0,0,1,1,1,3,21,115,444,1329,2394,2833,2125,658,72,3,0,0,114,443,1328,0,2393,0,2833,0,2125,0,658,72,3,1048576,4194304,8388608,2097152,16777216,2097152,33554432,8388608,16777216,2097152,8388608,1048576,65536,1.0377213954925537
"9,29,30,64",WIN,4,10808160.0,90-69-split-proof.csv,split-exact-search child,10000,WIN,10000,16,9973,0.0888041,0.9973,112607.41339645354,0,0,0,0,1,1,1,4,16,111,480,1402,2457,2867,2017,600,43,0,0,0,110,479,1401,0,2456,0,2867,0,2017,0,600,43,0,1048576,4194304,8388608,2097152,16777216,2097152,33554432,8388608,16777216,2097152,8388608,1048576,65536,1.0295336246490479
"9,29,30,70",WIN,4,5421546.0,90-69-split-proof.csv,split-exact-search child,10000,WIN,10000,17,9959,0.0896137,0.9959,111590.08053456112,0,0,0,0,1,1,1,10,24,156,488,1474,2345,2824,1957,649,69,1,0,0,155,487,1473,0,2344,0,2824,0,1957,0,649,69,1,1048576,4194304,8388608,2097152,16777216,2097152,33554432,8388608,16777216,2097152,8388608,1048576,65536,0.9902584552764893
"9,29,30,71",WIN,4,6369070.0,90-69-split-proof.csv,split-exact-search child,10000,WIN,10000,17,9983,0.0894773,0.9983,111760.18945587317,0,0,0,0,1,1,1,1,9,96,377,1286,2401,3058,2097,610,59,3,0,0,95,376,1285,0,2400,0,3058,0,2097,0,610,59,3,1048576,4194304,8388608,2097152,16777216,2097152,33554432,8388608,16777216,2097152,8388608,1048576,65536,1.0193877220153809
"9,29,30,72",WIN,4,10722733.0,90-69-split-proof.csv,split-exact-search child,10000,WIN,10000,16,9973,0.0885876,0.9973,112882.61562566318,0,0,0,0,1,1,1,4,15,156,516,1621,2621,2967,1689,382,26,0,0,0,155,515,1620,0,2620,0,2966,0,1689,0,382,26,0,1048576,4194304,8388608,2097152,16777216,2097152,33554432,8388608,16777216,2097152,8388608,1048576,65536,1.0155773162841797
"9,29,30,73",WIN,4,11770121.0,90-69-split-proof.csv,split-exact-search child,10000,WIN,10000,16,9962,0.0922412,0.9962,108411.42569697706,0,0,0,0,1,1,1,2,28,105,532,1419,2683,2977,1818,412,21,0,0,0,104,531,1418,0,2682,0,2976,0,1818,0,412,21,0,1048576,4194304,8388608,2097152,16777216,2097152,33554432,8388608,16777216,2097152,8388608,1048576,65536,1.0373787879943848
"9,29,30,74",WIN,4,4761463.0,90-69-split-proof.csv,split-exact-search child,10000,WIN,10000,16,9972,0.0951625,0.9972,105083.4099566531,0,0,0,0,1,1,1,2,18,76,378,1045,2254,2897,2440,820,67,0,0,0,75,377,1044,0,2253,0,2896,0,2440,0,820,67,0,1048576,4194304,8388608,2097152,16777216,2097152,33554432,8388608,16777216,2097152,8388608,1048576,65536,1.0409445762634277
"9,29,30,80",WIN,4,7221622.0,90-69-split-proof.csv,split-exact-search child,10000,WIN,10000,16,9986,0.09369,0.9986,106734.97705197993,0,0,0,0,1,1,1,3,5,81,292,1211,2286,3054,2272,723,70,0,0,0,80,291,1210,0,2286,0,3054,0,2272,0,723,70,0,1048576,4194304,8388608,2097152,16777216,2097152,33554432,8388608,16777216,2097152,8388608,1048576,65536,1.1132993698120117
"9,29,30,81",WIN,4,8485123.0,90-69-split-proof.csv,split-exact-search child,10000,WIN,10000,17,9975,0.0932023,0.9975,107293.4895383483,0,0,0,0,1,1,1,4,14,101,340,1181,2127,2942,2258,889,136,5,0,0,100,339,1180,0,2126,0,2942,0,2258,0,889,136,5,1048576,4194304,8388608,2097152,16777216,2097152,33554432,8388608,16777216,2097152,8388608,1048576,65536,1.0672855377197266
"9,29,30,82",WIN,4,8254990.0,90-69-split-proof.csv,split-exact-search child,10000,WIN,10000,16,9977,0.097711,0.9977,102342.62263204757,0,0,0,0,1,1,1,3,12,122,481,1592,2637,3005,1767,363,15,0,0,0,121,480,1591,0,2636,0,3004,0,1767,0,363,15,0,1048576,4194304,8388608,2097152,16777216,2097152,33554432,8388608,16777216,2097152,8388608,1048576,65536,1.082550287246704
"9,29,30,83",WIN,4,8629886.0,90-69-split-proof.csv,split-exact-search child,10000,WIN,10000,17,9945,0.088238,0.9945,113329.85788435822,0,0,0,0,1,1,2,2,42,164,711,1646,2734,2620,1574,455,47,1,0,0,163,710,1645,0,2733,0,2619,0,1573,0,454,47,1,1048576,4194304,8388608,2097152,16777216,2097152,33554432,8388608,16777216,2097152,8388608,1048576,65536,1.058521032333374
"9,29,30,84",WIN,4,7893502.0,90-69-split-proof.csv,split-exact-search child,10000,WIN,10000,16,9968,0.0995277,0.9968,100474.54125836326,0,0,0,0,1,1,1,2,25,135,585,1685,2777,3003,1540,237,8,0,0,0,134,584,1685,0,2777,0,3003,0,1540,0,237,8,0,1048576,4194304,8388608,2097152,16777216,2097152,33554432,8388608,16777216,2097152,8388608,1048576,65536,1.0933945178985596
"9,29,30,90",WIN,4,4694565.0,90-69-split-proof.csv,split-exact-search child,10000,WIN,10000,17,9978,0.0969012,0.9978,103197.89641407949,0,0,0,0,1,1,1,3,9,98,345,1247,2253,2864,2267,818,92,1,0,0,97,344,1246,0,2252,0,2863,0,2266,0,817,92,1,1048576,4194304,8388608,2097152,16777216,2097152,33554432,8388608,16777216,2097152,8388608,1048576,65536,1.0221023559570312
"90,61,2,73,69,66,13,91",LOSS,8,10471.0,10X10_PROOF_BENCHMARKS.md,proof-benchmark,10000,LOSS,10000,17,9993,0.09414,0.9993,106224.77161674103,0,0,0,0,0,0,0,0,1,45,183,1033,2102,3274,2438,794,123,7,0,0,44,182,1032,0,2101,0,3273,0,2437,0,794,123,7,1048576,4194304,8388608,2097152,16777216,2097152,33554432,8388608,16777216,2097152,8388608,1048576,65536,1.0063045024871826
"7,16,17,28,30,33,41,48,54,68,69,71,81,92",WIN,14,2.0,10X10_PROOF_BENCHMARKS.md,proof-benchmark,10000,WIN,2,15,2,0.0577006,1.0,34.66168462719625,0,0,0,0,0,0,0,0,0,0,0,0,0,0,1,1,0,0,0,0,0,0,0,0,0,0,0,0,1,0,1,0,0,1048576,4194304,8388608,2097152,16777216,2097152,33554432,8388608,16777216,2097152,8388608,1048576,65536,1.0093226432800293
"90,61,2,73,69,66",LOSS,6,432614.0,six-stone-loss-proof-90-61-2-73-69-66.csv,LOSS-proof-export,1000000,LOSS,432614,18,432175,1.51866,0.9989852385729542,284865.60520458827,0,0,0,0,0,0,1,67,367,3701,14807,55013,103475,132680,92695,27040,2684,80,4,0,3701,14807,55013,0,103475,0,132680,0,92695,0,27040,2684,80,1048576,4194304,8388608,2097152,16777216,2097152,33554432,8388608,16777216,2097152,8388608,1048576,65536,10.017838478088379
"61,2,73,13,91",LOSS,5,7404873.0,five-stone-loss-proof-61-2-73-13-91.csv,LOSS-proof-export,1000000,LOSS,1000000,18,998920,3.84118,0.99892,260336.66737825357,0,0,0,0,0,1,10,89,870,5497,26802,92707,206126,285699,253511,109310,18268,1006,104,0,5496,26801,92706,0,206125,0,285698,0,253510,0,109310,18268,1006,1048576,4194304,8388608,2097152,16777216,2097152,33554432,8388608,16777216,2097152,8388608,1048576,65536,4.820929288864136
"61,73,66,13",LOSS,4,9559583.0,four-stone-loss-proof-61-73-66-13.csv,LOSS-proof-export,1000000,LOSS,1000000,17,994527,3.48377,0.994527,287045.35603670735,0,0,0,0,1,15,27,711,4715,19536,68086,181532,273402,276342,143346,30008,2227,52,0,0,19535,68085,181531,0,273401,0,276342,0,143346,0,30008,2227,52,1048576,4194304,8388608,2097152,16777216,2097152,33554432,8388608,16777216,2097152,8388608,1048576,65536,4.45869779586792
"1,39,80",WIN,3,603662904.0,69-91-expanded-memo.csv,split-exact-search expanded-memo,1000000,WIN,1000000,18,998414,3.49454,0.998414,286160.69640067074,0,0,0,1,1,3,10,195,1366,9101,37424,124989,237362,296740,216216,68703,7633,249,7,0,9100,37423,124988,0,237362,0,296740,0,216216,0,68703,7633,249,1048576,4194304,8388608,2097152,16777216,2097152,33554432,8388608,16777216,2097152,8388608,1048576,65536,4.748677968978882
"1,39,90",LOSS,3,827783863.0,69-91-expanded-memo.csv,split-exact-search expanded-memo,1000000,LOSS,1000000,18,999201,3.63168,0.999201,275354.6567979558,0,0,0,1,1,1,10,32,607,3239,19687,68987,183828,279093,280324,137405,25193,1447,145,0,3238,19686,68987,0,183828,0,279093,0,280324,0,137405,25193,1447,1048576,4194304,8388608,2097152,16777216,2097152,33554432,8388608,16777216,2097152,8388608,1048576,65536,4.5674521923065186
"7,8,30",LOSS,3,826399468.0,69-91-expanded-memo.csv,split-exact-search expanded-memo,1000000,LOSS,1000000,18,998929,3.65265,0.998929,273773.8354345475,0,0,0,1,1,1,17,72,968,4936,25636,87698,205273,285239,261200,111758,16587,607,6,0,4935,25635,87697,0,205272,0,285238,0,261200,0,111758,16587,607,1048576,4194304,8388608,2097152,16777216,2097152,33554432,8388608,16777216,2097152,8388608,1048576,65536,4.570998668670654
"8,17,30",LOSS,3,819209782.0,69-91-expanded-memo.csv,split-exact-search expanded-memo,1000000,LOSS,1000000,18,998338,3.72319,0.998338,268586.8838281151,0,0,0,1,1,2,11,200,1409,8394,35292,115348,227503,288549,226227,84444,12059,527,33,0,8393,35291,115347,0,227502,0,288548,0,226227,0,84444,12059,527,1048576,4194304,8388608,2097152,16777216,2097152,33554432,8388608,16777216,2097152,8388608,1048576,65536,4.398936748504639
"0,8,30",WIN,3,216998113.0,two-stone-69-91-child-proof.csv,split-exact-search shrink=1 load=85,1000000,WIN,1000000,18,998653,3.711,0.998653,269469.1457828079,0,0,0,1,1,1,13,107,1175,6481,29639,99768,216686,291216,247814,94626,12000,426,46,0,6480,29638,99767,0,216686,0,291216,0,247814,0,94626,12000,426,1048576,4194304,8388608,2097152,16777216,2097152,33554432,8388608,16777216,2097152,8388608,1048576,65536,4.440345525741577
"1,8,30",WIN,3,31048468.0,two-stone-69-91-child-proof.csv,split-exact-search shrink=2 load=80,1000000,WIN,1000000,18,998036,3.62,0.998036,276243.0939226519,0,0,0,1,1,5,15,240,1671,9161,36578,117912,228747,288952,223969,81593,10736,391,28,0,9160,36577,117911,0,228747,0,288952,0,223969,0,81593,10736,391,1048576,4194304,8388608,2097152,16777216,2097152,33554432,8388608,16777216,2097152,8388608,1048576,65536,4.3872692584991455
"1,30,39",WIN,3,17796724.0,two-stone-69-91-child-proof.csv,split-exact-search shrink=2 load=80,1000000,WIN,1000000,17,997376,3.45074,0.997376,289792.91398366727,0,0,0,1,1,3,17,328,2271,13144,48573,145115,251422,288541,190288,54424,5705,167,0,0,13143,48572,145114,0,251422,0,288541,0,190288,0,54424,5705,167,1048576,4194304,8388608,2097152,16777216,2097152,33554432,8388608,16777216,2097152,8388608,1048576,65536,4.3869218826293945
"1,39,40",WIN,3,38645226.0,two-stone-69-91-child-proof.csv,split-exact-search shrink=2 load=80,1000000,WIN,1000000,18,997194,3.46214,0.997194,288838.6951423108,0,0,0,1,1,6,13,378,2395,12626,46216,143082,247883,289787,194658,56802,5957,188,7,0,12625,46215,143081,0,247882,0,289786,0,194658,0,56802,5957,188,1048576,4194304,8388608,2097152,16777216,2097152,33554432,8388608,16777216,2097152,8388608,1048576,65536,4.398550271987915
"1,39,41",WIN,3,16410465.0,two-stone-69-91-child-proof.csv,split-exact-search shrink=2 load=80,1000000,WIN,1000000,18,996810,3.33436,0.99681,299907.6284504373,0,0,0,1,1,4,24,362,2789,13450,49155,142848,245568,284623,193134,60554,7213,265,9,0,13450,49155,142848,0,245568,0,284623,0,193134,0,60554,7213,265,1048576,4194304,8388608,2097152,16777216,2097152,33554432,8388608,16777216,2097152,8388608,1048576,65536,4.552431106567383
"1,39,42",WIN,3,18824894.0,two-stone-69-91-child-proof.csv,split-exact-search shrink=2 load=80,1000000,WIN,1000000,18,998258,3.53558,0.998258,282839.02499731304,0,0,0,1,1,1,19,155,1540,7221,32528,105335,222021,288144,240659,90232,11687,437,19,0,7220,32527,105334,0,222020,0,288143,0,240658,0,90232,11687,437,1048576,4194304,8388608,2097152,16777216,2097152,33554432,8388608,16777216,2097152,8388608,1048576,65536,4.420682430267334
"1,39,43",WIN,3,34679456.0,two-stone-69-91-child-proof.csv,split-exact-search shrink=2 load=80,1000000,WIN,1000000,17,997688,3.35908,0.997688,297700.56086785666,0,0,0,1,1,7,9,354,1935,12347,45565,145952,251356,295807,191088,50954,4506,118,0,0,12346,45564,145951,0,251355,0,295806,0,191088,0,50954,4506,118,1048576,4194304,8388608,2097152,16777216,2097152,33554432,8388608,16777216,2097152,8388608,1048576,65536,4.265893220901489
"1,39,44",WIN,3,21518525.0,two-stone-69-91-child-proof.csv,split-exact-search shrink=2 load=80,1000000,WIN,1000000,18,997515,3.50337,0.997515,285439.44830263435,0,0,0,1,1,5,15,285,2166,10260,41126,128040,239117,289046,211215,70044,8369,303,7,0,10259,41125,128039,0,239116,0,289045,0,211215,0,70044,8369,303,1048576,4194304,8388608,2097152,16777216,2097152,33554432,8388608,16777216,2097152,8388608,1048576,65536,4.396969318389893
"1,39,50",WIN,3,45306409.0,two-stone-69-91-child-proof.csv,split-exact-search shrink=2 load=80,1000000,WIN,1000000,18,998611,3.4861,0.998611,286853.5039155503,0,0,0,1,1,1,13,103,1111,5798,27701,93596,208218,285323,252158,107293,17503,1027,153,0,5797,27700,93595,0,208217,0,285322,0,252157,0,107293,17503,1027,1048576,4194304,8388608,2097152,16777216,2097152,33554432,8388608,16777216,2097152,8388608,1048576,65536,4.394484281539917
"1,39,51",WIN,3,33837357.0,two-stone-69-91-child-proof.csv,split-exact-search shrink=2 load=80,1000000,WIN,1000000,17,997203,3.34958,0.997203,298544.89219543943,0,0,0,1,1,6,20,348,2417,12584,46653,138831,245062,286106,198642,61978,7129,222,0,0,12583,46652,138830,0,245061,0,286106,0,198642,0,61978,7129,222,1048576,4194304,8388608,2097152,16777216,2097152,33554432,8388608,16777216,2097152,8388608,1048576,65536,4.24232029914856
"1,39,52",WIN,3,194807387.0,two-stone-69-91-child-proof.csv,split-exact-search shrink=1 load=85,1000000,WIN,1000000,18,998156,3.68092,0.998156,271671.2126316247,0,0,0,1,1,2,9,206,1612,10021,39122,128450,240549,297291,213003,63706,5894,124,9,0,10020,39121,128449,0,240548,0,297291,0,213003,0,63706,5894,124,1048576,4194304,8388608,2097152,16777216,2097152,33554432,8388608,16777216,2097152,8388608,1048576,65536,4.605332612991333
"1,39,53",WIN,3,67527782.0,two-stone-69-91-child-proof.csv,split-exact-search shrink=2 load=80,1000000,WIN,1000000,17,997527,3.72053,0.997527,268778.91053156403,0,0,0,1,1,4,14,318,2131,12230,46547,143144,248887,291620,193560,55585,5765,193,0,0,12229,46546,143143,0,248886,0,291620,0,193560,0,55585,5765,193,1048576,4194304,8388608,2097152,16777216,2097152,33554432,8388608,16777216,2097152,8388608,1048576,65536,4.389785051345825
"1,39,54",WIN,3,62732202.0,two-stone-69-91-child-proof.csv,split-exact-search shrink=2 load=80,1000000,WIN,1000000,18,998786,3.47893,0.998786,287444.702825294,0,0,0,1,1,2,9,117,1045,6878,30097,103696,218095,292718,241546,92089,13069,603,34,0,6877,30096,103695,0,218094,0,292717,0,241546,0,92089,13069,603,1048576,4194304,8388608,2097152,16777216,2097152,33554432,8388608,16777216,2097152,8388608,1048576,65536,4.35234808921814
"1,39,60",WIN,3,32063327.0,two-stone-69-91-child-proof.csv,split-exact-search shrink=2 load=80,1000000,WIN,1000000,18,998123,3.44322,0.998123,290425.82234071597,0,0,0,1,1,1,17,172,1634,8590,36801,118223,233764,291706,223223,76162,9282,376,47,0,8589,36800,118222,0,233763,0,291706,0,223223,0,76162,9282,376,1048576,4194304,8388608,2097152,16777216,2097152,33554432,8388608,16777216,2097152,8388608,1048576,65536,4.5414979457855225
"1,39,61",WIN,3,175941959.0,two-stone-69-91-child-proof.csv,split-exact-search shrink=1 load=85,1000000,WIN,1000000,18,997279,3.41731,0.997279,292627.827150595,0,0,0,1,1,4,19,337,2338,13198,48356,144032,249147,287702,191786,56932,5940,189,18,0,13197,48355,144031,0,249147,0,287702,0,191786,0,56932,5940,189,1048576,4194304,8388608,2097152,16777216,2097152,33554432,8388608,16777216,2097152,8388608,1048576,65536,4.5623719692230225
"1,39,62",WIN,3,18154759.0,two-stone-69-91-child-proof.csv,split-exact-search shrink=2 load=80,1000000,WIN,1000000,18,995781,3.27473,0.995781,305368.6868841095,0,0,0,1,1,9,22,553,3611,16429,58290,162783,260241,282050,168808,43356,3737,92,17,0,16428,58289,162782,0,260240,0,282049,0,168808,0,43356,3737,92,1048576,4194304,8388608,2097152,16777216,2097152,33554432,8388608,16777216,2097152,8388608,1048576,65536,4.293949365615845
"1,39,63",WIN,3,16854990.0,two-stone-69-91-child-proof.csv,split-exact-search shrink=2 load=80,1000000,WIN,1000000,18,996776,3.54306,0.996776,282241.90389098687,0,0,0,1,1,7,18,424,2758,14751,54325,159817,262426,290479,172078,39971,2870,63,11,0,14750,54324,159816,0,262425,0,290479,0,172078,0,39971,2870,63,1048576,4194304,8388608,2097152,16777216,2097152,33554432,8388608,16777216,2097152,8388608,1048576,65536,4.3167829513549805
"1,39,64",WIN,3,57900962.0,two-stone-69-91-child-proof.csv,split-exact-search shrink=2 load=80,1000000,WIN,1000000,18,997841,3.51664,0.997841,284362.3458756085,0,0,0,1,1,3,16,211,1907,10248,41891,129874,240637,289791,208012,68265,8749,376,18,0,10247,41890,129874,0,240637,0,289791,0,208012,0,68265,8749,376,1048576,4194304,8388608,2097152,16777216,2097152,33554432,8388608,16777216,2097152,8388608,1048576,65536,4.352031469345093
"1,39,70",WIN,3,358027581.0,two-stone-69-91-child-proof.csv,split-exact-search shrink=0 load=90,1000000,WIN,1000000,18,998318,3.53777,0.998318,282663.93801745167,0,0,0,1,1,3,11,195,1450,9198,37738,122323,235321,293117,218333,72927,8987,378,17,0,9197,37737,122322,0,235320,0,293117,0,218333,0,72927,8987,378,1048576,4194304,8388608,2097152,16777216,2097152,33554432,8388608,16777216,2097152,8388608,1048576,65536,4.484577894210815
"1,39,71",WIN,3,32937402.0,two-stone-69-91-child-proof.csv,split-exact-search shrink=2 load=80,1000000,WIN,1000000,18,997343,3.50452,0.997343,285345.7820186502,0,0,0,1,1,3,20,275,2309,11095,43859,129974,239400,285744,207542,70532,8852,351,42,0,11094,43858,129973,0,239399,0,285743,0,207541,0,70532,8852,351,1048576,4194304,8388608,2097152,16777216,2097152,33554432,8388608,16777216,2097152,8388608,1048576,65536,4.271820545196533
"1,39,72",WIN,3,125211843.0,two-stone-69-91-child-proof.csv,split-exact-search shrink=2 load=80,1000000,WIN,1000000,18,998782,3.58973,0.998782,278572.48316725774,0,0,0,1,1,2,10,122,1044,6004,27554,92783,205333,285894,252047,110146,18165,860,34,0,6003,27553,92782,0,205332,0,285894,0,252047,0,110146,18165,860,1048576,4194304,8388608,2097152,16777216,2097152,33554432,8388608,16777216,2097152,8388608,1048576,65536,4.44155478477478
"1,39,73",WIN,3,40458541.0,two-stone-69-91-child-proof.csv,split-exact-search shrink=2 load=80,1000000,WIN,1000000,18,997261,3.38831,0.997261,295132.38162978005,0,0,0,1,1,4,11,319,2390,13660,51554,151939,257242,287952,180727,49102,4911,179,8,0,13659,51553,151938,0,257241,0,287951,0,180727,0,49102,4911,179,1048576,4194304,8388608,2097152,16777216,2097152,33554432,8388608,16777216,2097152,8388608,1048576,65536,4.288352727890015
"1,39,74",WIN,3,203045139.0,two-stone-69-91-child-proof.csv,split-exact-search shrink=1 load=85,1000000,WIN,1000000,17,998059,3.35169,0.998059,298356.94828579016,0,0,0,1,1,4,9,248,1674,11335,42766,139549,249567,298112,197854,54061,4720,99,0,0,11334,42765,139548,0,249566,0,298112,0,197854,0,54061,4720,99,1048576,4194304,8388608,2097152,16777216,2097152,33554432,8388608,16777216,2097152,8388608,1048576,65536,4.235097169876099
"1,39,81",WIN,3,44252480.0,two-stone-69-91-child-proof.csv,split-exact-search shrink=2 load=80,1000000,WIN,1000000,18,996800,3.51328,0.9968,284634.30184898444,0,0,0,1,1,5,17,408,2743,14351,52848,152383,254058,286456,181153,50220,5173,164,19,0,14350,52847,152382,0,254057,0,286455,0,181152,0,50220,5173,164,1048576,4194304,8388608,2097152,16777216,2097152,33554432,8388608,16777216,2097152,8388608,1048576,65536,4.222457408905029
"2,8,30",WIN,3,352129890.0,two-stone-69-91-child-proof.csv,split-exact-search shrink=0 load=90,1000000,WIN,1000000,18,997861,3.72985,0.997861,268107.29654007533,0,0,0,1,1,2,21,206,1863,8574,35789,111516,224900,286552,232289,86912,10990,346,38,0,8573,35788,111515,0,224899,0,286551,0,232288,0,86911,10990,346,1048576,4194304,8388608,2097152,16777216,2097152,33554432,8388608,16777216,2097152,8388608,1048576,65536,4.380266189575195
"3,8,30",WIN,3,22455099.0,two-stone-69-91-child-proof.csv,split-exact-search shrink=2 load=80,1000000,WIN,1000000,18,997378,3.55436,0.997378,281344.6021224637,0,0,0,1,1,5,15,357,2227,13133,46810,141593,246393,287774,195334,59386,6727,235,9,0,13132,46809,141592,0,246392,0,287773,0,195333,0,59385,6727,235,1048576,4194304,8388608,2097152,16777216,2097152,33554432,8388608,16777216,2097152,8388608,1048576,65536,4.471653461456299
"3,8,80",WIN,3,24740137.0,two-stone-69-91-child-proof.csv,split-exact-search shrink=2 load=80,1000000,WIN,1000000,18,998642,3.50284,0.998642,285482.63694602094,0,0,0,1,1,1,11,114,1182,6203,28894,98076,213580,290059,246208,99617,15301,709,43,0,6202,28893,98075,0,213579,0,290058,0,246208,0,99617,15301,709,1048576,4194304,8388608,2097152,16777216,2097152,33554432,8388608,16777216,2097152,8388608,1048576,65536,4.422461032867432
"3,9,80",WIN,3,244295234.0,two-stone-69-91-child-proof.csv,split-exact-search shrink=0 load=90,1000000,WIN,1000000,18,998348,3.50603,0.998348,285222.88742537855,0,0,0,1,1,4,11,186,1414,9043,38238,123354,236725,293330,215362,72758,9190,354,29,0,9042,38237,123353,0,236724,0,293329,0,215361,0,72758,9190,354,1048576,4194304,8388608,2097152,16777216,2097152,33554432,8388608,16777216,2097152,8388608,1048576,65536,4.430626153945923
"3,18,80",WIN,3,60270544.0,two-stone-69-91-child-proof.csv,split-exact-search shrink=2 load=80,1000000,WIN,1000000,18,997281,3.40515,0.997281,293672.81911222707,0,0,0,1,1,6,13,357,2329,11387,43827,139640,249159,295833,196011,55842,5445,142,7,0,11386,43826,139639,0,249158,0,295832,0,196011,0,55842,5445,142,1048576,4194304,8388608,2097152,16777216,2097152,33554432,8388608,16777216,2097152,8388608,1048576,65536,4.259424209594727
"3,19,80",WIN,3,52009697.0,two-stone-69-91-child-proof.csv,split-exact-search shrink=2 load=80,1000000,WIN,1000000,18,997800,3.46986,0.9978,288196.06554731313,0,0,0,1,1,5,13,260,1889,9524,37512,124196,234713,293838,215721,72529,9358,414,26,0,9523,37511,124195,0,234712,0,293837,0,215721,0,72529,9358,414,1048576,4194304,8388608,2097152,16777216,2097152,33554432,8388608,16777216,2097152,8388608,1048576,65536,4.385686874389648
"3,28,80",WIN,3,36803717.0,two-stone-69-91-child-proof.csv,split-exact-search shrink=2 load=80,1000000,WIN,1000000,18,998494,3.53155,0.998494,283161.7844855658,0,0,0,1,1,2,10,188,1279,9040,36753,123572,236260,296687,218597,69360,7893,335,22,0,9039,36752,123571,0,236260,0,296687,0,218597,0,69360,7893,335,1048576,4194304,8388608,2097152,16777216,2097152,33554432,8388608,16777216,2097152,8388608,1048576,65536,4.647267580032349
"3,29,80",WIN,3,87025966.0,two-stone-69-91-child-proof.csv,split-exact-search shrink=2 load=80,1000000,WIN,1000000,18,998642,3.75913,0.998642,266018.9990769141,0,0,0,1,1,1,11,114,1182,6203,28894,98076,213580,290059,246208,99617,15301,709,43,0,6202,28893,98075,0,213579,0,290058,0,246208,0,99617,15301,709,1048576,4194304,8388608,2097152,16777216,2097152,33554432,8388608,16777216,2097152,8388608,1048576,65536,4.427319288253784
"3,38,80",WIN,3,39920149.0,two-stone-69-91-child-proof.csv,split-exact-search shrink=2 load=80,1000000,WIN,1000000,17,997656,3.64825,0.997656,274104.0224765298,0,0,0,1,1,2,11,242,2082,11542,45769,140569,251624,291288,194610,56364,5744,151,0,0,11541,45768,140568,0,251623,0,291287,0,194610,0,56364,5744,151,1048576,4194304,8388608,2097152,16777216,2097152,33554432,8388608,16777216,2097152,8388608,1048576,65536,4.418496370315552
"3,39,80",WIN,3,72224478.0,two-stone-69-91-child-proof.csv,split-exact-search shrink=2 load=80,1000000,WIN,1000000,18,998668,3.49276,0.998668,286306.53122459026,0,0,0,1,1,2,14,122,1145,6384,28864,99566,215650,293406,246201,94546,13447,608,43,0,6383,28863,99565,0,215649,0,293406,0,246201,0,94546,13447,608,1048576,4194304,8388608,2097152,16777216,2097152,33554432,8388608,16777216,2097152,8388608,1048576,65536,4.27677321434021
"3,48,80",WIN,3,20466671.0,two-stone-69-91-child-proof.csv,split-exact-search shrink=2 load=80,1000000,WIN,1000000,17,996625,3.41432,0.996625,292884.08819325664,0,0,0,1,1,6,20,430,2912,14783,55027,160700,264322,289012,169367,40250,3101,68,0,0,14782,55026,160699,0,264321,0,289011,0,169367,0,40250,3101,68,1048576,4194304,8388608,2097152,16777216,2097152,33554432,8388608,16777216,2097152,8388608,1048576,65536,4.278794765472412
"3,49,80",WIN,3,54737269.0,two-stone-69-91-child-proof.csv,split-exact-search shrink=2 load=80,1000000,WIN,1000000,18,999278,3.50643,0.999278,285190.35029930726,0,0,0,1,1,1,7,56,618,4267,22564,83945,200287,288536,262515,116104,19978,1087,33,0,4266,22563,83944,0,200286,0,288535,0,262515,0,116104,19978,1087,1048576,4194304,8388608,2097152,16777216,2097152,33554432,8388608,16777216,2097152,8388608,1048576,65536,4.355743169784546
"3,58,80",WIN,3,42481748.0,two-stone-69-91-child-proof.csv,split-exact-search shrink=2 load=80,1000000,WIN,1000000,17,998049,3.46597,0.998049,288519.51978811127,0,0,0,1,1,4,10,240,1691,10931,44202,139249,251753,294352,196543,55740,5163,120,0,0,10930,44201,139248,0,251752,0,294352,0,196543,0,55740,5163,120,1048576,4194304,8388608,2097152,16777216,2097152,33554432,8388608,16777216,2097152,8388608,1048576,65536,4.490326404571533
"3,59,80",WIN,3,109752351.0,two-stone-69-91-child-proof.csv,split-exact-search shrink=2 load=80,1000000,WIN,1000000,18,997928,3.41499,0.997928,292826.6261394616,0,0,0,1,1,4,11,273,1771,11302,42580,135224,242373,291953,204185,63074,7006,234,8,0,11301,42579,135223,0,242373,0,291953,0,204185,0,63074,7006,234,1048576,4194304,8388608,2097152,16777216,2097152,33554432,8388608,16777216,2097152,8388608,1048576,65536,4.329760789871216
"3,68,80",WIN,3,148060593.0,two-stone-69-91-child-proof.csv,split-exact-search shrink=1 load=85,1000000,WIN,1000000,17,998687,3.57227,0.998687,279934.04753839993,0,0,0,1,1,1,7,149,1148,7897,33264,115888,231027,298261,228358,75700,8110,188,0,0,7896,33263,115887,0,231026,0,298260,0,228357,0,75700,8110,188,1048576,4194304,8388608,2097152,16777216,2097152,33554432,8388608,16777216,2097152,8388608,1048576,65536,4.382085084915161
"3,69,80",WIN,3,126339560.0,two-stone-69-91-child-proof.csv,split-exact-search shrink=2 load=80,1000000,WIN,1000000,18,998242,3.52765,0.998242,283474.83452156535,0,0,0,1,1,2,17,141,1442,7382,33273,105669,220459,284877,236602,94126,14919,939,150,0,7381,33272,105668,0,220458,0,284877,0,236602,0,94126,14919,939,1048576,4194304,8388608,2097152,16777216,2097152,33554432,8388608,16777216,2097152,8388608,1048576,65536,4.536010026931763
"3,78,80",WIN,3,35343937.0,two-stone-69-91-child-proof.csv,split-exact-search shrink=2 load=80,1000000,WIN,1000000,18,997537,3.41528,0.997537,292801.76149539714,0,0,0,1,1,5,10,289,2138,10598,43091,137296,248116,294811,197501,59299,6606,225,13,0,10597,43090,137295,0,248115,0,294810,0,197500,0,59299,6606,225,1048576,4194304,8388608,2097152,16777216,2097152,33554432,8388608,16777216,2097152,8388608,1048576,65536,4.380315780639648
"3,79,80",WIN,3,194775124.0,two-stone-69-91-child-proof.csv,split-exact-search shrink=1 load=85,1000000,WIN,1000000,17,997562,3.3593,0.997562,297681.06450748665,0,0,0,1,1,4,11,308,2108,11315,43624,139148,248871,296326,197402,55552,5215,114,0,0,11314,43623,139147,0,248870,0,296325,0,197402,0,55552,5215,114,1048576,4194304,8388608,2097152,16777216,2097152,33554432,8388608,16777216,2097152,8388608,1048576,65536,4.282012701034546
"3,80,89",WIN,3,19225614.0,two-stone-69-91-child-proof.csv,split-exact-search shrink=2 load=80,1000000,WIN,1000000,17,997099,3.32802,0.997099,300478.96346776764,0,0,0,1,1,6,18,365,2505,14090,52833,156661,260226,288287,174274,45812,4752,169,0,0,14089,52832,156660,0,260225,0,288286,0,174274,0,45812,4752,169,1048576,4194304,8388608,2097152,16777216,2097152,33554432,8388608,16777216,2097152,8388608,1048576,65536,4.167098522186279
"4,8,30",WIN,3,22193110.0,two-stone-69-91-child-proof.csv,split-exact-search shrink=2 load=80,1000000,WIN,1000000,18,997378,3.48136,0.997378,287244.065537606,0,0,0,1,1,5,15,357,2227,13133,46810,141593,246393,287774,195334,59386,6727,235,9,0,13132,46809,141592,0,246392,0,287773,0,195333,0,59385,6727,235,1048576,4194304,8388608,2097152,16777216,2097152,33554432,8388608,16777216,2097152,8388608,1048576,65536,4.307328462600708
"5,8,30",WIN,3,516334994.0,two-stone-69-91-child-proof.csv,split-exact-search shrink=0 load=90,1000000,WIN,1000000,18,997789,3.50047,0.997789,285675.92351884174,0,0,0,1,1,3,17,234,1935,9772,39671,121666,233273,286772,219784,76816,9695,345,15,0,9771,39670,121665,0,233272,0,286771,0,219784,0,76816,9695,345,1048576,4194304,8388608,2097152,16777216,2097152,33554432,8388608,16777216,2097152,8388608,1048576,65536,4.3193840980529785
"6,8,30",WIN,3,178086561.0,two-stone-69-91-child-proof.csv,split-exact-search shrink=1 load=85,1000000,WIN,1000000,18,998036,3.58853,0.998036,278665.637461579,0,0,0,1,1,5,15,240,1671,9161,36578,117912,228747,288952,223969,81593,10736,391,28,0,9160,36577,117911,0,228747,0,288952,0,223969,0,81593,10736,391,1048576,4194304,8388608,2097152,16777216,2097152,33554432,8388608,16777216,2097152,8388608,1048576,65536,4.39838719367981
"8,9,30",WIN,3,379052148.0,two-stone-69-91-child-proof.csv,split-exact-search shrink=0 load=90,1000000,WIN,1000000,17,998017,3.53272,0.998017,283068.0042573428,0,0,0,1,1,3,16,233,1725,9628,39260,128207,241295,295874,211834,65279,6493,151,0,0,9627,39259,128206,0,241294,0,295874,0,211834,0,65279,6493,151,1048576,4194304,8388608,2097152,16777216,2097152,33554432,8388608,16777216,2097152,8388608,1048576,65536,4.28107213973999
"8,10,30",WIN,3,389304153.0,two-stone-69-91-child-proof.csv,split-exact-search shrink=0 load=90,1000000,WIN,1000000,18,998642,3.57546,0.998642,279684.2923707719,0,0,0,1,1,1,11,114,1182,6203,28894,98076,213580,290059,246208,99617,15301,709,43,0,6202,28893,98075,0,213579,0,290058,0,246208,0,99617,15301,709,1048576,4194304,8388608,2097152,16777216,2097152,33554432,8388608,16777216,2097152,8388608,1048576,65536,4.4348530769348145
"8,11,30",WIN,3,23344463.0,two-stone-69-91-child-proof.csv,split-exact-search shrink=2 load=80,1000000,WIN,1000000,18,998493,3.73902,0.998493,267449.7595626662,0,0,0,1,1,2,22,114,1279,5819,26957,88168,204289,286653,260217,109514,16185,697,82,0,5818,26956,88167,0,204288,0,286652,0,260216,0,109514,16185,697,1048576,4194304,8388608,2097152,16777216,2097152,33554432,8388608,16777216,2097152,8388608,1048576,65536,4.559027433395386
"8,12,30",WIN,3,58698106.0,two-stone-69-91-child-proof.csv,split-exact-search shrink=2 load=80,1000000,WIN,1000000,17,996343,3.37442,0.996343,296347.2241155517,0,0,0,1,1,7,19,455,3168,15854,57425,162065,261119,284940,168781,42299,3767,99,0,0,15853,57424,162064,0,261118,0,284939,0,168780,0,42299,3767,99,1048576,4194304,8388608,2097152,16777216,2097152,33554432,8388608,16777216,2097152,8388608,1048576,65536,4.348017930984497
"8,13,30",WIN,3,120505655.0,two-stone-69-91-child-proof.csv,split-exact-search shrink=2 load=80,1000000,WIN,1000000,18,997363,3.51535,0.997363,284466.69606155856,0,0,0,1,1,4,18,322,2268,12326,46843,140978,247431,289279,196630,57717,5958,207,17,0,12325,46842,140977,0,247430,0,289278,0,196629,0,57717,5958,207,1048576,4194304,8388608,2097152,16777216,2097152,33554432,8388608,16777216,2097152,8388608,1048576,65536,4.396575689315796
"8,14,30",WIN,3,75068432.0,two-stone-69-91-child-proof.csv,split-exact-search shrink=2 load=80,1000000,WIN,1000000,18,998267,3.4944,0.998267,286172.16117216117,0,0,0,1,1,3,11,224,1464,9689,38377,127626,239286,297018,212587,65955,7424,308,26,0,9688,38376,127625,0,239286,0,297018,0,212587,0,65955,7424,308,1048576,4194304,8388608,2097152,16777216,2097152,33554432,8388608,16777216,2097152,8388608,1048576,65536,4.301154375076294
"8,15,30",WIN,3,102486523.0,two-stone-69-91-child-proof.csv,split-exact-search shrink=2 load=80,1000000,WIN,1000000,18,997331,3.45691,0.997331,289275.68261829205,0,0,0,1,1,5,13,326,2315,12873,49009,147667,254184,292129,187457,49720,4209,87,4,0,12872,49008,147666,0,254183,0,292129,0,187457,0,49720,4209,87,1048576,4194304,8388608,2097152,16777216,2097152,33554432,8388608,16777216,2097152,8388608,1048576,65536,4.274975061416626
"8,16,30",WIN,3,16908878.0,two-stone-69-91-child-proof.csv,split-exact-search shrink=2 load=80,1000000,WIN,1000000,17,997024,3.59915,0.997024,277843.3796868705,0,0,0,1,1,6,12,367,2584,15201,55054,158606,258674,284886,174391,45825,4273,119,0,0,15200,55053,158605,0,258673,0,284885,0,174391,0,45825,4273,119,1048576,4194304,8388608,2097152,16777216,2097152,33554432,8388608,16777216,2097152,8388608,1048576,65536,4.593828916549683
"8,18,30",WIN,3,97498284.0,two-stone-69-91-child-proof.csv,split-exact-search shrink=2 load=80,1000000,WIN,1000000,18,998034,3.54455,0.998034,282123.259652142,0,0,0,1,1,2,14,203,1695,9025,37201,117392,227893,286204,222263,84698,12739,624,45,0,9024,37200,117391,0,227892,0,286203,0,222263,0,84698,12739,624,1048576,4194304,8388608,2097152,16777216,2097152,33554432,8388608,16777216,2097152,8388608,1048576,65536,4.483194589614868
"8,19,30",WIN,3,26221342.0,two-stone-69-91-child-proof.csv,split-exact-search shrink=2 load=80,1000000,WIN,1000000,18,997296,3.46042,0.997296,288982.26226874196,0,0,0,1,1,7,15,413,2255,13492,46970,144806,248836,291127,192086,54556,5289,139,7,0,13491,46969,144805,0,248835,0,291126,0,192086,0,54556,5289,139,1048576,4194304,8388608,2097152,16777216,2097152,33554432,8388608,16777216,2097152,8388608,1048576,65536,4.410702705383301
"8,20,30",WIN,3,127733631.0,two-stone-69-91-child-proof.csv,split-exact-search shrink=2 load=80,1000000,WIN,1000000,18,997373,3.45643,0.997373,289315.8547981588,0,0,0,1,1,6,14,364,2228,11392,41852,131221,238840,289817,208944,67608,7480,225,7,0,11391,41851,131220,0,238839,0,289816,0,208943,0,67608,7480,225,1048576,4194304,8388608,2097152,16777216,2097152,33554432,8388608,16777216,2097152,8388608,1048576,65536,4.275251150131226
"8,21,30",WIN,3,31227013.0,two-stone-69-91-child-proof.csv,split-exact-search shrink=2 load=80,1000000,WIN,1000000,18,997502,3.46558,0.997502,288551.98841175216,0,0,0,1,1,7,10,372,2100,11692,43912,142313,250245,296660,194031,53505,5008,139,4,0,11691,43911,142312,0,250245,0,296660,0,194031,0,53505,5008,139,1048576,4194304,8388608,2097152,16777216,2097152,33554432,8388608,16777216,2097152,8388608,1048576,65536,4.353443384170532
"8,22,30",WIN,3,16692741.0,two-stone-69-91-child-proof.csv,split-exact-search shrink=2 load=80,1000000,WIN,1000000,18,997490,3.55044,0.99749,281655.2314642692,0,0,0,1,1,3,20,295,2149,10713,40991,126246,236239,289344,214436,70740,8436,349,37,0,10712,40990,126245,0,236238,0,289344,0,214436,0,70740,8436,349,1048576,4194304,8388608,2097152,16777216,2097152,33554432,8388608,16777216,2097152,8388608,1048576,65536,4.367697477340698
"8,23,30",WIN,3,95392584.0,two-stone-69-91-child-proof.csv,split-exact-search shrink=2 load=80,1000000,WIN,1000000,18,998110,3.6647,0.99811,272873.6322209185,0,0,0,1,1,2,19,149,1689,8400,37339,115305,229370,284938,225419,84895,11950,500,23,0,8399,37338,115304,0,229369,0,284937,0,225418,0,84895,11950,500,1048576,4194304,8388608,2097152,16777216,2097152,33554432,8388608,16777216,2097152,8388608,1048576,65536,4.384148597717285
"8,24,30",WIN,3,57537250.0,two-stone-69-91-child-proof.csv,split-exact-search shrink=2 load=80,1000000,WIN,1000000,17,997918,3.51956,0.997918,284126.42489402083,0,0,0,1,1,4,12,285,1772,11266,42187,131601,238710,287937,209556,68736,7720,212,0,0,11265,42186,131600,0,238709,0,287936,0,209555,0,68735,7720,212,1048576,4194304,8388608,2097152,16777216,2097152,33554432,8388608,16777216,2097152,8388608,1048576,65536,4.370816230773926
"8,25,30",WIN,3,22634338.0,two-stone-69-91-child-proof.csv,split-exact-search shrink=2 load=80,1000000,WIN,1000000,18,995471,3.50231,0.995471,285525.83866076963,0,0,0,1,1,8,21,532,3946,16658,59461,164067,261153,282395,167289,41168,3218,66,16,0,16657,59460,164066,0,261152,0,282395,0,167289,0,41168,3218,66,1048576,4194304,8388608,2097152,16777216,2097152,33554432,8388608,16777216,2097152,8388608,1048576,65536,4.342682838439941
"8,26,30",WIN,3,19030287.0,two-stone-69-91-child-proof.csv,split-exact-search shrink=2 load=80,1000000,WIN,1000000,18,998685,3.69787,0.998685,270425.9479105539,0,0,0,1,1,1,13,76,1008,5130,25839,84865,196497,274855,257571,127031,25211,1692,209,0,5129,25838,84864,0,196496,0,274854,0,257570,0,127031,25211,1692,1048576,4194304,8388608,2097152,16777216,2097152,33554432,8388608,16777216,2097152,8388608,1048576,65536,4.528684854507446
"8,27,30",WIN,3,26167315.0,two-stone-69-91-child-proof.csv,split-exact-search shrink=2 load=80,1000000,WIN,1000000,17,998296,3.59571,0.998296,278109.191230661,0,0,0,1,1,2,10,183,1500,8980,37497,121866,235573,293433,221034,72191,7546,183,0,0,8979,37496,121865,0,235572,0,293432,0,221033,0,72190,7546,183,1048576,4194304,8388608,2097152,16777216,2097152,33554432,8388608,16777216,2097152,8388608,1048576,65536,4.525633335113525
"8,28,30",WIN,3,121981106.0,two-stone-69-91-child-proof.csv,split-exact-search shrink=2 load=80,1000000,WIN,1000000,17,997477,3.52607,0.997477,283601.8570249598,0,0,0,1,1,5,13,333,2165,13126,46758,142198,245585,287748,196663,59047,6172,185,0,0,13125,46757,142197,0,245584,0,287747,0,196663,0,59047,6172,185,1048576,4194304,8388608,2097152,16777216,2097152,33554432,8388608,16777216,2097152,8388608,1048576,65536,4.51207971572876
"8,29,30",WIN,3,129937827.0,two-stone-69-91-child-proof.csv,split-exact-search shrink=1 load=85,1000000,WIN,1000000,18,998058,3.60677,0.998058,277256.3817487669,0,0,0,1,1,2,13,239,1655,9282,37247,120220,233403,292538,221349,74897,8810,317,26,0,9281,37246,120219,0,233402,0,292537,0,221349,0,74897,8810,317,1048576,4194304,8388608,2097152,16777216,2097152,33554432,8388608,16777216,2097152,8388608,1048576,65536,4.518722057342529
"8,30,31",WIN,3,11561798.0,two-stone-69-91-child-proof.csv,split-exact-search shrink=2 load=80,1000000,WIN,1000000,17,996614,3.60273,0.996614,277567.2892500964,0,0,0,1,1,9,15,484,2871,15152,53780,157441,258482,287389,175334,45016,3947,78,0,0,15151,53779,157440,0,258481,0,287388,0,175334,0,45016,3947,78,1048576,4194304,8388608,2097152,16777216,2097152,33554432,8388608,16777216,2097152,8388608,1048576,65536,4.33516526222229
"8,30,32",WIN,3,17796724.0,two-stone-69-91-child-proof.csv,split-exact-search shrink=2 load=80,1000000,WIN,1000000,17,997376,3.58592,0.997376,278868.4633232197,0,0,0,1,1,3,17,328,2271,13144,48573,145115,251422,288541,190288,54424,5705,167,0,0,13143,48572,145114,0,251422,0,288541,0,190288,0,54424,5705,167,1048576,4194304,8388608,2097152,16777216,2097152,33554432,8388608,16777216,2097152,8388608,1048576,65536,4.527951717376709
"8,30,33",WIN,3,14321990.0,two-stone-69-91-child-proof.csv,split-exact-search shrink=2 load=80,1000000,WIN,1000000,18,996670,3.62869,0.99667,275581.5459573565,0,0,0,1,1,8,14,428,2847,14890,53123,154854,254727,283718,178681,50714,5742,226,26,0,14889,53122,154853,0,254726,0,283717,0,178681,0,50714,5742,226,1048576,4194304,8388608,2097152,16777216,2097152,33554432,8388608,16777216,2097152,8388608,1048576,65536,4.418634414672852
"8,30,34",WIN,3,15466534.0,two-stone-69-91-child-proof.csv,split-exact-search shrink=2 load=80,1000000,WIN,1000000,17,996627,3.45356,0.996627,289556.2839504743,0,0,0,1,1,7,13,421,2927,14939,53905,154841,256694,286220,177946,47597,4372,116,0,0,14938,53904,154840,0,256694,0,286220,0,177946,0,47597,4372,116,1048576,4194304,8388608,2097152,16777216,2097152,33554432,8388608,16777216,2097152,8388608,1048576,65536,4.317220687866211
"8,30,35",WIN,3,15603149.0,two-stone-69-91-child-proof.csv,split-exact-search shrink=2 load=80,1000000,WIN,1000000,17,996548,3.55216,0.996548,281518.8505022296,0,0,0,1,1,5,17,383,3041,15032,55563,158569,260443,284560,174015,44600,3688,82,0,0,15031,55562,158568,0,260442,0,284560,0,174015,0,44600,3688,82,1048576,4194304,8388608,2097152,16777216,2097152,33554432,8388608,16777216,2097152,8388608,1048576,65536,4.382280349731445
"8,30,36",WIN,3,11386731.0,two-stone-69-91-child-proof.csv,split-exact-search shrink=2 load=80,1000000,WIN,1000000,17,996648,3.57349,0.996648,279838.4772309423,0,0,0,1,1,5,17,386,2938,14133,52507,150352,254709,284278,181636,53139,5739,159,0,0,14132,52506,150351,0,254708,0,284278,0,181636,0,53139,5739,159,1048576,4194304,8388608,2097152,16777216,2097152,33554432,8388608,16777216,2097152,8388608,1048576,65536,4.464155673980713
"8,30,37",WIN,3,19980229.0,two-stone-69-91-child-proof.csv,split-exact-search shrink=2 load=80,1000000,WIN,1000000,18,996814,3.54939,0.996814,281738.5522582754,0,0,0,1,1,6,16,395,2753,15292,54635,158047,259111,285649,174844,45068,4053,120,9,0,15291,54634,158046,0,259110,0,285648,0,174844,0,45068,4053,120,1048576,4194304,8388608,2097152,16777216,2097152,33554432,8388608,16777216,2097152,8388608,1048576,65536,4.303302764892578
"8,30,38",WIN,3,16410465.0,two-stone-69-91-child-proof.csv,split-exact-search shrink=2 load=80,1000000,WIN,1000000,18,996810,3.54703,0.99681,281926.0057005438,0,0,0,1,1,4,24,362,2789,13450,49155,142848,245568,284623,193134,60554,7213,265,9,0,13450,49155,142848,0,245568,0,284623,0,193134,0,60554,7213,265,1048576,4194304,8388608,2097152,16777216,2097152,33554432,8388608,16777216,2097152,8388608,1048576,65536,4.411920070648193
"8,30,40",WIN,3,51750201.0,two-stone-69-91-child-proof.csv,split-exact-search shrink=2 load=80,1000000,WIN,1000000,18,998493,3.86092,0.998493,259005.62560218808,0,0,0,1,1,2,22,114,1279,5819,26957,88168,204289,286653,260217,109514,16185,697,82,0,5818,26956,88167,0,204288,0,286652,0,260216,0,109514,16185,697,1048576,4194304,8388608,2097152,16777216,2097152,33554432,8388608,16777216,2097152,8388608,1048576,65536,4.625249624252319
"8,30,41",WIN,3,40965734.0,two-stone-69-91-child-proof.csv,split-exact-search shrink=2 load=80,1000000,WIN,1000000,17,998147,3.77717,0.998147,264748.4757106511,0,0,0,1,1,2,17,211,1618,8551,35999,118673,233649,295349,224626,73450,7657,196,0,0,8550,35998,118672,0,233649,0,295349,0,224626,0,73450,7657,196,1048576,4194304,8388608,2097152,16777216,2097152,33554432,8388608,16777216,2097152,8388608,1048576,65536,4.707919120788574
"8,30,42",WIN,3,239542464.0,two-stone-69-91-child-proof.csv,split-exact-search shrink=1 load=85,1000000,WIN,1000000,18,998873,4.25568,0.998873,234980.07368975112,0,0,0,1,1,1,12,75,955,5529,27338,94614,211100,288568,249230,103873,17585,1042,76,0,5528,27337,94613,0,211099,0,288567,0,249229,0,103873,17585,1042,1048576,4194304,8388608,2097152,16777216,2097152,33554432,8388608,16777216,2097152,8388608,1048576,65536,5.219630002975464
"8,30,43",WIN,3,72469009.0,two-stone-69-91-child-proof.csv,split-exact-search shrink=2 load=80,1000000,WIN,1000000,18,998781,3.75992,0.998781,265963.10559799144,0,0,0,1,1,1,8,114,1083,6966,30925,107400,223131,295093,239445,85374,10136,317,5,0,6965,30924,107399,0,223130,0,295092,0,239444,0,85374,10136,317,1048576,4194304,8388608,2097152,16777216,2097152,33554432,8388608,16777216,2097152,8388608,1048576,65536,4.556185960769653
"8,30,44",WIN,3,18901187.0,two-stone-69-91-child-proof.csv,split-exact-search shrink=2 load=80,1000000,WIN,1000000,18,996825,3.49465,0.996825,286151.6890103444,0,0,0,1,1,5,15,356,2785,14685,53567,154496,255709,286537,178965,48204,4551,116,7,0,14684,53566,154495,0,255708,0,286536,0,178965,0,48204,4551,116,1048576,4194304,8388608,2097152,16777216,2097152,33554432,8388608,16777216,2097152,8388608,1048576,65536,4.376582384109497
"8,30,50",WIN,3,66159663.0,two-stone-69-91-child-proof.csv,split-exact-search shrink=2 load=80,1000000,WIN,1000000,18,997803,3.6741,0.997803,272175.49876160146,0,0,0,1,1,3,14,241,1928,10934,44400,138555,250056,294670,196135,57095,5812,151,4,0,10933,44399,138554,0,250055,0,294669,0,196135,0,57095,5812,151,1048576,4194304,8388608,2097152,16777216,2097152,33554432,8388608,16777216,2097152,8388608,1048576,65536,4.431530237197876
"8,30,51",WIN,3,48895527.0,two-stone-69-91-child-proof.csv,split-exact-search shrink=2 load=80,1000000,WIN,1000000,17,997896,3.61842,0.997896,276363.71676035394,0,0,0,1,1,3,14,252,1828,10191,39921,127922,240206,293709,212784,66003,6951,214,0,0,10190,39920,127921,0,240205,0,293708,0,212784,0,66003,6951,214,1048576,4194304,8388608,2097152,16777216,2097152,33554432,8388608,16777216,2097152,8388608,1048576,65536,4.6337807178497314
"8,30,52",WIN,3,196569299.0,two-stone-69-91-child-proof.csv,split-exact-search shrink=1 load=85,1000000,WIN,1000000,19,998248,3.6901,0.998248,270995.36597924173,0,0,0,1,1,2,15,143,1372,7336,32063,105483,219260,285576,236862,95198,15494,981,179,34,7335,32062,105482,0,219259,0,285575,0,236862,0,95198,15494,981,1048576,4194304,8388608,2097152,16777216,2097152,33554432,8388608,16777216,2097152,8388608,1048576,65536,4.557007074356079
"8,30,53",WIN,3,10764998.0,two-stone-69-91-child-proof.csv,split-exact-search shrink=2 load=80,1000000,WIN,1000000,17,996520,3.66838,0.99652,272599.894231241,0,0,0,1,1,10,16,506,2943,15829,55127,160721,258765,286931,171021,43920,4104,105,0,0,15828,55126,160720,0,258765,0,286931,0,171021,0,43920,4104,105,1048576,4194304,8388608,2097152,16777216,2097152,33554432,8388608,16777216,2097152,8388608,1048576,65536,4.517889499664307
"8,30,54",WIN,3,243843900.0,two-stone-69-91-child-proof.csv,split-exact-search shrink=1 load=85,1000000,WIN,1000000,17,997516,3.62846,0.997516,275599.0144579243,0,0,0,1,1,7,8,370,2093,10754,40940,139007,250574,303716,197087,51085,4261,96,0,0,10753,40939,139006,0,250573,0,303716,0,197087,0,51085,4261,96,1048576,4194304,8388608,2097152,16777216,2097152,33554432,8388608,16777216,2097152,8388608,1048576,65536,4.544720649719238
"8,30,60",WIN,3,19949818.0,two-stone-69-91-child-proof.csv,split-exact-search shrink=2 load=80,1000000,WIN,1000000,18,998653,3.70255,0.998653,270084.13120687095,0,0,0,1,1,1,13,107,1175,6481,29639,99768,216686,291216,247814,94626,12000,426,46,0,6480,29638,99767,0,216686,0,291216,0,247814,0,94626,12000,426,1048576,4194304,8388608,2097152,16777216,2097152,33554432,8388608,16777216,2097152,8388608,1048576,65536,4.542225122451782
"8,30,61",WIN,3,25667870.0,two-stone-69-91-child-proof.csv,split-exact-search shrink=2 load=80,1000000,WIN,1000000,18,997962,3.66114,0.997962,273138.9676439579,0,0,0,1,1,3,15,237,1764,10362,40136,126949,237431,291659,215162,68755,7308,204,13,0,10361,40135,126948,0,237430,0,291659,0,215162,0,68755,7308,204,1048576,4194304,8388608,2097152,16777216,2097152,33554432,8388608,16777216,2097152,8388608,1048576,65536,4.500978231430054
"8,30,62",WIN,3,23527283.0,two-stone-69-91-child-proof.csv,split-exact-search shrink=2 load=80,1000000,WIN,1000000,17,996423,3.6804,0.996423,271709.59678295837,0,0,0,1,1,7,16,443,3105,15366,53555,153776,254860,285954,180083,48488,4259,86,0,0,15365,53554,153775,0,254859,0,285954,0,180083,0,48488,4259,86,1048576,4194304,8388608,2097152,16777216,2097152,33554432,8388608,16777216,2097152,8388608,1048576,65536,4.443014621734619
"8,30,63",WIN,3,46674013.0,two-stone-69-91-child-proof.csv,split-exact-search shrink=2 load=80,1000000,WIN,1000000,18,998659,3.47033,0.998659,288157.0340572798,0,0,0,1,1,3,10,165,1148,8431,33457,114789,227196,294064,228774,81069,10501,384,7,0,8430,33456,114788,0,227195,0,294063,0,228773,0,81069,10501,384,1048576,4194304,8388608,2097152,16777216,2097152,33554432,8388608,16777216,2097152,8388608,1048576,65536,4.485860586166382
"8,30,64",WIN,3,30590089.0,two-stone-69-91-child-proof.csv,split-exact-search shrink=2 load=80,1000000,WIN,1000000,18,998065,3.81091,0.998065,262404.51755617425,0,0,0,1,1,2,10,180,1634,8892,37590,118833,229366,287266,220800,82254,12352,717,102,0,8891,37589,118832,0,229365,0,287265,0,220800,0,82254,12352,717,1048576,4194304,8388608,2097152,16777216,2097152,33554432,8388608,16777216,2097152,8388608,1048576,65536,4.611904144287109
"8,30,70",WIN,3,127310522.0,two-stone-69-91-child-proof.csv,split-exact-search shrink=2 load=80,1000000,WIN,1000000,18,998586,4.21552,0.998586,237218.65867081643,0,0,0,1,1,2,8,152,1223,7739,33627,112353,226169,291812,229833,84762,11783,515,20,0,7738,33626,112352,0,226168,0,291811,0,229832,0,84761,11783,515,1048576,4194304,8388608,2097152,16777216,2097152,33554432,8388608,16777216,2097152,8388608,1048576,65536,5.189395189285278
"8,30,71",WIN,3,29985541.0,two-stone-69-91-child-proof.csv,split-exact-search shrink=2 load=80,1000000,WIN,1000000,18,996639,3.53204,0.996639,283122.5014439248,0,0,0,1,1,4,30,395,2909,11671,44711,130436,239140,285303,208854,68834,7479,217,15,0,11670,44710,130435,0,239139,0,285302,0,208853,0,68834,7479,217,1048576,4194304,8388608,2097152,16777216,2097152,33554432,8388608,16777216,2097152,8388608,1048576,65536,4.431487321853638
"8,30,72",WIN,3,518980323.0,two-stone-69-91-child-proof.csv,split-exact-search shrink=0 load=90,1000000,WIN,1000000,17,996315,3.51896,0.996315,284174.8698479096,0,0,0,1,1,8,19,475,3174,15244,55553,159107,258924,283459,173302,46190,4435,108,0,0,15243,55552,159106,0,258923,0,283458,0,173301,0,46189,4435,108,1048576,4194304,8388608,2097152,16777216,2097152,33554432,8388608,16777216,2097152,8388608,1048576,65536,4.413753986358643
"8,30,73",WIN,3,12873311.0,two-stone-69-91-child-proof.csv,split-exact-search shrink=2 load=80,1000000,WIN,1000000,17,996521,3.59575,0.996521,278106.09747618716,0,0,0,1,1,8,17,430,3015,15245,55233,157958,259598,284417,173495,45958,4485,139,0,0,15244,55232,157957,0,259597,0,284416,0,173494,0,45957,4485,139,1048576,4194304,8388608,2097152,16777216,2097152,33554432,8388608,16777216,2097152,8388608,1048576,65536,4.5051798820495605
"8,30,74",WIN,3,16149821.0,two-stone-69-91-child-proof.csv,split-exact-search shrink=2 load=80,1000000,WIN,1000000,17,996840,3.5254,0.99684,283655.75537527655,0,0,0,1,1,5,21,381,2748,14648,53701,153779,257277,285769,178386,48502,4674,107,0,0,14647,53700,153778,0,257277,0,285769,0,178386,0,48502,4674,107,1048576,4194304,8388608,2097152,16777216,2097152,33554432,8388608,16777216,2097152,8388608,1048576,65536,4.310509204864502
"23,31,36",WIN,3,5222081.0,two-stone-61-66-child-proof.csv,EXACT_3_STONE_SEARCH,1000000,WIN,1000000,17,993513,3.35662,0.993513,297918.73968456365,0,0,0,1,1,11,61,756,5652,23505,81238,196787,280327,263079,123640,23372,1539,31,0,0,23504,81237,196786,0,280326,0,263078,0,123640,0,23372,1539,31,1048576,4194304,8388608,2097152,16777216,2097152,33554432,8388608,16777216,2097152,8388608,1048576,65536,4.238600254058838
"24,31,36",WIN,3,5467450.0,two-stone-61-66-child-proof.csv,EXACT_3_STONE_SEARCH,1000000,WIN,1000000,17,994033,3.52778,0.994033,283464.3883688892,0,0,0,1,1,11,49,794,5107,21502,72377,186309,275397,273012,137768,26179,1476,17,0,0,21501,72376,186308,0,275396,0,273012,0,137768,0,26179,1476,17,1048576,4194304,8388608,2097152,16777216,2097152,33554432,8388608,16777216,2097152,8388608,1048576,65536,4.20978307723999
"31,36,50",WIN,3,7624254.0,two-stone-61-66-child-proof.csv,EXACT_3_STONE_SEARCH,1000000,WIN,1000000,18,995596,3.49316,0.995596,286273.7464072645,0,0,0,1,1,8,30,556,3798,18175,63190,168318,263721,276143,160507,41533,3908,105,6,0,18174,63189,168317,0,263720,0,276143,0,160507,0,41533,3908,105,1048576,4194304,8388608,2097152,16777216,2097152,33554432,8388608,16777216,2097152,8388608,1048576,65536,4.5047736167907715
"33,38,52",WIN,3,11894638.0,two-stone-61-66-child-proof.csv,EXACT_3_STONE_SEARCH,1000000,WIN,1000000,18,994832,3.81439,0.994832,262165.1168338843,0,0,0,1,1,13,41,669,4418,17595,59654,162419,258215,277219,170022,45278,4299,137,19,0,17594,59653,162418,0,258214,0,277218,0,170021,0,45278,4299,137,1048576,4194304,8388608,2097152,16777216,2097152,33554432,8388608,16777216,2097152,8388608,1048576,65536,4.574449300765991
"31,36,60",WIN,3,9966001.0,two-stone-61-66-child-proof.csv,EXACT_3_STONE_SEARCH,1000000,WIN,1000000,17,995596,3.9972,0.995596,250175.12258581008,0,0,0,1,1,7,32,549,3809,16729,58009,160656,259355,281047,171653,44167,3878,107,0,0,16728,58008,160655,0,259354,0,281046,0,171653,0,44167,3878,107,1048576,4194304,8388608,2097152,16777216,2097152,33554432,8388608,16777216,2097152,8388608,1048576,65536,5.210098028182983
"33,38,62",WIN,3,5096474.0,two-stone-61-66-child-proof.csv,EXACT_3_STONE_SEARCH,1000000,WIN,1000000,17,992383,3.81765,0.992383,261941.24657839246,0,0,0,1,1,15,63,1050,6485,22737,74379,187016,271347,267661,138790,28683,1760,12,0,0,22736,74378,187016,0,271347,0,267661,0,138790,0,28683,1760,12,1048576,4194304,8388608,2097152,16777216,2097152,33554432,8388608,16777216,2097152,8388608,1048576,65536,4.8462324142456055
"13,18,63",WIN,3,4274608.0,two-stone-61-66-child-proof.csv,EXACT_3_STONE_SEARCH,1000000,WIN,1000000,17,990419,3.8934,0.990419,256844.9170390918,0,0,0,1,1,19,88,1174,8293,25418,80912,192458,271347,259759,131013,27452,2030,35,0,0,25417,80911,192457,0,271346,0,259758,0,131013,0,27452,2030,35,1048576,4194304,8388608,2097152,16777216,2097152,33554432,8388608,16777216,2097152,8388608,1048576,65536,4.741460561752319
"13,39,63",WIN,3,5728213.0,two-stone-61-66-child-proof.csv,EXACT_3_STONE_SEARCH,1000000,WIN,1000000,17,993546,3.43361,0.993546,291238.6671753636,0,0,0,1,1,10,50,784,5602,22464,75814,190674,277360,267171,132848,25572,1612,37,0,0,22463,75813,190673,0,277359,0,267170,0,132847,0,25572,1612,37,1048576,4194304,8388608,2097152,16777216,2097152,33554432,8388608,16777216,2097152,8388608,1048576,65536,4.384138584136963
"13,49,63",WIN,3,6983809.0,two-stone-61-66-child-proof.csv,EXACT_3_STONE_SEARCH,1000000,WIN,1000000,17,992656,3.56995,0.992656,280115.9680107565,0,0,0,1,1,12,57,843,6427,21959,74587,185307,272179,266736,139762,30007,2089,33,0,0,21958,74586,185306,0,272179,0,266736,0,139762,0,30007,2089,33,1048576,4194304,8388608,2097152,16777216,2097152,33554432,8388608,16777216,2097152,8388608,1048576,65536,4.370752334594727
"16,61,66",WIN,3,4530172.0,two-stone-61-66-child-proof.csv,EXACT_3_STONE_SEARCH,1000000,WIN,1000000,17,984034,3.20028,0.984034,312472.6586423688,0,0,0,1,2,11,209,1506,14232,36725,118006,228282,285593,223192,81127,10676,435,3,0,0,36724,118005,228281,0,285592,0,223191,0,81127,0,10676,435,3,1048576,4194304,8388608,2097152,16777216,2097152,33554432,8388608,16777216,2097152,8388608,1048576,65536,4.149744510650635
"30,31,36",WIN,3,5071133.0,two-stone-61-66-child-proof.csv,EXACT_3_STONE_SEARCH,1000000,WIN,1000000,17,994841,3.57209,0.994841,279948.1536019529,0,0,0,1,1,13,37,722,4378,19401,66091,178185,271650,279329,147067,30926,2158,41,0,0,19400,66090,178184,0,271649,0,279328,0,147066,0,30925,2158,41,1048576,4194304,8388608,2097152,16777216,2097152,33554432,8388608,16777216,2097152,8388608,1048576,65536,4.285315036773682
"31,32,36",WIN,3,5222081.0,two-stone-61-66-child-proof.csv,EXACT_3_STONE_SEARCH,1000000,WIN,1000000,17,993513,3.3185,0.993513,301340.96730450506,0,0,0,1,1,11,61,756,5652,23505,81238,196787,280327,263079,123640,23372,1539,31,0,0,23504,81237,196786,0,280326,0,263078,0,123640,0,23372,1539,31,1048576,4194304,8388608,2097152,16777216,2097152,33554432,8388608,16777216,2097152,8388608,1048576,65536,4.267086982727051
"31,33,36",WIN,3,6066250.0,two-stone-61-66-child-proof.csv,EXACT_3_STONE_SEARCH,1000000,WIN,1000000,17,994454,3.69134,0.994454,270904.3328438995,0,0,0,1,1,16,36,775,4713,19629,64337,175938,266349,277390,153934,34177,2632,72,0,0,19628,64336,175937,0,266348,0,277390,0,153934,0,34177,2632,72,1048576,4194304,8388608,2097152,16777216,2097152,33554432,8388608,16777216,2097152,8388608,1048576,65536,4.3288867473602295
"31,34,36",WIN,3,7653828.0,two-stone-61-66-child-proof.csv,EXACT_3_STONE_SEARCH,1000000,WIN,1000000,17,997028,3.67667,0.997028,271985.2475201745,0,0,0,1,1,6,18,371,2572,13025,48060,143160,250597,287537,194231,55197,5098,126,0,0,13024,48059,143159,0,250597,0,287537,0,194231,0,55197,5098,126,1048576,4194304,8388608,2097152,16777216,2097152,33554432,8388608,16777216,2097152,8388608,1048576,65536,4.489453315734863
"31,35,36",WIN,3,5467450.0,two-stone-61-66-child-proof.csv,EXACT_3_STONE_SEARCH,1000000,WIN,1000000,17,994033,3.47208,0.994033,288011.7969632036,0,0,0,1,1,11,49,794,5107,21502,72377,186309,275397,273012,137768,26179,1476,17,0,0,21501,72376,186308,0,275396,0,273012,0,137768,0,26179,1476,17,1048576,4194304,8388608,2097152,16777216,2097152,33554432,8388608,16777216,2097152,8388608,1048576,65536,4.32417368888855
"31,36,37",WIN,3,4268453.0,two-stone-61-66-child-proof.csv,EXACT_3_STONE_SEARCH,1000000,WIN,1000000,17,986192,3.38567,0.986192,295362.5131805521,0,0,0,1,1,12,167,1389,12234,33924,108411,221631,284430,232972,91073,13161,588,6,0,0,33923,108410,221630,0,284429,0,232972,0,91073,0,13161,588,6,1048576,4194304,8388608,2097152,16777216,2097152,33554432,8388608,16777216,2097152,8388608,1048576,65536,4.2046990394592285
"30,33,38",WIN,3,5764153.0,two-stone-61-66-child-proof.csv,EXACT_3_STONE_SEARCH,1000000,WIN,1000000,17,989767,3.42277,0.989767,292161.02747190144,0,0,0,1,2,11,112,1153,8949,25128,82923,188979,270562,257874,133200,29063,2013,30,0,0,25127,82922,188978,0,270561,0,257873,0,133200,0,29063,2013,30,1048576,4194304,8388608,2097152,16777216,2097152,33554432,8388608,16777216,2097152,8388608,1048576,65536,4.277825355529785
"31,33,38",WIN,3,4537311.0,two-stone-61-66-child-proof.csv,EXACT_3_STONE_SEARCH,1000000,WIN,1000000,17,990038,3.32668,0.990038,300599.9975952,0,0,0,1,1,17,97,1126,8716,27171,89409,203204,279144,252851,115514,21371,1360,18,0,0,27170,89408,203203,0,279143,0,252851,0,115514,0,21371,1360,18,1048576,4194304,8388608,2097152,16777216,2097152,33554432,8388608,16777216,2097152,8388608,1048576,65536,4.178435325622559
"0,31,36",WIN,3,10691452.0,two-stone-61-66-child-proof.csv,HAS_EXACT_4_STONE_LOSS_CHILD,1000000,WIN,1000000,18,995955,3.55683,0.995955,281149.22557445813,0,0,0,1,1,11,23,505,3493,15219,54035,154627,255185,282777,177820,50804,5338,154,7,0,15218,54034,154626,0,255184,0,282777,0,177820,0,50804,5338,154,1048576,4194304,8388608,2097152,16777216,2097152,33554432,8388608,16777216,2097152,8388608,1048576,65536,4.414883613586426
"3,31,36",WIN,3,9648343.0,two-stone-61-66-child-proof.csv,EXACT_3_STONE_SEARCH,1000000,WIN,1000000,17,996455,3.50544,0.996455,285270.8932402209,0,0,0,1,1,10,18,513,2999,16387,55817,160356,259053,284865,172471,43536,3866,107,0,0,16386,55816,160355,0,259053,0,284865,0,172471,0,43536,3866,107,1048576,4194304,8388608,2097152,16777216,2097152,33554432,8388608,16777216,2097152,8388608,1048576,65536,4.32451057434082
"4,31,36",WIN,3,7077456.0,two-stone-61-66-child-proof.csv,EXACT_3_STONE_SEARCH,1000000,WIN,1000000,17,994907,3.41045,0.994907,293216.4377134982,0,0,0,1,1,12,34,687,4356,20005,67154,179997,269782,277032,147146,31462,2283,48,0,0,20004,67153,179997,0,269782,0,277032,0,147146,0,31462,2283,48,1048576,4194304,8388608,2097152,16777216,2097152,33554432,8388608,16777216,2097152,8388608,1048576,65536,4.231313228607178
"7,31,36",WIN,3,11894638.0,two-stone-61-66-child-proof.csv,EXACT_3_STONE_SEARCH,1000000,WIN,1000000,18,994832,3.50304,0.994832,285466.3378094455,0,0,0,1,1,13,41,669,4418,17595,59654,162419,258215,277219,170022,45278,4299,137,19,0,17594,59653,162418,0,258214,0,277218,0,170021,0,45278,4299,137,1048576,4194304,8388608,2097152,16777216,2097152,33554432,8388608,16777216,2097152,8388608,1048576,65536,4.336671352386475
"10,31,36",WIN,3,8348401.0,two-stone-61-66-child-proof.csv,EXACT_3_STONE_SEARCH,1000000,WIN,1000000,18,996295,3.54425,0.996295,282147.139733371,0,0,0,1,1,9,20,512,3152,14591,52913,156474,259998,288400,175879,44321,3642,81,6,0,14590,52912,156473,0,259997,0,288400,0,175879,0,44321,3642,81,1048576,4194304,8388608,2097152,16777216,2097152,33554432,8388608,16777216,2097152,8388608,1048576,65536,4.339895009994507
"13,31,36",WIN,3,6927525.0,two-stone-61-66-child-proof.csv,EXACT_3_STONE_SEARCH,1000000,WIN,1000000,17,994070,3.54443,0.99407,282132.81119954406,0,0,0,1,1,18,33,859,5015,20592,66927,177539,265426,273058,151567,35870,3026,68,0,0,20591,66926,177538,0,265426,0,273058,0,151567,0,35870,3026,68,1048576,4194304,8388608,2097152,16777216,2097152,33554432,8388608,16777216,2097152,8388608,1048576,65536,4.359605312347412
"14,31,36",WIN,3,6884755.0,two-stone-61-66-child-proof.csv,EXACT_3_STONE_SEARCH,1000000,WIN,1000000,18,993370,3.52167,0.99337,283956.19123881566,0,0,0,1,1,14,47,885,5664,21584,70034,178515,264801,269760,148876,36431,3283,91,13,0,21583,70033,178514,0,264800,0,269759,0,148876,0,36431,3283,91,1048576,4194304,8388608,2097152,16777216,2097152,33554432,8388608,16777216,2097152,8388608,1048576,65536,4.356929779052734
"17,31,36",WIN,3,5096474.0,two-stone-61-66-child-proof.csv,EXACT_3_STONE_SEARCH,1000000,WIN,1000000,17,992383,3.43794,0.992383,290871.85931109905,0,0,0,1,1,15,63,1050,6485,22737,74379,187016,271347,267661,138790,28683,1760,12,0,0,22736,74378,187016,0,271347,0,267661,0,138790,0,28683,1760,12,1048576,4194304,8388608,2097152,16777216,2097152,33554432,8388608,16777216,2097152,8388608,1048576,65536,4.290043354034424
"21,31,36",WIN,3,4274608.0,two-stone-61-66-child-proof.csv,EXACT_3_STONE_SEARCH,1000000,WIN,1000000,17,990419,3.3774,0.990419,296085.7464321667,0,0,0,1,1,19,88,1174,8293,25418,80912,192458,271347,259759,131013,27452,2030,35,0,0,25417,80911,192457,0,271346,0,259758,0,131013,0,27452,2030,35,1048576,4194304,8388608,2097152,16777216,2097152,33554432,8388608,16777216,2097152,8388608,1048576,65536,4.218608617782593
"22,31,36",WIN,3,7222035.0,two-stone-61-66-child-proof.csv,EXACT_3_STONE_SEARCH,1000000,WIN,1000000,18,991718,3.3867,0.991718,295272.6843239732,0,0,0,1,1,11,63,913,7281,23010,79244,188188,273466,262577,134311,28679,2188,59,8,0,23009,79243,188187,0,273465,0,262577,0,134311,0,28679,2188,59,1048576,4194304,8388608,2097152,16777216,2097152,33554432,8388608,16777216,2097152,8388608,1048576,65536,4.234386444091797
"25,31,36",WIN,3,8824924.0,two-stone-61-66-child-proof.csv,EXACT_3_STONE_SEARCH,1000000,WIN,1000000,18,997008,3.59845,0.997008,277897.4280593033,0,0,0,1,1,5,19,356,2598,13524,50353,142186,245159,280843,191133,64444,9003,368,7,0,13523,50352,142185,0,245158,0,280842,0,191133,0,64444,9003,368,1048576,4194304,8388608,2097152,16777216,2097152,33554432,8388608,16777216,2097152,8388608,1048576,65536,4.405694961547852
"26,31,36",WIN,3,4268453.0,two-stone-61-66-child-proof.csv,EXACT_3_STONE_SEARCH,1000000,WIN,1000000,17,986192,3.38604,0.986192,295330.23827243625,0,0,0,1,1,12,167,1389,12234,33924,108411,221631,284430,232972,91073,13161,588,6,0,0,33923,108410,221630,0,284429,0,232972,0,91073,0,13161,588,6,1048576,4194304,8388608,2097152,16777216,2097152,33554432,8388608,16777216,2097152,8388608,1048576,65536,4.2740418910980225
"31,36,41",WIN,3,5547810.0,two-stone-61-66-child-proof.csv,EXACT_3_STONE_SEARCH,1000000,WIN,1000000,17,991147,3.53542,0.991147,282851.8252428283,0,0,0,1,1,14,94,982,7757,24813,80474,189662,271261,260069,134090,28646,2087,49,0,0,24812,80473,189661,0,271260,0,260069,0,134090,0,28646,2087,49,1048576,4194304,8388608,2097152,16777216,2097152,33554432,8388608,16777216,2097152,8388608,1048576,65536,4.353048086166382
"31,36,43",WIN,3,10860519.0,two-stone-61-66-child-proof.csv,EXACT_3_STONE_SEARCH,1000000,WIN,1000000,18,996354,3.55552,0.996354,281252.8125281253,0,0,0,1,1,7,24,458,3142,15292,53759,150626,250986,280845,183319,55066,6264,202,8,0,15291,53758,150625,0,250985,0,280844,0,183319,0,55066,6264,202,1048576,4194304,8388608,2097152,16777216,2097152,33554432,8388608,16777216,2097152,8388608,1048576,65536,4.380643367767334
"33,38,43",WIN,3,6242853.0,two-stone-61-66-child-proof.csv,EXACT_3_STONE_SEARCH,1000000,WIN,1000000,17,989683,3.49308,0.989683,286280.3027700482,0,0,0,1,2,13,126,1110,9060,28235,90481,198683,270832,249503,122880,26749,2265,60,0,0,28234,90480,198682,0,270831,0,249502,0,122880,0,26749,2265,60,1048576,4194304,8388608,2097152,16777216,2097152,33554432,8388608,16777216,2097152,8388608,1048576,65536,4.344860315322876
"31,36,44",WIN,3,10278182.0,two-stone-61-66-child-proof.csv,EXACT_3_STONE_SEARCH,1000000,WIN,1000000,18,995466,3.47803,0.995466,287519.08407920576,0,0,0,1,1,9,31,558,3914,16954,62088,168190,267212,279742,159172,38731,3277,104,16,0,16953,62087,168189,0,267211,0,279742,0,159172,0,38731,3277,104,1048576,4194304,8388608,2097152,16777216,2097152,33554432,8388608,16777216,2097152,8388608,1048576,65536,4.296731948852539
"31,36,53",WIN,3,4785034.0,two-stone-61-66-child-proof.csv,EXACT_3_STONE_SEARCH,1000000,WIN,1000000,17,984620,3.41274,0.98462,293019.6850624425,0,0,0,1,1,16,186,1717,13453,32933,103601,215883,280838,235599,97587,16927,1226,32,0,0,32932,103600,215882,0,280837,0,235598,0,97586,0,16927,1226,32,1048576,4194304,8388608,2097152,16777216,2097152,33554432,8388608,16777216,2097152,8388608,1048576,65536,4.236330509185791
"31,36,54",WIN,3,7707798.0,two-stone-61-66-child-proof.csv,EXACT_3_STONE_SEARCH,1000000,WIN,1000000,17,988997,3.42894,0.988997,291635.31587021064,0,0,0,1,2,16,103,1187,9690,28058,91456,202240,275405,248660,117497,23874,1783,28,0,0,28057,91455,202239,0,275404,0,248660,0,117497,0,23874,1783,28,1048576,4194304,8388608,2097152,16777216,2097152,33554432,8388608,16777216,2097152,8388608,1048576,65536,4.218803882598877
"31,36,61",WIN,3,5325067.0,two-stone-61-66-child-proof.csv,EXACT_3_STONE_SEARCH,1000000,WIN,1000000,17,991373,3.40994,0.991373,293260.29196994664,0,0,0,1,1,11,75,966,7569,25151,84980,199959,280136,258532,119548,21708,1341,22,0,0,25150,84979,199958,0,280135,0,258532,0,119548,0,21708,1341,22,1048576,4194304,8388608,2097152,16777216,2097152,33554432,8388608,16777216,2097152,8388608,1048576,65536,4.1980040073394775
"13,27,63",WIN,3,4489170.0,two-stone-61-66-child-proof.csv,EXACT_3_STONE_SEARCH,1000000,WIN,1000000,17,990879,3.4543,0.990879,289494.2535390672,0,0,0,1,1,16,66,1088,7946,27091,88716,205315,281642,256879,112189,18083,951,16,0,0,27090,88715,205314,0,281642,0,256879,0,112189,0,18083,951,16,1048576,4194304,8388608,2097152,16777216,2097152,33554432,8388608,16777216,2097152,8388608,1048576,65536,4.276581525802612
"13,36,63",WIN,3,5760682.0,two-stone-61-66-child-proof.csv,EXACT_3_STONE_SEARCH,1000000,WIN,1000000,17,991285,3.47467,0.991285,287797.11454612954,0,0,0,1,1,12,78,979,7640,25781,86011,198822,277701,255843,121880,23661,1572,18,0,0,25780,86010,198821,0,277700,0,255843,0,121880,0,23661,1572,18,1048576,4194304,8388608,2097152,16777216,2097152,33554432,8388608,16777216,2097152,8388608,1048576,65536,4.326994895935059
"33,38,63",WIN,3,4803336.0,two-stone-61-66-child-proof.csv,EXACT_3_STONE_SEARCH,1000000,WIN,1000000,17,990674,3.34798,0.990674,298687.56683134305,0,0,0,1,1,15,66,1070,8172,26721,87496,199392,276156,253011,121418,24549,1886,46,0,0,26720,87496,199392,0,276156,0,253011,0,121418,0,24549,1886,46,1048576,4194304,8388608,2097152,16777216,2097152,33554432,8388608,16777216,2097152,8388608,1048576,65536,4.166836500167847
"13,46,63",WIN,3,4785034.0,two-stone-61-66-child-proof.csv,EXACT_3_STONE_SEARCH,1000000,WIN,1000000,17,984620,3.24164,0.98462,308485.8281610543,0,0,0,1,1,16,186,1717,13453,32933,103601,215883,280838,235599,97587,16927,1226,32,0,0,32932,103600,215882,0,280837,0,235598,0,97586,0,16927,1226,32,1048576,4194304,8388608,2097152,16777216,2097152,33554432,8388608,16777216,2097152,8388608,1048576,65536,4.1222522258758545
"13,57,63",WIN,3,8389492.0,two-stone-61-66-child-proof.csv,EXACT_3_STONE_SEARCH,1000000,WIN,1000000,18,995294,3.50226,0.995294,285529.9149691913,0,0,0,1,1,13,24,680,3952,18325,59967,168648,262960,280842,161885,39287,3280,104,31,0,18324,59966,168647,0,262959,0,280842,0,161885,0,39287,3280,104,1048576,4194304,8388608,2097152,16777216,2097152,33554432,8388608,16777216,2097152,8388608,1048576,65536,4.3144237995147705
"1,31,36",WIN,3,5307499.0,two-stone-61-66-child-proof.csv,EXACT_3_STONE_SEARCH,1000000,WIN,1000000,17,990554,3.36819,0.990554,296895.3651664544,0,0,0,1,1,8,83,920,8429,26041,92903,208550,289723,252955,103636,15970,769,11,0,0,26040,92902,208549,0,289722,0,252955,0,103636,0,15970,769,11,1048576,4194304,8388608,2097152,16777216,2097152,33554432,8388608,16777216,2097152,8388608,1048576,65536,4.184015274047852
"6,31,36",WIN,3,8424552.0,two-stone-61-66-child-proof.csv,HAS_EXACT_4_STONE_LOSS_CHILD,1000000,WIN,1000000,18,993879,3.57039,0.993879,280081.4476849868,0,0,0,1,2,4,69,643,5387,19524,66767,164991,258058,269160,165536,45175,4517,155,11,0,19523,66766,164990,0,258057,0,269160,0,165536,0,45175,4517,155,1048576,4194304,8388608,2097152,16777216,2097152,33554432,8388608,16777216,2097152,8388608,1048576,65536,4.385463714599609
"12,31,36",WIN,3,7112400.0,two-stone-61-66-child-proof.csv,EXACT_3_STONE_SEARCH,1000000,WIN,1000000,18,995747,3.60349,0.995747,277508.74846329534,0,0,0,1,1,11,26,576,3577,16243,56039,157976,257646,282695,173853,46551,4555,195,55,0,16242,56038,157975,0,257645,0,282694,0,173852,0,46551,4555,195,1048576,4194304,8388608,2097152,16777216,2097152,33554432,8388608,16777216,2097152,8388608,1048576,65536,4.372960567474365
"15,31,36",WIN,3,9966001.0,two-stone-61-66-child-proof.csv,EXACT_3_STONE_SEARCH,1000000,WIN,1000000,17,995596,3.62241,0.995596,276059.30858185573,0,0,0,1,1,7,32,549,3809,16729,58009,160656,259355,281047,171653,44167,3878,107,0,0,16728,58008,160655,0,259354,0,281046,0,171653,0,44167,3878,107,1048576,4194304,8388608,2097152,16777216,2097152,33554432,8388608,16777216,2097152,8388608,1048576,65536,4.408982276916504
"31,36,40",WIN,3,9076416.0,two-stone-61-66-child-proof.csv,EXACT_3_STONE_SEARCH,1000000,WIN,1000000,18,995509,3.47867,0.995509,287466.1867897788,0,0,0,1,1,7,35,544,3881,15292,55232,152316,254103,281017,181136,50862,5350,207,16,0,15291,55231,152315,0,254102,0,281016,0,181135,0,50862,5350,207,1048576,4194304,8388608,2097152,16777216,2097152,33554432,8388608,16777216,2097152,8388608,1048576,65536,4.34341287612915
"31,36,42",WIN,3,15648482.0,two-stone-61-66-child-proof.csv,HAS_EXACT_4_STONE_LOSS_CHILD,1000000,WIN,1000000,18,992659,3.49499,0.992659,286123.85157039075,0,0,0,1,2,8,98,782,6437,22029,74522,175267,262584,262779,151730,39875,3776,100,10,0,22028,74521,175266,0,262584,0,262779,0,151730,0,39875,3776,100,1048576,4194304,8388608,2097152,16777216,2097152,33554432,8388608,16777216,2097152,8388608,1048576,65536,4.349693059921265
"33,38,42",WIN,3,6507420.0,two-stone-61-66-child-proof.csv,EXACT_3_STONE_SEARCH,1000000,WIN,1000000,17,993028,3.44703,0.993028,290104.8148696124,0,0,0,1,1,14,54,822,6078,22722,77015,189922,275703,266694,133348,26060,1546,20,0,0,22721,77014,189922,0,275703,0,266694,0,133348,0,26060,1546,20,1048576,4194304,8388608,2097152,16777216,2097152,33554432,8388608,16777216,2097152,8388608,1048576,65536,4.254333019256592
"33,38,44",WIN,3,7791803.0,two-stone-61-66-child-proof.csv,EXACT_3_STONE_SEARCH,1000000,WIN,1000000,17,986419,3.27883,0.986419,304986.83981786185,0,0,0,1,2,13,157,1369,12033,33012,110016,223233,288849,231546,86275,12732,747,15,0,0,33011,110015,223232,0,288848,0,231545,0,86274,0,12732,747,15,1048576,4194304,8388608,2097152,16777216,2097152,33554432,8388608,16777216,2097152,8388608,1048576,65536,4.124460935592651
"31,36,52",WIN,3,7677090.0,two-stone-61-66-child-proof.csv,HAS_EXACT_4_STONE_LOSS_CHILD,1000000,WIN,1000000,18,996385,3.60807,0.996385,277156.4853231783,0,0,0,1,1,8,20,497,3031,15125,52857,155476,256110,287167,178987,46490,4030,148,52,0,15124,52856,155475,0,256109,0,287166,0,178987,0,46490,4030,148,1048576,4194304,8388608,2097152,16777216,2097152,33554432,8388608,16777216,2097152,8388608,1048576,65536,4.411888360977173
"33,38,54",WIN,3,6075507.0,two-stone-61-66-child-proof.csv,HAS_EXACT_4_STONE_LOSS_CHILD,1000000,WIN,1000000,17,997191,3.57189,0.997191,279963.82867333543,0,0,0,1,1,7,15,386,2395,13507,47376,145855,248927,290049,191558,54547,5246,130,0,0,13506,47375,145854,0,248926,0,290049,0,191558,0,54547,5246,130,1048576,4194304,8388608,2097152,16777216,2097152,33554432,8388608,16777216,2097152,8388608,1048576,65536,4.414205551147461
"9,13,63",WIN,3,6874695.0,two-stone-61-66-child-proof.csv,EXACT_3_STONE_SEARCH,1000000,WIN,1000000,17,995608,3.50681,0.995608,285159.44690473675,0,0,0,1,1,14,24,639,3708,16537,55379,162403,259760,287326,171443,39803,2900,62,0,0,16536,55378,162402,0,259759,0,287325,0,171443,0,39803,2900,62,1048576,4194304,8388608,2097152,16777216,2097152,33554432,8388608,16777216,2097152,8388608,1048576,65536,4.381588459014893
"7,61,66",WIN,3,13564840.0,two-stone-61-66-child-proof.csv,HAS_EXACT_4_STONE_LOSS_CHILD,1000000,WIN,1000000,17,996199,3.42571,0.996199,291910.29012963735,0,0,0,1,1,7,24,461,3302,16145,56876,161607,260466,282351,171132,43661,3856,110,0,0,16144,56875,161606,0,260465,0,282350,0,171132,0,43661,3856,110,1048576,4194304,8388608,2097152,16777216,2097152,33554432,8388608,16777216,2097152,8388608,1048576,65536,4.341677665710449
"2,31,36",WIN,3,14329582.0,two-stone-61-66-child-proof.csv,HAS_EXACT_4_STONE_LOSS_CHILD,1000000,WIN,1000000,18,996203,3.51483,0.996203,284508.7813635368,0,0,0,1,1,9,21,484,3227,14880,54220,156282,256191,284993,174644,48948,5751,298,50,0,14879,54219,156281,0,256190,0,284993,0,174644,0,48948,5751,298,1048576,4194304,8388608,2097152,16777216,2097152,33554432,8388608,16777216,2097152,8388608,1048576,65536,4.333479404449463
"5,31,36",WIN,3,14481474.0,two-stone-61-66-child-proof.csv,HAS_EXACT_4_STONE_LOSS_CHILD,1000000,WIN,1000000,18,996732,3.48618,0.996732,286846.921271994,0,0,0,1,1,8,18,438,2795,14890,51993,155308,255922,289030,178967,46346,4172,108,3,0,14889,51992,155307,0,255921,0,289030,0,178967,0,46346,4172,108,1048576,4194304,8388608,2097152,16777216,2097152,33554432,8388608,16777216,2097152,8388608,1048576,65536,4.34976601600647
"11,31,36",WIN,3,15246599.0,two-stone-61-66-child-proof.csv,HAS_EXACT_4_STONE_LOSS_CHILD,1000000,WIN,1000000,17,992586,3.43841,0.992586,290832.09972051036,0,0,0,1,2,9,84,778,6538,23157,81266,188810,275519,260235,130491,30138,2859,113,0,0,23156,81265,188810,0,275519,0,260235,0,130491,0,30138,2859,113,1048576,4194304,8388608,2097152,16777216,2097152,33554432,8388608,16777216,2097152,8388608,1048576,65536,4.273618698120117
"16,31,36",WIN,3,9834450.0,two-stone-61-66-child-proof.csv,EXACT_3_STONE_SEARCH,1000000,WIN,1000000,17,992983,3.40087,0.992983,294042.4067959081,0,0,0,1,2,9,85,734,6182,22459,78052,185841,272830,264462,137071,29885,2328,59,0,0,22458,78051,185840,0,272829,0,264462,0,137071,0,29885,2328,59,1048576,4194304,8388608,2097152,16777216,2097152,33554432,8388608,16777216,2097152,8388608,1048576,65536,4.243893146514893
"20,31,36",WIN,3,7638822.0,two-stone-61-66-child-proof.csv,EXACT_3_STONE_SEARCH,1000000,WIN,1000000,17,990312,3.35893,0.990312,297713.855305112,0,0,0,1,1,9,76,965,8632,28789,98863,214391,288598,244187,99283,15467,730,8,0,0,28788,98862,214390,0,288597,0,244187,0,99283,0,15467,730,8,1048576,4194304,8388608,2097152,16777216,2097152,33554432,8388608,16777216,2097152,8388608,1048576,65536,4.184671401977539
"27,31,36",WIN,3,6222826.0,two-stone-61-66-child-proof.csv,EXACT_3_STONE_SEARCH,1000000,WIN,1000000,17,992381,3.39912,0.992381,294193.7913342277,0,0,0,1,1,11,49,856,6696,23560,82231,198261,284153,264180,119022,19951,1009,19,0,0,23559,82230,198260,0,284152,0,264179,0,119022,0,19951,1009,19,1048576,4194304,8388608,2097152,16777216,2097152,33554432,8388608,16777216,2097152,8388608,1048576,65536,4.211549758911133
"31,36,51",WIN,3,6336688.0,two-stone-61-66-child-proof.csv,EXACT_3_STONE_SEARCH,1000000,WIN,1000000,17,993100,3.51451,0.9931,284534.6862009213,0,0,0,1,1,15,49,858,5973,22700,74874,188912,272324,268557,136037,27717,1946,36,0,0,22699,74873,188911,0,272324,0,268557,0,136037,0,27717,1946,36,1048576,4194304,8388608,2097152,16777216,2097152,33554432,8388608,16777216,2097152,8388608,1048576,65536,4.407649278640747
"33,38,53",WIN,3,11678598.0,two-stone-61-66-child-proof.csv,HAS_EXACT_4_STONE_LOSS_CHILD,1000000,WIN,1000000,17,990057,3.31482,0.990057,301675.5057589854,0,0,0,1,2,9,125,913,8890,28113,99231,212721,289479,243282,99363,16699,1138,34,0,0,28112,99230,212720,0,289479,0,243282,0,99363,0,16699,1138,34,1048576,4194304,8388608,2097152,16777216,2097152,33554432,8388608,16777216,2097152,8388608,1048576,65536,4.139031887054443
"31,36,62",WIN,3,5755839.0,two-stone-61-66-child-proof.csv,EXACT_3_STONE_SEARCH,1000000,WIN,1000000,18,993258,3.52403,0.993258,283766.0292335763,0,0,0,1,1,12,52,859,5806,20790,68833,175120,263988,269910,151585,38868,4024,142,9,0,20789,68832,175120,0,263988,0,269910,0,151585,0,38868,4024,142,1048576,4194304,8388608,2097152,16777216,2097152,33554432,8388608,16777216,2097152,8388608,1048576,65536,4.346876859664917
"7,13,63",WIN,3,13996712.0,two-stone-61-66-child-proof.csv,HAS_EXACT_4_STONE_LOSS_CHILD,1000000,WIN,1000000,17,991736,3.38326,0.991736,295572.9089694555,0,0,0,1,2,8,92,787,7367,24664,86483,196075,279339,255699,121464,25671,2283,65,0,0,24663,86482,196074,0,279338,0,255698,0,121463,0,25670,2283,65,1048576,4194304,8388608,2097152,16777216,2097152,33554432,8388608,16777216,2097152,8388608,1048576,65536,4.191821336746216
"8,13,63",WIN,3,8777000.0,two-stone-61-66-child-proof.csv,EXACT_3_STONE_SEARCH,1000000,WIN,1000000,17,990481,3.27007,0.990481,305803.8512937032,0,0,0,1,1,13,71,1022,8407,26675,92451,208670,286982,251093,106219,17416,964,15,0,0,26674,92450,208669,0,286981,0,251093,0,106219,0,17416,964,15,1048576,4194304,8388608,2097152,16777216,2097152,33554432,8388608,16777216,2097152,8388608,1048576,65536,4.074676513671875
"13,17,63",WIN,3,6454141.0,two-stone-61-66-child-proof.csv,EXACT_3_STONE_SEARCH,1000000,WIN,1000000,17,993759,3.4714,0.993759,288068.21455320617,0,0,0,1,1,10,38,710,5478,21862,75335,189483,277128,268329,132605,27065,1930,25,0,0,21861,75334,189482,0,277128,0,268329,0,132605,0,27065,1930,25,1048576,4194304,8388608,2097152,16777216,2097152,33554432,8388608,16777216,2097152,8388608,1048576,65536,4.323512077331543
"13,19,63",WIN,3,8355101.0,two-stone-61-66-child-proof.csv,EXACT_3_STONE_SEARCH,1000000,WIN,1000000,17,995351,3.48785,0.995351,286709.5775334375,0,0,0,1,1,10,27,578,4027,18822,67094,178515,273414,278429,146874,30283,1901,24,0,0,18821,67093,178514,0,273413,0,278428,0,146874,0,30283,1901,24,1048576,4194304,8388608,2097152,16777216,2097152,33554432,8388608,16777216,2097152,8388608,1048576,65536,4.294393539428711
"13,28,63",WIN,3,9762456.0,two-stone-61-66-child-proof.csv,EXACT_3_STONE_SEARCH,1000000,WIN,1000000,17,989770,3.41531,0.98977,292799.1895318434,0,0,0,1,1,6,98,916,9205,30501,106018,221378,290450,235386,91885,13541,602,12,0,0,30500,106017,221377,0,290450,0,235386,0,91885,0,13541,602,12,1048576,4194304,8388608,2097152,16777216,2097152,33554432,8388608,16777216,2097152,8388608,1048576,65536,4.234147071838379
"13,29,63",WIN,3,6667531.0,two-stone-61-66-child-proof.csv,EXACT_3_STONE_SEARCH,1000000,WIN,1000000,17,992568,3.48376,0.992568,287046.1799894367,0,0,0,1,1,16,53,932,6426,22661,77461,193526,278879,269556,126536,22593,1334,25,0,0,22660,77460,193525,0,278879,0,269556,0,126536,0,22593,1334,25,1048576,4194304,8388608,2097152,16777216,2097152,33554432,8388608,16777216,2097152,8388608,1048576,65536,4.333554029464722
"13,37,63",WIN,3,11777065.0,two-stone-61-66-child-proof.csv,EXACT_3_STONE_SEARCH,1000000,WIN,1000000,18,997769,3.64437,0.997769,274395.84893959726,0,0,0,1,1,7,10,344,1854,12723,46304,147000,252122,294084,188157,51752,5410,221,10,0,12722,46303,146999,0,252121,0,294084,0,188157,0,51752,5410,221,1048576,4194304,8388608,2097152,16777216,2097152,33554432,8388608,16777216,2097152,8388608,1048576,65536,4.518749952316284
"13,38,63",WIN,3,5862955.0,two-stone-61-66-child-proof.csv,EXACT_3_STONE_SEARCH,1000000,WIN,1000000,17,990948,3.37629,0.990948,296183.08853801066,0,0,0,1,1,13,81,1022,7931,27159,89994,206012,279755,254355,112703,19585,1347,41,0,0,27158,89993,206011,0,279755,0,254355,0,112703,0,19585,1347,41,1048576,4194304,8388608,2097152,16777216,2097152,33554432,8388608,16777216,2097152,8388608,1048576,65536,4.239257335662842
"13,47,63",WIN,3,7265332.0,two-stone-61-66-child-proof.csv,HAS_EXACT_4_STONE_LOSS_CHILD,1000000,WIN,1000000,18,996662,3.52131,0.996662,283985.2214090779,0,0,0,1,1,9,20,490,2800,13773,49123,147266,250789,288952,188225,52984,5363,192,12,0,13772,49122,147265,0,250788,0,288951,0,188225,0,52984,5363,192,1048576,4194304,8388608,2097152,16777216,2097152,33554432,8388608,16777216,2097152,8388608,1048576,65536,4.391329526901245
"13,48,63",WIN,3,7370867.0,two-stone-61-66-child-proof.csv,EXACT_3_STONE_SEARCH,1000000,WIN,1000000,17,994685,3.46982,0.994685,288199.38786450017,0,0,0,1,1,14,31,739,4524,20756,69557,182812,272187,275291,143787,28577,1695,28,0,0,20755,69556,182811,0,272186,0,275290,0,143787,0,28577,1695,28,1048576,4194304,8388608,2097152,16777216,2097152,33554432,8388608,16777216,2097152,8388608,1048576,65536,4.270649671554565
"13,56,63",WIN,3,8285550.0,two-stone-61-66-child-proof.csv,HAS_EXACT_4_STONE_LOSS_CHILD,1000000,WIN,1000000,18,997211,3.68131,0.997211,271642.431634391,0,0,0,1,1,7,22,377,2337,12031,44743,134567,238876,285484,202947,69191,9015,360,41,0,12030,44742,134566,0,238876,0,285484,0,202947,0,69191,9015,360,1048576,4194304,8388608,2097152,16777216,2097152,33554432,8388608,16777216,2097152,8388608,1048576,65536,4.562019109725952
"13,58,63",WIN,3,9054802.0,two-stone-61-66-child-proof.csv,EXACT_3_STONE_SEARCH,1000000,WIN,1000000,17,994109,3.9656,0.994109,252168.6503933831,0,0,0,1,1,9,39,735,5103,22264,75414,190499,277182,270580,131334,25115,1692,32,0,0,22263,75413,190498,0,277182,0,270580,0,131334,0,25115,1692,32,1048576,4194304,8388608,2097152,16777216,2097152,33554432,8388608,16777216,2097152,8388608,1048576,65536,4.848569393157959
"13,59,63",WIN,3,12009891.0,two-stone-61-66-child-proof.csv,HAS_EXACT_4_STONE_LOSS_CHILD,1000000,WIN,1000000,17,987727,3.26853,0.987727,305947.9337806292,0,0,0,1,1,9,128,1199,10931,31645,106179,216586,284374,235139,96178,16571,1047,12,0,0,31644,106178,216585,0,284373,0,235139,0,96178,0,16571,1047,12,1048576,4194304,8388608,2097152,16777216,2097152,33554432,8388608,16777216,2097152,8388608,1048576,65536,4.132777214050293
"16,60,66",WIN,3,7056475.0,two-stone-61-66-child-proof.csv,EXACT_3_STONE_SEARCH,1000000,WIN,1000000,17,992073,3.37276,0.992073,296493.0798515163,0,0,0,1,1,11,60,787,7066,24753,87211,201775,283405,256695,115370,21167,1631,67,0,0,24752,87211,201775,0,283405,0,256695,0,115370,0,21167,1631,67,1048576,4194304,8388608,2097152,16777216,2097152,33554432,8388608,16777216,2097152,8388608,1048576,65536,4.250427961349487
"9,61,66",WIN,3,15082498.0,two-stone-61-66-child-proof.csv,HAS_EXACT_4_STONE_LOSS_CHILD,1000000,WIN,1000000,17,997551,3.50858,0.997551,285015.5903527923,0,0,0,1,1,5,15,318,2103,12535,46468,145325,252891,295861,189285,50512,4577,103,0,0,12534,46467,145324,0,252890,0,295860,0,189284,0,50512,4577,103,1048576,4194304,8388608,2097152,16777216,2097152,33554432,8388608,16777216,2097152,8388608,1048576,65536,4.409539222717285
"17,61,66",WIN,3,7725566.0,two-stone-61-66-child-proof.csv,EXACT_3_STONE_SEARCH,1000000,WIN,1000000,17,993317,3.36758,0.993317,296949.14448951476,0,0,0,1,1,9,41,706,5920,21762,77254,190106,278419,267387,131092,25706,1579,17,0,0,21761,77253,190105,0,278418,0,267386,0,131092,0,25706,1579,17,1048576,4194304,8388608,2097152,16777216,2097152,33554432,8388608,16777216,2097152,8388608,1048576,65536,4.221725940704346
"26,61,66",WIN,3,7912792.0,two-stone-61-66-child-proof.csv,EXACT_3_STONE_SEARCH,1000000,WIN,1000000,17,991127,3.61087,0.991127,276941.5680985469,0,0,0,1,1,9,84,923,7850,26659,91590,207266,283875,250605,109543,20084,1476,34,0,0,26658,91589,207265,0,283874,0,250604,0,109543,0,20084,1476,34,1048576,4194304,8388608,2097152,16777216,2097152,33554432,8388608,16777216,2097152,8388608,1048576,65536,4.288060188293457
"27,61,66",WIN,3,15251431.0,two-stone-61-66-child-proof.csv,HAS_EXACT_4_STONE_LOSS_CHILD,1000000,WIN,1000000,17,987314,3.34828,0.987314,298660.80495060154,0,0,0,1,1,10,140,1298,11230,32711,105935,218835,285666,235277,93280,14776,829,11,0,0,32710,105934,218834,0,285665,0,235276,0,93279,0,14776,829,11,1048576,4194304,8388608,2097152,16777216,2097152,33554432,8388608,16777216,2097152,8388608,1048576,65536,4.202919006347656
"29,61,66",WIN,3,12789022.0,two-stone-61-66-child-proof.csv,EXACT_3_STONE_SEARCH,1000000,WIN,1000000,18,997392,3.65342,0.997392,273716.1344712625,0,0,0,1,1,4,13,336,2189,10890,41604,129653,236971,287896,209173,71296,9456,459,58,0,10889,41603,129652,0,236970,0,287895,0,209172,0,71296,9456,459,1048576,4194304,8388608,2097152,16777216,2097152,33554432,8388608,16777216,2097152,8388608,1048576,65536,4.52743935585022
"8,31,36",WIN,3,9251704.0,two-stone-61-66-child-proof.csv,EXACT_3_STONE_SEARCH,1000000,WIN,1000000,17,993846,3.35544,0.993846,298023.50809431844,0,0,0,1,1,11,39,721,5376,21910,76805,189615,276435,267761,133122,26447,1725,31,0,0,21909,76804,189614,0,276434,0,267760,0,133122,0,26447,1725,31,1048576,4194304,8388608,2097152,16777216,2097152,33554432,8388608,16777216,2097152,8388608,1048576,65536,4.299578905105591
"9,31,36",WIN,3,10549777.0,two-stone-61-66-child-proof.csv,EXACT_3_STONE_SEARCH,1000000,WIN,1000000,17,994859,3.42638,0.994859,291853.209509745,0,0,0,1,1,6,38,552,4538,19912,71727,180100,271693,269493,145262,33648,2931,98,0,0,19911,71726,180099,0,271692,0,269492,0,145262,0,33648,2931,98,1048576,4194304,8388608,2097152,16777216,2097152,33554432,8388608,16777216,2097152,8388608,1048576,65536,4.242769956588745
"18,31,36",WIN,3,6601458.0,two-stone-61-66-child-proof.csv,EXACT_3_STONE_SEARCH,1000000,WIN,1000000,17,992349,3.353,0.992349,298240.38174768863,0,0,0,1,1,16,48,897,6684,24844,83375,201183,280801,261743,117977,20970,1423,37,0,0,24843,83374,201182,0,280800,0,261743,0,117977,0,20970,1423,37,1048576,4194304,8388608,2097152,16777216,2097152,33554432,8388608,16777216,2097152,8388608,1048576,65536,4.1714186668396
"19,31,36",WIN,3,15079594.0,two-stone-61-66-child-proof.csv,HAS_EXACT_4_STONE_LOSS_CHILD,1000000,WIN,1000000,17,995997,3.44077,0.995997,290632.62002400623,0,0,0,1,1,7,22,459,3509,15275,55754,156234,256740,284619,176343,46704,4229,103,0,0,15274,55753,156233,0,256739,0,284619,0,176343,0,46704,4229,103,1048576,4194304,8388608,2097152,16777216,2097152,33554432,8388608,16777216,2097152,8388608,1048576,65536,4.288019180297852
"28,31,36",WIN,3,12802281.0,two-stone-61-66-child-proof.csv,HAS_EXACT_4_STONE_LOSS_CHILD,1000000,WIN,1000000,18,998309,3.71153,0.998309,269430.66605954955,0,0,0,1,1,1,21,143,1492,7399,32287,106138,222377,289769,238754,89373,11754,463,27,0,7398,32286,106137,0,222376,0,289768,0,238754,0,89373,11754,463,1048576,4194304,8388608,2097152,16777216,2097152,33554432,8388608,16777216,2097152,8388608,1048576,65536,4.5055811405181885
"29,31,36",WIN,3,10179036.0,two-stone-61-66-child-proof.csv,EXACT_3_STONE_SEARCH,1000000,WIN,1000000,17,984934,3.33342,0.984934,299992.20020279475,0,0,0,1,2,12,178,1487,13382,35864,115846,226395,286811,222886,83216,13028,865,27,0,0,35863,115845,226394,0,286810,0,222886,0,83216,0,13028,865,27,1048576,4194304,8388608,2097152,16777216,2097152,33554432,8388608,16777216,2097152,8388608,1048576,65536,4.151413440704346
"33,38,40",WIN,3,6570676.0,two-stone-61-66-child-proof.csv,EXACT_3_STONE_SEARCH,1000000,WIN,1000000,17,993509,3.39273,0.993509,294747.88739451714,0,0,0,1,1,14,48,821,5600,20787,69339,180289,269582,273559,146624,31212,2089,34,0,0,20786,69338,180288,0,269581,0,273558,0,146623,0,31212,2089,34,1048576,4194304,8388608,2097152,16777216,2097152,33554432,8388608,16777216,2097152,8388608,1048576,65536,4.21470308303833
"33,38,41",WIN,3,15858699.0,two-stone-61-66-child-proof.csv,HAS_EXACT_4_STONE_LOSS_CHILD,1000000,WIN,1000000,18,997059,3.66357,0.997059,272957.797994852,0,0,0,1,1,6,23,355,2538,12159,45982,136739,243603,287134,199516,64106,7576,249,12,0,12158,45981,136738,0,243602,0,287133,0,199516,0,64106,7576,249,1048576,4194304,8388608,2097152,16777216,2097152,33554432,8388608,16777216,2097152,8388608,1048576,65536,4.50205397605896
"33,38,50",WIN,3,7014882.0,two-stone-61-66-child-proof.csv,EXACT_3_STONE_SEARCH,1000000,WIN,1000000,17,986493,3.29599,0.986493,303398.9787590375,0,0,0,1,1,6,141,1257,12097,35535,118345,231538,291791,221005,77669,10237,376,1,0,0,35534,118344,231537,0,291790,0,221005,0,77669,0,10237,376,1,1048576,4194304,8388608,2097152,16777216,2097152,33554432,8388608,16777216,2097152,8388608,1048576,65536,4.136135101318359
"33,38,51",WIN,3,11221502.0,two-stone-61-66-child-proof.csv,EXACT_3_STONE_SEARCH,1000000,WIN,1000000,18,995028,3.58991,0.995028,278558.5153945363,0,0,0,1,1,10,26,613,4311,18812,64328,173205,266037,278390,156236,35292,2665,67,6,0,18811,64327,173204,0,266036,0,278390,0,156236,0,35292,2665,67,1048576,4194304,8388608,2097152,16777216,2097152,33554432,8388608,16777216,2097152,8388608,1048576,65536,4.413378477096558
"33,38,60",WIN,3,12562627.0,two-stone-61-66-child-proof.csv,HAS_EXACT_4_STONE_LOSS_CHILD,1000000,WIN,1000000,17,995447,3.61748,0.995447,276435.52970576205,0,0,0,1,1,11,20,590,3925,16543,58152,164829,262471,282337,167102,40601,3341,76,0,0,16542,58151,164828,0,262470,0,282336,0,167102,0,40601,3341,76,1048576,4194304,8388608,2097152,16777216,2097152,33554432,8388608,16777216,2097152,8388608,1048576,65536,4.4368085861206055
"33,38,61",WIN,3,5696205.0,two-stone-61-66-child-proof.csv,EXACT_3_STONE_SEARCH,1000000,WIN,1000000,17,991399,3.3549,0.991399,298071.47754031414,0,0,0,1,1,12,68,957,7557,25779,87664,202916,280632,254809,117245,21153,1193,13,0,0,25778,87663,202915,0,280631,0,254808,0,117245,0,21153,1193,13,1048576,4194304,8388608,2097152,16777216,2097152,33554432,8388608,16777216,2097152,8388608,1048576,65536,4.230095386505127
"8,61,66",WIN,3,11074905.0,two-stone-61-66-child-proof.csv,EXACT_3_STONE_SEARCH,1000000,WIN,1000000,17,994629,3.48278,0.994629,287126.95030981,0,0,0,1,1,9,31,684,4640,20048,69252,182222,272617,275331,143700,29515,1920,29,0,0,20047,69251,182221,0,272616,0,275330,0,143700,0,29515,1920,29,1048576,4194304,8388608,2097152,16777216,2097152,33554432,8388608,16777216,2097152,8388608,1048576,65536,4.316127300262451
"18,61,66",WIN,3,7562710.0,two-stone-61-66-child-proof.csv,EXACT_3_STONE_SEARCH,1000000,WIN,1000000,17,993423,3.3339,0.993423,299949.00866852637,0,0,0,1,1,11,53,772,5734,23366,81616,197311,282973,264466,121075,21351,1248,22,0,0,23365,81615,197310,0,282972,0,264465,0,121075,0,21351,1248,22,1048576,4194304,8388608,2097152,16777216,2097152,33554432,8388608,16777216,2097152,8388608,1048576,65536,4.147207975387573
"19,61,66",WIN,3,7484087.0,two-stone-61-66-child-proof.csv,EXACT_3_STONE_SEARCH,1000000,WIN,1000000,17,994540,3.57917,0.99454,279394.38473165565,0,0,0,1,1,10,41,608,4796,18495,67112,177127,272837,279053,147130,30696,2056,37,0,0,18494,67111,177126,0,272837,0,279053,0,147130,0,30696,2056,37,1048576,4194304,8388608,2097152,16777216,2097152,33554432,8388608,16777216,2097152,8388608,1048576,65536,4.399503469467163
"28,61,66",WIN,3,8626503.0,two-stone-61-66-child-proof.csv,HAS_EXACT_4_STONE_LOSS_CHILD,1000000,WIN,1000000,18,996900,3.62499,0.9969,275862.8299664275,0,0,0,1,1,7,14,381,2686,14959,54213,153640,254153,281188,178787,53677,6088,200,5,0,14958,54212,153639,0,254152,0,281187,0,178787,0,53677,6088,200,1048576,4194304,8388608,2097152,16777216,2097152,33554432,8388608,16777216,2097152,8388608,1048576,65536,4.5071446895599365
"0,9,10,30",WIN,4,4001299.0,three-stone-9-10-30-child-proof.csv,EXACT_DIRECT,1000000,WIN,1000000,18,998500,3.96019,0.9985,252513.13699595223,0,0,0,0,1,2,11,158,1254,7408,32153,107070,221632,290136,235197,90689,13534,688,67,0,7407,32152,107069,0,221631,0,290135,0,235196,0,90688,13534,688,1048576,4194304,8388608,2097152,16777216,2097152,33554432,8388608,16777216,2097152,8388608,1048576,65536,4.867208480834961
"9,10,30,60",WIN,4,2997030.0,three-stone-9-10-30-child-proof.csv,EXACT_DIRECT,1000000,WIN,1000000,18,998286,3.98174,0.998286,251146.48369808175,0,0,0,0,1,1,18,168,1504,6775,30687,100112,217918,289908,247379,93678,11493,340,18,0,6774,30686,100111,0,217917,0,289908,0,247379,0,93678,11493,340,1048576,4194304,8388608,2097152,16777216,2097152,33554432,8388608,16777216,2097152,8388608,1048576,65536,4.889755487442017
"1,9,10,30",WIN,4,10890016.0,three-stone-9-10-30-child-proof.csv,EXACT_DIRECT,1000000,WIN,1000000,17,997859,4.34483,0.997859,230158.60229284,0,0,0,0,1,6,12,324,1794,12327,45543,147193,256500,298295,187029,47216,3697,63,0,0,12326,45542,147192,0,256499,0,298295,0,187029,0,47216,3697,63,1048576,4194304,8388608,2097152,16777216,2097152,33554432,8388608,16777216,2097152,8388608,1048576,65536,5.213918924331665
"9,10,20,30",WIN,4,4072785.0,three-stone-9-10-30-child-proof.csv,EXACT_DIRECT,1000000,WIN,1000000,18,998461,4.21367,0.998461,237322.80885783653,0,0,0,0,1,2,10,157,1303,7688,32920,108492,221998,290461,234524,88867,12877,640,60,0,7687,32919,108491,0,221997,0,290460,0,234523,0,88867,12877,640,1048576,4194304,8388608,2097152,16777216,2097152,33554432,8388608,16777216,2097152,8388608,1048576,65536,4.9212658405303955
"9,10,30,40",WIN,4,4086738.0,three-stone-9-10-30-child-proof.csv,EXACT_DIRECT,1000000,WIN,1000000,18,998520,4.09997,0.99852,243904.22368944163,0,0,0,0,1,2,16,126,1288,6758,30213,98332,213234,286024,247882,100887,14601,595,41,0,6757,30212,98331,0,213233,0,286023,0,247881,0,100887,14601,595,1048576,4194304,8388608,2097152,16777216,2097152,33554432,8388608,16777216,2097152,8388608,1048576,65536,4.96328592300415
"9,10,30,50",WIN,4,10149441.0,three-stone-9-10-30-child-proof.csv,EXACT_DIRECT,1000000,WIN,1000000,18,998620,3.76761,0.99862,265420.2531578375,0,0,0,0,1,2,12,158,1196,7675,32991,111798,227261,295123,232300,81538,9645,293,7,0,7674,32990,111797,0,227260,0,295123,0,232300,0,81538,9645,293,1048576,4194304,8388608,2097152,16777216,2097152,33554432,8388608,16777216,2097152,8388608,1048576,65536,4.7414960861206055
"9,10,30,54",WIN,4,9002723.0,three-stone-9-10-30-child-proof.csv,EXACT_DIRECT,1000000,WIN,1000000,17,998052,3.7714,0.998052,265153.5238903325,0,0,0,0,1,5,9,289,1639,11395,42647,139602,249499,298256,196990,54356,5169,143,0,0,11394,42646,139601,0,249498,0,298255,0,196990,0,54356,5169,143,1048576,4194304,8388608,2097152,16777216,2097152,33554432,8388608,16777216,2097152,8388608,1048576,65536,4.6728291511535645
"1,3,9,90",WIN,4,5902767.0,three-stone-9-10-30-child-proof.csv,EXACT_DIRECT,1000000,WIN,1000000,18,999079,3.8836,0.999079,257493.04768771245,0,0,0,0,1,1,8,58,719,4260,22593,81243,197508,286689,266051,119176,20427,1138,128,0,4259,22592,81242,0,197507,0,286688,0,266050,0,119176,20427,1138,1048576,4194304,8388608,2097152,16777216,2097152,33554432,8388608,16777216,2097152,8388608,1048576,65536,4.805424451828003
"9,10,30,41",WIN,4,3795565.0,three-stone-9-10-30-child-proof.csv,EXACT_DIRECT,1000000,WIN,1000000,18,998731,4.01016,0.998731,249366.60881361342,0,0,0,0,1,1,8,93,1053,5672,27293,93179,209414,289540,252885,103701,16183,870,107,0,5671,27292,93178,0,209413,0,289539,0,252884,0,103701,16183,870,1048576,4194304,8388608,2097152,16777216,2097152,33554432,8388608,16777216,2097152,8388608,1048576,65536,4.907791376113892
"9,10,30,70",WIN,4,5848840.0,three-stone-9-10-30-child-proof.csv,EXACT_DIRECT,1000000,WIN,1000000,18,998507,4.01034,0.998507,249355.41624899633,0,0,0,0,1,2,12,155,1266,7580,32682,109306,222497,291651,234859,87454,11999,485,51,0,7579,32681,109305,0,222496,0,291650,0,234858,0,87454,11999,485,1048576,4194304,8388608,2097152,16777216,2097152,33554432,8388608,16777216,2097152,8388608,1048576,65536,5.153537034988403
"9,10,30,80",WIN,4,5412472.0,three-stone-9-10-30-child-proof.csv,EXACT_DIRECT,1000000,WIN,1000000,18,998552,3.89895,0.998552,256479.3085317842,0,0,0,0,1,3,13,162,1219,7775,33089,110512,224607,292029,232893,85215,11879,558,45,0,7774,33088,110511,0,224606,0,292028,0,232893,0,85215,11879,558,1048576,4194304,8388608,2097152,16777216,2097152,33554432,8388608,16777216,2097152,8388608,1048576,65536,4.806887626647949
"9,10,19,30",WIN,4,9420726.0,three-stone-9-10-30-child-proof.csv,EXACT_DIRECT,1000000,WIN,1000000,18,998197,4.02294,0.998197,248574.42566878948,0,0,0,0,1,4,10,235,1540,9441,36716,124468,236956,296604,217353,68892,7548,224,8,0,9440,36715,124467,0,236955,0,296603,0,217353,0,68892,7548,224,1048576,4194304,8388608,2097152,16777216,2097152,33554432,8388608,16777216,2097152,8388608,1048576,65536,4.913463592529297
"9,10,30,39",WIN,4,5987221.0,three-stone-9-10-30-child-proof.csv,EXACT_DIRECT,1000000,WIN,1000000,18,997893,3.70675,0.997893,269778.1075065758,0,0,0,0,1,4,14,254,1814,10067,39412,128625,241090,295495,211892,64663,6469,183,17,0,10066,39411,128624,0,241090,0,295495,0,211892,0,64663,6469,183,1048576,4194304,8388608,2097152,16777216,2097152,33554432,8388608,16777216,2097152,8388608,1048576,65536,4.57267951965332
"9,10,30,72",WIN,4,2997030.0,three-stone-9-10-30-child-proof.csv,EXACT_DIRECT,1000000,WIN,1000000,18,998286,3.66569,0.998286,272799.93671041465,0,0,0,0,1,1,18,168,1504,6775,30687,100112,217918,289908,247379,93678,11493,340,18,0,6774,30686,100111,0,217917,0,289908,0,247379,0,93678,11493,340,1048576,4194304,8388608,2097152,16777216,2097152,33554432,8388608,16777216,2097152,8388608,1048576,65536,4.4958837032318115
"2,9,10,30",WIN,4,5490927.0,three-stone-9-10-30-child-proof.csv,EXACT_DIRECT,1000000,WIN,1000000,18,998158,3.76143,0.998158,265856.3365528536,0,0,0,0,1,2,20,189,1538,7983,34403,111239,227467,290820,229571,83982,12027,671,87,0,7982,34402,111238,0,227466,0,290819,0,229571,0,83982,12027,671,1048576,4194304,8388608,2097152,16777216,2097152,33554432,8388608,16777216,2097152,8388608,1048576,65536,4.569019079208374
"3,9,10,30",WIN,4,5858852.0,three-stone-9-10-30-child-proof.csv,EXACT_DIRECT,1000000,WIN,1000000,18,998139,3.74602,0.998139,266949.9895889504,0,0,0,0,1,1,21,158,1581,7152,32302,104086,221058,288456,237971,92267,14062,789,95,0,7151,32301,104085,0,221057,0,288456,0,237971,0,92267,14062,789,1048576,4194304,8388608,2097152,16777216,2097152,33554432,8388608,16777216,2097152,8388608,1048576,65536,4.6122660636901855
"9,10,11,30",WIN,4,4129394.0,three-stone-9-10-30-child-proof.csv,EXACT_DIRECT,1000000,WIN,1000000,18,998684,3.77251,0.998684,265075.50675810006,0,0,0,0,1,1,17,66,928,3915,21680,72366,184920,273555,273237,139010,28066,1941,297,0,3914,21679,72365,0,184919,0,273554,0,273236,0,139010,28066,1941,1048576,4194304,8388608,2097152,16777216,2097152,33554432,8388608,16777216,2097152,8388608,1048576,65536,4.538702487945557
"9,10,30,34",WIN,4,5770743.0,three-stone-9-10-30-child-proof.csv,EXACT_DIRECT,1000000,WIN,1000000,18,998259,3.70449,0.998259,269942.69116666535,0,0,0,0,1,4,12,208,1456,8952,35609,117339,227291,292067,224801,80486,11178,541,55,0,8951,35608,117338,0,227290,0,292066,0,224801,0,80486,11178,541,1048576,4194304,8388608,2097152,16777216,2097152,33554432,8388608,16777216,2097152,8388608,1048576,65536,4.483341693878174
"9,10,30,38",WIN,4,6247759.0,three-stone-9-10-30-child-proof.csv,EXACT_DIRECT,1000000,WIN,1000000,18,998564,3.67047,0.998564,272444.67329797003,0,0,0,0,1,3,11,160,1205,7682,32201,106271,218798,289120,237920,92418,13523,638,49,0,7681,32200,106270,0,218797,0,289119,0,237919,0,92417,13523,638,1048576,4194304,8388608,2097152,16777216,2097152,33554432,8388608,16777216,2097152,8388608,1048576,65536,4.483924150466919
"0,19,39,60",WIN,4,6289219.0,three-stone-9-10-30-child-proof.csv,EXACT_DIRECT,1000000,WIN,1000000,18,997911,3.58302,0.997911,279094.17195550125,0,0,0,0,1,2,12,244,1803,10144,40995,128299,239806,289896,211219,69167,8097,293,22,0,10143,40994,128298,0,239805,0,289895,0,211219,0,69167,8097,293,1048576,4194304,8388608,2097152,16777216,2097152,33554432,8388608,16777216,2097152,8388608,1048576,65536,4.468008756637573
"9,10,30,61",WIN,4,5069291.0,three-stone-9-10-30-child-proof.csv,EXACT_DIRECT,1000000,WIN,1000000,18,998689,3.6853,0.998689,271348.3298510298,0,0,0,0,1,1,10,83,1099,5406,27007,91087,206830,285012,254941,109883,17608,920,112,0,5405,27006,91086,0,206829,0,285011,0,254941,0,109883,17608,920,1048576,4194304,8388608,2097152,16777216,2097152,33554432,8388608,16777216,2097152,8388608,1048576,65536,4.4874351024627686
"9,10,30,63",WIN,4,4379585.0,three-stone-9-10-30-child-proof.csv,EXACT_DIRECT,1000000,WIN,1000000,18,998079,3.64444,0.998079,274390.57852509577,0,0,0,0,1,3,18,235,1642,8535,35753,116309,230210,291425,226427,79305,9773,346,18,0,8534,35752,116308,0,230209,0,291425,0,226427,0,79305,9773,346,1048576,4194304,8388608,2097152,16777216,2097152,33554432,8388608,16777216,2097152,8388608,1048576,65536,4.518941402435303
"0,19,39,71",WIN,4,5358161.0,three-stone-9-10-30-child-proof.csv,EXACT_DIRECT,1000000,WIN,1000000,18,998718,3.77165,0.998718,265135.9484575716,0,0,0,0,1,1,11,107,1105,6324,29028,101884,217332,292662,243733,93614,13516,627,55,0,6323,29027,101884,0,217332,0,292662,0,243733,0,93614,13516,627,1048576,4194304,8388608,2097152,16777216,2097152,33554432,8388608,16777216,2097152,8388608,1048576,65536,4.608674049377441
"0,19,39,84",WIN,4,16297760.0,three-stone-9-10-30-child-proof.csv,EXACT_DIRECT,1000000,WIN,1000000,18,998529,3.98988,0.998529,250634.10428383813,0,0,0,0,1,4,10,197,1236,8997,36071,120239,231071,292846,220342,77875,10658,435,18,0,8996,36070,120238,0,231070,0,292845,0,220342,0,77875,10658,435,1048576,4194304,8388608,2097152,16777216,2097152,33554432,8388608,16777216,2097152,8388608,1048576,65536,4.923881769180298
"0,19,39,90",WIN,4,5071383.0,three-stone-9-10-30-child-proof.csv,EXACT_DIRECT,1000000,WIN,1000000,18,999031,4.10118,0.999031,243832.26290969914,0,0,0,0,1,1,15,46,757,3427,20428,72202,188081,279887,277482,132859,23393,1275,146,0,3426,20427,72201,0,188081,0,279887,0,277482,0,132859,23393,1275,1048576,4194304,8388608,2097152,16777216,2097152,33554432,8388608,16777216,2097152,8388608,1048576,65536,5.241633415222168
"9,10,14,30",WIN,4,6861583.0,three-stone-9-10-30-child-proof.csv,EXACT_DIRECT,1000000,WIN,1000000,17,998655,3.98453,0.998655,250970.628907299,0,0,0,0,1,1,11,155,1173,7038,30445,105633,220693,295804,240284,87407,11016,339,0,0,7037,30444,105632,0,220692,0,295804,0,240284,0,87407,11016,339,1048576,4194304,8388608,2097152,16777216,2097152,33554432,8388608,16777216,2097152,8388608,1048576,65536,4.8710246086120605
"9,10,30,43",WIN,4,6645424.0,three-stone-9-10-30-child-proof.csv,EXACT_DIRECT,1000000,WIN,1000000,18,999057,5.17025,0.999057,193414.24495914124,0,0,0,0,1,1,7,26,504,2584,15102,54834,153500,257177,286569,180071,45698,3527,399,0,2583,15101,54833,0,153499,0,257176,0,286569,0,180071,45698,3527,1048576,4194304,8388608,2097152,16777216,2097152,33554432,8388608,16777216,2097152,8388608,1048576,65536,6.0022289752960205
"9,10,30,81",WIN,4,7627079.0,three-stone-9-10-30-child-proof.csv,EXACT_DIRECT,1000000,WIN,1000000,18,998029,4.71319,0.998029,212170.5256949115,0,0,0,0,1,4,13,247,1660,8442,34669,114393,227072,291293,228948,82348,10500,369,41,0,8441,34668,114392,0,227071,0,291292,0,228948,0,82348,10500,369,1048576,4194304,8388608,2097152,16777216,2097152,33554432,8388608,16777216,2097152,8388608,1048576,65536,5.697709083557129
"1,3,29,90",WIN,4,5617073.0,three-stone-9-10-30-child-proof.csv,EXACT_DIRECT,1000000,WIN,1000000,18,999056,3.642,0.999056,274574.40966501925,0,0,0,0,1,1,11,80,820,5069,25367,90134,207865,290580,257343,105902,16046,752,29,0,5068,25366,90134,0,207865,0,290580,0,257343,0,105902,16046,752,1048576,4194304,8388608,2097152,16777216,2097152,33554432,8388608,16777216,2097152,8388608,1048576,65536,4.420607805252075
"9,10,16,30",WIN,4,4129394.0,three-stone-9-10-30-child-proof.csv,EXACT_DIRECT,1000000,WIN,1000000,18,998684,3.90875,0.998684,255836.26479053407,0,0,0,0,1,1,17,66,928,3915,21680,72366,184920,273555,273237,139010,28066,1941,297,0,3914,21679,72365,0,184919,0,273554,0,273236,0,139010,28066,1941,1048576,4194304,8388608,2097152,16777216,2097152,33554432,8388608,16777216,2097152,8388608,1048576,65536,4.665313959121704
"9,10,18,30",WIN,4,5810987.0,three-stone-9-10-30-child-proof.csv,EXACT_DIRECT,1000000,WIN,1000000,18,998522,3.83446,0.998522,260792.9147780913,0,0,0,0,1,2,10,163,1253,7625,31762,109639,224181,297488,235512,82249,9737,334,44,0,7624,31761,109638,0,224180,0,297487,0,235512,0,82249,9737,334,1048576,4194304,8388608,2097152,16777216,2097152,33554432,8388608,16777216,2097152,8388608,1048576,65536,4.600730657577515
"9,10,30,37",WIN,4,33175308.0,three-stone-9-10-30-child-proof.csv,EXACT_DIRECT,1000000,WIN,1000000,18,998255,3.55899,0.998255,280978.59224105714,0,0,0,0,1,2,13,213,1494,9333,37918,126189,238426,296647,213584,68070,7838,257,15,0,9332,37917,126188,0,238425,0,296646,0,213583,0,68069,7838,257,1048576,4194304,8388608,2097152,16777216,2097152,33554432,8388608,16777216,2097152,8388608,1048576,65536,4.463384628295898
"9,10,30,42",WIN,4,6100320.0,three-stone-9-10-30-child-proof.csv,EXACT_DIRECT,1000000,WIN,1000000,18,999045,3.71974,0.999045,268835.99391355313,0,0,0,0,1,1,10,88,793,5348,25380,88887,202639,286690,258941,111734,18466,966,56,0,5347,25379,88886,0,202638,0,286689,0,258940,0,111734,18466,966,1048576,4194304,8388608,2097152,16777216,2097152,33554432,8388608,16777216,2097152,8388608,1048576,65536,4.619150638580322
"0,19,39,42",WIN,4,7682542.0,three-stone-9-10-30-child-proof.csv,EXACT_DIRECT,1000000,WIN,1000000,18,998602,3.79223,0.998602,263697.0858835039,0,0,0,0,1,2,9,118,1225,7195,31858,106044,222986,293076,239432,86242,11236,538,38,0,7194,31857,106043,0,222985,0,293075,0,239432,0,86242,11236,538,1048576,4194304,8388608,2097152,16777216,2097152,33554432,8388608,16777216,2097152,8388608,1048576,65536,4.672991514205933
"0,19,39,44",WIN,4,4967096.0,three-stone-9-10-30-child-proof.csv,EXACT_DIRECT,1000000,WIN,1000000,18,998685,3.81549,0.998685,262089.5350269559,0,0,0,0,1,1,13,113,1156,6113,28461,101000,218033,295683,244970,91878,12141,411,26,0,6112,28460,100999,0,218032,0,295682,0,244970,0,91878,12141,411,1048576,4194304,8388608,2097152,16777216,2097152,33554432,8388608,16777216,2097152,8388608,1048576,65536,4.589680433273315
"9,10,28,30",WIN,4,7318467.0,three-stone-9-10-30-child-proof.csv,EXACT_DIRECT,1000000,WIN,1000000,18,998829,3.818,0.998829,261917.23415400734,0,0,0,0,1,3,9,126,971,6175,27647,91725,202198,282173,253343,114493,20055,1026,55,0,6174,27646,91724,0,202197,0,282172,0,253342,0,114493,20055,1026,1048576,4194304,8388608,2097152,16777216,2097152,33554432,8388608,16777216,2097152,8388608,1048576,65536,4.6072611808776855
"9,10,30,36",WIN,4,7241455.0,three-stone-9-10-30-child-proof.csv,EXACT_DIRECT,1000000,WIN,1000000,18,998346,3.63494,0.998346,275107.70466637687,0,0,0,0,1,3,12,204,1358,8684,34225,116500,229337,298420,227290,74857,8676,363,70,0,8683,34224,116499,0,229336,0,298419,0,227289,0,74857,8676,363,1048576,4194304,8388608,2097152,16777216,2097152,33554432,8388608,16777216,2097152,8388608,1048576,65536,4.508730173110962
"0,19,39,50",WIN,4,10193210.0,three-stone-9-10-30-child-proof.csv,EXACT_DIRECT,1000000,WIN,1000000,18,998635,3.63392,0.998635,275184.92426910886,0,0,0,0,1,2,8,175,1158,8672,35903,124401,237528,299638,216916,68090,7273,219,16,0,8671,35902,124400,0,237527,0,299637,0,216916,0,68090,7273,219,1048576,4194304,8388608,2097152,16777216,2097152,33554432,8388608,16777216,2097152,8388608,1048576,65536,4.434177398681641
"9,10,30,51",WIN,4,4445319.0,three-stone-9-10-30-child-proof.csv,EXACT_DIRECT,1000000,WIN,1000000,18,998729,3.68002,0.998729,271737.6535997087,0,0,0,0,1,2,11,96,1053,6212,29702,98701,214148,285340,245682,101657,16392,901,102,0,6211,29701,98700,0,214147,0,285339,0,245681,0,101657,16392,901,1048576,4194304,8388608,2097152,16777216,2097152,33554432,8388608,16777216,2097152,8388608,1048576,65536,4.503007650375366
"0,19,39,51",WIN,4,15355579.0,three-stone-9-10-30-child-proof.csv,EXACT_DIRECT,1000000,WIN,1000000,18,998760,3.66293,0.99876,273005.49014040676,0,0,0,0,1,2,8,150,1070,8043,34332,116463,229838,296598,226801,77307,9120,260,7,0,8042,34331,116463,0,229838,0,296598,0,226801,0,77307,9120,260,1048576,4194304,8388608,2097152,16777216,2097152,33554432,8388608,16777216,2097152,8388608,1048576,65536,4.548609495162964
"9,10,30,52",WIN,4,4976837.0,three-stone-9-10-30-child-proof.csv,EXACT_DIRECT,1000000,WIN,1000000,18,999119,3.95012,0.999119,253156.86612052293,0,0,0,0,1,1,13,48,735,3732,21251,75304,192050,283236,276231,126418,20003,899,78,0,3731,21250,75303,0,192049,0,283235,0,276231,0,126418,20003,899,1048576,4194304,8388608,2097152,16777216,2097152,33554432,8388608,16777216,2097152,8388608,1048576,65536,4.81195330619812
"0,19,39,54",WIN,4,8806029.0,three-stone-9-10-30-child-proof.csv,EXACT_DIRECT,1000000,WIN,1000000,18,998534,3.76505,0.998534,265600.722433965,0,0,0,0,1,4,8,195,1237,7752,33146,118700,234244,302412,222852,71289,7898,247,15,0,7751,33145,118699,0,234243,0,302411,0,222851,0,71289,7898,247,1048576,4194304,8388608,2097152,16777216,2097152,33554432,8388608,16777216,2097152,8388608,1048576,65536,4.702024936676025
"0,19,39,63",WIN,4,5427843.0,three-stone-9-10-30-child-proof.csv,EXACT_DIRECT,1000000,WIN,1000000,18,998480,3.98714,0.99848,250806.34239078636,0,0,0,0,1,1,16,132,1322,7093,32188,105597,221759,289672,238772,89940,12827,635,45,0,7092,32187,105596,0,221759,0,289672,0,238772,0,89940,12827,635,1048576,4194304,8388608,2097152,16777216,2097152,33554432,8388608,16777216,2097152,8388608,1048576,65536,4.929592132568359
"0,19,39,64",WIN,4,10960618.0,three-stone-9-10-30-child-proof.csv,EXACT_DIRECT,1000000,WIN,1000000,17,997843,3.57554,0.997843,279678.0346465149,0,0,0,0,1,5,12,295,1841,10414,40756,131304,241623,294097,207068,65077,7275,232,0,0,10413,40755,131303,0,241623,0,294097,0,207068,0,65077,7275,232,1048576,4194304,8388608,2097152,16777216,2097152,33554432,8388608,16777216,2097152,8388608,1048576,65536,4.363674163818359
"9,10,30,73",WIN,4,6443370.0,three-stone-9-10-30-child-proof.csv,EXACT_DIRECT,1000000,WIN,1000000,18,998795,3.88733,0.998795,257245.97602981995,0,0,0,0,1,2,14,96,943,5475,26064,85816,197508,277183,258078,123576,23618,1484,142,0,5474,26063,85815,0,197507,0,277182,0,258077,0,123575,23618,1484,1048576,4194304,8388608,2097152,16777216,2097152,33554432,8388608,16777216,2097152,8388608,1048576,65536,4.659831285476685
"4,9,10,30",WIN,4,4418109.0,three-stone-9-10-30-child-proof.csv,EXACT_DIRECT,1000000,WIN,1000000,18,999019,3.68807,0.999019,271144.5281678493,0,0,0,0,1,1,16,53,826,3674,21666,72458,188067,275561,275414,135680,25114,1393,76,0,3673,21665,72457,0,188066,0,275560,0,275413,0,135679,25113,1393,1048576,4194304,8388608,2097152,16777216,2097152,33554432,8388608,16777216,2097152,8388608,1048576,65536,4.585280895233154
"5,9,10,30",WIN,4,4802691.0,three-stone-9-10-30-child-proof.csv,EXACT_DIRECT,1000000,WIN,1000000,18,998836,3.68202,0.998836,271590.05111324764,0,0,0,0,1,1,14,57,994,4512,23947,82380,199193,285198,265101,118152,19412,947,91,0,4511,23946,82379,0,199192,0,285197,0,265100,0,118152,19412,947,1048576,4194304,8388608,2097152,16777216,2097152,33554432,8388608,16777216,2097152,8388608,1048576,65536,4.496467590332031
"9,10,12,30",WIN,4,4657764.0,three-stone-9-10-30-child-proof.csv,EXACT_DIRECT,1000000,WIN,1000000,18,997818,3.56576,0.997818,280445.1224984295,0,0,0,0,1,3,17,250,1887,9748,38972,125496,239723,293694,214451,67936,7539,262,21,0,9747,38971,125495,0,239723,0,293694,0,214451,0,67936,7539,262,1048576,4194304,8388608,2097152,16777216,2097152,33554432,8388608,16777216,2097152,8388608,1048576,65536,4.354487895965576
"9,10,30,35",WIN,4,35355700.0,three-stone-9-10-30-child-proof.csv,EXACT_DIRECT,1000000,WIN,1000000,17,998474,3.4649,0.998474,288608.6178533291,0,0,0,0,1,1,9,164,1344,8323,34008,115711,228987,294822,229279,77933,9100,318,0,0,8322,34007,115710,0,228986,0,294821,0,229278,0,77932,9100,318,1048576,4194304,8388608,2097152,16777216,2097152,33554432,8388608,16777216,2097152,8388608,1048576,65536,4.279532432556152
"0,19,39,70",WIN,4,5739055.0,three-stone-9-10-30-child-proof.csv,EXACT_DIRECT,1000000,WIN,1000000,18,999044,3.79482,0.999044,263517.11016596307,0,0,0,0,1,1,13,44,780,3931,22749,76572,193849,279502,271791,127092,22302,1261,112,0,3930,22748,76571,0,193848,0,279501,0,271791,0,127092,22302,1261,1048576,4194304,8388608,2097152,16777216,2097152,33554432,8388608,16777216,2097152,8388608,1048576,65536,4.608980655670166
"0,19,39,80",WIN,4,8330247.0,three-stone-9-10-30-child-proof.csv,EXACT_DIRECT,1000000,WIN,1000000,18,998551,3.96383,0.998551,252281.25323235354,0,0,0,0,1,3,9,184,1202,8861,35197,122237,234512,299731,219352,70314,8061,292,44,0,8860,35196,122236,0,234511,0,299730,0,219351,0,70314,8061,292,1048576,4194304,8388608,2097152,16777216,2097152,33554432,8388608,16777216,2097152,8388608,1048576,65536,4.835043430328369
"1,3,69,90",WIN,4,8739606.0,three-stone-9-10-30-child-proof.csv,EXACT_DIRECT,1000000,WIN,1000000,18,998672,3.48517,0.998672,286930.04932327545,0,0,0,0,1,1,9,137,1157,7040,31106,104234,217816,289164,239595,94516,14529,673,22,0,7039,31106,104234,0,217816,0,289164,0,239595,0,94516,14529,673,1048576,4194304,8388608,2097152,16777216,2097152,33554432,8388608,16777216,2097152,8388608,1048576,65536,4.378383159637451
"1,3,89,90",WIN,4,6896235.0,three-stone-9-10-30-child-proof.csv,EXACT_DIRECT,1000000,WIN,1000000,18,998897,3.54435,0.998897,282139.1792571275,0,0,0,0,1,2,8,96,910,5370,25305,89604,203429,288281,256680,110833,18422,978,81,0,5369,25304,89603,0,203428,0,288280,0,256680,0,110833,18422,978,1048576,4194304,8388608,2097152,16777216,2097152,33554432,8388608,16777216,2097152,8388608,1048576,65536,4.365387916564941
"6,9,10,30",WIN,4,3955210.0,three-stone-9-10-30-child-proof.csv,EXACT_DIRECT,1000000,WIN,1000000,18,998591,3.79074,0.998591,263800.7354764505,0,0,0,0,1,2,17,124,1181,6439,29117,97177,211064,286394,247194,103753,16639,819,79,0,6438,29116,97176,0,211063,0,286393,0,247194,0,103753,16639,819,1048576,4194304,8388608,2097152,16777216,2097152,33554432,8388608,16777216,2097152,8388608,1048576,65536,4.64281153678894
"7,9,10,30",WIN,4,8139427.0,three-stone-9-10-30-child-proof.csv,EXACT_DIRECT,1000000,WIN,1000000,18,998769,3.79328,0.998769,263624.09313311963,0,0,0,0,1,1,14,71,985,4231,22350,76740,189450,278005,268387,131777,26170,1666,152,0,4230,22349,76739,0,189449,0,278004,0,268386,0,131776,26170,1666,1048576,4194304,8388608,2097152,16777216,2097152,33554432,8388608,16777216,2097152,8388608,1048576,65536,4.6263487339019775
"8,9,10,30",WIN,4,5527908.0,three-stone-9-10-30-child-proof.csv,EXACT_DIRECT,1000000,WIN,1000000,18,999057,3.80003,0.999057,263155.8171909169,0,0,0,0,1,1,14,52,807,3658,20988,74253,190959,282775,275971,128491,21060,907,63,0,3657,20987,74252,0,190958,0,282774,0,275971,0,128491,21060,907,1048576,4194304,8388608,2097152,16777216,2097152,33554432,8388608,16777216,2097152,8388608,1048576,65536,4.564552068710327
"9,10,13,30",WIN,4,6694464.0,three-stone-9-10-30-child-proof.csv,EXACT_DIRECT,1000000,WIN,1000000,18,999022,4.39709,0.999022,227423.1366653855,0,0,0,0,1,1,13,38,774,3563,20785,72039,184547,273280,273158,140575,29148,1933,145,0,3562,20784,72038,0,184546,0,273279,0,273157,0,140575,29148,1933,1048576,4194304,8388608,2097152,16777216,2097152,33554432,8388608,16777216,2097152,8388608,1048576,65536,5.217717885971069
"9,10,15,30",WIN,4,9607607.0,three-stone-9-10-30-child-proof.csv,EXACT_DIRECT,1000000,WIN,1000000,18,998417,4.12024,0.998417,242704.30848688426,0,0,0,0,1,3,10,191,1344,8941,35956,117569,228567,291725,223805,80450,10968,442,28,0,8940,35955,117568,0,228566,0,291724,0,223804,0,80450,10968,442,1048576,4194304,8388608,2097152,16777216,2097152,33554432,8388608,16777216,2097152,8388608,1048576,65536,4.9694664478302
"9,10,17,30",WIN,4,4372405.0,three-stone-9-10-30-child-proof.csv,EXACT_DIRECT,1000000,WIN,1000000,18,998735,4.3799,0.998735,228315.71497066141,0,0,0,0,1,1,18,85,1112,5061,25832,86722,203665,285109,260580,113173,17791,806,44,0,5060,25831,86721,0,203664,0,285109,0,260580,0,113173,17791,806,1048576,4194304,8388608,2097152,16777216,2097152,33554432,8388608,16777216,2097152,8388608,1048576,65536,5.27182674407959
"9,10,21,30",WIN,4,8774644.0,three-stone-9-10-30-child-proof.csv,EXACT_DIRECT,1000000,WIN,1000000,18,998785,4.14237,0.998785,241407.69656018176,0,0,0,0,1,3,9,142,1047,7029,30013,105477,220404,296506,240866,86910,11143,444,6,0,7028,30012,105476,0,220403,0,296505,0,240865,0,86909,11143,444,1048576,4194304,8388608,2097152,16777216,2097152,33554432,8388608,16777216,2097152,8388608,1048576,65536,4.971563816070557
"9,10,23,30",WIN,4,5285080.0,three-stone-9-10-30-child-proof.csv,EXACT_DIRECT,1000000,WIN,1000000,18,998698,3.74249,0.998698,267201.78277029464,0,0,0,0,1,2,14,140,1096,6712,29915,102427,217985,293238,243183,91712,12936,594,45,0,6711,29914,102426,0,217984,0,293238,0,243183,0,91712,12936,594,1048576,4194304,8388608,2097152,16777216,2097152,33554432,8388608,16777216,2097152,8388608,1048576,65536,4.595245838165283
"9,10,27,30",WIN,4,5902767.0,three-stone-9-10-30-child-proof.csv,EXACT_DIRECT,1000000,WIN,1000000,18,999079,3.71129,0.999079,269448.08947832155,0,0,0,0,1,1,8,58,719,4260,22593,81243,197508,286689,266051,119176,20427,1138,128,0,4259,22592,81242,0,197507,0,286688,0,266050,0,119176,20427,1138,1048576,4194304,8388608,2097152,16777216,2097152,33554432,8388608,16777216,2097152,8388608,1048576,65536,4.489837408065796
"9,10,30,31",WIN,4,6283641.0,three-stone-9-10-30-child-proof.csv,EXACT_DIRECT,1000000,WIN,1000000,18,999207,3.66999,0.999207,272480.30648584873,0,0,0,0,1,1,9,43,686,3857,21825,76050,190801,280673,273218,129292,22429,1067,48,0,3856,21824,76049,0,190800,0,280672,0,273218,0,129292,22429,1067,1048576,4194304,8388608,2097152,16777216,2097152,33554432,8388608,16777216,2097152,8388608,1048576,65536,4.503286600112915
"9,10,30,32",WIN,4,7349489.0,three-stone-9-10-30-child-proof.csv,EXACT_DIRECT,1000000,WIN,1000000,18,998190,3.58572,0.99819,278884.0177147128,0,0,0,0,1,2,19,193,1582,7743,33167,107841,221586,287924,235780,90908,12759,487,8,0,7742,33166,107840,0,221585,0,287923,0,235780,0,90908,12759,487,1048576,4194304,8388608,2097152,16777216,2097152,33554432,8388608,16777216,2097152,8388608,1048576,65536,4.466145753860474
"9,10,30,33",WIN,4,5920970.0,three-stone-9-10-30-child-proof.csv,EXACT_DIRECT,1000000,WIN,1000000,18,999024,3.90716,0.999024,255940.37612997674,0,0,0,0,1,1,14,59,857,4086,22139,77850,192768,281764,270796,126617,21947,1063,38,0,4085,22138,77849,0,192767,0,281763,0,270795,0,126617,21947,1063,1048576,4194304,8388608,2097152,16777216,2097152,33554432,8388608,16777216,2097152,8388608,1048576,65536,4.701575040817261
"0,19,39,41",WIN,4,15405768.0,three-stone-9-10-30-child-proof.csv,EXACT_DIRECT,1000000,WIN,1000000,19,998820,5.46873,0.99882,182857.8115942824,0,0,0,0,1,1,13,40,797,3776,21132,73351,184831,274973,271492,137467,29431,2370,309,16,3775,21131,73350,0,184831,0,274973,0,271492,0,137467,29431,2370,1048576,4194304,8388608,2097152,16777216,2097152,33554432,8388608,16777216,2097152,8388608,1048576,65536,6.572537660598755
"0,19,39,43",WIN,4,5295329.0,three-stone-9-10-30-child-proof.csv,EXACT_DIRECT,1000000,WIN,1000000,18,998569,4.29387,0.998569,232890.14339046128,0,0,0,0,1,1,8,140,1247,7592,31893,109717,223483,293932,235664,85080,10802,411,29,0,7591,31892,109716,0,223482,0,293931,0,235664,0,85080,10802,411,1048576,4194304,8388608,2097152,16777216,2097152,33554432,8388608,16777216,2097152,8388608,1048576,65536,5.422516107559204
"9,10,30,44",WIN,4,5234809.0,three-stone-9-10-30-child-proof.csv,EXACT_DIRECT,1000000,WIN,1000000,18,999200,4.07831,0.9992,245199.60473823716,0,0,0,0,1,1,13,37,649,3007,18904,64829,178808,273668,283470,146473,28429,1616,95,0,3006,18903,64828,0,178807,0,273668,0,283470,0,146473,28429,1616,1048576,4194304,8388608,2097152,16777216,2097152,33554432,8388608,16777216,2097152,8388608,1048576,65536,4.918683052062988
"0,19,39,53",WIN,4,10056578.0,three-stone-9-10-30-child-proof.csv,EXACT_DIRECT,1000000,WIN,1000000,18,998715,3.82379,0.998715,261520.63790113997,0,0,0,0,1,2,7,131,1050,6693,29308,103042,216500,293149,241880,93856,13667,624,90,0,6692,29307,103041,0,216499,0,293149,0,241880,0,93856,13667,624,1048576,4194304,8388608,2097152,16777216,2097152,33554432,8388608,16777216,2097152,8388608,1048576,65536,4.616894245147705
"0,19,39,73",WIN,4,6061801.0,three-stone-9-10-30-child-proof.csv,EXACT_DIRECT,1000000,WIN,1000000,18,998757,3.52998,0.998757,283287.72400976776,0,0,0,0,1,1,11,116,1065,6769,29756,103028,217669,291980,242892,93226,12913,530,43,0,6768,29755,103027,0,217668,0,291979,0,242891,0,93226,12913,530,1048576,4194304,8388608,2097152,16777216,2097152,33554432,8388608,16777216,2097152,8388608,1048576,65536,4.40083122253418
"9,10,30,74",WIN,4,6229934.0,three-stone-9-10-30-child-proof.csv,EXACT_DIRECT,1000000,WIN,1000000,18,998857,3.63305,0.998857,275250.82231183164,0,0,0,0,1,1,13,78,921,4797,23955,83496,196506,283006,263570,120446,21814,1273,123,0,4796,23954,83495,0,196505,0,283005,0,263569,0,120446,21814,1273,1048576,4194304,8388608,2097152,16777216,2097152,33554432,8388608,16777216,2097152,8388608,1048576,65536,4.458836793899536
"0,19,39,82",WIN,4,10624813.0,three-stone-9-10-30-child-proof.csv,EXACT_DIRECT,1000000,WIN,1000000,17,998142,3.39496,0.998142,294554.28046280367,0,0,0,0,1,3,14,221,1614,9394,38625,125812,238455,297432,214386,66695,7146,202,0,0,9393,38624,125811,0,238454,0,297431,0,214386,0,66695,7146,202,1048576,4194304,8388608,2097152,16777216,2097152,33554432,8388608,16777216,2097152,8388608,1048576,65536,4.274917125701904
"1,3,49,90",WIN,4,6677808.0,three-stone-9-10-30-child-proof.csv,EXACT_DIRECT,1000000,WIN,1000000,18,999033,3.64707,0.999033,274192.7081191203,0,0,0,0,1,1,9,66,740,4466,22672,81253,191508,281361,264140,126451,25483,1705,144,0,4465,22671,81252,0,191507,0,281360,0,264139,0,126451,25483,1705,1048576,4194304,8388608,2097152,16777216,2097152,33554432,8388608,16777216,2097152,8388608,1048576,65536,4.432457208633423
"9,10,22,30",WIN,4,4855831.0,three-stone-9-10-30-child-proof.csv,EXACT_DIRECT,1000000,WIN,1000000,18,999154,3.73113,0.999154,268015.31975567725,0,0,0,0,1,1,11,46,671,3534,19970,68231,180055,274956,281156,143206,26648,1405,109,0,3533,19969,68230,0,180054,0,274955,0,281155,0,143205,26648,1405,1048576,4194304,8388608,2097152,16777216,2097152,33554432,8388608,16777216,2097152,8388608,1048576,65536,4.5063440799713135
"9,10,24,30",WIN,4,7877006.0,three-stone-9-10-30-child-proof.csv,EXACT_DIRECT,1000000,WIN,1000000,18,998777,3.71207,0.998777,269391.47160479194,0,0,0,0,1,3,8,130,938,6567,28746,98751,209830,286186,245006,104030,18436,1231,137,0,6566,28745,98750,0,209829,0,286185,0,245005,0,104030,18436,1231,1048576,4194304,8388608,2097152,16777216,2097152,33554432,8388608,16777216,2097152,8388608,1048576,65536,4.501075744628906
"9,10,25,30",WIN,4,6884289.0,three-stone-9-10-30-child-proof.csv,EXACT_DIRECT,1000000,WIN,1000000,18,998749,3.66271,0.998749,273021.88816477417,0,0,0,0,1,3,13,132,1085,6874,30376,100364,213616,285896,244097,101028,15822,682,11,0,6873,30375,100363,0,213615,0,285895,0,244096,0,101028,15822,682,1048576,4194304,8388608,2097152,16777216,2097152,33554432,8388608,16777216,2097152,8388608,1048576,65536,4.445439100265503
"9,10,26,30",WIN,4,7786966.0,three-stone-9-10-30-child-proof.csv,EXACT_DIRECT,1000000,WIN,1000000,18,998621,3.63992,0.998621,274731.31277610495,0,0,0,0,1,3,9,158,1158,8107,33585,112759,222993,290755,230054,87047,12745,583,43,0,8106,33584,112758,0,222992,0,290754,0,230053,0,87046,12745,583,1048576,4194304,8388608,2097152,16777216,2097152,33554432,8388608,16777216,2097152,8388608,1048576,65536,4.420049428939819
"9,10,29,30",WIN,4,4756900.0,three-stone-9-10-30-child-proof.csv,EXACT_DIRECT,1000000,WIN,1000000,18,998761,3.58425,0.998761,278998.39575922437,0,0,0,0,1,1,13,93,1113,5350,26553,89645,206404,287751,258878,107866,15728,593,11,0,5349,26552,89644,0,206403,0,287750,0,258877,0,107865,15728,593,1048576,4194304,8388608,2097152,16777216,2097152,33554432,8388608,16777216,2097152,8388608,1048576,65536,4.389127492904663
"0,19,39,52",WIN,4,8230479.0,three-stone-9-10-30-child-proof.csv,EXACT_DIRECT,1000000,WIN,1000000,18,998997,3.6185,0.998997,276357.6067431256,0,0,0,0,1,2,7,82,853,5462,26175,91389,205577,287945,257342,107885,16479,748,53,0,5461,26174,91388,0,205576,0,287944,0,257342,0,107885,16479,748,1048576,4194304,8388608,2097152,16777216,2097152,33554432,8388608,16777216,2097152,8388608,1048576,65536,4.402577638626099
"9,10,30,53",WIN,4,6898245.0,three-stone-9-10-30-child-proof.csv,EXACT_DIRECT,1000000,WIN,1000000,18,999144,3.7461,0.999144,266944.2887269427,0,0,0,0,1,1,7,46,593,3636,19948,73663,185026,280109,273507,134951,26610,1699,203,0,3635,19947,73662,0,185025,0,280108,0,273507,0,134951,26610,1699,1048576,4194304,8388608,2097152,16777216,2097152,33554432,8388608,16777216,2097152,8388608,1048576,65536,4.5561439990997314
"0,19,39,61",WIN,4,8118937.0,three-stone-9-10-30-child-proof.csv,EXACT_DIRECT,1000000,WIN,1000000,18,999065,3.60371,0.999065,277491.8070543967,0,0,0,0,1,2,7,82,756,4901,24148,86284,198827,284571,259106,118575,21443,1215,82,0,4900,24147,86283,0,198826,0,284570,0,259106,0,118575,21443,1215,1048576,4194304,8388608,2097152,16777216,2097152,33554432,8388608,16777216,2097152,8388608,1048576,65536,4.370732307434082
"9,10,30,62",WIN,4,5219433.0,three-stone-9-10-30-child-proof.csv,EXACT_DIRECT,1000000,WIN,1000000,18,998969,3.779,0.998969,264620.2699126753,0,0,0,0,1,1,15,40,757,3547,19925,70024,181217,274874,275957,141938,29389,2106,209,0,3546,19924,70023,0,181216,0,274873,0,275956,0,141937,29388,2106,1048576,4194304,8388608,2097152,16777216,2097152,33554432,8388608,16777216,2097152,8388608,1048576,65536,4.583290338516235
"0,19,39,62",WIN,4,13290786.0,three-stone-9-10-30-child-proof.csv,EXACT_DIRECT,1000000,WIN,1000000,18,998216,3.63448,0.998216,275142.52382734255,0,0,0,0,1,3,10,196,1479,7839,32892,104570,211233,280293,236497,104796,19051,1046,94,0,7838,32892,104570,0,211233,0,280293,0,236497,0,104796,19051,1046,1048576,4194304,8388608,2097152,16777216,2097152,33554432,8388608,16777216,2097152,8388608,1048576,65536,4.443020343780518
"9,10,30,64",WIN,4,7992679.0,three-stone-9-10-30-child-proof.csv,EXACT_DIRECT,1000000,WIN,1000000,17,998850,3.59075,0.99885,278493.35097124556,0,0,0,0,1,2,8,125,1011,7060,31464,111027,228612,299692,233155,78766,8851,226,0,0,7059,31463,111026,0,228612,0,299692,0,233155,0,78766,8851,226,1048576,4194304,8388608,2097152,16777216,2097152,33554432,8388608,16777216,2097152,8388608,1048576,65536,4.400918960571289
"9,10,30,71",WIN,4,4575762.0,three-stone-9-10-30-child-proof.csv,EXACT_DIRECT,1000000,WIN,1000000,18,998739,3.68017,0.998739,271726.5778483059,0,0,0,0,1,1,13,90,1105,5550,27752,92027,207479,285177,252896,109360,17694,810,45,0,5549,27751,92026,0,207478,0,285176,0,252895,0,109360,17694,810,1048576,4194304,8388608,2097152,16777216,2097152,33554432,8388608,16777216,2097152,8388608,1048576,65536,4.516430854797363
"0,19,39,72",WIN,4,10360381.0,three-stone-9-10-30-child-proof.csv,EXACT_DIRECT,1000000,WIN,1000000,18,998614,3.72319,0.998614,268586.8838281151,0,0,0,0,1,2,7,133,1149,7588,32456,111006,226744,294497,231475,83500,10887,466,89,0,7587,32455,111005,0,226743,0,294496,0,231475,0,83500,10887,466,1048576,4194304,8388608,2097152,16777216,2097152,33554432,8388608,16777216,2097152,8388608,1048576,65536,4.5858049392700195
"0,19,39,74",WIN,4,6041154.0,three-stone-9-10-30-child-proof.csv,EXACT_DIRECT,1000000,WIN,1000000,18,998921,3.56548,0.998921,280467.14607850835,0,0,0,0,1,1,5,119,867,6292,27946,101811,215486,294959,246619,92668,12553,593,80,0,6291,27945,101810,0,215485,0,294958,0,246618,0,92668,12553,593,1048576,4194304,8388608,2097152,16777216,2097152,33554432,8388608,16777216,2097152,8388608,1048576,65536,4.329434633255005
"0,19,39,81",WIN,4,5595421.0,three-stone-9-10-30-child-proof.csv,EXACT_DIRECT,1000000,WIN,1000000,18,999048,3.72351,0.999048,268563.80135946994,0,0,0,0,1,1,14,34,802,3307,20642,70855,188065,279865,278900,133235,23028,1156,95,0,3306,20641,70854,0,188064,0,279864,0,278900,0,133235,23028,1156,1048576,4194304,8388608,2097152,16777216,2097152,33554432,8388608,16777216,2097152,8388608,1048576,65536,4.485841989517212
"9,10,30,82",WIN,4,6135612.0,three-stone-9-10-30-child-proof.csv,EXACT_DIRECT,1000000,WIN,1000000,18,998675,3.60931,0.998675,277061.266557874,0,0,0,0,1,1,13,93,1112,6260,29046,102114,219492,294125,245049,90523,11550,521,100,0,6259,29045,102113,0,219491,0,294124,0,245049,0,90523,11550,521,1048576,4194304,8388608,2097152,16777216,2097152,33554432,8388608,16777216,2097152,8388608,1048576,65536,4.361455678939819
"9,10,30,83",WIN,4,7230535.0,three-stone-9-10-30-child-proof.csv,EXACT_DIRECT,1000000,WIN,1000000,18,998606,3.704,0.998606,269978.4017278618,0,0,0,0,1,2,11,108,1133,6121,29045,96995,210950,284048,246160,106101,18125,1065,135,0,6120,29044,96994,0,210949,0,284048,0,246160,0,106101,18125,1065,1048576,4194304,8388608,2097152,16777216,2097152,33554432,8388608,16777216,2097152,8388608,1048576,65536,4.466362237930298
"0,19,39,83",WIN,4,7370958.0,three-stone-9-10-30-child-proof.csv,EXACT_DIRECT,1000000,WIN,1000000,18,998824,3.51066,0.998824,284846.7239778275,0,0,0,0,1,1,8,94,1063,6801,31105,109119,226331,298563,236542,80709,9371,289,3,0,6800,31104,109118,0,226330,0,298562,0,236541,0,80709,9371,289,1048576,4194304,8388608,2097152,16777216,2097152,33554432,8388608,16777216,2097152,8388608,1048576,65536,4.321494817733765
"9,10,30,84",WIN,4,8346438.0,three-stone-9-10-30-child-proof.csv,EXACT_DIRECT,1000000,WIN,1000000,18,998973,3.86781,0.998973,258544.2407977641,0,0,0,0,1,2,9,81,900,5684,27519,94161,210126,287625,250873,105248,16913,830,28,0,5683,27518,94160,0,210125,0,287624,0,250872,0,105248,16913,830,1048576,4194304,8388608,2097152,16777216,2097152,33554432,8388608,16777216,2097152,8388608,1048576,65536,4.751335144042969
"1,3,19,90",WIN,4,6247146.0,three-stone-9-10-30-child-proof.csv,EXACT_DIRECT,1000000,WIN,1000000,18,998796,3.55716,0.998796,281123.14318163926,0,0,0,0,1,2,9,125,1027,6843,29920,104457,218102,292243,240804,92908,13021,503,35,0,6842,29919,104456,0,218101,0,292242,0,240804,0,92908,13021,503,1048576,4194304,8388608,2097152,16777216,2097152,33554432,8388608,16777216,2097152,8388608,1048576,65536,4.409059286117554
"1,3,39,90",WIN,4,6438254.0,three-stone-9-10-30-child-proof.csv,EXACT_DIRECT,1000000,WIN,1000000,18,998673,3.63379,0.998673,275194.769097829,0,0,0,0,1,2,8,144,1140,7535,33015,111331,225418,293613,231367,83864,11952,585,25,0,7534,33014,111330,0,225417,0,293612,0,231366,0,83863,11952,585,1048576,4194304,8388608,2097152,16777216,2097152,33554432,8388608,16777216,2097152,8388608,1048576,65536,4.489563226699829
"1,3,59,90",WIN,4,9543079.0,three-stone-9-10-30-child-proof.csv,EXACT_DIRECT,1000000,WIN,1000000,18,999325,3.8166,0.999325,262013.31027616202,0,0,0,0,1,1,8,36,518,3290,18718,70248,182299,279903,278618,138240,26499,1514,107,0,3289,18717,70247,0,182298,0,279903,0,278618,0,138240,26499,1514,1048576,4194304,8388608,2097152,16777216,2097152,33554432,8388608,16777216,2097152,8388608,1048576,65536,4.662092685699463
"1,3,79,90",WIN,4,7869942.0,three-stone-9-10-30-child-proof.csv,EXACT_DIRECT,1000000,WIN,1000000,18,999341,3.89914,0.999341,256466.81063003637,0,0,0,0,1,1,9,28,497,2756,17047,64487,176624,277243,286829,145936,27073,1352,117,0,2755,17046,64486,0,176623,0,277242,0,286828,0,145936,27073,1352,1048576,4194304,8388608,2097152,16777216,2097152,33554432,8388608,16777216,2097152,8388608,1048576,65536,4.715649127960205
"90,61,13",WIN,3,80553789.0,three-stone-subsets-of-medium-loss.csv,EXACT_INDEPENDENT_SEARCH,1000000,WIN,1000000,18,997686,4.06289,0.997686,246130.21765295145,0,0,0,1,1,4,12,298,1979,12117,45958,141359,247963,289096,195238,58838,6835,285,16,0,12116,45957,141358,0,247963,0,289096,0,195238,0,58838,6835,285,1048576,4194304,8388608,2097152,16777216,2097152,33554432,8388608,16777216,2097152,8388608,1048576,65536,4.9270946979522705
"90,2,73",WIN,3,19509339.0,three-stone-subsets-of-medium-loss.csv,EXACT_INDEPENDENT_SEARCH,1000000,WIN,1000000,17,997125,3.86642,0.997125,258637.188924121,0,0,0,1,1,5,16,409,2437,14249,50572,153490,255505,290821,182811,46068,3541,74,0,0,14248,50571,153489,0,255504,0,290820,0,182810,0,46068,3541,74,1048576,4194304,8388608,2097152,16777216,2097152,33554432,8388608,16777216,2097152,8388608,1048576,65536,4.679603099822998
"90,2,69",WIN,3,131916886.0,three-stone-subsets-of-medium-loss.csv,EXACT_INDEPENDENT_SEARCH,1000000,WIN,1000000,18,998801,3.71342,0.998801,269293.5353393906,0,0,0,1,1,3,6,155,999,7540,30976,111529,225215,298481,230589,82545,11457,476,27,0,7539,30975,111528,0,225214,0,298480,0,230588,0,82544,11457,476,1048576,4194304,8388608,2097152,16777216,2097152,33554432,8388608,16777216,2097152,8388608,1048576,65536,4.484597444534302
"90,2,13",WIN,3,155781592.0,three-stone-subsets-of-medium-loss.csv,EXACT_INDEPENDENT_SEARCH,1000000,WIN,1000000,18,998220,3.67562,0.99822,272062.94448283553,0,0,0,1,1,1,15,120,1510,6856,31268,100753,215688,285631,241958,99523,15702,843,130,0,6855,31267,100753,0,215688,0,285631,0,241958,0,99523,15702,843,1048576,4194304,8388608,2097152,16777216,2097152,33554432,8388608,16777216,2097152,8388608,1048576,65536,4.446297645568848
"90,2,91",LOSS,3,644565278.0,three-stone-subsets-of-medium-loss.csv,EXACT_INDEPENDENT_SEARCH,1000000,LOSS,1000000,18,998361,3.55276,0.998361,281471.30681498325,0,0,0,1,1,3,15,181,1417,8757,36274,119076,231721,294059,221264,76725,10081,406,19,0,8756,36273,119076,0,231721,0,294059,0,221264,0,76725,10081,406,1048576,4194304,8388608,2097152,16777216,2097152,33554432,8388608,16777216,2097152,8388608,1048576,65536,4.395696640014648
"90,73,69",WIN,3,21154191.0,three-stone-subsets-of-medium-loss.csv,EXACT_INDEPENDENT_SEARCH,1000000,WIN,1000000,17,998137,3.59335,0.998137,278291.8446574923,0,0,0,1,1,4,8,231,1615,10423,39731,132427,241027,297115,208796,62350,6118,153,0,0,10422,39730,132426,0,241027,0,297115,0,208796,0,62350,6118,153,1048576,4194304,8388608,2097152,16777216,2097152,33554432,8388608,16777216,2097152,8388608,1048576,65536,4.456997394561768
"90,73,13",WIN,3,30119603.0,three-stone-subsets-of-medium-loss.csv,EXACT_INDEPENDENT_SEARCH,1000000,WIN,1000000,18,996985,3.45295,0.996985,289607.4371189852,0,0,0,1,1,8,15,391,2569,13954,49989,151569,254945,289495,182966,49040,4849,183,25,0,13953,49988,151568,0,254944,0,289494,0,182966,0,49040,4849,183,1048576,4194304,8388608,2097152,16777216,2097152,33554432,8388608,16777216,2097152,8388608,1048576,65536,4.235503196716309
"90,73,91",LOSS,3,504612782.0,three-stone-subsets-of-medium-loss.csv,EXACT_INDEPENDENT_SEARCH,1000000,LOSS,1000000,18,998821,3.69003,0.998821,271000.50677094766,0,0,0,1,1,1,14,83,890,4843,23591,82890,195281,280594,262502,124465,23203,1458,183,0,4842,23590,82889,0,195280,0,280593,0,262501,0,124465,23203,1458,1048576,4194304,8388608,2097152,16777216,2097152,33554432,8388608,16777216,2097152,8388608,1048576,65536,4.469024181365967
"90,69,13",WIN,3,32946592.0,three-stone-subsets-of-medium-loss.csv,EXACT_INDEPENDENT_SEARCH,1000000,WIN,1000000,18,997275,3.44396,0.997275,290363.41885503894,0,0,0,1,1,4,11,352,2345,12853,46943,144387,248609,290398,192755,55607,5567,161,6,0,12852,46942,144386,0,248608,0,290397,0,192755,0,55607,5567,161,1048576,4194304,8388608,2097152,16777216,2097152,33554432,8388608,16777216,2097152,8388608,1048576,65536,4.267477512359619
"90,69,91",WIN,3,379052148.0,three-stone-subsets-of-medium-loss.csv,EXACT_INDEPENDENT_SEARCH,1000000,WIN,1000000,17,998017,3.54087,0.998017,282416.46826909774,0,0,0,1,1,3,16,233,1725,9628,39260,128207,241295,295874,211834,65279,6493,151,0,0,9627,39259,128206,0,241294,0,295874,0,211834,0,65279,6493,151,1048576,4194304,8388608,2097152,16777216,2097152,33554432,8388608,16777216,2097152,8388608,1048576,65536,4.321857929229736
"90,66,13",WIN,3,79980489.0,three-stone-subsets-of-medium-loss.csv,EXACT_INDEPENDENT_SEARCH,1000000,WIN,1000000,18,998089,3.47341,0.998089,287901.5146498686,0,0,0,1,1,3,7,248,1624,10799,41941,133592,242601,292690,204677,64024,7471,298,23,0,10798,41940,133591,0,242600,0,292690,0,204677,0,64024,7471,298,1048576,4194304,8388608,2097152,16777216,2097152,33554432,8388608,16777216,2097152,8388608,1048576,65536,4.253188848495483
"90,13,91",WIN,3,105751008.0,three-stone-subsets-of-medium-loss.csv,EXACT_INDEPENDENT_SEARCH,1000000,WIN,1000000,18,998311,3.48137,0.998311,287243.24044844415,0,0,0,1,1,2,13,203,1451,9171,36992,122120,235014,297438,219918,69875,7558,230,13,0,9170,36991,122119,0,235013,0,297437,0,219918,0,69875,7558,230,1048576,4194304,8388608,2097152,16777216,2097152,33554432,8388608,16777216,2097152,8388608,1048576,65536,4.270057439804077
"61,2,73",WIN,3,13084217.0,three-stone-subsets-of-medium-loss.csv,EXACT_INDEPENDENT_SEARCH,1000000,WIN,1000000,18,996247,3.51915,0.996247,284159.52715854684,0,0,0,1,1,10,19,479,3217,14098,50231,147943,249267,284421,187377,56061,6577,278,20,0,14097,50230,147942,0,249266,0,284420,0,187376,0,56061,6577,278,1048576,4194304,8388608,2097152,16777216,2097152,33554432,8388608,16777216,2097152,8388608,1048576,65536,4.2892537117004395
"61,2,13",WIN,3,13093168.0,three-stone-subsets-of-medium-loss.csv,EXACT_INDEPENDENT_SEARCH,1000000,WIN,1000000,17,994484,3.40279,0.994484,293876.4954640163,0,0,0,1,1,9,35,649,4816,19519,68583,176059,269754,271841,150397,35301,2949,86,0,0,19518,68582,176058,0,269753,0,271840,0,150397,0,35301,2949,86,1048576,4194304,8388608,2097152,16777216,2097152,33554432,8388608,16777216,2097152,8388608,1048576,65536,4.181626796722412
"2,73,69",WIN,3,11878883.0,three-stone-subsets-of-medium-loss.csv,EXACT_INDEPENDENT_SEARCH,1000000,WIN,1000000,18,995866,3.3972,0.995866,294360.0612268927,0,0,0,1,1,12,20,636,3452,17136,57860,166887,262385,283629,165227,39587,3099,59,9,0,17135,57859,166886,0,262385,0,283629,0,165227,0,39587,3099,59,1048576,4194304,8388608,2097152,16777216,2097152,33554432,8388608,16777216,2097152,8388608,1048576,65536,4.16271448135376
"2,73,66",WIN,3,10067830.0,three-stone-subsets-of-medium-loss.csv,EXACT_INDEPENDENT_SEARCH,1000000,WIN,1000000,17,995150,3.37379,0.99515,296402.5621037468,0,0,0,1,1,6,30,577,4230,18490,64650,170620,264866,274026,157595,40654,4113,141,0,0,18489,64649,170619,0,264865,0,274025,0,157595,0,40654,4113,141,1048576,4194304,8388608,2097152,16777216,2097152,33554432,8388608,16777216,2097152,8388608,1048576,65536,4.209142208099365
"2,73,13",WIN,3,70437707.0,three-stone-subsets-of-medium-loss.csv,EXACT_INDEPENDENT_SEARCH,1000000,WIN,1000000,18,997092,3.62437,0.997092,275910.0202242045,0,0,0,1,1,4,24,358,2470,11950,43832,131164,238454,285279,208648,69184,8253,331,47,0,11949,43831,131163,0,238454,0,285279,0,208648,0,69184,8253,331,1048576,4194304,8388608,2097152,16777216,2097152,33554432,8388608,16777216,2097152,8388608,1048576,65536,4.496525764465332
"2,73,91",WIN,3,31149588.0,three-stone-subsets-of-medium-loss.csv,EXACT_INDEPENDENT_SEARCH,1000000,WIN,1000000,18,997017,3.54224,0.997017,282307.2406161073,0,0,0,1,1,3,24,315,2605,12709,48764,139366,246459,283614,196695,61777,7328,308,31,0,12708,48763,139365,0,246459,0,283614,0,196695,0,61777,7328,308,1048576,4194304,8388608,2097152,16777216,2097152,33554432,8388608,16777216,2097152,8388608,1048576,65536,4.376669883728027
"2,69,13",WIN,3,22887591.0,three-stone-subsets-of-medium-loss.csv,EXACT_INDEPENDENT_SEARCH,1000000,WIN,1000000,17,997132,3.41773,0.997132,292591.86653129413,0,0,0,1,1,8,16,414,2422,14095,50493,153345,256244,290624,181015,47137,4096,89,0,0,14094,50492,153344,0,256243,0,290623,0,181014,0,47137,4096,89,1048576,4194304,8388608,2097152,16777216,2097152,33554432,8388608,16777216,2097152,8388608,1048576,65536,4.209635496139526
"2,69,91",WIN,3,194775124.0,three-stone-subsets-of-medium-loss.csv,EXACT_INDEPENDENT_SEARCH,1000000,WIN,1000000,17,997562,3.48117,0.997562,287259.7431323377,0,0,0,1,1,4,11,308,2108,11315,43624,139148,248871,296326,197402,55552,5215,114,0,0,11314,43623,139147,0,248870,0,296325,0,197402,0,55552,5215,114,1048576,4194304,8388608,2097152,16777216,2097152,33554432,8388608,16777216,2097152,8388608,1048576,65536,4.255882740020752
"2,66,13",WIN,3,13469367.0,three-stone-subsets-of-medium-loss.csv,EXACT_INDEPENDENT_SEARCH,1000000,WIN,1000000,17,995739,3.43979,0.995739,290715.4215809686,0,0,0,1,1,12,18,554,3671,16242,56201,163052,260215,286881,168637,41082,3365,68,0,0,16241,56200,163051,0,260214,0,286881,0,168637,0,41082,3365,68,1048576,4194304,8388608,2097152,16777216,2097152,33554432,8388608,16777216,2097152,8388608,1048576,65536,4.253715991973877
"2,13,91",WIN,3,183998837.0,three-stone-subsets-of-medium-loss.csv,EXACT_INDEPENDENT_SEARCH,1000000,WIN,1000000,18,997923,3.56446,0.997923,280547.4040948699,0,0,0,1,1,3,12,240,1800,10385,40669,127246,238385,289302,212510,70759,8399,275,13,0,10384,40668,127245,0,238384,0,289301,0,212509,0,70758,8399,275,1048576,4194304,8388608,2097152,16777216,2097152,33554432,8388608,16777216,2097152,8388608,1048576,65536,4.343582630157471
"73,69,13",WIN,3,24599420.0,three-stone-subsets-of-medium-loss.csv,EXACT_INDEPENDENT_SEARCH,1000000,WIN,1000000,17,996655,3.46306,0.996655,288761.96196427435,0,0,0,1,1,9,17,481,2832,15677,53012,159471,258521,289219,174148,42782,3739,90,0,0,15676,53011,159470,0,258520,0,289219,0,174148,0,42782,3739,90,1048576,4194304,8388608,2097152,16777216,2097152,33554432,8388608,16777216,2097152,8388608,1048576,65536,4.272442817687988
"73,69,91",WIN,3,19030287.0,three-stone-subsets-of-medium-loss.csv,EXACT_INDEPENDENT_SEARCH,1000000,WIN,1000000,18,998685,3.65759,0.998685,273404.07208024955,0,0,0,1,1,1,13,76,1008,5130,25839,84865,196497,274855,257571,127031,25211,1692,209,0,5129,25838,84864,0,196496,0,274854,0,257570,0,127031,25211,1692,1048576,4194304,8388608,2097152,16777216,2097152,33554432,8388608,16777216,2097152,8388608,1048576,65536,4.436494827270508
"73,13,91",WIN,3,18565218.0,three-stone-subsets-of-medium-loss.csv,EXACT_INDEPENDENT_SEARCH,1000000,WIN,1000000,17,996380,3.47398,0.99638,287854.2766509882,0,0,0,1,1,5,24,455,3129,14946,54009,153546,256032,283571,179346,49805,4988,142,0,0,14945,54008,153545,0,256031,0,283570,0,179346,0,49805,4988,142,1048576,4194304,8388608,2097152,16777216,2097152,33554432,8388608,16777216,2097152,8388608,1048576,65536,4.244674444198608
"69,13,91",WIN,3,148060593.0,three-stone-subsets-of-medium-loss.csv,EXACT_INDEPENDENT_SEARCH,1000000,WIN,1000000,17,998687,3.58961,0.998687,278581.79579397204,0,0,0,1,1,1,7,149,1148,7897,33264,115888,231027,298261,228358,75700,8110,188,0,0,7896,33263,115887,0,231026,0,298260,0,228357,0,75700,8110,188,1048576,4194304,8388608,2097152,16777216,2097152,33554432,8388608,16777216,2097152,8388608,1048576,65536,4.353989124298096
"90,61,2,69",WIN,4,19094374.0,four-stone-subsets-of-medium-loss.csv,EXACT_INDEPENDENT_SEARCH,1000000,WIN,1000000,17,998598,3.39462,0.998598,294583.78257360175,0,0,0,0,1,2,9,169,1218,7849,33269,113453,229332,298682,229102,77135,9389,390,0,0,7848,33268,113452,0,229332,0,298682,0,229102,0,77135,9389,390,1048576,4194304,8388608,2097152,16777216,2097152,33554432,8388608,16777216,2097152,8388608,1048576,65536,4.171367168426514
"90,61,2,66",LOSS,4,28943306.0,four-stone-subsets-of-medium-loss.csv,EXACT_INDEPENDENT_SEARCH,1000000,LOSS,1000000,18,996934,3.59892,0.996934,277861.13611861336,0,0,0,0,1,5,12,417,2615,12791,46298,144136,248861,293004,192217,54103,5380,152,8,0,12790,46297,144135,0,248860,0,293003,0,192216,0,54102,5379,152,1048576,4194304,8388608,2097152,16777216,2097152,33554432,8388608,16777216,2097152,8388608,1048576,65536,4.39153528213501
"90,61,73,69",WIN,4,5228871.0,four-stone-subsets-of-medium-loss.csv,EXACT_INDEPENDENT_SEARCH,1000000,WIN,1000000,17,996064,3.31685,0.996064,301490.8723638392,0,0,0,0,1,4,32,406,3488,16198,61200,161280,259686,278096,169355,45716,4415,123,0,0,16197,61199,161279,0,259685,0,278095,0,169355,0,45716,4415,123,1048576,4194304,8388608,2097152,16777216,2097152,33554432,8388608,16777216,2097152,8388608,1048576,65536,4.105607748031616
"90,61,73,66",LOSS,4,14873397.0,four-stone-subsets-of-medium-loss.csv,EXACT_INDEPENDENT_SEARCH,1000000,LOSS,1000000,17,996399,3.48428,0.996399,287003.34071888594,0,0,0,0,1,5,23,452,3115,15891,57976,163256,264886,285409,165041,40298,3551,96,0,0,15890,57975,163255,0,264885,0,285408,0,165041,0,40298,3551,96,1048576,4194304,8388608,2097152,16777216,2097152,33554432,8388608,16777216,2097152,8388608,1048576,65536,4.316658973693848
"90,61,69,66",LOSS,4,10178549.0,four-stone-subsets-of-medium-loss.csv,EXACT_INDEPENDENT_SEARCH,1000000,LOSS,1000000,18,994115,3.44801,0.994115,290022.36072401184,0,0,0,0,1,12,45,721,5091,19288,65892,174287,265317,275778,154219,36288,2968,83,10,0,19287,65891,174286,0,265316,0,275777,0,154219,0,36288,2968,83,1048576,4194304,8388608,2097152,16777216,2097152,33554432,8388608,16777216,2097152,8388608,1048576,65536,4.272855758666992
"90,61,69,13",WIN,4,12634302.0,four-stone-subsets-of-medium-loss.csv,EXACT_INDEPENDENT_SEARCH,1000000,WIN,1000000,18,996989,3.44663,0.996989,290138.48309798265,0,0,0,0,1,8,12,391,2589,14058,50944,155918,257751,293580,176581,44135,3912,115,5,0,14057,50943,155917,0,257750,0,293579,0,176581,0,44135,3912,115,1048576,4194304,8388608,2097152,16777216,2097152,33554432,8388608,16777216,2097152,8388608,1048576,65536,4.30491828918457
"90,61,69,91",WIN,4,8000839.0,four-stone-subsets-of-medium-loss.csv,EXACT_INDEPENDENT_SEARCH,1000000,WIN,1000000,18,997933,3.60488,0.997933,277401.74430216814,0,0,0,0,1,3,11,235,1765,10670,41162,131100,241820,294374,207971,63749,6837,256,46,0,10669,41161,131099,0,241819,0,294373,0,207970,0,63749,6837,256,1048576,4194304,8388608,2097152,16777216,2097152,33554432,8388608,16777216,2097152,8388608,1048576,65536,4.359737873077393
"90,61,66,13",WIN,4,10158812.0,four-stone-subsets-of-medium-loss.csv,EXACT_INDEPENDENT_SEARCH,1000000,WIN,1000000,18,997071,3.56528,0.997071,280482.879325046,0,0,0,0,1,4,15,376,2523,12617,47291,141993,248219,289822,193757,57253,5948,176,5,0,12616,47290,141992,0,248218,0,289821,0,193757,0,57253,5948,176,1048576,4194304,8388608,2097152,16777216,2097152,33554432,8388608,16777216,2097152,8388608,1048576,65536,4.35428524017334
"90,61,66,91",LOSS,4,16042359.0,four-stone-subsets-of-medium-loss.csv,EXACT_INDEPENDENT_SEARCH,1000000,LOSS,1000000,18,996182,3.52099,0.996182,284011.0309884436,0,0,0,0,1,8,27,475,3295,15847,56993,159025,257898,282021,171953,47340,4944,163,10,0,15846,56992,159025,0,257898,0,282021,0,171953,0,47340,4944,163,1048576,4194304,8388608,2097152,16777216,2097152,33554432,8388608,16777216,2097152,8388608,1048576,65536,4.32576060295105
"90,2,73,69",WIN,4,13427337.0,four-stone-subsets-of-medium-loss.csv,EXACT_INDEPENDENT_SEARCH,1000000,WIN,1000000,18,997770,3.5005,0.99777,285673.475217826,0,0,0,0,1,4,9,309,1879,11423,43057,138628,246597,295228,199190,57745,5751,158,21,0,11422,43056,138627,0,246596,0,295227,0,199189,0,57744,5751,158,1048576,4194304,8388608,2097152,16777216,2097152,33554432,8388608,16777216,2097152,8388608,1048576,65536,4.288549423217773
"90,2,69,66",WIN,4,15500819.0,four-stone-subsets-of-medium-loss.csv,EXACT_INDEPENDENT_SEARCH,1000000,WIN,1000000,17,997469,3.54917,0.997469,281756.0161953358,0,0,0,0,1,6,8,287,2223,11703,45903,145234,253896,294586,190969,50824,4263,97,0,0,11702,45902,145233,0,253895,0,294585,0,190968,0,50824,4263,97,1048576,4194304,8388608,2097152,16777216,2097152,33554432,8388608,16777216,2097152,8388608,1048576,65536,4.362176179885864
"90,73,69,66",WIN,4,11026650.0,four-stone-subsets-of-medium-loss.csv,EXACT_INDEPENDENT_SEARCH,1000000,WIN,1000000,18,997680,3.61004,0.99768,277005.24093915854,0,0,0,0,1,4,11,288,1992,11617,44972,137190,243098,289461,199912,63465,7679,293,17,0,11616,44971,137189,0,243097,0,289460,0,199911,0,63464,7679,293,1048576,4194304,8388608,2097152,16777216,2097152,33554432,8388608,16777216,2097152,8388608,1048576,65536,4.4393579959869385
"90,73,66,13",WIN,4,20736278.0,four-stone-subsets-of-medium-loss.csv,EXACT_INDEPENDENT_SEARCH,1000000,WIN,1000000,18,997603,3.43599,0.997603,291036.935497484,0,0,0,0,1,4,10,306,2065,12571,47739,146420,253023,292945,187267,52071,5392,181,5,0,12570,47738,146419,0,253022,0,292944,0,187266,0,52071,5392,181,1048576,4194304,8388608,2097152,16777216,2097152,33554432,8388608,16777216,2097152,8388608,1048576,65536,4.262519836425781
"90,69,66,13",WIN,4,18262852.0,four-stone-subsets-of-medium-loss.csv,EXACT_INDEPENDENT_SEARCH,1000000,WIN,1000000,18,998288,3.44966,0.998288,289883.64070662035,0,0,0,0,1,5,6,263,1424,10969,40516,137739,245954,299649,201615,56562,5165,124,8,0,10968,40515,137738,0,245953,0,299648,0,201615,0,56562,5165,124,1048576,4194304,8388608,2097152,16777216,2097152,33554432,8388608,16777216,2097152,8388608,1048576,65536,4.227693557739258
"90,69,66,91",WIN,4,11823314.0,four-stone-subsets-of-medium-loss.csv,EXACT_INDEPENDENT_SEARCH,1000000,WIN,1000000,18,998581,3.47263,0.998581,287966.1812516738,0,0,0,0,1,2,8,166,1230,8286,34058,116555,228531,296023,228355,77519,8972,287,7,0,8285,34057,116554,0,228530,0,296022,0,228355,0,77519,8972,287,1048576,4194304,8388608,2097152,16777216,2097152,33554432,8388608,16777216,2097152,8388608,1048576,65536,4.241111993789673
"61,2,73,69",WIN,4,12232492.0,four-stone-subsets-of-medium-loss.csv,EXACT_INDEPENDENT_SEARCH,1000000,WIN,1000000,17,997271,3.42918,0.997271,291614.90502102545,0,0,0,0,1,6,20,364,2334,13919,50560,150151,252261,289368,183900,51625,5335,156,0,0,13918,50559,150150,0,252260,0,289368,0,183900,0,51625,5335,156,1048576,4194304,8388608,2097152,16777216,2097152,33554432,8388608,16777216,2097152,8388608,1048576,65536,4.225578308105469
"61,2,73,66",WIN,4,4973501.0,four-stone-subsets-of-medium-loss.csv,EXACT_INDEPENDENT_SEARCH,1000000,WIN,1000000,18,996995,3.4436,0.996995,290393.7739574864,0,0,0,0,1,6,20,353,2528,13421,49331,139087,240954,279562,197260,67743,9178,464,92,0,13420,49330,139086,0,240953,0,279561,0,197260,0,67743,9178,464,1048576,4194304,8388608,2097152,16777216,2097152,33554432,8388608,16777216,2097152,8388608,1048576,65536,4.208114147186279
"61,2,69,66",LOSS,4,13219381.0,four-stone-subsets-of-medium-loss.csv,EXACT_INDEPENDENT_SEARCH,1000000,LOSS,1000000,17,995300,3.40949,0.9953,293298.99779732455,0,0,0,0,1,7,26,536,4126,19550,69811,181756,273811,275113,143046,30008,2150,59,0,0,19549,69810,181755,0,273810,0,275113,0,143046,0,30008,2150,59,1048576,4194304,8388608,2097152,16777216,2097152,33554432,8388608,16777216,2097152,8388608,1048576,65536,4.1991612911224365
"61,2,69,13",WIN,4,15150886.0,four-stone-subsets-of-medium-loss.csv,EXACT_INDEPENDENT_SEARCH,1000000,WIN,1000000,17,997136,3.56336,0.997136,280634.0083516681,0,0,0,0,1,6,7,320,2524,12642,47472,146407,252418,290869,189920,52458,4841,115,0,0,12641,47471,146406,0,252417,0,290868,0,189919,0,52458,4841,115,1048576,4194304,8388608,2097152,16777216,2097152,33554432,8388608,16777216,2097152,8388608,1048576,65536,4.326639175415039
"61,2,69,91",WIN,4,13779581.0,four-stone-subsets-of-medium-loss.csv,EXACT_INDEPENDENT_SEARCH,1000000,WIN,1000000,17,997698,3.38979,0.997698,295003.5252921272,0,0,0,0,1,5,10,281,2000,12689,48187,147682,253495,292949,187601,50286,4692,122,0,0,12688,48186,147681,0,253494,0,292948,0,187601,0,50286,4692,122,1048576,4194304,8388608,2097152,16777216,2097152,33554432,8388608,16777216,2097152,8388608,1048576,65536,4.165065050125122
"61,2,66,13",WIN,4,21748976.0,four-stone-subsets-of-medium-loss.csv,EXACT_INDEPENDENT_SEARCH,1000000,WIN,1000000,17,996893,3.43771,0.996893,290891.32009389973,0,0,0,0,1,8,12,451,2631,15105,54353,161025,261308,289034,170343,41929,3702,98,0,0,15104,54352,161024,0,261307,0,289034,0,170343,0,41929,3702,98,1048576,4194304,8388608,2097152,16777216,2097152,33554432,8388608,16777216,2097152,8388608,1048576,65536,4.2211010456085205
"61,2,66,91",LOSS,4,36337892.0,four-stone-subsets-of-medium-loss.csv,EXACT_INDEPENDENT_SEARCH,1000000,LOSS,1000000,18,997706,3.67204,0.997706,272328.18814609863,0,0,0,0,1,5,13,330,1926,11172,41860,135605,244728,295879,202827,59509,5951,180,14,0,11171,41859,135604,0,244727,0,295878,0,202827,0,59509,5951,180,1048576,4194304,8388608,2097152,16777216,2097152,33554432,8388608,16777216,2097152,8388608,1048576,65536,4.433891773223877
"61,73,69,66",LOSS,4,11829466.0,four-stone-subsets-of-medium-loss.csv,EXACT_INDEPENDENT_SEARCH,1000000,LOSS,1000000,18,995274,3.4711,0.995274,288093.11169369944,0,0,0,0,1,9,31,586,4072,17984,62305,166896,261288,276446,163263,42739,4198,158,24,0,17983,62304,166895,0,261288,0,276446,0,163263,0,42739,4198,158,1048576,4194304,8388608,2097152,16777216,2097152,33554432,8388608,16777216,2097152,8388608,1048576,65536,4.276803016662598
"61,73,69,13",WIN,4,11691162.0,four-stone-subsets-of-medium-loss.csv,EXACT_INDEPENDENT_SEARCH,1000000,WIN,1000000,17,995048,3.25783,0.995048,306952.78759174055,0,0,0,0,1,10,29,563,4343,19563,68603,181598,273612,277754,143514,28538,1833,39,0,0,19562,68602,181597,0,273611,0,277753,0,143513,0,28538,1833,39,1048576,4194304,8388608,2097152,16777216,2097152,33554432,8388608,16777216,2097152,8388608,1048576,65536,4.084738254547119
"61,73,69,91",WIN,4,9463946.0,four-stone-subsets-of-medium-loss.csv,EXACT_INDEPENDENT_SEARCH,1000000,WIN,1000000,18,997184,3.5076,0.997184,285095.22180408257,0,0,0,0,1,5,17,342,2437,13238,49052,144816,249908,287929,190677,55511,5873,186,8,0,13237,49051,144815,0,249907,0,287928,0,190676,0,55511,5873,186,1048576,4194304,8388608,2097152,16777216,2097152,33554432,8388608,16777216,2097152,8388608,1048576,65536,4.289779901504517
"61,73,66,91",LOSS,4,18871803.0,four-stone-subsets-of-medium-loss.csv,EXACT_INDEPENDENT_SEARCH,1000000,LOSS,1000000,18,996907,3.5046,0.996907,285339.2683901159,0,0,0,0,1,5,24,358,2692,13226,49555,144656,251385,286122,191557,55080,5207,124,8,0,13225,49554,144655,0,251384,0,286121,0,191557,0,55080,5207,124,1048576,4194304,8388608,2097152,16777216,2097152,33554432,8388608,16777216,2097152,8388608,1048576,65536,4.264627456665039
"61,69,66,13",LOSS,4,15373322.0,four-stone-subsets-of-medium-loss.csv,EXACT_INDEPENDENT_SEARCH,1000000,LOSS,1000000,17,994718,3.30913,0.994718,302194.2323208819,0,0,0,0,1,12,30,699,4534,18492,64323,174853,267935,281215,152887,32759,2226,34,0,0,18491,64322,174852,0,267934,0,281214,0,152886,0,32759,2226,34,1048576,4194304,8388608,2097152,16777216,2097152,33554432,8388608,16777216,2097152,8388608,1048576,65536,4.102306127548218
"61,69,66,91",LOSS,4,14321989.0,four-stone-subsets-of-medium-loss.csv,EXACT_INDEPENDENT_SEARCH,1000000,LOSS,1000000,18,996673,3.48912,0.996673,286605.2185078186,0,0,0,0,1,8,14,428,2847,14890,53123,154855,254727,283718,178681,50714,5742,226,26,0,14889,53122,154854,0,254727,0,283718,0,178681,0,50714,5742,226,1048576,4194304,8388608,2097152,16777216,2097152,33554432,8388608,16777216,2097152,8388608,1048576,65536,4.275378227233887
"61,69,13,91",WIN,4,31483795.0,four-stone-subsets-of-medium-loss.csv,EXACT_INDEPENDENT_SEARCH,1000000,WIN,1000000,18,997496,3.50823,0.997496,285044.0250496689,0,0,0,0,1,5,14,305,2165,13620,50603,151832,254770,288995,182042,50166,5276,198,8,0,13619,50602,151831,0,254769,0,288994,0,182041,0,50166,5276,198,1048576,4194304,8388608,2097152,16777216,2097152,33554432,8388608,16777216,2097152,8388608,1048576,65536,4.285410165786743
"61,66,13,91",LOSS,4,19397573.0,four-stone-subsets-of-medium-loss.csv,EXACT_INDEPENDENT_SEARCH,1000000,LOSS,1000000,17,996409,3.42284,0.996409,292155.05252947845,0,0,0,0,1,8,17,476,3085,16107,58071,165598,263516,286734,163862,39102,3340,83,0,0,16106,58070,165597,0,263515,0,286734,0,163862,0,39102,3340,83,1048576,4194304,8388608,2097152,16777216,2097152,33554432,8388608,16777216,2097152,8388608,1048576,65536,4.2656683921813965
"2,73,69,66",WIN,4,11985545.0,four-stone-subsets-of-medium-loss.csv,EXACT_INDEPENDENT_SEARCH,1000000,WIN,1000000,18,997962,3.46516,0.997962,288586.96279536874,0,0,0,0,1,4,11,257,1753,11529,44212,138204,245991,291998,198855,60106,6835,236,8,0,11528,44211,138203,0,245990,0,291998,0,198855,0,60106,6835,236,1048576,4194304,8388608,2097152,16777216,2097152,33554432,8388608,16777216,2097152,8388608,1048576,65536,4.301986217498779
"2,73,69,13",WIN,4,19835645.0,four-stone-subsets-of-medium-loss.csv,EXACT_INDEPENDENT_SEARCH,1000000,WIN,1000000,18,997300,3.43316,0.9973,291276.841160913,0,0,0,0,1,6,12,357,2305,13788,50716,148927,251556,286293,184591,54715,6447,272,14,0,13787,50715,148926,0,251555,0,286292,0,184591,0,54715,6447,272,1048576,4194304,8388608,2097152,16777216,2097152,33554432,8388608,16777216,2097152,8388608,1048576,65536,4.242013692855835
"2,73,69,91",WIN,4,7794136.0,four-stone-subsets-of-medium-loss.csv,EXACT_INDEPENDENT_SEARCH,1000000,WIN,1000000,18,998427,3.47019,0.998427,288168.6593529461,0,0,0,0,1,2,15,140,1380,7604,33607,110126,223989,289992,232622,87607,12346,539,30,0,7603,33606,110125,0,223988,0,289991,0,232622,0,87607,12346,539,1048576,4194304,8388608,2097152,16777216,2097152,33554432,8388608,16777216,2097152,8388608,1048576,65536,4.2771522998809814
"2,69,66,13",WIN,4,8451558.0,four-stone-subsets-of-medium-loss.csv,EXACT_INDEPENDENT_SEARCH,1000000,WIN,1000000,18,998689,3.5764,0.998689,279610.78179174586,0,0,0,0,1,3,11,154,1126,7676,32175,108935,220956,291009,235475,89180,12747,542,10,0,7675,32174,108934,0,220955,0,291008,0,235474,0,89180,12747,542,1048576,4194304,8388608,2097152,16777216,2097152,33554432,8388608,16777216,2097152,8388608,1048576,65536,4.338674068450928
"2,69,66,91",WIN,4,11046017.0,four-stone-subsets-of-medium-loss.csv,EXACT_INDEPENDENT_SEARCH,1000000,WIN,1000000,18,997830,3.51613,0.99783,284403.5914485528,0,0,0,0,1,5,8,277,1840,10243,40373,130897,240727,294333,207122,65685,8092,364,33,0,10242,40372,130896,0,240726,0,294332,0,207121,0,65685,8092,364,1048576,4194304,8388608,2097152,16777216,2097152,33554432,8388608,16777216,2097152,8388608,1048576,65536,4.334253311157227
"90,2,73,69,91",WIN,5,1011492.0,five-stone-subsets-of-medium-loss.csv,EXACT_INDEPENDENT_SEARCH,1000000,WIN,1000000,18,999141,3.49191,0.999141,286376.2239003869,0,0,0,0,0,1,4,88,742,6143,28009,102970,218513,296923,242270,91136,12679,503,19,0,6142,28008,102969,0,218512,0,296922,0,242270,0,91136,12679,503,1048576,4194304,8388608,2097152,16777216,2097152,33554432,8388608,16777216,2097152,8388608,1048576,65536,4.303567409515381
"90,2,73,66,13",WIN,5,3290842.0,five-stone-subsets-of-medium-loss.csv,EXACT_INDEPENDENT_SEARCH,1000000,WIN,1000000,18,998921,3.54638,0.998921,281977.6786469583,0,0,0,0,0,1,5,126,926,6985,30223,110796,226629,302473,234247,77887,9317,371,14,0,6984,30222,110795,0,226628,0,302472,0,234246,0,77886,9317,371,1048576,4194304,8388608,2097152,16777216,2097152,33554432,8388608,16777216,2097152,8388608,1048576,65536,4.319266080856323
"90,2,73,66,91",LOSS,5,11087821.0,five-stone-subsets-of-medium-loss.csv,EXACT_INDEPENDENT_SEARCH,1000000,LOSS,1000000,18,998833,3.57455,0.998833,279755.4936985075,0,0,0,0,0,1,7,96,978,6387,29748,105460,221787,294563,237611,89724,12950,609,79,0,6386,29747,105459,0,221786,0,294562,0,237610,0,89724,12950,609,1048576,4194304,8388608,2097152,16777216,2097152,33554432,8388608,16777216,2097152,8388608,1048576,65536,4.351586818695068
"90,2,73,13,91",LOSS,5,9547992.0,five-stone-subsets-of-medium-loss.csv,EXACT_INDEPENDENT_SEARCH,1000000,LOSS,1000000,18,999219,3.53579,0.999219,282822.2264331309,0,0,0,0,0,1,9,49,689,4304,23352,83496,199391,285957,266982,116195,18685,864,26,0,4303,23351,83495,0,199390,0,285956,0,266981,0,116194,18685,864,1048576,4194304,8388608,2097152,16777216,2097152,33554432,8388608,16777216,2097152,8388608,1048576,65536,4.3097922801971436
"90,2,69,66,91",WIN,5,5620326.0,five-stone-subsets-of-medium-loss.csv,EXACT_INDEPENDENT_SEARCH,1000000,WIN,1000000,18,999148,3.50101,0.999148,285631.8605202499,0,0,0,0,0,1,4,104,734,6296,28015,108975,225789,305967,237265,77720,8792,332,6,0,6295,28014,108974,0,225789,0,305967,0,237265,0,77720,8792,332,1048576,4194304,8388608,2097152,16777216,2097152,33554432,8388608,16777216,2097152,8388608,1048576,65536,4.364628076553345
"90,2,69,13,91",LOSS,5,16619693.0,five-stone-subsets-of-medium-loss.csv,EXACT_INDEPENDENT_SEARCH,1000000,LOSS,1000000,17,999547,3.65299,0.999547,273748.35408802103,0,0,0,0,0,1,6,21,420,2895,17956,72535,190695,293619,281697,121406,18050,699,0,0,2894,17955,72534,0,190694,0,293618,0,281697,0,121406,18050,699,1048576,4194304,8388608,2097152,16777216,2097152,33554432,8388608,16777216,2097152,8388608,1048576,65536,4.492480516433716
"90,2,66,13,91",LOSS,5,12845635.0,five-stone-subsets-of-medium-loss.csv,EXACT_INDEPENDENT_SEARCH,1000000,LOSS,1000000,18,999351,3.57995,0.999351,279333.51024455647,0,0,0,0,0,1,6,62,568,4502,23359,92184,211059,302194,258046,95642,11947,424,6,0,4501,23358,92183,0,211058,0,302193,0,258045,0,95642,11947,424,1048576,4194304,8388608,2097152,16777216,2097152,33554432,8388608,16777216,2097152,8388608,1048576,65536,4.397455930709839
"90,73,69,66,13",WIN,5,199064.0,five-stone-subsets-of-medium-loss.csv,EXACT_INDEPENDENT_SEARCH,1000000,WIN,199064,17,198718,0.702181,0.9982618655306836,283493.8569969851,0,0,0,0,0,1,1,62,282,2582,8923,30888,51201,60125,35959,8388,640,12,0,0,2582,8923,30888,0,51201,0,60125,0,35959,0,8388,640,12,1048576,4194304,8388608,2097152,16777216,2097152,33554432,8388608,16777216,2097152,8388608,1048576,65536,1.6018905639648438
"90,73,69,66,91",WIN,5,362898.0,five-stone-subsets-of-medium-loss.csv,EXACT_INDEPENDENT_SEARCH,1000000,WIN,362898,17,362225,1.31837,0.9981454844060865,275262.6349203941,0,0,0,0,0,1,2,83,587,4280,16886,54119,93774,108530,66975,16365,1263,33,0,0,4280,16886,54119,0,93774,0,108530,0,66975,0,16365,1263,33,1048576,4194304,8388608,2097152,16777216,2097152,33554432,8388608,16777216,2097152,8388608,1048576,65536,2.215059280395508
"90,73,69,13,91",LOSS,5,12389633.0,five-stone-subsets-of-medium-loss.csv,EXACT_INDEPENDENT_SEARCH,1000000,LOSS,1000000,18,999086,3.46458,0.999086,288635.2746941909,0,0,0,0,0,1,9,80,804,5371,27338,97492,215439,295065,248697,95549,13547,594,14,0,5370,27337,97491,0,215438,0,295064,0,248696,0,95549,13547,594,1048576,4194304,8388608,2097152,16777216,2097152,33554432,8388608,16777216,2097152,8388608,1048576,65536,4.32159161567688
"90,73,66,13,91",WIN,5,835234.0,five-stone-subsets-of-medium-loss.csv,EXACT_INDEPENDENT_SEARCH,1000000,WIN,835234,18,834278,2.98141,0.9988554105795502,280147.3128486186,0,0,0,0,0,1,5,110,820,6340,27378,97614,193107,249536,189046,63266,7677,314,20,0,6340,27378,97614,0,193107,0,249536,0,189046,0,63266,7677,314,1048576,4194304,8388608,2097152,16777216,2097152,33554432,8388608,16777216,2097152,8388608,1048576,65536,3.796170473098755
"61,2,73,69,13",WIN,5,328248.0,five-stone-subsets-of-medium-loss.csv,EXACT_INDEPENDENT_SEARCH,1000000,WIN,328248,17,327576,1.14484,0.9979527674197558,286719.5415953321,0,0,0,0,0,1,5,90,576,4125,15750,49350,84468,97828,60277,14603,1139,36,0,0,4125,15750,49350,0,84468,0,97828,0,60277,0,14603,1139,36,1048576,4194304,8388608,2097152,16777216,2097152,33554432,8388608,16777216,2097152,8388608,1048576,65536,2.0067224502563477
"61,2,73,69,91",WIN,5,428035.0,five-stone-subsets-of-medium-loss.csv,EXACT_INDEPENDENT_SEARCH,1000000,WIN,428035,17,427262,1.52468,0.998194072914598,280737.5973974867,0,0,0,0,0,1,2,98,672,4587,17801,58630,104435,126525,87194,25496,2530,64,0,0,4587,17801,58630,0,104435,0,126525,0,87194,0,25496,2530,64,1048576,4194304,8388608,2097152,16777216,2097152,33554432,8388608,16777216,2097152,8388608,1048576,65536,2.375188112258911
"61,2,73,66,13",WIN,5,146860.0,five-stone-subsets-of-medium-loss.csv,EXACT_INDEPENDENT_SEARCH,1000000,WIN,146860,17,146540,0.561202,0.997821054065096,261688.30474588473,0,0,0,0,0,1,1,48,270,1994,7298,23289,39182,43581,25221,5619,353,3,0,0,1994,7298,23289,0,39182,0,43581,0,25221,0,5619,353,3,1048576,4194304,8388608,2097152,16777216,2097152,33554432,8388608,16777216,2097152,8388608,1048576,65536,1.4419357776641846
"61,2,73,66,91",WIN,5,971982.0,five-stone-subsets-of-medium-loss.csv,EXACT_INDEPENDENT_SEARCH,1000000,WIN,971982,17,970074,3.43323,0.9980370006851979,283110.0741866988,0,0,0,0,0,1,10,213,1684,9864,39628,128199,235713,283992,202747,63025,6723,183,0,0,9864,39628,128199,0,235713,0,283992,0,202747,0,63025,6723,183,1048576,4194304,8388608,2097152,16777216,2097152,33554432,8388608,16777216,2097152,8388608,1048576,65536,4.30036735534668
"61,2,69,66,91",WIN,5,90344.0,five-stone-subsets-of-medium-loss.csv,EXACT_INDEPENDENT_SEARCH,1000000,WIN,90344,17,89984,0.356845,0.9960152306738688,253174.34740573636,0,0,0,0,0,1,1,52,306,1917,6863,17858,25970,24733,10789,1755,98,1,0,0,1917,6863,17858,0,25970,0,24733,0,10789,0,1755,98,1,1048576,4194304,8388608,2097152,16777216,2097152,33554432,8388608,16777216,2097152,8388608,1048576,65536,1.3200340270996094
"61,2,69,13,91",WIN,5,459078.0,five-stone-subsets-of-medium-loss.csv,EXACT_INDEPENDENT_SEARCH,1000000,WIN,459078,18,458502,1.72977,0.9987453112542967,265398.2899460622,0,0,0,0,0,1,1,63,505,4087,16799,58949,111587,138152,97316,28795,2763,54,6,0,4087,16799,58949,0,111587,0,138152,0,97316,0,28795,2763,54,1048576,4194304,8388608,2097152,16777216,2097152,33554432,8388608,16777216,2097152,8388608,1048576,65536,2.612377405166626
"61,2,66,13,91",WIN,5,769086.0,five-stone-subsets-of-medium-loss.csv,EXACT_INDEPENDENT_SEARCH,1000000,WIN,769086,18,767797,2.72674,0.9983239845738968,282053.29441017477,0,0,0,0,0,1,4,140,1138,7662,31718,103558,189655,227979,155988,46312,4795,130,6,0,7662,31718,103558,0,189655,0,227979,0,155988,0,46312,4795,130,1048576,4194304,8388608,2097152,16777216,2097152,33554432,8388608,16777216,2097152,8388608,1048576,65536,3.566167116165161
"61,73,69,66,13",WIN,5,80878.0,five-stone-subsets-of-medium-loss.csv,EXACT_INDEPENDENT_SEARCH,1000000,WIN,80878,17,80507,0.314923,0.9954128440366973,256818.3333703794,0,0,0,0,0,1,1,50,319,1775,6021,15653,22843,22218,10328,1602,65,2,0,0,1775,6021,15653,0,22843,0,22218,0,10328,0,1602,65,2,1048576,4194304,8388608,2097152,16777216,2097152,33554432,8388608,16777216,2097152,8388608,1048576,65536,1.2218959331512451
"61,73,69,66,91",WIN,5,116660.0,five-stone-subsets-of-medium-loss.csv,EXACT_INDEPENDENT_SEARCH,1000000,WIN,116660,17,116264,0.462957,0.9966055203154466,251988.84561633153,0,0,0,0,0,1,1,47,347,1814,6787,19551,31497,33810,18513,3996,290,6,0,0,1814,6787,19551,0,31497,0,33810,0,18513,0,3996,290,6,1048576,4194304,8388608,2097152,16777216,2097152,33554432,8388608,16777216,2097152,8388608,1048576,65536,1.3658928871154785
"61,73,69,13,91",WIN,5,511143.0,five-stone-subsets-of-medium-loss.csv,EXACT_INDEPENDENT_SEARCH,1000000,WIN,511143,17,510387,1.87377,0.9985209618443371,272788.54928833316,0,0,0,0,0,1,2,87,666,4791,19054,65042,120938,151860,110530,34456,3618,98,0,0,4791,19054,65042,0,120938,0,151860,0,110530,0,34456,3618,98,1048576,4194304,8388608,2097152,16777216,2097152,33554432,8388608,16777216,2097152,8388608,1048576,65536,2.811544418334961
"61,73,66,13,91",WIN,5,140655.0,five-stone-subsets-of-medium-loss.csv,EXACT_INDEPENDENT_SEARCH,1000000,WIN,140655,17,140281,0.543155,0.9973410116952828,258959.22894937906,0,0,0,0,0,1,1,50,322,2041,7040,21598,35450,41133,25497,6864,645,13,0,0,2041,7040,21598,0,35450,0,41133,0,25497,0,6864,645,13,1048576,4194304,8388608,2097152,16777216,2097152,33554432,8388608,16777216,2097152,8388608,1048576,65536,1.4335882663726807
"2,73,69,66,13",WIN,5,164164.0,five-stone-subsets-of-medium-loss.csv,EXACT_INDEPENDENT_SEARCH,1000000,WIN,164164,17,163748,0.591796,0.9974659486854609,277399.6444720816,0,0,0,0,0,1,1,56,358,2426,9476,27375,44077,47253,26332,6217,576,16,0,0,2426,9476,27375,0,44077,0,47253,0,26332,0,6217,576,16,1048576,4194304,8388608,2097152,16777216,2097152,33554432,8388608,16777216,2097152,8388608,1048576,65536,1.5156610012054443
"2,73,69,66,91",WIN,5,264753.0,five-stone-subsets-of-medium-loss.csv,EXACT_INDEPENDENT_SEARCH,1000000,WIN,264753,17,264329,0.960873,0.998398507287925,275533.81144022156,0,0,0,0,0,1,1,61,361,3061,11757,38929,66783,78236,50260,13886,1384,33,0,0,3061,11757,38929,0,66783,0,78236,0,50260,0,13886,1384,33,1048576,4194304,8388608,2097152,16777216,2097152,33554432,8388608,16777216,2097152,8388608,1048576,65536,1.959317684173584
"2,73,69,13,91",WIN,5,1281634.0,five-stone-subsets-of-medium-loss.csv,EXACT_INDEPENDENT_SEARCH,1000000,WIN,1000000,18,999154,3.44916,0.999154,289925.66305999144,0,0,0,0,0,1,5,97,703,5884,27201,101343,217313,298368,245075,91233,12246,496,35,0,5883,27200,101342,0,217312,0,298367,0,245075,0,91233,12246,496,1048576,4194304,8388608,2097152,16777216,2097152,33554432,8388608,16777216,2097152,8388608,1048576,65536,4.330944061279297
"2,73,66,13,91",LOSS,5,10862287.0,five-stone-subsets-of-medium-loss.csv,EXACT_INDEPENDENT_SEARCH,1000000,LOSS,1000000,18,998768,3.56529,0.998768,280482.09262079664,0,0,0,0,0,1,5,121,1095,7392,32459,115218,231287,302086,228875,73553,7686,215,7,0,7391,32458,115217,0,231287,0,302086,0,228875,0,73553,7686,215,1048576,4194304,8388608,2097152,16777216,2097152,33554432,8388608,16777216,2097152,8388608,1048576,65536,4.416845321655273
"2,69,66,13,91",WIN,5,828065.0,five-stone-subsets-of-medium-loss.csv,EXACT_INDEPENDENT_SEARCH,1000000,WIN,828065,17,827466,2.89025,0.99927662683485,286502.89767321164,0,0,0,0,0,1,2,92,504,5339,23575,95470,193197,259857,188815,55565,5480,168,0,0,5339,23575,95470,0,193197,0,259857,0,188815,0,55565,5480,168,1048576,4194304,8388608,2097152,16777216,2097152,33554432,8388608,16777216,2097152,8388608,1048576,65536,3.6930348873138428
"73,69,66,13,91",LOSS,5,12376238.0,five-stone-subsets-of-medium-loss.csv,EXACT_INDEPENDENT_SEARCH,1000000,LOSS,1000000,18,998896,3.45109,0.998896,289763.52398807334,0,0,0,0,0,1,7,118,934,7351,31554,112882,227301,299066,231536,79243,9618,352,37,0,7350,31553,112881,0,227300,0,299065,0,231535,0,79242,9618,352,1048576,4194304,8388608,2097152,16777216,2097152,33554432,8388608,16777216,2097152,8388608,1048576,65536,4.291419267654419
"61,2,73,69,66,13,91",WIN,7,10952.0,seven-stone-subsets-of-medium-loss.csv,EXACT_BATCH,1000000,WIN,10952,16,10947,0.0948849,0.9995434623813002,115424.05588244284,0,0,0,0,0,0,0,1,4,97,365,1501,2648,3473,2312,528,23,0,0,0,97,365,1501,0,2648,0,3473,0,2312,0,528,23,0,1048576,4194304,8388608,2097152,16777216,2097152,33554432,8388608,16777216,2097152,8388608,1048576,65536,1.0072400569915771
"90,2,73,69,66,13,91",WIN,7,15362.0,seven-stone-subsets-of-medium-loss.csv,EXACT_BATCH,1000000,WIN,15362,17,15358,0.108644,0.9997396172373388,141397.5921357829,0,0,0,0,0,0,0,1,3,67,328,1550,3275,4906,3778,1278,169,7,0,0,67,328,1550,0,3275,0,4906,0,3778,0,1278,169,7,1048576,4194304,8388608,2097152,16777216,2097152,33554432,8388608,16777216,2097152,8388608,1048576,65536,1.0406379699707031
"90,61,73,69,66,13,91",WIN,7,13929.0,seven-stone-subsets-of-medium-loss.csv,EXACT_BATCH,1000000,WIN,13929,16,13914,0.100355,0.998923110058152,138797.2696925913,0,0,0,0,0,0,0,1,14,110,473,1748,3452,4467,2907,712,45,0,0,0,110,473,1748,0,3452,0,4467,0,2907,0,712,45,0,1048576,4194304,8388608,2097152,16777216,2097152,33554432,8388608,16777216,2097152,8388608,1048576,65536,1.009566307067871
"90,61,2,69,66,13,91",WIN,7,6922.0,seven-stone-subsets-of-medium-loss.csv,EXACT_BATCH,1000000,WIN,6922,16,6918,0.0790967,0.9994221323316961,87513.13265913748,0,0,0,0,0,0,0,1,3,50,160,842,1594,2335,1555,361,21,0,0,0,50,160,842,0,1594,0,2335,0,1555,0,361,21,0,1048576,4194304,8388608,2097152,16777216,2097152,33554432,8388608,16777216,2097152,8388608,1048576,65536,1.0102250576019287
"90,61,2,73,66,13,91",WIN,7,4486.0,seven-stone-subsets-of-medium-loss.csv,EXACT_BATCH,1000000,WIN,4486,16,4483,0.0706559,0.9993312527864467,63490.805438753174,0,0,0,0,0,0,0,1,2,45,160,640,1098,1439,902,190,9,0,0,0,45,160,640,0,1098,0,1439,0,902,0,190,9,0,1048576,4194304,8388608,2097152,16777216,2097152,33554432,8388608,16777216,2097152,8388608,1048576,65536,0.9988503456115723
"90,61,2,73,69,13,91",WIN,7,24847.0,seven-stone-subsets-of-medium-loss.csv,EXACT_BATCH,1000000,WIN,24847,17,24839,0.136305,0.9996780295407897,182289.7179120355,0,0,0,0,0,0,0,1,7,111,525,2487,5290,7863,6289,2048,219,7,0,0,111,525,2487,0,5290,0,7863,0,6289,0,2048,219,7,1048576,4194304,8388608,2097152,16777216,2097152,33554432,8388608,16777216,2097152,8388608,1048576,65536,1.0756256580352783
"90,61,2,73,69,66,91",WIN,7,3047.0,seven-stone-subsets-of-medium-loss.csv,EXACT_BATCH,1000000,WIN,3047,16,3045,0.0666027,0.9993436166721366,45748.89606577511,0,0,0,0,0,0,0,1,1,32,137,509,868,991,437,68,3,0,0,0,32,137,509,0,868,0,991,0,437,0,68,3,0,1048576,4194304,8388608,2097152,16777216,2097152,33554432,8388608,16777216,2097152,8388608,1048576,65536,0.9735019207000732
"90,61,2,73,69,66,13",WIN,7,2360.0,seven-stone-subsets-of-medium-loss.csv,EXACT_BATCH,1000000,WIN,2360,16,2358,0.0687837,0.9991525423728813,34310.45436636877,0,0,0,0,0,0,0,1,1,31,130,426,689,724,315,41,2,0,0,0,31,130,426,0,689,0,724,0,315,0,41,2,0,1048576,4194304,8388608,2097152,16777216,2097152,33554432,8388608,16777216,2097152,8388608,1048576,65536,0.9727814197540283
"0,39,60",WIN,3,43834054.0,90-69-heavy-three-stone-results.csv,direct-exact-search,1000000,WIN,1000000,18,998641,3.64235,0.998641,274548.02531332796,0,0,0,1,1,1,15,94,1156,5425,26815,90860,208389,288794,254613,106430,16532,788,86,0,5424,26814,90859,0,208388,0,288793,0,254613,0,106430,16532,788,1048576,4194304,8388608,2097152,16777216,2097152,33554432,8388608,16777216,2097152,8388608,1048576,65536,4.424914360046387
"0,39,90",WIN,3,22984058.0,90-69-heavy-three-stone-results.csv,seed-direct,1000000,WIN,1000000,18,998641,5.01368,0.998641,199454.2930542037,0,0,0,1,1,1,15,94,1156,5425,26815,90860,208389,288794,254613,106430,16532,788,86,0,5424,26814,90859,0,208388,0,288793,0,254613,0,106430,16532,788,1048576,4194304,8388608,2097152,16777216,2097152,33554432,8388608,16777216,2097152,8388608,1048576,65536,6.026443958282471
"0,9,30",WIN,3,93094485.0,90-69-heavy-three-stone-results.csv,seed-direct,1000000,WIN,1000000,18,997854,4.45224,0.997854,224606.04100407887,0,0,0,1,1,5,18,225,1840,8032,33419,106857,219267,285246,235093,94442,14776,728,50,0,8031,33418,106856,0,219266,0,285245,0,235092,0,94442,14776,728,1048576,4194304,8388608,2097152,16777216,2097152,33554432,8388608,16777216,2097152,8388608,1048576,65536,5.422983169555664
"9,28,30",WIN,3,17931419.0,90-69-heavy-three-stone-results.csv,seed-direct,1000000,WIN,1000000,17,997706,3.48582,0.997706,286876.54554738913,0,0,0,1,1,4,18,301,1965,12221,46709,145503,252222,293162,190470,52342,4954,127,0,0,12220,46708,145502,0,252221,0,293162,0,190470,0,52342,4954,127,1048576,4194304,8388608,2097152,16777216,2097152,33554432,8388608,16777216,2097152,8388608,1048576,65536,4.3314197063446045
"0,30,39",WIN,3,32981891.0,90-69-heavy-three-stone-results.csv,seed-direct,1000000,WIN,1000000,18,997212,3.62338,0.997212,275985.40589173645,0,0,0,1,1,2,17,315,2399,11642,44244,134856,245233,289269,203709,61639,6398,227,48,0,11641,44243,134855,0,245232,0,289268,0,203709,0,61639,6398,227,1048576,4194304,8388608,2097152,16777216,2097152,33554432,8388608,16777216,2097152,8388608,1048576,65536,4.393202781677246
"9,30,54",WIN,3,18562768.0,90-69-heavy-three-stone-results.csv,seed-direct,1000000,WIN,1000000,17,996836,3.46402,0.996836,288681.9360165357,0,0,0,1,1,5,20,387,2745,14711,52658,153266,255671,288825,181163,46592,3868,87,0,0,14710,52657,153265,0,255670,0,288824,0,181163,0,46592,3868,87,1048576,4194304,8388608,2097152,16777216,2097152,33554432,8388608,16777216,2097152,8388608,1048576,65536,4.236692190170288
"9,30,63",WIN,3,33477603.0,90-69-heavy-three-stone-results.csv,seed-direct,1000000,WIN,1000000,18,998092,3.63376,0.998092,275197.04108141427,0,0,0,1,1,1,20,187,1669,7164,31164,99836,214909,284140,244189,100535,15478,681,25,0,7163,31163,99835,0,214908,0,284140,0,244189,0,100535,15478,681,1048576,4194304,8388608,2097152,16777216,2097152,33554432,8388608,16777216,2097152,8388608,1048576,65536,4.435048818588257
"0,39,50",WIN,3,11688427.0,90-69-heavy-three-stone-results.csv,seed-direct,1000000,WIN,1000000,18,996496,3.37327,0.996496,296448.25347511464,0,0,0,1,1,8,20,484,2961,14621,52302,154460,256651,288453,179188,46697,4009,119,25,0,14620,52301,154459,0,256650,0,288453,0,179188,0,46697,4009,119,1048576,4194304,8388608,2097152,16777216,2097152,33554432,8388608,16777216,2097152,8388608,1048576,65536,4.165194511413574
"3,9,30",WIN,3,89170419.0,90-69-heavy-three-stone-results.csv,seed-direct,1000000,WIN,1000000,18,998224,3.54747,0.998224,281891.037838234,0,0,0,1,1,4,9,241,1500,10201,38525,127420,236784,295254,213230,68774,7801,237,18,0,10200,38524,127420,0,236784,0,295254,0,213230,0,68774,7801,237,1048576,4194304,8388608,2097152,16777216,2097152,33554432,8388608,16777216,2097152,8388608,1048576,65536,4.379157304763794
"4,9,30",WIN,3,28641297.0,90-69-heavy-three-stone-results.csv,seed-direct,1000000,WIN,1000000,18,997459,3.53263,0.997459,283075.2159156209,0,0,0,1,1,2,23,284,2200,10143,39949,124758,237184,290858,215678,70552,8052,291,24,0,10142,39948,124757,0,237183,0,290857,0,215677,0,70552,8052,291,1048576,4194304,8388608,2097152,16777216,2097152,33554432,8388608,16777216,2097152,8388608,1048576,65536,4.3402087688446045
"5,9,30",WIN,3,35641854.0,90-69-heavy-three-stone-results.csv,seed-direct,1000000,WIN,1000000,18,998671,3.73055,0.998671,268056.9889158435,0,0,0,1,1,2,12,93,1123,5486,26308,89052,203603,285143,257210,112493,18466,916,91,0,5485,26307,89051,0,203602,0,285142,0,257209,0,112493,18466,916,1048576,4194304,8388608,2097152,16777216,2097152,33554432,8388608,16777216,2097152,8388608,1048576,65536,4.521543741226196
"9,18,30",WIN,3,93993888.0,90-69-heavy-three-stone-results.csv,seed-direct,1000000,WIN,1000000,18,997702,3.48592,0.997702,286868.31596823793,0,0,0,1,1,5,14,337,1926,11386,41990,136551,245376,296062,201203,58945,6023,169,11,0,11385,41989,136550,0,245376,0,296062,0,201203,0,58945,6023,169,1048576,4194304,8388608,2097152,16777216,2097152,33554432,8388608,16777216,2097152,8388608,1048576,65536,4.279844045639038
"9,19,30",WIN,3,130411736.0,90-69-heavy-three-stone-results.csv,direct-exact-search,1000000,WIN,1000000,18,997590,3.48852,0.99759,286654.51251533604,0,0,0,1,1,2,16,247,2070,10208,41522,123892,234399,285047,212539,77948,11485,556,67,0,10207,41521,123891,0,234398,0,285046,0,212538,0,77948,11485,556,1048576,4194304,8388608,2097152,16777216,2097152,33554432,8388608,16777216,2097152,8388608,1048576,65536,4.290104866027832
"9,21,30",WIN,3,40852542.0,90-69-heavy-three-stone-results.csv,direct-exact-search,1000000,WIN,1000000,18,997979,3.47559,0.997979,287720.93371197407,0,0,0,1,1,4,12,241,1743,11033,42344,133138,241358,290704,207564,64539,7059,245,14,0,11032,42343,133137,0,241357,0,290703,0,207564,0,64539,7059,245,1048576,4194304,8388608,2097152,16777216,2097152,33554432,8388608,16777216,2097152,8388608,1048576,65536,4.298563003540039
"9,23,30",WIN,3,212728576.0,90-69-heavy-three-stone-results.csv,direct-exact-search,1000000,WIN,1000000,18,998641,3.59495,0.998641,278167.985646532,0,0,0,1,1,3,7,164,1172,8249,33507,118801,234257,300710,224081,71009,7772,260,6,0,8248,33506,118800,0,234256,0,300709,0,224081,0,71009,7772,260,1048576,4194304,8388608,2097152,16777216,2097152,33554432,8388608,16777216,2097152,8388608,1048576,65536,4.385555744171143
"9,27,30",WIN,3,49770994.0,90-69-heavy-three-stone-results.csv,direct-exact-search,1000000,WIN,1000000,18,996912,3.51627,0.996912,284392.26794301916,0,0,0,1,1,5,21,395,2619,13246,47573,141537,244061,283605,195582,63083,7903,329,39,0,13245,47572,141536,0,244060,0,283604,0,195581,0,63082,7903,329,1048576,4194304,8388608,2097152,16777216,2097152,33554432,8388608,16777216,2097152,8388608,1048576,65536,4.279881954193115
"9,30,34",WIN,3,20025956.0,90-69-heavy-three-stone-results.csv,direct-exact-search,1000000,WIN,1000000,18,997446,3.69819,0.997446,270402.54827361496,0,0,0,1,1,1,16,272,2214,10634,41829,129795,242962,290842,209681,64755,6719,230,48,0,10633,41829,129795,0,242962,0,290842,0,209681,0,64755,6719,230,1048576,4194304,8388608,2097152,16777216,2097152,33554432,8388608,16777216,2097152,8388608,1048576,65536,4.475844621658325
"9,30,40",WIN,3,27146764.0,90-69-heavy-three-stone-results.csv,direct-exact-search,1000000,WIN,1000000,18,997902,3.56067,0.997902,280846.0205523118,0,0,0,1,1,1,16,223,1838,10230,41316,132356,245392,296255,205535,60615,6035,172,14,0,10229,41315,132355,0,245391,0,296255,0,205535,0,60615,6035,172,1048576,4194304,8388608,2097152,16777216,2097152,33554432,8388608,16777216,2097152,8388608,1048576,65536,4.416490793228149
"0,39,40",WIN,3,103769294.0,90-69-heavy-three-stone-results.csv,direct-exact-search,1000000,WIN,1000000,18,997870,3.71845,0.99787,268929.2581586414,0,0,0,1,1,3,17,234,1854,9537,37805,118064,230100,289484,223658,79173,9745,310,14,0,9536,37804,118063,0,230099,0,289483,0,223657,0,79173,9745,310,1048576,4194304,8388608,2097152,16777216,2097152,33554432,8388608,16777216,2097152,8388608,1048576,65536,4.476924657821655
"9,30,50",WIN,3,37621827.0,90-69-heavy-three-stone-results.csv,direct-exact-search,1000000,WIN,1000000,18,998466,3.6476,0.998466,274152.86763899546,0,0,0,1,1,2,12,174,1325,7550,31880,107558,221728,291706,237441,88446,11744,419,13,0,7549,31879,107557,0,221727,0,291705,0,237440,0,88446,11744,419,1048576,4194304,8388608,2097152,16777216,2097152,33554432,8388608,16777216,2097152,8388608,1048576,65536,4.484755754470825
"0,39,53",WIN,3,29517119.0,90-69-heavy-three-stone-results.csv,direct-exact-search,1000000,WIN,1000000,18,997574,3.53103,0.997574,283203.48453567375,0,0,0,1,1,6,13,334,2056,11108,42116,136251,245340,297381,200707,58374,6095,206,11,0,11107,42115,136250,0,245339,0,297381,0,200707,0,58374,6095,206,1048576,4194304,8388608,2097152,16777216,2097152,33554432,8388608,16777216,2097152,8388608,1048576,65536,4.300509452819824
"0,39,70",WIN,3,158441784.0,90-69-heavy-three-stone-results.csv,direct-exact-search,1000000,WIN,1000000,18,997804,3.4348,0.997804,291137.76639105624,0,0,0,1,1,3,16,275,1893,10974,42607,131785,241622,289005,207653,65967,7868,326,4,0,10973,42606,131784,0,241622,0,289005,0,207653,0,65967,7868,326,1048576,4194304,8388608,2097152,16777216,2097152,33554432,8388608,16777216,2097152,8388608,1048576,65536,4.2282679080963135
"0,39,80",WIN,3,282020145.0,90-69-heavy-three-stone-results.csv,direct-exact-search,1000000,WIN,1000000,18,996899,3.466,0.996899,288517.02250432776,0,0,0,1,1,6,17,365,2660,12404,46964,141685,249370,289584,192656,57438,6515,285,49,0,12403,46963,141685,0,249370,0,289584,0,192656,0,57438,6515,285,1048576,4194304,8388608,2097152,16777216,2097152,33554432,8388608,16777216,2097152,8388608,1048576,65536,4.22995400428772
"3,9,90",WIN,3,49837228.0,90-69-heavy-three-stone-results.csv,direct-exact-search,1000000,WIN,1000000,18,998210,3.63615,0.99821,275016.15719923546,0,0,0,1,1,1,24,137,1580,6589,31693,99879,218685,285576,243574,97925,13782,514,39,0,6588,31692,99878,0,218684,0,285575,0,243573,0,97924,13782,514,1048576,4194304,8388608,2097152,16777216,2097152,33554432,8388608,16777216,2097152,8388608,1048576,65536,4.40832257270813
"6,9,30",WIN,3,58999216.0,90-69-heavy-three-stone-results.csv,direct-exact-search,1000000,WIN,1000000,18,998564,3.6181,0.998564,276388.15953124565,0,0,0,1,1,3,8,171,1230,8195,33644,114849,230052,294829,228245,78741,9614,398,19,0,8194,33643,114848,0,230052,0,294829,0,228245,0,78741,9614,398,1048576,4194304,8388608,2097152,16777216,2097152,33554432,8388608,16777216,2097152,8388608,1048576,65536,4.371007680892944
"7,9,30",WIN,3,116943304.0,90-69-heavy-three-stone-results.csv,direct-exact-search,1000000,WIN,1000000,18,998769,3.74585,0.998769,266962.1047292337,0,0,0,1,1,1,14,71,985,4231,22350,76740,189450,278005,268387,131776,26170,1666,152,0,4230,22349,76739,0,189449,0,278004,0,268386,0,131776,26170,1666,1048576,4194304,8388608,2097152,16777216,2097152,33554432,8388608,16777216,2097152,8388608,1048576,65536,4.497801065444946
"9,13,30",WIN,3,24747185.0,90-69-heavy-three-stone-results.csv,direct-exact-search,1000000,WIN,1000000,17,996972,3.45607,0.996972,289345.99125596415,0,0,0,1,1,8,19,433,2561,14898,51306,152629,253452,288344,183697,48391,4160,100,0,0,14897,51305,152628,0,253451,0,288343,0,183697,0,48391,4160,100,1048576,4194304,8388608,2097152,16777216,2097152,33554432,8388608,16777216,2097152,8388608,1048576,65536,4.227319240570068
"9,14,30",WIN,3,51415473.0,90-69-heavy-three-stone-results.csv,direct-exact-search,1000000,WIN,1000000,18,997425,3.63889,0.997425,274809.0763941751,0,0,0,1,1,3,24,315,2204,10887,40404,125843,234590,289852,216380,71159,8065,251,21,0,10886,40403,125842,0,234589,0,289851,0,216379,0,71159,8065,251,1048576,4194304,8388608,2097152,16777216,2097152,33554432,8388608,16777216,2097152,8388608,1048576,65536,4.430530548095703
"9,15,30",WIN,3,9018427.0,90-69-heavy-three-stone-results.csv,direct-exact-search,1000000,WIN,1000000,18,993606,3.31018,0.993606,302098.37531493756,0,0,0,1,1,11,39,760,5573,22510,76416,191062,276283,267485,131399,26395,2001,58,6,0,22509,76415,191061,0,276283,0,267485,0,131399,0,26395,2001,58,1048576,4194304,8388608,2097152,16777216,2097152,33554432,8388608,16777216,2097152,8388608,1048576,65536,4.11706018447876
"9,17,30",WIN,3,35871881.0,90-69-heavy-three-stone-results.csv,direct-exact-search,1000000,WIN,1000000,18,997743,3.54315,0.997743,282234.73462879076,0,0,0,1,1,3,12,270,1946,11389,42623,132905,240913,290432,207570,64506,7158,248,23,0,11388,42623,132905,0,240913,0,290432,0,207570,0,64506,7158,248,1048576,4194304,8388608,2097152,16777216,2097152,33554432,8388608,16777216,2097152,8388608,1048576,65536,4.330416202545166
"9,22,30",WIN,3,20244649.0,90-69-heavy-three-stone-results.csv,direct-exact-search,1000000,WIN,1000000,18,997498,3.61341,0.997498,276746.8955916987,0,0,0,1,1,5,11,333,2139,12899,47633,146905,251880,291334,189497,52186,5020,150,6,0,12898,47632,146904,0,251879,0,291333,0,189496,0,52186,5020,150,1048576,4194304,8388608,2097152,16777216,2097152,33554432,8388608,16777216,2097152,8388608,1048576,65536,4.451825141906738
"9,24,30",WIN,3,49257364.0,90-69-heavy-three-stone-results.csv,direct-exact-search,1000000,WIN,1000000,18,997424,3.50451,0.997424,285346.5962431267,0,0,0,1,1,5,13,317,2220,12380,46309,139463,245048,289697,197171,60384,6758,220,13,0,12379,46308,139462,0,245047,0,289696,0,197170,0,60384,6758,220,1048576,4194304,8388608,2097152,16777216,2097152,33554432,8388608,16777216,2097152,8388608,1048576,65536,4.2977166175842285
"9,25,30",WIN,3,18264712.0,90-69-heavy-three-stone-results.csv,direct-exact-search,1000000,WIN,1000000,18,996056,3.54706,0.996056,281923.62125253025,0,0,0,1,1,8,21,486,3415,15107,54302,154075,253702,282622,180634,50683,4837,100,6,0,15106,54301,154074,0,253701,0,282621,0,180633,0,50683,4837,100,1048576,4194304,8388608,2097152,16777216,2097152,33554432,8388608,16777216,2097152,8388608,1048576,65536,4.330298900604248
"9,26,30",WIN,3,21154191.0,90-69-heavy-three-stone-results.csv,direct-exact-search,1000000,WIN,1000000,17,998137,3.57505,0.998137,279716.3676032503,0,0,0,1,1,4,8,231,1615,10423,39731,132427,241027,297115,208796,62350,6118,153,0,0,10422,39730,132426,0,241027,0,297115,0,208796,0,62350,6118,153,1048576,4194304,8388608,2097152,16777216,2097152,33554432,8388608,16777216,2097152,8388608,1048576,65536,4.32311224937439
"9,30,31",WIN,3,12571096.0,90-69-heavy-three-stone-results.csv,direct-exact-search,1000000,WIN,1000000,17,995470,3.37793,0.99547,296039.2903346132,0,0,0,1,1,9,25,571,3918,18101,64707,175311,270350,280690,151430,32505,2327,54,0,0,18100,64706,175310,0,270349,0,280689,0,151430,0,32505,2327,54,1048576,4194304,8388608,2097152,16777216,2097152,33554432,8388608,16777216,2097152,8388608,1048576,65536,4.147111654281616
"9,30,32",WIN,3,26956576.0,90-69-heavy-three-stone-results.csv,direct-exact-search,1000000,WIN,1000000,18,997122,3.47342,0.997122,287900.6857794335,0,0,0,1,1,5,17,358,2485,13686,49024,145342,248419,285627,191507,57234,6102,186,6,0,13685,49023,145341,0,248418,0,285626,0,191507,0,57234,6102,186,1048576,4194304,8388608,2097152,16777216,2097152,33554432,8388608,16777216,2097152,8388608,1048576,65536,4.23345685005188
"0,39,41",WIN,3,64962500.0,90-69-heavy-three-stone-results.csv,direct-exact-search,1000000,WIN,1000000,18,998015,3.62996,0.998015,275485.1293127197,0,0,0,1,1,4,14,222,1719,9945,38529,120101,230008,288916,222114,78207,9857,345,17,0,9944,38528,120100,0,230007,0,288915,0,222113,0,78206,9857,345,1048576,4194304,8388608,2097152,16777216,2097152,33554432,8388608,16777216,2097152,8388608,1048576,65536,4.407037258148193
"9,30,43",WIN,3,84737266.0,90-69-heavy-three-stone-results.csv,direct-exact-search,1000000,WIN,1000000,17,998017,3.48881,0.998017,286630.68496134784,0,0,0,1,1,4,10,265,1700,11101,43108,139754,248775,298892,197668,53779,4810,132,0,0,11100,43107,139754,0,248775,0,298892,0,197668,0,53779,4810,132,1048576,4194304,8388608,2097152,16777216,2097152,33554432,8388608,16777216,2097152,8388608,1048576,65536,4.2599196434021
"0,39,43",WIN,3,78983296.0,90-69-heavy-three-stone-results.csv,direct-exact-search,1000000,WIN,1000000,17,997747,3.6364,0.997747,274997.25002749974,0,0,0,1,1,4,11,305,1926,12645,46723,145662,253177,294350,191050,50031,4029,85,0,0,12644,46722,145661,0,253176,0,294349,0,191050,0,50031,4029,85,1048576,4194304,8388608,2097152,16777216,2097152,33554432,8388608,16777216,2097152,8388608,1048576,65536,4.37114691734314
"9,30,44",WIN,3,62499539.0,90-69-heavy-three-stone-results.csv,direct-exact-search,1000000,WIN,1000000,18,998818,3.53975,0.998818,282505.82668267534,0,0,0,1,1,1,5,155,962,7683,31844,116174,231415,303066,226444,73403,8461,333,52,0,7682,31843,116173,0,231414,0,303065,0,226444,0,73403,8461,333,1048576,4194304,8388608,2097152,16777216,2097152,33554432,8388608,16777216,2097152,8388608,1048576,65536,4.285498380661011
"9,30,51",WIN,3,19953051.0,90-69-heavy-three-stone-results.csv,direct-exact-search,1000000,WIN,1000000,18,998366,3.69837,0.998366,270389.3877573093,0,0,0,1,1,3,18,197,1395,7575,32270,107624,223246,292569,236873,86908,10942,364,14,0,7574,32269,107623,0,223245,0,292568,0,236873,0,86908,10942,364,1048576,4194304,8388608,2097152,16777216,2097152,33554432,8388608,16777216,2097152,8388608,1048576,65536,4.456775188446045
"0,39,51",WIN,3,14486206.0,90-69-heavy-three-stone-results.csv,direct-exact-search,1000000,WIN,1000000,17,995088,3.28171,0.995088,304719.18603411026,0,0,0,1,1,11,22,626,4246,20557,70878,187294,276674,274614,136801,26531,1708,36,0,0,20556,70877,187293,0,276673,0,274613,0,136801,0,26531,1708,36,1048576,4194304,8388608,2097152,16777216,2097152,33554432,8388608,16777216,2097152,8388608,1048576,65536,4.073467969894409
"9,30,52",WIN,3,78333243.0,90-69-heavy-three-stone-results.csv,direct-exact-search,1000000,WIN,1000000,18,997656,3.58248,0.997656,279136.2408164177,0,0,0,1,1,4,19,294,2004,10291,39593,125704,235274,291686,215299,71045,8452,315,18,0,10290,39592,125703,0,235274,0,291686,0,215299,0,71045,8452,315,1048576,4194304,8388608,2097152,16777216,2097152,33554432,8388608,16777216,2097152,8388608,1048576,65536,4.338541507720947
"0,39,52",WIN,3,65981624.0,90-69-heavy-three-stone-results.csv,direct-exact-search,1000000,WIN,1000000,18,997729,3.59651,0.997729,278047.3292163792,0,0,0,1,1,3,9,291,1955,10883,41596,133665,243519,294630,205269,61379,6553,240,6,0,10882,41595,133664,0,243518,0,294629,0,205269,0,61379,6553,240,1048576,4194304,8388608,2097152,16777216,2097152,33554432,8388608,16777216,2097152,8388608,1048576,65536,4.349392414093018
"9,30,53",WIN,3,61441418.0,90-69-heavy-three-stone-results.csv,direct-exact-search,1000000,WIN,1000000,18,998031,3.46295,0.998031,288771.1344374016,0,0,0,1,1,5,9,245,1683,10545,40553,128189,235552,290550,212823,70711,8779,334,20,0,10544,40552,128188,0,235551,0,290549,0,212823,0,70711,8779,334,1048576,4194304,8388608,2097152,16777216,2097152,33554432,8388608,16777216,2097152,8388608,1048576,65536,4.243652105331421
"0,39,54",WIN,3,25092989.0,90-69-heavy-three-stone-results.csv,direct-exact-search,1000000,WIN,1000000,18,998483,3.61636,0.998483,276521.142806579,0,0,0,1,1,3,10,176,1226,8359,34194,114913,227268,292587,226726,81941,11832,667,96,0,8358,34193,114912,0,227267,0,292587,0,226726,0,81941,11832,667,1048576,4194304,8388608,2097152,16777216,2097152,33554432,8388608,16777216,2097152,8388608,1048576,65536,4.419660806655884
"0,39,61",WIN,3,27079157.0,90-69-heavy-three-stone-results.csv,direct-exact-search,1000000,WIN,1000000,18,998648,3.68746,0.998648,271189.38239330053,0,0,0,1,1,1,9,134,1176,7106,30659,105918,221855,294757,239944,87038,10973,404,24,0,7105,30658,105917,0,221854,0,294756,0,239943,0,87038,10973,404,1048576,4194304,8388608,2097152,16777216,2097152,33554432,8388608,16777216,2097152,8388608,1048576,65536,4.440484523773193
"9,30,62",WIN,3,15354593.0,90-69-heavy-three-stone-results.csv,direct-exact-search,1000000,WIN,1000000,18,996791,3.52461,0.996791,283719.33348654176,0,0,0,1,1,5,18,407,2768,13408,50413,147664,252392,285476,186544,54712,5982,204,5,0,13407,50412,147663,0,252391,0,285476,0,186544,0,54712,5982,204,1048576,4194304,8388608,2097152,16777216,2097152,33554432,8388608,16777216,2097152,8388608,1048576,65536,4.322657585144043
"0,39,62",WIN,3,16048536.0,90-69-heavy-three-stone-results.csv,direct-exact-search,1000000,WIN,1000000,18,996257,3.41267,0.996257,293025.6954232317,0,0,0,1,1,9,21,471,3222,16573,57426,160579,258061,281448,173697,44584,3780,114,13,0,16572,57425,160578,0,258060,0,281447,0,173697,0,44584,3780,114,1048576,4194304,8388608,2097152,16777216,2097152,33554432,8388608,16777216,2097152,8388608,1048576,65536,4.174072027206421
"9,30,64",WIN,3,21081911.0,90-69-heavy-three-stone-results.csv,direct-exact-search,1000000,WIN,1000000,18,998680,3.61348,0.99868,276741.53447646037,0,0,0,1,1,2,16,132,1142,6731,30692,103426,219866,291321,241218,92126,12792,511,23,0,6730,30691,103425,0,219866,0,291321,0,241218,0,92126,12792,511,1048576,4194304,8388608,2097152,16777216,2097152,33554432,8388608,16777216,2097152,8388608,1048576,65536,4.371114492416382
"0,39,64",WIN,3,38631317.0,90-69-heavy-three-stone-results.csv,direct-exact-search,1000000,WIN,1000000,17,997137,3.46224,0.997137,288830.3526040945,0,0,0,1,1,5,16,377,2459,12546,46875,141264,247333,288958,195804,58393,5834,134,0,0,12545,46874,141263,0,247332,0,288958,0,195804,0,58393,5834,134,1048576,4194304,8388608,2097152,16777216,2097152,33554432,8388608,16777216,2097152,8388608,1048576,65536,4.223989963531494
"9,30,70",WIN,3,49149227.0,90-69-heavy-three-stone-results.csv,direct-exact-search,1000000,WIN,1000000,18,998114,3.60599,0.998114,277316.3541773549,0,0,0,1,1,3,13,172,1668,8972,36832,117218,228725,285821,224073,83529,12357,593,22,0,8971,36831,117217,0,228724,0,285820,0,224072,0,83529,12357,593,1048576,4194304,8388608,2097152,16777216,2097152,33554432,8388608,16777216,2097152,8388608,1048576,65536,4.418060064315796
"9,30,71",WIN,3,189044946.0,90-69-heavy-three-stone-results.csv,direct-exact-search,1000000,WIN,1000000,18,998676,3.61945,0.998676,276285.07093619194,0,0,0,1,1,1,13,118,1132,6131,28942,98804,214230,288151,244964,100814,15880,764,54,0,6130,28941,98803,0,214229,0,288151,0,244964,0,100814,15880,764,1048576,4194304,8388608,2097152,16777216,2097152,33554432,8388608,16777216,2097152,8388608,1048576,65536,4.386392831802368
"0,39,72",WIN,3,44468820.0,90-69-heavy-three-stone-results.csv,direct-exact-search,1000000,WIN,1000000,18,997740,3.67913,0.99774,271803.3883010386,0,0,0,1,1,6,17,310,1914,12036,43986,139586,247646,294292,197564,56796,5673,166,6,0,12035,43985,139585,0,247645,0,294291,0,197564,0,56796,5673,166,1048576,4194304,8388608,2097152,16777216,2097152,33554432,8388608,16777216,2097152,8388608,1048576,65536,4.480769872665405
"0,39,73",WIN,3,50600210.0,90-69-heavy-three-stone-results.csv,direct-exact-search,1000000,WIN,1000000,18,998629,3.52151,0.998629,283969.0928039392,0,0,0,1,1,2,10,108,1187,6315,29517,94756,208272,283628,249597,107581,18000,969,56,0,6314,29516,94755,0,208271,0,283627,0,249596,0,107581,18000,969,1048576,4194304,8388608,2097152,16777216,2097152,33554432,8388608,16777216,2097152,8388608,1048576,65536,4.282725811004639
"9,30,74",WIN,3,29287341.0,90-69-heavy-three-stone-results.csv,direct-exact-search,1000000,WIN,1000000,18,998128,3.6029,0.998128,277554.192456077,0,0,0,1,1,3,15,200,1632,8808,36601,117757,232511,292746,224659,75984,8787,281,14,0,8807,36600,117756,0,232510,0,292745,0,224658,0,75984,8787,281,1048576,4194304,8388608,2097152,16777216,2097152,33554432,8388608,16777216,2097152,8388608,1048576,65536,4.3695244789123535
"0,39,74",WIN,3,148631333.0,90-69-heavy-three-stone-results.csv,direct-exact-search,1000000,WIN,1000000,17,997434,3.52065,0.997434,284038.45880732255,0,0,0,1,1,7,13,392,2145,11499,43181,139272,249776,297397,197829,53702,4681,104,0,0,11498,43180,139271,0,249775,0,297396,0,197828,0,53701,4681,104,1048576,4194304,8388608,2097152,16777216,2097152,33554432,8388608,16777216,2097152,8388608,1048576,65536,4.293773174285889
"9,30,80",WIN,3,44725434.0,90-69-heavy-three-stone-results.csv,direct-exact-search,1000000,WIN,1000000,17,998334,3.52365,0.998334,283796.63133398606,0,0,0,1,1,1,11,177,1469,8453,35468,119599,234783,296124,223094,72696,7911,212,0,0,8452,35467,119598,0,234782,0,296123,0,223093,0,72696,7911,212,1048576,4194304,8388608,2097152,16777216,2097152,33554432,8388608,16777216,2097152,8388608,1048576,65536,4.35782790184021
"0,39,81",WIN,3,62080083.0,90-69-heavy-three-stone-results.csv,direct-exact-search,1000000,WIN,1000000,18,997358,3.52182,0.997358,283944.0970861657,0,0,0,1,1,4,13,261,2325,10412,41810,128704,237495,288879,210606,70369,8738,346,36,0,10411,41810,128704,0,237495,0,288879,0,210606,0,70369,8738,346,1048576,4194304,8388608,2097152,16777216,2097152,33554432,8388608,16777216,2097152,8388608,1048576,65536,4.329751968383789
"9,30,82",WIN,3,56351468.0,90-69-heavy-three-stone-results.csv,direct-exact-search,1000000,WIN,1000000,18,998614,3.62124,0.998614,276148.50161823025,0,0,0,1,1,1,10,151,1163,7742,32653,110965,224754,292246,233668,84610,11416,563,56,0,7741,32652,110964,0,224754,0,292246,0,233668,0,84610,11416,563,1048576,4194304,8388608,2097152,16777216,2097152,33554432,8388608,16777216,2097152,8388608,1048576,65536,4.363513708114624
"0,39,82",WIN,3,28447710.0,90-69-heavy-three-stone-results.csv,direct-exact-search,1000000,WIN,1000000,18,997608,3.50806,0.997608,285057.838235378,0,0,0,1,1,6,11,296,2065,10800,42030,133161,241269,293750,205456,63832,7063,250,9,0,10799,42029,133160,0,241269,0,293750,0,205456,0,63832,7063,250,1048576,4194304,8388608,2097152,16777216,2097152,33554432,8388608,16777216,2097152,8388608,1048576,65536,4.255438566207886
"9,30,83",WIN,3,37815942.0,90-69-heavy-three-stone-results.csv,direct-exact-search,1000000,WIN,1000000,18,997530,3.51724,0.99753,284313.8369858184,0,0,0,1,1,4,15,308,2128,12287,45312,139828,246521,291103,197798,58445,6059,183,7,0,12286,45311,139827,0,246520,0,291102,0,197797,0,58445,6059,183,1048576,4194304,8388608,2097152,16777216,2097152,33554432,8388608,16777216,2097152,8388608,1048576,65536,4.264565467834473
"0,39,83",WIN,3,32946592.0,90-69-heavy-three-stone-results.csv,direct-exact-search,1000000,WIN,1000000,18,997275,3.54766,0.997275,281875.9407609523,0,0,0,1,1,4,11,352,2345,12853,46943,144387,248609,290398,192755,55607,5567,161,6,0,12852,46942,144386,0,248608,0,290397,0,192755,0,55607,5567,161,1048576,4194304,8388608,2097152,16777216,2097152,33554432,8388608,16777216,2097152,8388608,1048576,65536,4.331156253814697
"9,30,84",WIN,3,27667506.0,90-69-heavy-three-stone-results.csv,direct-exact-search,1000000,WIN,1000000,17,997320,3.43214,0.99732,291363.40592166985,0,0,0,1,1,4,10,336,2324,13821,51310,153343,256912,290189,180019,47381,4254,95,0,0,13820,51309,153342,0,256911,0,290189,0,180019,0,47381,4254,95,1048576,4194304,8388608,2097152,16777216,2097152,33554432,8388608,16777216,2097152,8388608,1048576,65536,4.220470428466797
"3,39,90",WIN,3,111409501.0,90-69-heavy-three-stone-results.csv,direct-exact-search,1000000,WIN,1000000,18,998020,3.58986,0.99802,278562.3951908988,0,0,0,1,1,4,15,222,1697,9323,37526,116041,225665,285858,224323,85595,13051,644,34,0,9322,37525,116040,0,225664,0,285857,0,224322,0,85595,13051,644,1048576,4194304,8388608,2097152,16777216,2097152,33554432,8388608,16777216,2097152,8388608,1048576,65536,4.363250970840454
"3,49,90",WIN,3,47540630.0,90-69-heavy-three-stone-results.csv,direct-exact-search,1000000,WIN,1000000,18,998426,3.66887,0.998426,272563.48685017455,0,0,0,1,1,1,13,140,1400,6642,29989,101091,218634,291698,243687,93194,12960,535,14,0,6641,29988,101090,0,218633,0,291698,0,243687,0,93194,12960,535,1048576,4194304,8388608,2097152,16777216,2097152,33554432,8388608,16777216,2097152,8388608,1048576,65536,4.435572862625122
"3,59,90",WIN,3,227576756.0,90-69-heavy-three-stone-results.csv,direct-exact-search,1000000,WIN,1000000,18,998655,3.60133,0.998655,277675.19222065184,0,0,0,1,1,2,8,167,1069,7898,32999,115067,228994,298195,227452,77698,9892,466,91,0,7897,32998,115066,0,228993,0,298194,0,227451,0,77698,9892,466,1048576,4194304,8388608,2097152,16777216,2097152,33554432,8388608,16777216,2097152,8388608,1048576,65536,4.366352796554565
"1,69,90",WIN,3,76565503.0,90-69-heavy-three-stone-results.csv,direct-exact-search,1000000,WIN,1000000,18,998641,3.63005,0.998641,275478.2991969807,0,0,0,1,1,1,15,94,1156,5425,26815,90860,208389,288794,254613,106430,16532,788,86,0,5424,26814,90859,0,208388,0,288793,0,254613,0,106430,16532,788,1048576,4194304,8388608,2097152,16777216,2097152,33554432,8388608,16777216,2097152,8388608,1048576,65536,4.379797458648682
"2,69,90",WIN,3,131916886.0,90-69-heavy-three-stone-results.csv,direct-exact-search,1000000,WIN,1000000,18,998801,3.55285,0.998801,281464.1766469173,0,0,0,1,1,3,6,155,999,7540,30976,111529,225215,298481,230589,82545,11457,476,27,0,7539,30975,111528,0,225214,0,298480,0,230588,0,82544,11457,476,1048576,4194304,8388608,2097152,16777216,2097152,33554432,8388608,16777216,2097152,8388608,1048576,65536,4.355960130691528
"3,69,90",WIN,3,84901501.0,90-69-heavy-three-stone-results.csv,direct-exact-search,1000000,WIN,1000000,17,997909,3.55962,0.997909,280928.8631932622,0,0,0,1,1,3,13,250,1819,10692,41210,129572,239889,290254,210167,68019,7875,235,0,0,10691,41209,129571,0,239888,0,290254,0,210167,0,68019,7875,235,1048576,4194304,8388608,2097152,16777216,2097152,33554432,8388608,16777216,2097152,8388608,1048576,65536,4.363891839981079
"0,3,19,90",WIN,4,6006930.0,90-69-split-proof.csv,split-exact-search child,1000000,WIN,1000000,18,998810,3.64297,0.99881,274501.29976365436,0,0,0,0,1,2,12,110,1003,5851,26956,93216,207774,286820,252026,107552,17730,891,56,0,5850,26955,93215,0,207773,0,286819,0,252025,0,107552,17730,891,1048576,4194304,8388608,2097152,16777216,2097152,33554432,8388608,16777216,2097152,8388608,1048576,65536,4.407977104187012
"0,8,69,90",WIN,4,6003208.0,90-69-split-proof.csv,split-exact-search child,1000000,WIN,1000000,18,998327,3.53035,0.998327,283258.0339059867,0,0,0,0,1,2,12,213,1426,8712,35597,121100,235303,296376,221472,71431,8063,277,15,0,8711,35596,121099,0,235302,0,296376,0,221472,0,71431,8063,277,1048576,4194304,8388608,2097152,16777216,2097152,33554432,8388608,16777216,2097152,8388608,1048576,65536,4.294830322265625
"1,8,69,90",WIN,4,5797376.0,90-69-split-proof.csv,split-exact-search child,1000000,WIN,1000000,18,998882,3.7002,0.998882,270255.66185611585,0,0,0,0,1,1,16,64,921,4074,22969,80566,199505,286566,268443,117205,18567,990,112,0,4073,22968,80565,0,199505,0,286566,0,268443,0,117205,18567,990,1048576,4194304,8388608,2097152,16777216,2097152,33554432,8388608,16777216,2097152,8388608,1048576,65536,4.458185911178589
"2,3,19,90",WIN,4,6407257.0,90-69-split-proof.csv,split-exact-search child,1000000,WIN,1000000,18,998906,3.57083,0.998906,280046.93586645124,0,0,0,0,1,1,10,103,968,6283,28969,103108,219691,297225,242071,89091,11987,486,6,0,6282,28968,103107,0,219690,0,297224,0,242071,0,89091,11987,486,1048576,4194304,8388608,2097152,16777216,2097152,33554432,8388608,16777216,2097152,8388608,1048576,65536,4.330197334289551
"2,8,69,90",WIN,4,6471074.0,90-69-split-proof.csv,split-exact-search child,1000000,WIN,1000000,18,999027,3.54952,0.999027,281728.23367666616,0,0,0,0,1,1,10,71,818,5298,26040,93789,210783,292086,254757,101255,14389,636,66,0,5297,26039,93788,0,210782,0,292085,0,254756,0,101255,14389,636,1048576,4194304,8388608,2097152,16777216,2097152,33554432,8388608,16777216,2097152,8388608,1048576,65536,4.30176854133606
"3,10,19,90",WIN,4,4686037.0,90-69-split-proof.csv,split-exact-search child,1000000,WIN,1000000,18,997829,3.61727,0.997829,276451.5781238337,0,0,0,0,1,3,14,272,1865,8550,35009,115771,229623,292951,227108,78944,9590,290,9,0,8549,35008,115770,0,229622,0,292950,0,227107,0,78943,9590,290,1048576,4194304,8388608,2097152,16777216,2097152,33554432,8388608,16777216,2097152,8388608,1048576,65536,4.374881744384766
"3,11,19,90",WIN,4,6285754.0,90-69-split-proof.csv,split-exact-search child,1000000,WIN,1000000,18,998630,3.58928,0.99863,278607.4087282129,0,0,0,0,1,2,9,141,1172,7387,32194,110397,225384,294764,233141,84121,10854,393,40,0,7386,32193,110396,0,225383,0,294763,0,233141,0,84121,10854,393,1048576,4194304,8388608,2097152,16777216,2097152,33554432,8388608,16777216,2097152,8388608,1048576,65536,4.365211009979248
"3,12,19,90",WIN,4,7637389.0,90-69-split-proof.csv,split-exact-search child,1000000,WIN,1000000,18,998572,3.833,0.998572,260892.25150013043,0,0,0,0,1,1,9,159,1244,7539,32742,111152,226665,294301,230457,83824,11440,457,9,0,7538,32741,111151,0,226664,0,294300,0,230457,0,83824,11440,457,1048576,4194304,8388608,2097152,16777216,2097152,33554432,8388608,16777216,2097152,8388608,1048576,65536,4.596405506134033
"3,13,19,90",WIN,4,7349235.0,90-69-split-proof.csv,split-exact-search child,1000000,WIN,1000000,19,998644,3.57631,0.998644,279617.8183658575,0,0,0,0,1,1,10,115,1093,5970,28304,97312,213437,289694,248129,99724,15261,817,112,20,5969,28303,97311,0,213436,0,289694,0,248129,0,99724,15261,817,1048576,4194304,8388608,2097152,16777216,2097152,33554432,8388608,16777216,2097152,8388608,1048576,65536,4.421574831008911
"3,14,19,90",WIN,4,4008448.0,90-69-split-proof.csv,split-exact-search child,1000000,WIN,1000000,18,998682,3.64518,0.998682,274334.8750953314,0,0,0,0,1,1,12,124,1139,6100,28453,97499,214810,291078,248731,97685,13740,591,36,0,6099,28452,97498,0,214809,0,291077,0,248731,0,97685,13740,591,1048576,4194304,8388608,2097152,16777216,2097152,33554432,8388608,16777216,2097152,8388608,1048576,65536,4.4534759521484375
"3,15,19,90",WIN,4,5413033.0,90-69-split-proof.csv,split-exact-search child,1000000,WIN,1000000,18,999070,3.57176,0.99907,279974.01841109147,0,0,0,0,1,1,8,87,777,4756,23131,84859,199255,288333,264070,115694,18217,760,51,0,4755,23130,84858,0,199254,0,288332,0,264070,0,115694,18217,760,1048576,4194304,8388608,2097152,16777216,2097152,33554432,8388608,16777216,2097152,8388608,1048576,65536,4.379650115966797
"3,16,19,90",WIN,4,7218670.0,90-69-split-proof.csv,split-exact-search child,1000000,WIN,1000000,18,998803,3.65039,0.998803,273943.3320823255,0,0,0,0,1,2,9,124,1015,6571,29768,104410,220396,294323,240404,90329,12154,454,40,0,6570,29767,104409,0,220395,0,294322,0,240403,0,90329,12154,454,1048576,4194304,8388608,2097152,16777216,2097152,33554432,8388608,16777216,2097152,8388608,1048576,65536,4.456693172454834
"3,17,19,90",WIN,4,8590681.0,90-69-split-proof.csv,split-exact-search child,1000000,WIN,1000000,17,998745,3.46934,0.998745,288239.26164630736,0,0,0,0,1,2,7,132,1108,7645,32983,114134,227710,296336,229628,80092,9872,350,0,0,7644,32982,114133,0,227709,0,296335,0,229628,0,80092,9872,350,1048576,4194304,8388608,2097152,16777216,2097152,33554432,8388608,16777216,2097152,8388608,1048576,65536,4.30968451499939
"3,18,19,90",WIN,4,6812673.0,90-69-split-proof.csv,split-exact-search child,1000000,WIN,1000000,18,998572,3.61533,0.998572,276599.92310522136,0,0,0,0,1,1,9,159,1244,7539,32742,111152,226665,294301,230457,83824,11440,457,9,0,7538,32741,111151,0,226664,0,294300,0,230457,0,83824,11440,457,1048576,4194304,8388608,2097152,16777216,2097152,33554432,8388608,16777216,2097152,8388608,1048576,65536,4.3769307136535645
"3,19,20,90",WIN,4,6041112.0,90-69-split-proof.csv,split-exact-search child,1000000,WIN,1000000,18,998695,3.65537,0.998695,273570.1173889374,0,0,0,0,1,1,12,125,1134,6552,29748,102667,219044,291770,241952,93191,13207,569,27,0,6551,29747,102666,0,219043,0,291769,0,241952,0,93191,13207,569,1048576,4194304,8388608,2097152,16777216,2097152,33554432,8388608,16777216,2097152,8388608,1048576,65536,4.399977922439575
"3,19,21,90",WIN,4,4129908.0,90-69-split-proof.csv,split-exact-search child,1000000,WIN,1000000,18,998664,3.5312,0.998664,283189.85047575895,0,0,0,0,1,1,18,87,1220,6482,31681,104249,223207,290826,240197,89355,12135,535,6,0,6481,31680,104248,0,223207,0,290826,0,240197,0,89355,12135,535,1048576,4194304,8388608,2097152,16777216,2097152,33554432,8388608,16777216,2097152,8388608,1048576,65536,4.347465991973877
"3,19,22,90",WIN,4,6372301.0,90-69-split-proof.csv,split-exact-search child,1000000,WIN,1000000,18,998968,3.58293,0.998968,279101.18255171046,0,0,0,0,1,1,14,71,904,4790,24851,88082,205658,290416,260959,107863,15735,620,35,0,4789,24850,88081,0,205657,0,290415,0,260958,0,107863,15735,620,1048576,4194304,8388608,2097152,16777216,2097152,33554432,8388608,16777216,2097152,8388608,1048576,65536,4.328373432159424
"3,19,23,90",WIN,4,13041993.0,90-69-split-proof.csv,split-exact-search child,1000000,WIN,1000000,18,998731,3.60782,0.998731,277175.6905832331,0,0,0,0,1,2,7,154,1086,8123,34760,121306,236989,300793,219498,69213,7754,299,15,0,8122,34759,121305,0,236988,0,300793,0,219498,0,69213,7754,299,1048576,4194304,8388608,2097152,16777216,2097152,33554432,8388608,16777216,2097152,8388608,1048576,65536,4.364438056945801
"3,19,24,90",WIN,4,9238120.0,90-69-split-proof.csv,split-exact-search child,1000000,WIN,1000000,18,999068,3.65323,0.999068,273730.37011083344,0,0,0,0,1,1,6,76,795,5064,25698,93677,211995,294804,253378,99253,14506,699,47,0,5063,25697,93676,0,211994,0,294803,0,253377,0,99253,14506,699,1048576,4194304,8388608,2097152,16777216,2097152,33554432,8388608,16777216,2097152,8388608,1048576,65536,4.4169933795928955
"3,19,25,90",WIN,4,6908987.0,90-69-split-proof.csv,split-exact-search child,1000000,WIN,1000000,18,999134,3.6194,0.999134,276288.88766093826,0,0,0,0,1,1,10,59,774,4827,25059,87598,203324,286338,259780,113289,18119,805,16,0,4826,25058,87597,0,203323,0,286337,0,259780,0,113289,18119,805,1048576,4194304,8388608,2097152,16777216,2097152,33554432,8388608,16777216,2097152,8388608,1048576,65536,4.3626015186309814
"3,19,26,90",WIN,4,8197677.0,90-69-split-proof.csv,split-exact-search child,1000000,WIN,1000000,18,999002,3.53427,0.999002,282943.86110851745,0,0,0,0,1,1,9,75,901,5608,27354,96466,214114,292583,250099,98212,13988,585,4,0,5607,27353,96465,0,214113,0,292582,0,250098,0,98211,13988,585,1048576,4194304,8388608,2097152,16777216,2097152,33554432,8388608,16777216,2097152,8388608,1048576,65536,4.2832770347595215
"3,19,27,90",WIN,4,6334507.0,90-69-split-proof.csv,split-exact-search child,1000000,WIN,1000000,18,998682,3.56152,0.998682,280778.9932388419,0,0,0,0,1,3,11,158,1130,7936,32726,110947,225065,293452,232721,84367,11072,400,11,0,7935,32725,110946,0,225064,0,293452,0,232721,0,84367,11072,400,1048576,4194304,8388608,2097152,16777216,2097152,33554432,8388608,16777216,2097152,8388608,1048576,65536,4.3431620597839355
"3,19,28,90",WIN,4,8267832.0,90-69-split-proof.csv,split-exact-search child,1000000,WIN,1000000,18,998819,3.59352,0.998819,278278.67940069904,0,0,0,0,1,2,9,112,1033,6154,29135,99947,215703,291009,244878,97165,14228,605,19,0,6153,29134,99946,0,215702,0,291008,0,244878,0,97165,14228,605,1048576,4194304,8388608,2097152,16777216,2097152,33554432,8388608,16777216,2097152,8388608,1048576,65536,4.4092631340026855
"3,19,29,90",WIN,4,5094523.0,90-69-split-proof.csv,split-exact-search child,1000000,WIN,1000000,18,998969,3.63884,0.998969,274812.8524474833,0,0,0,0,1,1,11,73,888,4950,24921,87450,203421,287663,259509,111837,18292,931,52,0,4949,24920,87449,0,203420,0,287662,0,259509,0,111837,18292,931,1048576,4194304,8388608,2097152,16777216,2097152,33554432,8388608,16777216,2097152,8388608,1048576,65536,4.475996255874634
"3,19,30,90",WIN,4,7707559.0,90-69-split-proof.csv,split-exact-search child,1000000,WIN,1000000,18,998640,3.6519,0.99864,273830.0610641036,0,0,0,0,1,1,6,170,1147,7951,33607,116804,230605,296544,225843,77352,9572,365,32,0,7950,33606,116803,0,230605,0,296544,0,225843,0,77352,9572,365,1048576,4194304,8388608,2097152,16777216,2097152,33554432,8388608,16777216,2097152,8388608,1048576,65536,4.4253551959991455
"3,19,31,90",WIN,4,11373990.0,90-69-split-proof.csv,split-exact-search child,1000000,WIN,1000000,17,998511,3.48959,0.998511,286566.61670855316,0,0,0,0,1,2,11,179,1293,8110,34678,116451,230816,295063,226657,77178,9253,308,0,0,8109,34677,116450,0,230816,0,295063,0,226657,0,77178,9253,308,1048576,4194304,8388608,2097152,16777216,2097152,33554432,8388608,16777216,2097152,8388608,1048576,65536,4.265467405319214
"3,19,32,90",WIN,4,7528807.0,90-69-split-proof.csv,split-exact-search child,1000000,WIN,1000000,18,999047,3.54264,0.999047,282275.36526432267,0,0,0,0,1,1,10,64,823,5059,25478,93216,212137,295501,255815,98023,13254,569,49,0,5058,25477,93215,0,212136,0,295500,0,255815,0,98023,13254,569,1048576,4194304,8388608,2097152,16777216,2097152,33554432,8388608,16777216,2097152,8388608,1048576,65536,4.349003314971924
"3,19,33,90",WIN,4,6620736.0,90-69-split-proof.csv,split-exact-search child,1000000,WIN,1000000,18,998374,3.58897,0.998374,278631.473654001,0,0,0,0,1,2,12,154,1378,8066,34294,113172,228288,292719,230097,81196,10121,425,75,0,8065,34293,113171,0,228287,0,292719,0,230097,0,81196,10121,425,1048576,4194304,8388608,2097152,16777216,2097152,33554432,8388608,16777216,2097152,8388608,1048576,65536,4.356358289718628
"3,19,34,90",WIN,4,13249982.0,90-69-split-proof.csv,split-exact-search child,1000000,WIN,1000000,18,998272,3.52559,0.998272,283640.46868751047,0,0,0,0,1,3,6,226,1468,10200,40191,134496,244756,299649,203229,59363,6200,193,19,0,10199,40190,134495,0,244755,0,299648,0,203229,0,59363,6200,193,1048576,4194304,8388608,2097152,16777216,2097152,33554432,8388608,16777216,2097152,8388608,1048576,65536,4.359658241271973
"3,19,35,90",WIN,4,11975784.0,90-69-split-proof.csv,split-exact-search child,1000000,WIN,1000000,18,998908,3.59591,0.998908,278093.72314657486,0,0,0,0,1,3,7,134,925,7430,32523,116968,234202,305412,224965,69623,7520,268,19,0,7429,32522,116967,0,234202,0,305412,0,224965,0,69623,7520,268,1048576,4194304,8388608,2097152,16777216,2097152,33554432,8388608,16777216,2097152,8388608,1048576,65536,4.383631944656372
"3,19,36,90",WIN,4,5325192.0,90-69-split-proof.csv,split-exact-search child,1000000,WIN,1000000,17,998700,3.52107,0.9987,284004.57815379987,0,0,0,0,1,1,9,139,1143,6996,30696,106416,222664,295793,239832,85772,10240,298,0,0,6995,30695,106415,0,222663,0,295792,0,239831,0,85771,10240,298,1048576,4194304,8388608,2097152,16777216,2097152,33554432,8388608,16777216,2097152,8388608,1048576,65536,4.326276540756226
"3,19,37,90",WIN,4,7155746.0,90-69-split-proof.csv,split-exact-search child,1000000,WIN,1000000,18,998629,3.60846,0.998629,277126.5304312643,0,0,0,0,1,2,13,126,1164,6418,29039,96013,209139,283833,248868,106977,17512,836,59,0,6417,29038,96012,0,209138,0,283832,0,248867,0,106977,17512,836,1048576,4194304,8388608,2097152,16777216,2097152,33554432,8388608,16777216,2097152,8388608,1048576,65536,4.366791009902954
"3,19,38,90",WIN,4,8525938.0,90-69-split-proof.csv,split-exact-search child,1000000,WIN,1000000,18,999062,3.71208,0.999062,269390.7458890972,0,0,0,0,1,1,8,49,642,3686,20588,74490,185748,277394,271251,136200,27794,1918,230,0,3685,20587,74489,0,185747,0,277393,0,271250,0,136199,27794,1918,1048576,4194304,8388608,2097152,16777216,2097152,33554432,8388608,16777216,2097152,8388608,1048576,65536,4.4753453731536865
"3,19,39,90",WIN,4,3878404.0,90-69-split-proof.csv,split-exact-search child,1000000,WIN,1000000,18,998785,3.70231,0.998785,270101.6392468486,0,0,0,0,1,1,12,94,1075,6195,28309,97621,214594,288573,248523,99860,14517,598,27,0,6194,28308,97620,0,214593,0,288572,0,248523,0,99860,14517,598,1048576,4194304,8388608,2097152,16777216,2097152,33554432,8388608,16777216,2097152,8388608,1048576,65536,4.489696025848389
"3,19,40,90",WIN,4,5167417.0,90-69-split-proof.csv,split-exact-search child,1000000,WIN,1000000,18,998770,3.53925,0.99877,282545.73709119164,0,0,0,0,1,2,9,106,1070,6401,29216,101402,218562,295360,244316,90965,12067,486,37,0,6400,29215,101401,0,218561,0,295359,0,244316,0,90965,12067,486,1048576,4194304,8388608,2097152,16777216,2097152,33554432,8388608,16777216,2097152,8388608,1048576,65536,4.320036888122559
"3,19,41,90",WIN,4,7891054.0,90-69-split-proof.csv,split-exact-search child,1000000,WIN,1000000,18,998564,3.65554,0.998564,273557.39507706114,0,0,0,0,1,3,9,172,1208,6383,28098,99691,213854,292363,246863,96616,14054,647,38,0,6382,28097,99690,0,213853,0,292362,0,246863,0,96616,14054,647,1048576,4194304,8388608,2097152,16777216,2097152,33554432,8388608,16777216,2097152,8388608,1048576,65536,4.419431924819946
"3,19,42,90",WIN,4,10457544.0,90-69-split-proof.csv,split-exact-search child,1000000,WIN,1000000,18,998706,3.58681,0.998706,278799.2673155255,0,0,0,0,1,3,6,148,1117,8137,33771,117133,231433,298521,225891,74363,9045,417,14,0,8136,33770,117132,0,231432,0,298520,0,225891,0,74363,9045,417,1048576,4194304,8388608,2097152,16777216,2097152,33554432,8388608,16777216,2097152,8388608,1048576,65536,4.355669021606445
"3,19,43,90",WIN,4,8319222.0,90-69-split-proof.csv,split-exact-search child,1000000,WIN,1000000,18,998427,3.5965,0.998427,278048.10232170165,0,0,0,0,1,1,13,147,1329,7346,32366,109056,226234,294129,235157,83490,10240,416,75,0,7345,32365,109055,0,226233,0,294128,0,235156,0,83489,10240,416,1048576,4194304,8388608,2097152,16777216,2097152,33554432,8388608,16777216,2097152,8388608,1048576,65536,4.364531517028809
"3,19,44,90",WIN,4,14816809.0,90-69-split-proof.csv,split-exact-search child,1000000,WIN,1000000,18,999077,3.57231,0.999077,279930.9130506591,0,0,0,0,1,1,9,71,833,5409,26741,96154,215311,296905,250517,95054,12550,438,6,0,5408,26740,96154,0,215311,0,296905,0,250517,0,95054,12550,438,1048576,4194304,8388608,2097152,16777216,2097152,33554432,8388608,16777216,2097152,8388608,1048576,65536,4.3488640785217285
"3,19,45,90",WIN,4,7464647.0,90-69-split-proof.csv,split-exact-search child,1000000,WIN,1000000,18,998259,3.59468,0.998259,278188.8791213682,0,0,0,0,1,3,8,214,1494,9208,36929,123251,235748,295739,218076,70857,8171,286,15,0,9207,36928,123250,0,235747,0,295738,0,218075,0,70857,8171,286,1048576,4194304,8388608,2097152,16777216,2097152,33554432,8388608,16777216,2097152,8388608,1048576,65536,4.360353946685791
"3,19,46,90",WIN,4,10243755.0,90-69-split-proof.csv,split-exact-search child,1000000,WIN,1000000,18,998815,3.57992,0.998815,279335.85108047107,0,0,0,0,1,2,12,103,1033,6218,29030,99897,216360,293366,246300,94274,12895,481,28,0,6217,29029,99896,0,216359,0,293365,0,246299,0,94274,12895,481,1048576,4194304,8388608,2097152,16777216,2097152,33554432,8388608,16777216,2097152,8388608,1048576,65536,4.3680830001831055
"3,19,47,90",WIN,4,10789044.0,90-69-split-proof.csv,split-exact-search child,1000000,WIN,1000000,18,998589,3.57866,0.998589,279434.2016285425,0,0,0,0,1,2,6,162,1217,8743,35871,121708,235201,297689,220562,70930,7655,237,16,0,8742,35870,121707,0,235200,0,297688,0,220561,0,70929,7655,237,1048576,4194304,8388608,2097152,16777216,2097152,33554432,8388608,16777216,2097152,8388608,1048576,65536,4.358471155166626
"3,19,48,90",WIN,4,10269485.0,90-69-split-proof.csv,split-exact-search child,1000000,WIN,1000000,18,998763,3.57869,0.998763,279431.85914398846,0,0,0,0,1,2,10,122,1086,7001,32204,109593,225227,293964,234054,84891,11376,457,12,0,7000,32203,109592,0,225226,0,293964,0,234054,0,84891,11376,457,1048576,4194304,8388608,2097152,16777216,2097152,33554432,8388608,16777216,2097152,8388608,1048576,65536,4.34980583190918
"3,19,49,90",WIN,4,6550989.0,90-69-split-proof.csv,split-exact-search child,1000000,WIN,1000000,18,998839,3.74173,0.998839,267256.05535407417,0,0,0,0,1,1,12,71,935,4523,22978,81113,195639,284655,267073,121071,20688,1102,138,0,4522,22977,81112,0,195639,0,284655,0,267073,0,121071,20688,1102,1048576,4194304,8388608,2097152,16777216,2097152,33554432,8388608,16777216,2097152,8388608,1048576,65536,4.503282070159912
"3,19,50,90",WIN,4,7741880.0,90-69-split-proof.csv,split-exact-search child,1000000,WIN,1000000,18,999144,3.68742,0.999144,271192.32417245663,0,0,0,0,1,2,7,75,754,5557,26231,95784,212377,294135,251156,99667,13761,481,12,0,5556,26230,95783,0,212376,0,294134,0,251156,0,99667,13761,481,1048576,4194304,8388608,2097152,16777216,2097152,33554432,8388608,16777216,2097152,8388608,1048576,65536,4.4621100425720215
"3,19,51,90",WIN,4,15763634.0,90-69-split-proof.csv,split-exact-search child,1000000,WIN,1000000,18,998864,3.57257,0.998864,279910.54059122707,0,0,0,0,1,2,9,106,964,6723,30619,105831,221325,294497,238859,88193,12254,568,49,0,6722,30618,105830,0,221324,0,294496,0,238859,0,88193,12254,568,1048576,4194304,8388608,2097152,16777216,2097152,33554432,8388608,16777216,2097152,8388608,1048576,65536,4.3234217166900635
"3,19,52,90",WIN,4,12218025.0,90-69-split-proof.csv,split-exact-search child,1000000,WIN,1000000,18,998584,3.56221,0.998584,280724.60635392077,0,0,0,0,1,1,11,138,1222,6789,31092,104343,220216,292331,240505,90421,12360,533,37,0,6788,31091,104342,0,220215,0,292330,0,240504,0,90421,12360,533,1048576,4194304,8388608,2097152,16777216,2097152,33554432,8388608,16777216,2097152,8388608,1048576,65536,4.311545372009277
"3,19,53,90",WIN,4,20524472.0,90-69-split-proof.csv,split-exact-search child,1000000,WIN,1000000,18,998888,3.55457,0.998888,281327.9805996225,0,0,0,0,1,2,7,100,977,6483,29808,104289,221068,297784,241323,87236,10593,310,19,0,6482,29807,104288,0,221067,0,297783,0,241322,0,87236,10593,310,1048576,4194304,8388608,2097152,16777216,2097152,33554432,8388608,16777216,2097152,8388608,1048576,65536,4.322513103485107
"3,19,54,90",WIN,4,9235512.0,90-69-split-proof.csv,split-exact-search child,1000000,WIN,1000000,18,998995,3.58308,0.998995,279089.49842035346,0,0,0,0,1,2,5,146,831,7324,30400,112150,226536,301385,233257,78421,9211,318,13,0,7323,30399,112149,0,226535,0,301384,0,233256,0,78420,9211,318,1048576,4194304,8388608,2097152,16777216,2097152,33554432,8388608,16777216,2097152,8388608,1048576,65536,4.327234268188477
"3,19,55,90",WIN,4,9124817.0,90-69-split-proof.csv,split-exact-search child,1000000,WIN,1000000,18,998544,3.61658,0.998544,276504.32176254917,0,0,0,0,1,3,6,176,1264,9019,36944,124206,235898,296882,216705,70388,8221,283,4,0,9018,36943,124206,0,235898,0,296882,0,216705,0,70388,8221,283,1048576,4194304,8388608,2097152,16777216,2097152,33554432,8388608,16777216,2097152,8388608,1048576,65536,4.397348403930664
"3,19,56,90",WIN,4,9540713.0,90-69-split-proof.csv,split-exact-search child,1000000,WIN,1000000,18,998751,3.47457,0.998751,287805.3975024248,0,0,0,0,1,2,7,145,1082,7700,33690,116848,232335,300141,225023,74082,8626,310,8,0,7699,33689,116847,0,232334,0,300141,0,225023,0,74082,8626,310,1048576,4194304,8388608,2097152,16777216,2097152,33554432,8388608,16777216,2097152,8388608,1048576,65536,4.248764753341675
"3,19,57,90",WIN,4,10041393.0,90-69-split-proof.csv,split-exact-search child,1000000,WIN,1000000,18,999070,3.60869,0.99907,277108.8677608772,0,0,0,0,1,1,10,52,805,4324,23285,84773,201481,289671,264007,113170,17613,752,55,0,4323,23284,84772,0,201480,0,289670,0,264006,0,113170,17613,752,1048576,4194304,8388608,2097152,16777216,2097152,33554432,8388608,16777216,2097152,8388608,1048576,65536,4.362555503845215
"3,19,58,90",WIN,4,5094523.0,90-69-split-proof.csv,split-exact-search child,1000000,WIN,1000000,18,998969,3.68519,0.998969,271356.4293835596,0,0,0,0,1,1,11,73,888,4950,24921,87450,203421,287663,259509,111837,18292,931,52,0,4949,24920,87449,0,203420,0,287662,0,259509,0,111837,18292,931,1048576,4194304,8388608,2097152,16777216,2097152,33554432,8388608,16777216,2097152,8388608,1048576,65536,4.46722412109375
"3,19,59,90",WIN,4,7255476.0,90-69-split-proof.csv,split-exact-search child,1000000,WIN,1000000,18,998958,3.70127,0.998958,270177.53365736624,0,0,0,0,1,1,12,42,761,3886,22168,78952,196188,286621,267864,120258,21557,1470,219,0,3885,22167,78951,0,196187,0,286620,0,267863,0,120258,21557,1470,1048576,4194304,8388608,2097152,16777216,2097152,33554432,8388608,16777216,2097152,8388608,1048576,65536,4.475167274475098
"3,19,60,90",WIN,4,5656909.0,90-69-split-proof.csv,split-exact-search child,1000000,WIN,1000000,18,999179,3.59354,0.999179,278277.13062885066,0,0,0,0,1,1,10,51,698,3783,20863,76456,192906,286008,273551,124416,20289,910,57,0,3782,20862,76455,0,192906,0,286008,0,273551,0,124416,20289,910,1048576,4194304,8388608,2097152,16777216,2097152,33554432,8388608,16777216,2097152,8388608,1048576,65536,4.343493700027466
"3,19,61,90",WIN,4,10284637.0,90-69-split-proof.csv,split-exact-search child,1000000,WIN,1000000,18,998539,3.46769,0.998539,288376.41196300706,0,0,0,0,1,2,7,171,1254,9114,37113,125546,239080,298314,215332,66650,7144,251,21,0,9113,37112,125545,0,239079,0,298313,0,215332,0,66650,7144,251,1048576,4194304,8388608,2097152,16777216,2097152,33554432,8388608,16777216,2097152,8388608,1048576,65536,4.275434255599976
"3,19,62,90",WIN,4,10017847.0,90-69-split-proof.csv,split-exact-search child,1000000,WIN,1000000,18,999144,3.5798,0.999144,279345.21481647016,0,0,0,0,1,1,8,60,721,4513,23959,87679,203133,291661,261852,109419,16262,672,59,0,4512,23958,87678,0,203132,0,291660,0,261851,0,109419,16262,672,1048576,4194304,8388608,2097152,16777216,2097152,33554432,8388608,16777216,2097152,8388608,1048576,65536,4.323354005813599
"3,19,63,90",WIN,4,6801089.0,90-69-split-proof.csv,split-exact-search child,1000000,WIN,1000000,18,998969,3.53143,0.998969,283171.4064840589,0,0,0,0,1,1,11,82,901,5483,26982,97518,215827,295302,249462,95057,12819,522,32,0,5482,26981,97517,0,215827,0,295302,0,249462,0,95057,12819,522,1048576,4194304,8388608,2097152,16777216,2097152,33554432,8388608,16777216,2097152,8388608,1048576,65536,4.293785572052002
"3,19,64,90",WIN,4,8099181.0,90-69-split-proof.csv,split-exact-search child,1000000,WIN,1000000,18,998763,3.63074,0.998763,275425.94622583827,0,0,0,0,1,2,7,115,1059,7020,31355,108407,223165,293495,236630,86680,11530,485,49,0,7019,31354,108406,0,223164,0,293495,0,236630,0,86680,11530,485,1048576,4194304,8388608,2097152,16777216,2097152,33554432,8388608,16777216,2097152,8388608,1048576,65536,4.444718599319458
"3,19,65,90",WIN,4,8142733.0,90-69-split-proof.csv,split-exact-search child,1000000,WIN,1000000,18,998817,3.53845,0.998817,282609.6172052735,0,0,0,0,1,2,10,139,1023,6947,30397,108351,224370,297956,236732,83502,10239,326,5,0,6946,30396,108350,0,224370,0,297956,0,236732,0,83502,10239,326,1048576,4194304,8388608,2097152,16777216,2097152,33554432,8388608,16777216,2097152,8388608,1048576,65536,4.3201823234558105
"3,19,66,90",WIN,4,8024727.0,90-69-split-proof.csv,split-exact-search child,1000000,WIN,1000000,17,998344,3.56068,0.998344,280845.23180965433,0,0,0,0,1,3,8,181,1457,9365,38049,126455,240267,296943,213470,66400,7197,204,0,0,9364,38048,126454,0,240266,0,296942,0,213469,0,66400,7197,204,1048576,4194304,8388608,2097152,16777216,2097152,33554432,8388608,16777216,2097152,8388608,1048576,65536,4.3382346630096436
"3,19,67,90",WIN,4,8011239.0,90-69-split-proof.csv,split-exact-search child,1000000,WIN,1000000,18,998768,3.47756,0.998768,287557.94292549946,0,0,0,0,1,2,8,109,1016,6656,29679,103110,216811,291056,241801,94887,14070,705,89,0,6655,29678,103109,0,216810,0,291055,0,241800,0,94886,14070,705,1048576,4194304,8388608,2097152,16777216,2097152,33554432,8388608,16777216,2097152,8388608,1048576,65536,4.248466968536377
"3,19,68,90",WIN,4,20070927.0,90-69-split-proof.csv,split-exact-search child,1000000,WIN,1000000,17,998989,3.49281,0.998989,286302.43271177076,0,0,0,0,1,1,4,116,885,7402,31708,119449,237088,308203,222979,65954,6076,134,0,0,7401,31707,119448,0,237087,0,308203,0,222979,0,65954,6076,134,1048576,4194304,8388608,2097152,16777216,2097152,33554432,8388608,16777216,2097152,8388608,1048576,65536,4.241118431091309
"3,19,70,90",WIN,4,5826785.0,90-69-split-proof.csv,split-exact-search child,1000000,WIN,1000000,18,998944,3.73402,0.998944,267807.8853353758,0,0,0,0,1,1,19,48,927,3945,22424,78009,195374,283009,270646,123618,20903,1022,54,0,3944,22423,78008,0,195373,0,283008,0,270645,0,123618,20903,1022,1048576,4194304,8388608,2097152,16777216,2097152,33554432,8388608,16777216,2097152,8388608,1048576,65536,4.5194947719573975
"3,19,71,90",WIN,4,10783223.0,90-69-split-proof.csv,split-exact-search child,1000000,WIN,1000000,18,998213,3.46933,0.998213,288240.09246742167,0,0,0,0,1,5,7,251,1506,9602,39334,133619,245778,299560,202963,60463,6671,228,12,0,9601,39333,133618,0,245777,0,299559,0,202963,0,60463,6671,228,1048576,4194304,8388608,2097152,16777216,2097152,33554432,8388608,16777216,2097152,8388608,1048576,65536,4.250814914703369
"3,19,72,90",WIN,4,6283115.0,90-69-split-proof.csv,split-exact-search child,1000000,WIN,1000000,18,999225,3.79442,0.999225,263544.88960104575,0,0,0,0,1,1,11,31,596,3312,19246,68624,181360,276047,277947,142142,28754,1796,132,0,3311,19245,68623,0,181360,0,276047,0,277947,0,142142,28754,1796,1048576,4194304,8388608,2097152,16777216,2097152,33554432,8388608,16777216,2097152,8388608,1048576,65536,4.543682813644409
"3,19,80,90",WIN,4,11167298.0,90-69-split-proof.csv,split-exact-search child,1000000,WIN,1000000,18,998768,3.54602,0.998768,282006.3056609946,0,0,0,0,1,2,6,150,1043,8173,34123,119325,233511,300117,223105,72102,8060,257,25,0,8172,34122,119324,0,233510,0,300116,0,223105,0,72102,8060,257,1048576,4194304,8388608,2097152,16777216,2097152,33554432,8388608,16777216,2097152,8388608,1048576,65536,4.32876443862915
"3,19,81,90",WIN,4,9147847.0,90-69-split-proof.csv,split-exact-search child,1000000,WIN,1000000,18,999165,3.69654,0.999165,270523.24606253416,0,0,0,0,1,1,11,57,719,4255,23501,88702,210114,297876,260787,100170,13245,520,41,0,4254,23500,88701,0,210113,0,297875,0,260787,0,100170,13245,520,1048576,4194304,8388608,2097152,16777216,2097152,33554432,8388608,16777216,2097152,8388608,1048576,65536,4.470998525619507
"3,4,19,90",WIN,4,11879485.0,90-69-split-proof.csv,split-exact-search child,1000000,WIN,1000000,18,998471,3.56754,0.998471,280305.196297729,0,0,0,0,1,2,9,204,1282,8883,36214,120725,232711,294080,220693,75334,9464,372,26,0,8882,36213,120724,0,232710,0,294079,0,220693,0,75334,9464,372,1048576,4194304,8388608,2097152,16777216,2097152,33554432,8388608,16777216,2097152,8388608,1048576,65536,4.339407444000244
"3,5,19,90",WIN,4,9687373.0,90-69-split-proof.csv,split-exact-search child,1000000,WIN,1000000,18,998582,3.65607,0.998582,273517.7389929624,0,0,0,0,1,3,9,161,1215,8598,35839,121455,236255,296568,218808,72284,8495,285,24,0,8597,35838,121454,0,236254,0,296567,0,218808,0,72284,8495,285,1048576,4194304,8388608,2097152,16777216,2097152,33554432,8388608,16777216,2097152,8388608,1048576,65536,4.419486045837402
"3,6,19,90",WIN,4,5474852.0,90-69-split-proof.csv,split-exact-search child,1000000,WIN,1000000,18,998370,3.51573,0.99837,284435.94929075893,0,0,0,0,1,3,11,179,1423,8491,35944,115082,226377,288174,225800,85186,12699,622,8,0,8490,35943,115081,0,226376,0,288173,0,225800,0,85186,12699,622,1048576,4194304,8388608,2097152,16777216,2097152,33554432,8388608,16777216,2097152,8388608,1048576,65536,4.3304572105407715
"3,7,19,90",WIN,4,5397606.0,90-69-split-proof.csv,split-exact-search child,1000000,WIN,1000000,18,999028,3.59604,0.999028,278083.66981457383,0,0,0,0,1,1,10,60,829,4053,22549,79268,196068,283313,268499,123119,21110,1056,64,0,4052,22548,79267,0,196067,0,283312,0,268498,0,123118,21110,1056,1048576,4194304,8388608,2097152,16777216,2097152,33554432,8388608,16777216,2097152,8388608,1048576,65536,4.365232944488525
"3,8,19,90",WIN,4,5612447.0,90-69-split-proof.csv,split-exact-search child,1000000,WIN,1000000,18,998771,3.62603,0.998771,275783.70835321274,0,0,0,0,1,2,8,112,1097,6641,30005,102878,218511,292905,242531,92356,12488,460,5,0,6640,30004,102877,0,218510,0,292905,0,242531,0,92356,12488,460,1048576,4194304,8388608,2097152,16777216,2097152,33554432,8388608,16777216,2097152,8388608,1048576,65536,4.390684127807617
"3,8,69,90",WIN,4,4881263.0,90-69-split-proof.csv,split-exact-search child,1000000,WIN,1000000,18,999038,3.61261,0.999038,276808.1802353423,0,0,0,0,1,1,17,48,845,3751,21739,74588,190403,278187,272809,132420,23904,1243,44,0,3750,21738,74587,0,190402,0,278186,0,272808,0,132420,23904,1243,1048576,4194304,8388608,2097152,16777216,2097152,33554432,8388608,16777216,2097152,8388608,1048576,65536,4.389802694320679
"3,9,19,90",WIN,4,5014701.0,90-69-split-proof.csv,split-exact-search child,1000000,WIN,1000000,18,998892,3.76023,0.998892,265941.17913,0,0,0,0,1,2,15,89,939,5460,26147,89915,205661,285997,256262,110555,18001,899,57,0,5459,26146,89914,0,205660,0,285996,0,256262,0,110555,18001,899,1048576,4194304,8388608,2097152,16777216,2097152,33554432,8388608,16777216,2097152,8388608,1048576,65536,4.498334169387817
"8,10,69,90",WIN,4,8728530.0,90-69-split-proof.csv,split-exact-search child,1000000,WIN,1000000,18,998740,3.5205,0.99874,284050.56099985796,0,0,0,0,1,1,11,100,1120,6562,31334,106424,223657,293001,237962,87866,11502,437,22,0,6561,31333,106423,0,223656,0,293000,0,237962,0,87866,11502,437,1048576,4194304,8388608,2097152,16777216,2097152,33554432,8388608,16777216,2097152,8388608,1048576,65536,4.256409645080566
"8,11,69,90",WIN,4,11458467.0,90-69-split-proof.csv,split-exact-search child,1000000,WIN,1000000,17,998924,3.53414,0.998924,282954.2689310554,0,0,0,0,1,1,8,126,935,6478,28749,104388,219983,297313,243006,87864,10797,351,0,0,6477,28748,104387,0,219982,0,297312,0,243006,0,87864,10797,351,1048576,4194304,8388608,2097152,16777216,2097152,33554432,8388608,16777216,2097152,8388608,1048576,65536,4.310433387756348
"8,12,69,90",WIN,4,12382845.0,90-69-split-proof.csv,split-exact-search child,1000000,WIN,1000000,17,999125,3.63569,0.999125,275050.9531890783,0,0,0,0,1,1,5,100,766,5561,26340,98818,218120,302457,249792,88079,9740,220,0,0,5560,26339,98818,0,218120,0,302457,0,249792,0,88079,9740,220,1048576,4194304,8388608,2097152,16777216,2097152,33554432,8388608,16777216,2097152,8388608,1048576,65536,4.41572380065918
"8,20,69,90",WIN,4,12521340.0,90-69-split-proof.csv,split-exact-search child,1000000,WIN,1000000,18,998818,3.48327,0.998818,287086.55946854537,0,0,0,0,1,2,6,132,994,7477,32365,114195,228914,297408,229122,78552,10287,500,45,0,7476,32364,114195,0,228914,0,297408,0,229122,0,78552,10287,500,1048576,4194304,8388608,2097152,16777216,2097152,33554432,8388608,16777216,2097152,8388608,1048576,65536,4.27780818939209
"8,21,69,90",WIN,4,5461865.0,90-69-split-proof.csv,split-exact-search child,1000000,WIN,1000000,18,998855,3.59041,0.998855,278519.72337421076,0,0,0,0,1,1,14,55,923,4597,24299,85262,202141,284939,262348,114810,19292,1175,143,0,4596,24298,85261,0,202140,0,284938,0,262347,0,114809,19291,1175,1048576,4194304,8388608,2097152,16777216,2097152,33554432,8388608,16777216,2097152,8388608,1048576,65536,4.37630033493042
"8,22,69,90",WIN,4,9920541.0,90-69-split-proof.csv,split-exact-search child,1000000,WIN,1000000,18,998616,3.49007,0.998616,286527.20432541467,0,0,0,0,1,2,11,120,1184,6930,31262,104825,220432,294380,239913,88363,11952,563,62,0,6929,31261,104824,0,220431,0,294380,0,239913,0,88363,11952,563,1048576,4194304,8388608,2097152,16777216,2097152,33554432,8388608,16777216,2097152,8388608,1048576,65536,4.260995388031006
"8,30,69,90",WIN,4,5890681.0,90-69-split-proof.csv,split-exact-search child,1000000,WIN,1000000,18,999167,3.61577,0.999167,276566.2638939977,0,0,0,0,1,1,8,47,622,3696,21068,76376,191786,283203,270876,127693,23154,1318,151,0,3695,21067,76375,0,191786,0,283203,0,270876,0,127693,23154,1318,1048576,4194304,8388608,2097152,16777216,2097152,33554432,8388608,16777216,2097152,8388608,1048576,65536,4.3810224533081055
"8,31,69,90",WIN,4,10860524.0,90-69-split-proof.csv,split-exact-search child,1000000,WIN,1000000,17,998781,3.46992,0.998781,288191.0822151519,0,0,0,0,1,2,7,136,1068,7856,33366,117760,233731,300867,224316,72664,7999,227,0,0,7855,33365,117759,0,233730,0,300866,0,224316,0,72664,7999,227,1048576,4194304,8388608,2097152,16777216,2097152,33554432,8388608,16777216,2097152,8388608,1048576,65536,4.232071399688721
"8,32,69,90",WIN,4,9552327.0,90-69-split-proof.csv,split-exact-search child,1000000,WIN,1000000,18,997925,3.42667,0.997925,291828.5098944456,0,0,0,0,1,3,14,236,1802,10338,41670,130939,240173,292152,209393,65713,7284,266,16,0,10337,41669,130938,0,240173,0,292152,0,209393,0,65713,7284,266,1048576,4194304,8388608,2097152,16777216,2097152,33554432,8388608,16777216,2097152,8388608,1048576,65536,4.251922369003296
"8,40,69,90",WIN,4,7742897.0,90-69-split-proof.csv,split-exact-search child,1000000,WIN,1000000,18,998660,3.64614,0.99866,274262.6448792422,0,0,0,0,1,3,9,127,1187,7284,32260,108788,224233,291254,234438,87919,12047,442,8,0,7283,32259,108787,0,224232,0,291253,0,234438,0,87919,12047,442,1048576,4194304,8388608,2097152,16777216,2097152,33554432,8388608,16777216,2097152,8388608,1048576,65536,4.401674270629883
"8,41,69,90",WIN,4,29093975.0,90-69-split-proof.csv,split-exact-search child,1000000,WIN,1000000,18,998487,3.54577,0.998487,282026.18895190605,0,0,0,0,1,3,9,176,1309,8765,35796,119443,230298,293566,222100,77694,10402,428,10,0,8764,35795,119442,0,230297,0,293565,0,222100,0,77694,10402,428,1048576,4194304,8388608,2097152,16777216,2097152,33554432,8388608,16777216,2097152,8388608,1048576,65536,4.328541040420532
"8,42,69,90",WIN,4,9528574.0,90-69-split-proof.csv,split-exact-search child,1000000,WIN,1000000,18,999049,3.56399,0.999049,280584.4011908002,0,0,0,0,1,1,12,67,820,4501,24361,87315,205438,288921,261200,109839,16728,752,44,0,4500,24360,87314,0,205437,0,288920,0,261199,0,109839,16728,752,1048576,4194304,8388608,2097152,16777216,2097152,33554432,8388608,16777216,2097152,8388608,1048576,65536,4.351586580276489
"8,50,69,90",WIN,4,10439901.0,90-69-split-proof.csv,split-exact-search child,1000000,WIN,1000000,18,999073,3.55548,0.999073,281255.97668950463,0,0,0,0,1,2,4,112,726,6744,29122,111077,226056,303477,232238,79588,10305,470,78,0,6743,29121,111076,0,226055,0,303477,0,232238,0,79588,10305,470,1048576,4194304,8388608,2097152,16777216,2097152,33554432,8388608,16777216,2097152,8388608,1048576,65536,4.3479883670806885
"8,51,69,90",WIN,4,9288090.0,90-69-split-proof.csv,split-exact-search child,1000000,WIN,1000000,18,998550,3.55636,0.99855,281186.3815811672,0,0,0,0,1,3,8,149,1277,8646,36498,121148,235497,294849,219586,73420,8620,290,8,0,8645,36497,121147,0,235496,0,294849,0,219586,0,73420,8620,290,1048576,4194304,8388608,2097152,16777216,2097152,33554432,8388608,16777216,2097152,8388608,1048576,65536,4.312295913696289
"8,52,69,90",WIN,4,12739337.0,90-69-split-proof.csv,split-exact-search child,1000000,WIN,1000000,17,998276,3.52636,0.998276,283578.53423927224,0,0,0,0,1,1,8,203,1505,9411,38125,125853,238069,294411,216367,68589,7262,195,0,0,9410,38124,125852,0,238068,0,294410,0,216366,0,68589,7262,195,1048576,4194304,8388608,2097152,16777216,2097152,33554432,8388608,16777216,2097152,8388608,1048576,65536,4.285284519195557
"8,60,69,90",WIN,4,6182497.0,90-69-split-proof.csv,split-exact-search child,1000000,WIN,1000000,18,998616,3.50762,0.998616,285093.5962276415,0,0,0,0,1,2,10,167,1198,8787,35889,121395,235763,296508,221946,70442,7646,243,3,0,8786,35888,121394,0,235763,0,296508,0,221946,0,70442,7646,243,1048576,4194304,8388608,2097152,16777216,2097152,33554432,8388608,16777216,2097152,8388608,1048576,65536,4.270506143569946
"8,61,69,90",WIN,4,5710231.0,90-69-split-proof.csv,split-exact-search child,1000000,WIN,1000000,18,998577,3.47279,0.998577,287952.9139395126,0,0,0,0,1,2,12,168,1222,8041,33490,114786,228669,296883,229710,77426,9223,354,13,0,8040,33489,114785,0,228668,0,296882,0,229710,0,77426,9223,354,1048576,4194304,8388608,2097152,16777216,2097152,33554432,8388608,16777216,2097152,8388608,1048576,65536,4.280450344085693
"8,62,69,90",WIN,4,27666903.0,90-69-split-proof.csv,split-exact-search child,1000000,WIN,1000000,17,997956,3.52678,0.997956,283544.76321176824,0,0,0,0,1,2,11,247,1781,10305,39776,129082,241071,294952,211588,64547,6479,158,0,0,10304,39775,129082,0,241071,0,294952,0,211588,0,64547,6479,158,1048576,4194304,8388608,2097152,16777216,2097152,33554432,8388608,16777216,2097152,8388608,1048576,65536,4.275466680526733
"8,69,70,90",WIN,4,8846667.0,90-69-split-proof.csv,split-exact-search child,1000000,WIN,1000000,18,999162,3.57927,0.999162,279386.57882752625,0,0,0,0,1,1,8,46,655,3612,20722,76521,191773,282878,271130,127695,23435,1400,123,0,3611,20721,76520,0,191772,0,282878,0,271130,0,127695,23435,1400,1048576,4194304,8388608,2097152,16777216,2097152,33554432,8388608,16777216,2097152,8388608,1048576,65536,4.346937417984009
"8,69,71,90",WIN,4,12704652.0,90-69-split-proof.csv,split-exact-search child,1000000,WIN,1000000,18,998663,3.59889,0.998663,277863.45234225,0,0,0,0,1,2,6,163,1132,8036,33769,118824,234762,302236,222944,70108,7713,277,27,0,8035,33768,118823,0,234761,0,302235,0,222943,0,70108,7713,277,1048576,4194304,8388608,2097152,16777216,2097152,33554432,8388608,16777216,2097152,8388608,1048576,65536,4.342575311660767
"8,69,80,90",WIN,4,5881079.0,90-69-split-proof.csv,split-exact-search child,1000000,WIN,1000000,18,997979,3.51846,0.997979,284215.25326421217,0,0,0,0,1,3,10,279,1719,10217,40295,131422,243382,296388,206868,62585,6620,207,4,0,10216,40294,131421,0,243381,0,296387,0,206868,0,62585,6620,207,1048576,4194304,8388608,2097152,16777216,2097152,33554432,8388608,16777216,2097152,8388608,1048576,65536,4.26585578918457
"0,20,30,39",WIN,4,3510894.0,90-69-split-proof.csv,split-exact-search child,1000000,WIN,1000000,18,998069,3.81698,0.998069,261987.22550288448,0,0,0,0,1,2,20,170,1648,7284,32069,102225,217360,284905,239409,97995,15918,905,89,0,7283,32069,102225,0,217360,0,284905,0,239409,0,97995,15918,905,1048576,4194304,8388608,2097152,16777216,2097152,33554432,8388608,16777216,2097152,8388608,1048576,65536,4.58165168762207
"0,20,39,40",WIN,4,4158917.0,90-69-split-proof.csv,split-exact-search child,1000000,WIN,1000000,18,999081,3.67913,0.999081,271803.3883010386,0,0,0,0,1,1,14,43,794,3061,19191,68720,185350,281961,283582,134176,22090,956,60,0,3060,19190,68719,0,185349,0,281960,0,283581,0,134176,22090,956,1048576,4194304,8388608,2097152,16777216,2097152,33554432,8388608,16777216,2097152,8388608,1048576,65536,4.472618579864502
"0,20,39,41",WIN,4,8919051.0,90-69-split-proof.csv,split-exact-search child,1000000,WIN,1000000,18,998669,3.61879,0.998669,276335.4601952586,0,0,0,0,1,1,12,123,1146,6484,29498,98438,212233,286509,244918,103178,16648,768,43,0,6483,29497,98437,0,212232,0,286508,0,244918,0,103178,16648,768,1048576,4194304,8388608,2097152,16777216,2097152,33554432,8388608,16777216,2097152,8388608,1048576,65536,4.47696852684021
"0,20,39,42",WIN,4,7646718.0,90-69-split-proof.csv,split-exact-search child,1000000,WIN,1000000,18,998499,3.65833,0.998499,273348.76842712384,0,0,0,0,1,2,11,156,1306,8205,34404,114829,227431,290564,227584,83637,11429,423,18,0,8204,34403,114828,0,227430,0,290563,0,227583,0,83636,11429,423,1048576,4194304,8388608,2097152,16777216,2097152,33554432,8388608,16777216,2097152,8388608,1048576,65536,4.422747850418091
"0,20,39,43",WIN,4,7969101.0,90-69-split-proof.csv,split-exact-search child,1000000,WIN,1000000,18,999288,3.66327,0.999288,272980.1516131762,0,0,0,0,1,1,12,33,623,3313,20276,75088,192814,286812,276589,123784,19704,911,39,0,3312,20275,75087,0,192814,0,286812,0,276589,0,123784,19704,911,1048576,4194304,8388608,2097152,16777216,2097152,33554432,8388608,16777216,2097152,8388608,1048576,65536,4.449981451034546
"0,20,39,44",WIN,4,6111774.0,90-69-split-proof.csv,split-exact-search child,1000000,WIN,1000000,18,998590,3.69427,0.99859,270689.4731570784,0,0,0,0,1,1,16,124,1215,6597,29926,99330,214942,288569,246406,97695,14432,695,51,0,6596,29925,99330,0,214942,0,288569,0,246406,0,97695,14432,695,1048576,4194304,8388608,2097152,16777216,2097152,33554432,8388608,16777216,2097152,8388608,1048576,65536,4.464856863021851
"0,20,39,50",WIN,4,5258499.0,90-69-split-proof.csv,split-exact-search child,1000000,WIN,1000000,18,998206,3.63604,0.998206,275024.4771784689,0,0,0,0,1,2,17,152,1576,7619,33553,106006,218661,283418,235351,96806,15971,826,41,0,7618,33552,106005,0,218660,0,283417,0,235351,0,96806,15971,826,1048576,4194304,8388608,2097152,16777216,2097152,33554432,8388608,16777216,2097152,8388608,1048576,65536,4.388510465621948
"0,20,39,51",WIN,4,4366040.0,90-69-split-proof.csv,split-exact-search child,1000000,WIN,1000000,18,998486,3.65417,0.998486,273659.9556123552,0,0,0,0,1,1,14,127,1207,6546,30085,98981,210325,283632,244597,105065,18140,1120,159,0,6545,30084,98980,0,210324,0,283631,0,244597,0,105065,18140,1120,1048576,4194304,8388608,2097152,16777216,2097152,33554432,8388608,16777216,2097152,8388608,1048576,65536,4.417808532714844
"0,20,39,52",WIN,4,6182041.0,90-69-split-proof.csv,split-exact-search child,1000000,WIN,1000000,18,998919,3.59618,0.998919,278072.84396220435,0,0,0,0,1,1,12,80,924,5555,26314,92866,207649,289293,254224,105808,16462,750,61,0,5554,26313,92866,0,207649,0,289293,0,254224,0,105808,16462,750,1048576,4194304,8388608,2097152,16777216,2097152,33554432,8388608,16777216,2097152,8388608,1048576,65536,4.344955205917358
"0,20,39,53",WIN,4,4810599.0,90-69-split-proof.csv,split-exact-search child,1000000,WIN,1000000,19,997938,3.53604,0.997938,282802.2307439961,0,0,0,0,1,2,16,193,1693,8567,35093,111191,222059,284749,230890,90199,14337,859,139,12,8566,35092,111190,0,222058,0,284748,0,230889,0,90199,14337,859,1048576,4194304,8388608,2097152,16777216,2097152,33554432,8388608,16777216,2097152,8388608,1048576,65536,4.31889009475708
"0,20,39,54",WIN,4,7253702.0,90-69-split-proof.csv,split-exact-search child,1000000,WIN,1000000,18,998673,3.52514,0.998673,283676.67667099746,0,0,0,0,1,1,10,129,1163,7281,32571,110247,227471,295777,232976,81866,10128,359,20,0,7280,32570,110246,0,227471,0,295777,0,232976,0,81866,10128,359,1048576,4194304,8388608,2097152,16777216,2097152,33554432,8388608,16777216,2097152,8388608,1048576,65536,4.318799734115601
"0,20,39,60",WIN,4,4533818.0,90-69-split-proof.csv,split-exact-search child,1000000,WIN,1000000,18,998407,3.54777,0.998407,281867.20108687994,0,0,0,0,1,1,10,171,1388,8096,33640,113030,225092,291131,231282,84275,11408,458,17,0,8095,33639,113029,0,225091,0,291130,0,231282,0,84275,11408,458,1048576,4194304,8388608,2097152,16777216,2097152,33554432,8388608,16777216,2097152,8388608,1048576,65536,4.314223527908325
"0,20,39,61",WIN,4,8444300.0,90-69-split-proof.csv,split-exact-search child,1000000,WIN,1000000,18,998910,3.60557,0.99891,277348.6577711707,0,0,0,0,1,1,10,65,865,4953,25334,87879,201887,282893,257238,116123,21237,1369,145,0,4952,25333,87878,0,201887,0,282893,0,257238,0,116123,21237,1369,1048576,4194304,8388608,2097152,16777216,2097152,33554432,8388608,16777216,2097152,8388608,1048576,65536,4.362280607223511
"0,20,39,62",WIN,4,7721112.0,90-69-split-proof.csv,split-exact-search child,1000000,WIN,1000000,17,998231,3.46082,0.998231,288948.86183043325,0,0,0,0,1,4,10,198,1554,10646,41553,132419,240092,292531,208949,65141,6733,169,0,0,10645,41552,132419,0,240092,0,292531,0,208949,0,65141,6733,169,1048576,4194304,8388608,2097152,16777216,2097152,33554432,8388608,16777216,2097152,8388608,1048576,65536,4.236363172531128
"0,20,39,63",WIN,4,10362457.0,90-69-split-proof.csv,split-exact-search child,1000000,WIN,1000000,18,998733,3.61335,0.998733,276751.49099865777,0,0,0,0,1,2,8,118,1124,7259,30998,105656,218594,291380,239147,91849,13307,549,8,0,7258,30997,105655,0,218593,0,291379,0,239146,0,91849,13307,549,1048576,4194304,8388608,2097152,16777216,2097152,33554432,8388608,16777216,2097152,8388608,1048576,65536,4.373287916183472
"0,20,39,64",WIN,4,20653821.0,90-69-split-proof.csv,split-exact-search child,1000000,WIN,1000000,18,998471,3.64703,0.998471,274195.7154177509,0,0,0,0,1,2,6,166,1334,8555,35332,118124,231547,294953,225011,76144,8565,245,15,0,8554,35331,118123,0,231546,0,294952,0,225011,0,76144,8565,245,1048576,4194304,8388608,2097152,16777216,2097152,33554432,8388608,16777216,2097152,8388608,1048576,65536,4.411644697189331
"0,20,39,70",WIN,4,4895288.0,90-69-split-proof.csv,split-exact-search child,1000000,WIN,1000000,18,998686,3.54902,0.998686,281767.92466652766,0,0,0,0,1,1,13,105,1140,6212,29090,97868,213235,289903,247694,99322,14707,659,50,0,6211,29089,97867,0,213234,0,289903,0,247694,0,99322,14707,659,1048576,4194304,8388608,2097152,16777216,2097152,33554432,8388608,16777216,2097152,8388608,1048576,65536,4.309351205825806
"0,20,39,71",WIN,4,4987184.0,90-69-split-proof.csv,split-exact-search child,1000000,WIN,1000000,18,998608,3.61967,0.998608,276268.27859998285,0,0,0,0,1,1,16,86,1230,5404,26981,88528,201641,279647,255337,118006,21829,1241,52,0,5403,26980,88527,0,201640,0,279646,0,255336,0,118006,21829,1241,1048576,4194304,8388608,2097152,16777216,2097152,33554432,8388608,16777216,2097152,8388608,1048576,65536,4.371152877807617
"0,20,39,72",WIN,4,7229368.0,90-69-split-proof.csv,split-exact-search child,1000000,WIN,1000000,18,998737,3.59697,0.998737,278011.77101838496,0,0,0,0,1,1,11,104,1060,6227,29179,100137,213412,286722,245388,100668,16143,867,80,0,6226,29178,100136,0,213411,0,286721,0,245387,0,100668,16143,867,1048576,4194304,8388608,2097152,16777216,2097152,33554432,8388608,16777216,2097152,8388608,1048576,65536,4.34050440788269
"0,20,39,73",WIN,4,11247326.0,90-69-split-proof.csv,split-exact-search child,1000000,WIN,1000000,18,999136,3.47268,0.999136,287962.03508529434,0,0,0,0,1,1,5,55,760,4991,25538,91996,207896,290889,255264,105337,16457,773,37,0,4990,25537,91995,0,207895,0,290888,0,255264,0,105337,16457,773,1048576,4194304,8388608,2097152,16777216,2097152,33554432,8388608,16777216,2097152,8388608,1048576,65536,4.244837522506714
"0,20,39,74",WIN,4,9182301.0,90-69-split-proof.csv,split-exact-search child,1000000,WIN,1000000,18,999221,3.5887,0.999221,278652.43681556,0,0,0,0,1,1,7,60,608,4262,21818,82355,195506,284965,266540,121882,20824,1074,97,0,4261,21817,82354,0,195505,0,284964,0,266540,0,121882,20824,1074,1048576,4194304,8388608,2097152,16777216,2097152,33554432,8388608,16777216,2097152,8388608,1048576,65536,4.393856763839722
"0,20,39,80",WIN,4,9843878.0,90-69-split-proof.csv,split-exact-search child,1000000,WIN,1000000,18,998744,3.65109,0.998744,273890.81068941054,0,0,0,0,1,1,15,100,1070,5842,27995,95596,211482,288149,249814,103253,15844,772,66,0,5841,27994,95595,0,211482,0,288149,0,249814,0,103253,15844,772,1048576,4194304,8388608,2097152,16777216,2097152,33554432,8388608,16777216,2097152,8388608,1048576,65536,4.406888008117676
"0,20,39,81",WIN,4,11089693.0,90-69-split-proof.csv,split-exact-search child,1000000,WIN,1000000,18,998935,3.68507,0.998935,271365.26578870957,0,0,0,0,1,1,6,105,840,6445,29417,105567,219544,293957,238850,90937,13494,731,105,0,6444,29416,105566,0,219543,0,293956,0,238849,0,90936,13494,731,1048576,4194304,8388608,2097152,16777216,2097152,33554432,8388608,16777216,2097152,8388608,1048576,65536,4.494260311126709
"0,20,39,82",WIN,4,9301828.0,90-69-split-proof.csv,split-exact-search child,1000000,WIN,1000000,18,998687,3.49271,0.998687,286310.6298547546,0,0,0,0,1,2,10,132,1149,7689,34339,115526,229957,297188,228055,76742,8904,293,13,0,7688,34338,115525,0,229956,0,297187,0,228054,0,76742,8904,293,1048576,4194304,8388608,2097152,16777216,2097152,33554432,8388608,16777216,2097152,8388608,1048576,65536,4.258979797363281
"0,20,39,83",WIN,4,12868639.0,90-69-split-proof.csv,split-exact-search child,1000000,WIN,1000000,18,999116,3.76248,0.999116,265782.14369245816,0,0,0,0,1,1,5,64,647,4355,22035,80129,189825,279643,262757,130751,27685,1940,162,0,4354,22034,80128,0,189824,0,279643,0,262757,0,130751,27685,1940,1048576,4194304,8388608,2097152,16777216,2097152,33554432,8388608,16777216,2097152,8388608,1048576,65536,4.505947113037109
"0,20,39,84",WIN,4,8806610.0,90-69-split-proof.csv,split-exact-search child,1000000,WIN,1000000,18,998382,3.5873,0.998382,278761.18529255985,0,0,0,0,1,2,8,156,1427,8840,36515,120233,232078,293093,223083,75203,8999,342,20,0,8839,36514,120232,0,232077,0,293093,0,223083,0,75203,8999,342,1048576,4194304,8388608,2097152,16777216,2097152,33554432,8388608,16777216,2097152,8388608,1048576,65536,4.353036880493164
"0,20,39,90",WIN,4,7075780.0,90-69-split-proof.csv,split-exact-search child,1000000,WIN,1000000,17,998147,3.53423,0.998147,282947.06343390216,0,0,0,0,1,3,10,222,1613,10055,40010,128428,239532,292598,211886,67768,7626,248,0,0,10054,40009,128427,0,239531,0,292598,0,211886,0,67768,7626,248,1048576,4194304,8388608,2097152,16777216,2097152,33554432,8388608,16777216,2097152,8388608,1048576,65536,4.30255651473999
"0,9,29,30",WIN,4,5311320.0,90-69-split-proof.csv,split-exact-search child,1000000,WIN,1000000,18,998866,3.62098,0.998866,276168.3301205751,0,0,0,0,1,2,13,113,967,5813,27520,93915,209483,288327,251940,105080,16068,726,32,0,5812,27519,93914,0,209482,0,288326,0,251939,0,105080,16068,726,1048576,4194304,8388608,2097152,16777216,2097152,33554432,8388608,16777216,2097152,8388608,1048576,65536,4.386016368865967
"1,69,70,90",WIN,4,5692938.0,90-69-split-proof.csv,split-exact-search child,1000000,WIN,1000000,18,999164,3.64006,0.999164,274720.7463613237,0,0,0,0,1,1,11,44,672,4299,22218,81356,196683,286293,266357,120678,20305,979,103,0,4298,22217,81355,0,196682,0,286293,0,266357,0,120678,20305,979,1048576,4194304,8388608,2097152,16777216,2097152,33554432,8388608,16777216,2097152,8388608,1048576,65536,4.390290260314941
"1,9,29,30",WIN,4,5880087.0,90-69-split-proof.csv,split-exact-search child,1000000,WIN,1000000,18,998395,3.62088,0.998395,276175.9572258677,0,0,0,0,1,4,13,183,1363,6819,29772,101390,216364,290416,244021,95619,13435,565,35,0,6818,29771,101389,0,216363,0,290415,0,244020,0,95619,13435,565,1048576,4194304,8388608,2097152,16777216,2097152,33554432,8388608,16777216,2097152,8388608,1048576,65536,4.40459418296814
"2,69,70,90",WIN,4,8731899.0,90-69-split-proof.csv,split-exact-search child,1000000,WIN,1000000,18,998937,3.50073,0.998937,285654.70630411373,0,0,0,0,1,2,9,114,887,6111,27896,99302,213191,290664,245836,99789,15435,719,44,0,6110,27895,99301,0,213190,0,290663,0,245835,0,99789,15435,719,1048576,4194304,8388608,2097152,16777216,2097152,33554432,8388608,16777216,2097152,8388608,1048576,65536,4.2601752281188965
"2,9,29,30",WIN,4,4942559.0,90-69-split-proof.csv,split-exact-search child,1000000,WIN,1000000,18,998564,3.62183,0.998564,276103.5167304926,0,0,0,0,1,2,17,104,1271,6499,29821,96804,212017,286529,249176,101851,15198,676,34,0,6498,29820,96803,0,212016,0,286528,0,249175,0,101850,15198,676,1048576,4194304,8388608,2097152,16777216,2097152,33554432,8388608,16777216,2097152,8388608,1048576,65536,4.373735666275024
"3,69,70,90",WIN,4,5503185.0,90-69-split-proof.csv,split-exact-search child,1000000,WIN,1000000,18,998847,3.54163,0.998847,282355.86439012544,0,0,0,0,1,1,14,83,1014,5622,28259,96048,214346,289200,250547,99843,14357,627,38,0,5621,28258,96048,0,214346,0,289200,0,250547,0,99843,14357,627,1048576,4194304,8388608,2097152,16777216,2097152,33554432,8388608,16777216,2097152,8388608,1048576,65536,4.282326936721802
"3,9,29,30",WIN,4,3473805.0,90-69-split-proof.csv,split-exact-search child,1000000,WIN,1000000,18,998289,3.6513,0.998289,273875.05819844984,0,0,0,0,1,2,13,171,1481,8054,34175,108372,223432,288087,234081,89434,12185,475,37,0,8053,34174,108371,0,223431,0,288086,0,234080,0,89434,12185,475,1048576,4194304,8388608,2097152,16777216,2097152,33554432,8388608,16777216,2097152,8388608,1048576,65536,4.417056322097778
"4,69,70,90",WIN,4,7880961.0,90-69-split-proof.csv,split-exact-search child,1000000,WIN,1000000,18,999261,3.60392,0.999261,277475.6376390153,0,0,0,0,1,1,5,60,619,4349,22064,82967,196474,288686,267552,117658,18717,798,49,0,4348,22063,82966,0,196473,0,288686,0,267552,0,117658,18717,798,1048576,4194304,8388608,2097152,16777216,2097152,33554432,8388608,16777216,2097152,8388608,1048576,65536,4.370791673660278
"4,9,29,30",WIN,4,5590831.0,90-69-split-proof.csv,split-exact-search child,1000000,WIN,1000000,18,998207,3.46637,0.998207,288486.22622512886,0,0,0,0,1,2,14,206,1537,9064,38082,122965,236564,294140,216696,71647,8723,330,29,0,9063,38081,122964,0,236563,0,294140,0,216696,0,71647,8723,330,1048576,4194304,8388608,2097152,16777216,2097152,33554432,8388608,16777216,2097152,8388608,1048576,65536,4.24276065826416
"5,69,70,90",WIN,4,8999426.0,90-69-split-proof.csv,split-exact-search child,1000000,WIN,1000000,18,998870,3.51153,0.99887,284776.15170595155,0,0,0,0,1,2,11,108,969,6510,29037,101372,213112,288160,244093,99438,16260,893,34,0,6509,29036,101371,0,213111,0,288159,0,244093,0,99438,16260,893,1048576,4194304,8388608,2097152,16777216,2097152,33554432,8388608,16777216,2097152,8388608,1048576,65536,4.2768073081970215
"5,9,29,30",WIN,4,4922877.0,90-69-split-proof.csv,split-exact-search child,1000000,WIN,1000000,18,998900,3.72636,0.9989,268358.39800770726,0,0,0,0,1,1,16,44,838,3359,19681,67451,178714,271413,279224,147699,29566,1800,193,0,3358,19680,67450,0,178713,0,271412,0,279223,0,147698,29566,1800,1048576,4194304,8388608,2097152,16777216,2097152,33554432,8388608,16777216,2097152,8388608,1048576,65536,4.445079326629639
"6,69,70,90",WIN,4,13334051.0,90-69-split-proof.csv,split-exact-search child,1000000,WIN,1000000,17,998570,3.4269,0.99857,291808.9235168812,0,0,0,0,1,2,7,183,1231,9035,36639,124411,237066,297905,217230,68523,7527,240,0,0,9034,36638,124410,0,237065,0,297904,0,217229,0,68523,7527,240,1048576,4194304,8388608,2097152,16777216,2097152,33554432,8388608,16777216,2097152,8388608,1048576,65536,4.21457314491272
"6,9,29,30",WIN,4,4230409.0,90-69-split-proof.csv,split-exact-search child,1000000,WIN,1000000,18,998415,3.61921,0.998415,276303.39217674575,0,0,0,0,1,1,20,121,1378,6539,29980,98015,212941,285975,246899,101777,15584,710,59,0,6538,29979,98014,0,212940,0,285974,0,246899,0,101777,15584,710,1048576,4194304,8388608,2097152,16777216,2097152,33554432,8388608,16777216,2097152,8388608,1048576,65536,4.35783839225769
"7,69,70,90",WIN,4,6912299.0,90-69-split-proof.csv,split-exact-search child,1000000,WIN,1000000,18,997901,3.51806,0.997901,284247.5682620535,0,0,0,0,1,1,11,195,1872,9239,38665,123595,237995,292865,217431,70125,7736,256,13,0,9238,38664,123594,0,237994,0,292864,0,217430,0,70125,7736,256,1048576,4194304,8388608,2097152,16777216,2097152,33554432,8388608,16777216,2097152,8388608,1048576,65536,4.265428066253662
"7,9,29,30",WIN,4,5739973.0,90-69-split-proof.csv,split-exact-search child,1000000,WIN,1000000,18,998595,3.59784,0.998595,277944.54450448044,0,0,0,0,1,1,16,128,1235,6650,30406,101964,220368,293732,244347,89846,10939,351,16,0,6649,30405,101963,0,220367,0,293731,0,244346,0,89845,10938,351,1048576,4194304,8388608,2097152,16777216,2097152,33554432,8388608,16777216,2097152,8388608,1048576,65536,4.358816385269165
"8,9,29,30",WIN,4,4698669.0,90-69-split-proof.csv,split-exact-search child,1000000,WIN,1000000,18,998803,3.66,0.998803,273224.04371584696,0,0,0,0,1,1,18,58,1003,4562,25335,82941,200093,279610,262570,120940,21500,1257,111,0,4561,25334,82940,0,200092,0,279609,0,262570,0,120940,21500,1257,1048576,4194304,8388608,2097152,16777216,2097152,33554432,8388608,16777216,2097152,8388608,1048576,65536,4.4385950565338135
"9,11,29,30",WIN,4,4860950.0,90-69-split-proof.csv,split-exact-search child,1000000,WIN,1000000,18,998754,3.62097,0.998754,276169.09281214705,0,0,0,0,1,1,17,75,1056,5004,25581,86825,202254,283703,258681,115779,19902,1032,89,0,5003,25580,86824,0,202253,0,283702,0,258680,0,115778,19902,1032,1048576,4194304,8388608,2097152,16777216,2097152,33554432,8388608,16777216,2097152,8388608,1048576,65536,4.4181201457977295
"9,12,29,30",WIN,4,11963121.0,90-69-split-proof.csv,split-exact-search child,1000000,WIN,1000000,18,998744,3.6245,0.998744,275900.1241550559,0,0,0,0,1,1,15,100,1070,5842,27995,95596,211482,288149,249814,103253,15844,772,66,0,5841,27994,95595,0,211482,0,288149,0,249814,0,103253,15844,772,1048576,4194304,8388608,2097152,16777216,2097152,33554432,8388608,16777216,2097152,8388608,1048576,65536,4.383707523345947
"9,13,29,30",WIN,4,7605710.0,90-69-split-proof.csv,split-exact-search child,1000000,WIN,1000000,18,998699,3.54851,0.998699,281808.4209992363,0,0,0,0,1,2,10,147,1098,7404,31354,107832,218988,290934,237212,90725,13574,680,39,0,7403,31353,107831,0,218987,0,290934,0,237212,0,90725,13574,680,1048576,4194304,8388608,2097152,16777216,2097152,33554432,8388608,16777216,2097152,8388608,1048576,65536,4.3050665855407715
"9,14,29,30",WIN,4,11980065.0,90-69-split-proof.csv,split-exact-search child,1000000,WIN,1000000,18,998505,3.62677,0.998505,275727.43791307416,0,0,0,0,1,1,5,161,1305,8414,34214,114721,225920,292234,228116,83184,11280,426,18,0,8413,34213,114720,0,225919,0,292234,0,228116,0,83184,11280,426,1048576,4194304,8388608,2097152,16777216,2097152,33554432,8388608,16777216,2097152,8388608,1048576,65536,4.41507625579834
"9,15,29,30",WIN,4,7715171.0,90-69-split-proof.csv,split-exact-search child,1000000,WIN,1000000,18,998531,3.53047,0.998531,283248.4060195951,0,0,0,0,1,1,12,116,1255,6732,31196,106104,220984,291158,237454,90489,13667,752,79,0,6731,31195,106103,0,220983,0,291157,0,237454,0,90489,13667,752,1048576,4194304,8388608,2097152,16777216,2097152,33554432,8388608,16777216,2097152,8388608,1048576,65536,4.295964241027832
"9,16,29,30",WIN,4,4895288.0,90-69-split-proof.csv,split-exact-search child,1000000,WIN,1000000,18,998686,3.61553,0.998686,276584.6224481611,0,0,0,0,1,1,13,105,1140,6212,29090,97868,213235,289903,247694,99322,14707,659,50,0,6211,29089,97867,0,213234,0,289903,0,247694,0,99322,14707,659,1048576,4194304,8388608,2097152,16777216,2097152,33554432,8388608,16777216,2097152,8388608,1048576,65536,4.396167278289795
"9,17,29,30",WIN,4,12302987.0,90-69-split-proof.csv,split-exact-search child,1000000,WIN,1000000,18,998450,3.57205,0.99845,279951.2884758052,0,0,0,0,1,2,8,163,1362,8862,35992,119200,231248,293319,224215,76359,8973,288,8,0,8861,35991,119199,0,231247,0,293318,0,224214,0,76359,8973,288,1048576,4194304,8388608,2097152,16777216,2097152,33554432,8388608,16777216,2097152,8388608,1048576,65536,4.353378772735596
"9,18,29,30",WIN,4,11459001.0,90-69-split-proof.csv,split-exact-search child,1000000,WIN,1000000,18,998347,3.56477,0.998347,280523.00709442684,0,0,0,0,1,1,13,159,1407,7282,31299,104621,218437,291210,238094,92687,14035,687,67,0,7281,31298,104620,0,218436,0,291209,0,238094,0,92687,14035,687,1048576,4194304,8388608,2097152,16777216,2097152,33554432,8388608,16777216,2097152,8388608,1048576,65536,4.362476110458374
"9,19,29,30",WIN,4,6312321.0,90-69-split-proof.csv,split-exact-search child,1000000,WIN,1000000,18,998567,3.53511,0.998567,282876.62901578733,0,0,0,0,1,2,12,155,1255,7947,33858,116099,230977,298647,226803,75302,8691,246,5,0,7946,33857,116098,0,230977,0,298647,0,226803,0,75302,8691,246,1048576,4194304,8388608,2097152,16777216,2097152,33554432,8388608,16777216,2097152,8388608,1048576,65536,4.332931756973267
"9,20,29,30",WIN,4,6908233.0,90-69-split-proof.csv,split-exact-search child,1000000,WIN,1000000,18,997887,3.62032,0.997887,276218.6768020507,0,0,0,0,1,4,14,240,1825,10198,39203,121816,231304,287208,219749,78079,9969,364,26,0,10197,39202,121815,0,231304,0,287208,0,219749,0,78079,9969,364,1048576,4194304,8388608,2097152,16777216,2097152,33554432,8388608,16777216,2097152,8388608,1048576,65536,4.402170181274414
"9,21,29,30",WIN,4,8864666.0,90-69-split-proof.csv,split-exact-search child,1000000,WIN,1000000,18,998407,3.57195,0.998407,279959.1259676087,0,0,0,0,1,1,10,171,1388,8096,33640,113030,225092,291131,231282,84275,11408,458,17,0,8095,33639,113029,0,225091,0,291130,0,231282,0,84275,11408,458,1048576,4194304,8388608,2097152,16777216,2097152,33554432,8388608,16777216,2097152,8388608,1048576,65536,4.363587856292725
"9,22,29,30",WIN,4,6273066.0,90-69-split-proof.csv,split-exact-search child,1000000,WIN,1000000,18,998125,3.46436,0.998125,288653.60412890115,0,0,0,0,1,2,13,215,1621,9638,38708,124671,235059,292744,217840,71242,7974,252,20,0,9637,38707,124670,0,235059,0,292744,0,217840,0,71242,7974,252,1048576,4194304,8388608,2097152,16777216,2097152,33554432,8388608,16777216,2097152,8388608,1048576,65536,4.251208782196045
"9,23,29,30",WIN,4,5807012.0,90-69-split-proof.csv,split-exact-search child,1000000,WIN,1000000,18,997926,3.55541,0.997926,281261.5141432352,0,0,0,0,1,1,19,225,1783,8778,35521,111840,225696,289080,232252,83551,10767,447,39,0,8777,35520,111839,0,225695,0,289079,0,232251,0,83551,10767,447,1048576,4194304,8388608,2097152,16777216,2097152,33554432,8388608,16777216,2097152,8388608,1048576,65536,4.296825170516968
"9,24,29,30",WIN,4,17984457.0,90-69-split-proof.csv,split-exact-search child,1000000,WIN,1000000,18,998279,3.57205,0.998279,279951.2884758052,0,0,0,0,1,3,6,198,1498,9766,39480,129043,240562,293842,211846,66299,7209,237,10,0,9765,39479,129042,0,240561,0,293841,0,211846,0,66299,7209,237,1048576,4194304,8388608,2097152,16777216,2097152,33554432,8388608,16777216,2097152,8388608,1048576,65536,4.359600067138672
"9,25,29,30",WIN,4,5121746.0,90-69-split-proof.csv,split-exact-search child,1000000,WIN,1000000,18,998488,3.54076,0.998488,282425.2420384324,0,0,0,0,1,2,14,150,1293,7145,30769,101985,212874,285633,243532,99951,15818,785,48,0,7144,30768,101984,0,212873,0,285633,0,243532,0,99951,15818,785,1048576,4194304,8388608,2097152,16777216,2097152,33554432,8388608,16777216,2097152,8388608,1048576,65536,4.316809177398682
"9,26,29,30",WIN,4,18576553.0,90-69-split-proof.csv,split-exact-search child,1000000,WIN,1000000,18,997480,3.48825,0.99748,286676.700351179,0,0,0,0,1,5,11,327,2162,11807,45001,138748,244767,289669,199001,61473,6816,204,8,0,11806,45000,138747,0,244766,0,289668,0,199000,0,61473,6816,204,1048576,4194304,8388608,2097152,16777216,2097152,33554432,8388608,16777216,2097152,8388608,1048576,65536,4.3148884773254395
"9,27,29,30",WIN,4,4975177.0,90-69-split-proof.csv,split-exact-search child,1000000,WIN,1000000,18,998446,3.65768,0.998446,273397.34476498765,0,0,0,0,1,2,18,133,1324,6442,30181,95891,210141,282445,248911,106088,17407,946,70,0,6441,30180,95890,0,210140,0,282444,0,248910,0,106088,17407,946,1048576,4194304,8388608,2097152,16777216,2097152,33554432,8388608,16777216,2097152,8388608,1048576,65536,4.449530363082886
"9,28,29,30",WIN,4,6480120.0,90-69-split-proof.csv,split-exact-search child,1000000,WIN,1000000,18,998798,3.653,0.998798,273747.6047084588,0,0,0,0,1,1,10,97,965,6189,28103,98053,213358,288650,247259,100074,16124,994,122,0,6188,28102,98052,0,213357,0,288649,0,247258,0,100074,16124,994,1048576,4194304,8388608,2097152,16777216,2097152,33554432,8388608,16777216,2097152,8388608,1048576,65536,4.465048551559448
"9,29,30,31",WIN,4,10949669.0,90-69-split-proof.csv,split-exact-search child,1000000,WIN,1000000,18,998324,3.47646,0.998324,287648.9302336285,0,0,0,0,1,3,7,217,1437,10600,40740,133170,241753,294146,205906,64514,7278,221,7,0,10599,40739,133169,0,241752,0,294146,0,205906,0,64514,7278,221,1048576,4194304,8388608,2097152,16777216,2097152,33554432,8388608,16777216,2097152,8388608,1048576,65536,4.233371019363403
"9,29,30,32",WIN,4,7799206.0,90-69-split-proof.csv,split-exact-search child,1000000,WIN,1000000,18,998520,3.58577,0.99852,278880.1289541716,0,0,0,0,1,2,12,143,1286,7557,32217,106522,218716,289017,238612,92209,13135,542,29,0,7556,32216,106521,0,218715,0,289016,0,238611,0,92208,13135,542,1048576,4194304,8388608,2097152,16777216,2097152,33554432,8388608,16777216,2097152,8388608,1048576,65536,4.3755481243133545
"9,29,30,33",WIN,4,12705010.0,90-69-split-proof.csv,split-exact-search child,1000000,WIN,1000000,18,998225,3.59749,0.998225,277971.58574450517,0,0,0,0,1,3,7,253,1496,11110,41522,137702,245964,296289,202180,57779,5519,164,11,0,11109,41521,137701,0,245963,0,296289,0,202180,0,57779,5519,164,1048576,4194304,8388608,2097152,16777216,2097152,33554432,8388608,16777216,2097152,8388608,1048576,65536,4.371326208114624
"9,29,30,34",WIN,4,8682388.0,90-69-split-proof.csv,split-exact-search child,1000000,WIN,1000000,18,998307,3.45328,0.998307,289579.76184960385,0,0,0,0,1,2,13,167,1485,8457,36275,116461,231043,292396,225508,78297,9554,322,19,0,8456,36274,116460,0,231042,0,292395,0,225507,0,78297,9554,322,1048576,4194304,8388608,2097152,16777216,2097152,33554432,8388608,16777216,2097152,8388608,1048576,65536,4.26418662071228
"9,29,30,35",WIN,4,7589324.0,90-69-split-proof.csv,split-exact-search child,1000000,WIN,1000000,18,997902,3.48777,0.997902,286716.15387482545,0,0,0,0,1,3,19,230,1824,10190,41570,131611,243773,293392,207380,63128,6656,208,15,0,10189,41569,131610,0,243772,0,293391,0,207379,0,63128,6656,208,1048576,4194304,8388608,2097152,16777216,2097152,33554432,8388608,16777216,2097152,8388608,1048576,65536,4.281170606613159
"9,29,30,36",WIN,4,5858342.0,90-69-split-proof.csv,split-exact-search child,1000000,WIN,1000000,18,998127,3.55035,0.998127,281662.37131550413,0,0,0,0,1,2,9,206,1628,9321,37249,118438,230434,291374,223746,77470,9733,366,23,0,9320,37248,118437,0,230433,0,291374,0,223746,0,77470,9733,366,1048576,4194304,8388608,2097152,16777216,2097152,33554432,8388608,16777216,2097152,8388608,1048576,65536,4.285745143890381
"9,29,30,37",WIN,4,6663690.0,90-69-split-proof.csv,split-exact-search child,1000000,WIN,1000000,18,997884,3.44859,0.997884,289973.5834065517,0,0,0,0,1,3,12,238,1841,10920,43067,135916,245199,292595,202404,60981,6586,222,15,0,10919,43066,135915,0,245198,0,292594,0,202403,0,60981,6586,222,1048576,4194304,8388608,2097152,16777216,2097152,33554432,8388608,16777216,2097152,8388608,1048576,65536,4.240134000778198
"9,29,30,38",WIN,4,3364161.0,90-69-split-proof.csv,split-exact-search child,1000000,WIN,1000000,18,998168,3.62569,0.998168,275809.57004046126,0,0,0,0,1,1,19,152,1562,7020,31140,101120,216132,285516,241911,98488,15932,915,91,0,7019,31139,101119,0,216131,0,285515,0,241910,0,98488,15932,915,1048576,4194304,8388608,2097152,16777216,2097152,33554432,8388608,16777216,2097152,8388608,1048576,65536,4.373371362686157
"9,29,30,40",WIN,4,7454398.0,90-69-split-proof.csv,split-exact-search child,1000000,WIN,1000000,18,998399,3.42929,0.998399,291605.5510032689,0,0,0,0,1,2,14,170,1379,8076,34573,116183,230498,295021,224930,78296,10388,440,29,0,8075,34572,116182,0,230497,0,295020,0,224929,0,78296,10388,440,1048576,4194304,8388608,2097152,16777216,2097152,33554432,8388608,16777216,2097152,8388608,1048576,65536,4.218486785888672
"9,29,30,41",WIN,4,5103962.0,90-69-split-proof.csv,split-exact-search child,1000000,WIN,1000000,18,998923,3.64561,0.998923,274302.51727420103,0,0,0,0,1,1,10,76,882,4667,24408,83381,196728,280233,262644,123610,22099,1157,103,0,4666,24407,83380,0,196727,0,280233,0,262644,0,123610,22099,1157,1048576,4194304,8388608,2097152,16777216,2097152,33554432,8388608,16777216,2097152,8388608,1048576,65536,4.404923915863037
"9,29,30,42",WIN,4,9686837.0,90-69-split-proof.csv,split-exact-search child,1000000,WIN,1000000,18,998957,3.5751,0.998957,279712.4555956477,0,0,0,0,1,1,11,69,877,5198,26001,91797,208482,290512,256608,104452,15243,666,82,0,5197,26000,91797,0,208482,0,290512,0,256608,0,104452,15243,666,1048576,4194304,8388608,2097152,16777216,2097152,33554432,8388608,16777216,2097152,8388608,1048576,65536,4.328564643859863
"9,29,30,43",WIN,4,12258406.0,90-69-split-proof.csv,split-exact-search child,1000000,WIN,1000000,18,998370,3.48661,0.99837,286811.5447382988,0,0,0,0,1,2,9,145,1444,8498,35917,116227,228202,291081,226497,80966,10583,403,25,0,8497,35916,116226,0,228201,0,291081,0,226497,0,80966,10583,403,1048576,4194304,8388608,2097152,16777216,2097152,33554432,8388608,16777216,2097152,8388608,1048576,65536,4.234341144561768
"9,29,30,44",WIN,4,16008249.0,90-69-split-proof.csv,split-exact-search child,1000000,WIN,1000000,18,998847,3.55326,0.998847,281431.69934088696,0,0,0,0,1,1,9,112,1011,6838,31325,111357,227751,297876,232447,80819,10072,365,16,0,6837,31324,111356,0,227751,0,297876,0,232447,0,80819,10072,365,1048576,4194304,8388608,2097152,16777216,2097152,33554432,8388608,16777216,2097152,8388608,1048576,65536,4.301588535308838
"9,29,30,50",WIN,4,5365025.0,90-69-split-proof.csv,split-exact-search child,1000000,WIN,1000000,18,998806,3.57899,0.998806,279408.4364583304,0,0,0,0,1,1,12,71,1020,4947,25552,84250,199836,281037,262162,119390,20542,1095,84,0,4946,25551,84249,0,199835,0,281036,0,262162,0,119390,20542,1095,1048576,4194304,8388608,2097152,16777216,2097152,33554432,8388608,16777216,2097152,8388608,1048576,65536,4.3488991260528564
"9,29,30,51",WIN,4,5380800.0,90-69-split-proof.csv,split-exact-search child,1000000,WIN,1000000,18,998873,3.54693,0.998873,281933.95415190037,0,0,0,0,1,1,14,72,995,5575,27310,95162,210333,288799,252007,103158,15808,726,39,0,5574,27309,95161,0,210332,0,288798,0,252007,0,103158,15808,726,1048576,4194304,8388608,2097152,16777216,2097152,33554432,8388608,16777216,2097152,8388608,1048576,65536,4.301909446716309
"9,29,30,52",WIN,4,5301054.0,90-69-split-proof.csv,split-exact-search child,1000000,WIN,1000000,18,998724,3.5098,0.998724,284916.5194597983,0,0,0,0,1,2,10,120,1090,6759,30587,100411,213117,285543,243979,101262,16262,810,47,0,6758,30586,100410,0,213116,0,285542,0,243978,0,101262,16262,810,1048576,4194304,8388608,2097152,16777216,2097152,33554432,8388608,16777216,2097152,8388608,1048576,65536,4.301877021789551
"9,29,30,53",WIN,4,6657576.0,90-69-split-proof.csv,split-exact-search child,1000000,WIN,1000000,18,998316,3.48668,0.998316,286805.78659355035,0,0,0,0,1,2,14,164,1479,8303,36258,119024,236459,296159,222970,71298,7592,257,20,0,8302,36257,119023,0,236458,0,296159,0,222970,0,71298,7592,257,1048576,4194304,8388608,2097152,16777216,2097152,33554432,8388608,16777216,2097152,8388608,1048576,65536,4.271082162857056
"9,29,30,54",WIN,4,16956211.0,90-69-split-proof.csv,split-exact-search child,1000000,WIN,1000000,18,998250,3.46607,0.99825,288511.19567694823,0,0,0,0,1,2,12,203,1508,8940,36565,118845,232103,293132,222446,76403,9480,343,17,0,8939,36564,118844,0,232102,0,293131,0,222445,0,76402,9480,343,1048576,4194304,8388608,2097152,16777216,2097152,33554432,8388608,16777216,2097152,8388608,1048576,65536,4.219060659408569
"9,29,30,60",WIN,4,8290621.0,90-69-split-proof.csv,split-exact-search child,1000000,WIN,1000000,18,998151,3.48267,0.998151,287136.01920365694,0,0,0,0,1,2,11,174,1617,9434,38638,123343,235660,289619,218982,73436,8707,336,40,0,9433,38637,123342,0,235659,0,289619,0,218982,0,73436,8707,336,1048576,4194304,8388608,2097152,16777216,2097152,33554432,8388608,16777216,2097152,8388608,1048576,65536,4.236505746841431
"9,29,30,61",WIN,4,4572957.0,90-69-split-proof.csv,split-exact-search child,1000000,WIN,1000000,18,998905,3.70268,0.998905,270074.6486328821,0,0,0,0,1,1,15,53,842,3883,21661,73604,187036,277598,273004,134984,25570,1570,178,0,3882,21660,73603,0,187035,0,277597,0,273004,0,134984,25570,1570,1048576,4194304,8388608,2097152,16777216,2097152,33554432,8388608,16777216,2097152,8388608,1048576,65536,4.465994834899902
"9,29,30,62",WIN,4,10392210.0,90-69-split-proof.csv,split-exact-search child,1000000,WIN,1000000,18,998956,3.57751,0.998956,279524.02648769674,0,0,0,0,1,2,9,105,878,5753,26611,92282,205428,285915,254494,109721,17879,877,45,0,5752,26610,92281,0,205427,0,285915,0,254494,0,109721,17879,877,1048576,4194304,8388608,2097152,16777216,2097152,33554432,8388608,16777216,2097152,8388608,1048576,65536,4.374058246612549
"9,29,30,63",WIN,4,4665740.0,90-69-split-proof.csv,split-exact-search child,1000000,WIN,1000000,17,998554,3.49859,0.998554,285829.4341434692,0,0,0,0,1,1,12,131,1294,6644,30400,102175,218496,291461,245741,91851,11428,365,0,0,6643,30399,102174,0,218495,0,291460,0,245740,0,91850,11428,365,1048576,4194304,8388608,2097152,16777216,2097152,33554432,8388608,16777216,2097152,8388608,1048576,65536,4.3114097118377686
"9,29,30,64",WIN,4,10808160.0,90-69-split-proof.csv,split-exact-search child,1000000,WIN,1000000,18,998813,3.52095,0.998813,284014.2575157273,0,0,0,0,1,1,12,102,1053,6573,29439,102678,218652,292607,243431,92095,12788,553,15,0,6572,29438,102677,0,218652,0,292607,0,243431,0,92095,12788,553,1048576,4194304,8388608,2097152,16777216,2097152,33554432,8388608,16777216,2097152,8388608,1048576,65536,4.346201181411743
"9,29,30,70",WIN,4,5421546.0,90-69-split-proof.csv,split-exact-search child,1000000,WIN,1000000,18,998750,3.6045,0.99875,277430.9890414759,0,0,0,0,1,2,13,105,1062,6243,28880,96270,210554,285064,249491,104537,16830,887,61,0,6242,28879,96269,0,210553,0,285063,0,249490,0,104537,16830,887,1048576,4194304,8388608,2097152,16777216,2097152,33554432,8388608,16777216,2097152,8388608,1048576,65536,4.361359596252441
"9,29,30,71",WIN,4,6369070.0,90-69-split-proof.csv,split-exact-search child,1000000,WIN,1000000,18,998892,3.56141,0.998892,280787.6655594273,0,0,0,0,1,1,10,83,972,5477,26927,93135,207617,288036,252460,106939,17465,841,36,0,5476,26926,93134,0,207616,0,288035,0,252460,0,106939,17465,841,1048576,4194304,8388608,2097152,16777216,2097152,33554432,8388608,16777216,2097152,8388608,1048576,65536,4.338832855224609
"9,29,30,72",WIN,4,10722733.0,90-69-split-proof.csv,split-exact-search child,1000000,WIN,1000000,18,998777,3.62738,0.998777,275681.0700836416,0,0,0,0,1,1,7,105,1043,6396,28434,99102,212375,290490,246997,98982,15225,780,62,0,6395,28433,99101,0,212374,0,290490,0,246997,0,98982,15225,780,1048576,4194304,8388608,2097152,16777216,2097152,33554432,8388608,16777216,2097152,8388608,1048576,65536,4.350108861923218
"9,29,30,73",WIN,4,11770121.0,90-69-split-proof.csv,split-exact-search child,1000000,WIN,1000000,18,998647,3.63215,0.998647,275319.02592128626,0,0,0,0,1,1,9,122,1198,6747,30554,106388,224362,296815,238611,84540,10269,365,18,0,6746,30553,106387,0,224361,0,296815,0,238611,0,84540,10269,365,1048576,4194304,8388608,2097152,16777216,2097152,33554432,8388608,16777216,2097152,8388608,1048576,65536,4.363565921783447
"9,29,30,74",WIN,4,4761463.0,90-69-split-proof.csv,split-exact-search child,1000000,WIN,1000000,18,998313,3.54384,0.998313,282179.7823829518,0,0,0,0,1,2,16,184,1466,8522,35907,115950,228850,290297,226839,81072,10496,385,13,0,8521,35906,115949,0,228849,0,290296,0,226839,0,81072,10496,385,1048576,4194304,8388608,2097152,16777216,2097152,33554432,8388608,16777216,2097152,8388608,1048576,65536,4.2885777950286865
"9,29,30,80",WIN,4,7221622.0,90-69-split-proof.csv,split-exact-search child,1000000,WIN,1000000,17,998932,3.68185,0.998932,271602.591088719,0,0,0,0,1,1,6,129,926,6933,29796,110175,227866,302313,235353,77854,8423,224,0,0,6932,29795,110174,0,227865,0,302312,0,235353,0,77854,8423,224,1048576,4194304,8388608,2097152,16777216,2097152,33554432,8388608,16777216,2097152,8388608,1048576,65536,4.4770989418029785
"9,29,30,81",WIN,4,8485123.0,90-69-split-proof.csv,split-exact-search child,1000000,WIN,1000000,18,998714,3.56309,0.998714,280655.27393358015,0,0,0,0,1,1,7,120,1143,7244,32189,111274,227928,297437,232664,80337,9368,278,9,0,7243,32188,111273,0,227927,0,297436,0,232664,0,80337,9368,278,1048576,4194304,8388608,2097152,16777216,2097152,33554432,8388608,16777216,2097152,8388608,1048576,65536,4.336897611618042
"9,29,30,82",WIN,4,8254990.0,90-69-split-proof.csv,split-exact-search child,1000000,WIN,1000000,18,999005,3.50771,0.999005,285086.2813630545,0,0,0,0,1,1,7,80,830,5352,26743,95304,210875,290845,250456,102571,16062,802,71,0,5351,26742,95303,0,210874,0,290844,0,250456,0,102571,16062,802,1048576,4194304,8388608,2097152,16777216,2097152,33554432,8388608,16777216,2097152,8388608,1048576,65536,4.296127557754517
"9,29,30,83",WIN,4,8629886.0,90-69-split-proof.csv,split-exact-search child,1000000,WIN,1000000,18,998422,3.73679,0.998422,267609.36525734654,0,0,0,0,1,1,9,142,1369,7846,34154,112859,228686,293072,228865,81517,10928,500,51,0,7845,34153,112858,0,228685,0,293071,0,228865,0,81517,10928,500,1048576,4194304,8388608,2097152,16777216,2097152,33554432,8388608,16777216,2097152,8388608,1048576,65536,4.4521400928497314
"9,29,30,84",WIN,4,7893502.0,90-69-split-proof.csv,split-exact-search child,1000000,WIN,1000000,18,998530,3.55037,0.99853,281660.7846506139,0,0,0,0,1,1,11,134,1238,6988,31014,105914,218436,290931,238213,92225,14021,793,80,0,6987,31013,105913,0,218435,0,290930,0,238213,0,92225,14021,793,1048576,4194304,8388608,2097152,16777216,2097152,33554432,8388608,16777216,2097152,8388608,1048576,65536,4.2677977085113525
"9,29,30,90",WIN,4,4694565.0,90-69-split-proof.csv,split-exact-search child,1000000,WIN,1000000,18,998334,3.60047,0.998334,277741.51707971457,0,0,0,0,1,1,10,171,1448,8466,35512,117114,231136,293013,224406,78225,10037,429,31,0,8465,35511,117113,0,231135,0,293013,0,224406,0,78225,10037,429,1048576,4194304,8388608,2097152,16777216,2097152,33554432,8388608,16777216,2097152,8388608,1048576,65536,4.377295970916748
"90,61,2,73,69,66,13,91",LOSS,8,10471.0,10X10_PROOF_BENCHMARKS.md,proof-benchmark,1000000,LOSS,10471,17,10470,0.0919721,0.9999044981377136,113849.7435635372,0,0,0,0,0,0,0,0,1,46,192,1069,2191,3446,2570,824,125,7,0,0,46,192,1069,0,2191,0,3446,0,2570,0,824,125,7,1048576,4194304,8388608,2097152,16777216,2097152,33554432,8388608,16777216,2097152,8388608,1048576,65536,0.998565673828125
"7,16,17,28,30,33,41,48,54,68,69,71,81,92",WIN,14,2.0,10X10_PROOF_BENCHMARKS.md,proof-benchmark,1000000,WIN,2,15,2,0.0570122,1.0,35.08021090222795,0,0,0,0,0,0,0,0,0,0,0,0,0,0,1,1,0,0,0,0,0,0,0,0,0,0,0,0,1,0,1,0,0,1048576,4194304,8388608,2097152,16777216,2097152,33554432,8388608,16777216,2097152,8388608,1048576,65536,1.0032038688659668
"90,61,2,73,69,66",LOSS,6,432614.0,six-stone-loss-proof-90-61-2-73-69-66.csv,LOSS-proof-export,5000000,LOSS,432614,18,432175,1.49472,0.9989852385729542,289428.1203168486,0,0,0,0,0,0,1,67,367,3701,14807,55013,103475,132680,92695,27040,2684,80,4,0,3701,14807,55013,0,103475,0,132680,0,92695,0,27040,2684,80,1048576,4194304,8388608,2097152,16777216,2097152,33554432,8388608,16777216,2097152,8388608,1048576,65536,9.8873131275177
"61,2,73,13,91",LOSS,5,7404873.0,five-stone-loss-proof-61-2-73-13-91.csv,LOSS-proof-export,5000000,LOSS,5000000,19,4994373,17.5543,0.9988746,284830.4973710145,0,0,0,0,0,1,57,293,4528,21097,115612,408184,985955,1413245,1328027,608749,107220,6289,721,22,21096,115611,408183,0,985954,0,1413244,0,1328027,0,608749,107220,6289,1048576,4194304,8388608,2097152,16777216,2097152,33554432,8388608,16777216,2097152,8388608,1048576,65536,18.49832534790039
"61,73,66,13",LOSS,4,9559583.0,four-stone-loss-proof-61-73-66-13.csv,LOSS-proof-export,5000000,LOSS,5000000,19,4979696,17.7473,0.9959392,281732.99600502616,0,0,0,0,1,41,98,2578,17459,79363,284230,805637,1298035,1412283,850019,225948,23363,822,83,40,79362,284229,805636,0,1298034,0,1412283,0,850019,0,225948,23363,822,1048576,4194304,8388608,2097152,16777216,2097152,33554432,8388608,16777216,2097152,8388608,1048576,65536,17.960448741912842
"1,39,80",WIN,3,603662904.0,69-91-expanded-memo.csv,split-exact-search expanded-memo,5000000,WIN,5000000,19,4992420,17.762,0.998484,281499.83110010135,0,0,0,1,1,5,56,688,6366,34702,155994,534088,1112714,1460304,1183963,444381,63086,3192,403,56,34701,155993,534087,0,1112713,0,1460304,0,1183963,0,444381,63086,3192,1048576,4194304,8388608,2097152,16777216,2097152,33554432,8388608,16777216,2097152,8388608,1048576,65536,18.67308807373047
"1,39,90",LOSS,3,827783863.0,69-91-expanded-memo.csv,split-exact-search expanded-memo,5000000,LOSS,5000000,19,4994980,18.4268,0.998996,271343.9121279875,0,0,0,1,1,1,69,162,3937,14919,97481,340414,929387,1400413,1402586,678730,123789,7265,777,68,14918,97480,340413,0,929386,0,1400413,0,1402586,0,678730,123789,7265,1048576,4194304,8388608,2097152,16777216,2097152,33554432,8388608,16777216,2097152,8388608,1048576,65536,19.482791423797607
"7,8,30",LOSS,3,826399468.0,69-91-expanded-memo.csv,split-exact-search expanded-memo,5000000,LOSS,5000000,18,4994445,18.9869,0.998889,263339.4603647778,0,0,0,1,2,2,69,377,4950,23813,123018,429033,1021854,1432305,1310931,563847,86132,3517,149,0,23812,123017,429032,0,1021853,0,1432304,0,1310931,0,563847,86132,3517,1048576,4194304,8388608,2097152,16777216,2097152,33554432,8388608,16777216,2097152,8388608,1048576,65536,19.33679986000061
"8,17,30",LOSS,3,819209782.0,69-91-expanded-memo.csv,split-exact-search expanded-memo,5000000,LOSS,5000000,18,4991058,18.7584,0.9982116,266547.25349709997,0,0,0,1,2,6,78,833,7856,36887,163946,534764,1115074,1436821,1173468,459494,67643,2965,162,0,36886,163945,534763,0,1115073,0,1436821,0,1173468,0,459494,67643,2965,1048576,4194304,8388608,2097152,16777216,2097152,33554432,8388608,16777216,2097152,8388608,1048576,65536,19.216269493103027
"0,8,30",WIN,3,216998113.0,two-stone-69-91-child-proof.csv,split-exact-search shrink=1 load=85,5000000,WIN,5000000,18,4991703,18.0261,0.9983406,277375.58318216365,0,0,0,1,2,6,79,721,7302,33349,152408,504014,1090286,1443648,1222648,478176,64764,2417,179,0,33348,152407,504013,0,1090285,0,1443647,0,1222647,0,478175,64764,2417,1048576,4194304,8388608,2097152,16777216,2097152,33554432,8388608,16777216,2097152,8388608,1048576,65536,18.93330192565918
"1,8,30",WIN,3,31048468.0,two-stone-69-91-child-proof.csv,split-exact-search shrink=2 load=80,5000000,WIN,5000000,18,4992588,18.9353,0.9985176,264057.07857810543,0,0,0,1,2,6,86,562,6482,30373,145518,468717,1050384,1413932,1249582,542510,87504,4072,269,0,30372,145517,468716,0,1050383,0,1413932,0,1249582,0,542510,87504,4072,1048576,4194304,8388608,2097152,16777216,2097152,33554432,8388608,16777216,2097152,8388608,1048576,65536,18.942881107330322
"1,30,39",WIN,3,17796724.0,two-stone-69-91-child-proof.csv,split-exact-search shrink=2 load=80,5000000,WIN,5000000,18,4983422,17.3281,0.9966844,288548.65796019183,0,0,0,1,1,30,86,2198,14219,67381,245182,743057,1262512,1443329,935381,260142,25699,744,38,0,67380,245181,743056,0,1262511,0,1443328,0,935381,0,260142,25699,744,1048576,4194304,8388608,2097152,16777216,2097152,33554432,8388608,16777216,2097152,8388608,1048576,65536,17.768720388412476
"1,39,40",WIN,3,38645226.0,two-stone-69-91-child-proof.csv,split-exact-search shrink=2 load=80,5000000,WIN,5000000,18,4986076,17.047,0.9972152,293306.74018888955,0,0,0,1,1,19,64,1749,12039,57928,221321,688474,1228613,1455650,997609,302227,33162,1098,45,0,57927,221320,688473,0,1228612,0,1455649,0,997608,0,302227,33162,1098,1048576,4194304,8388608,2097152,16777216,2097152,33554432,8388608,16777216,2097152,8388608,1048576,65536,17.3458411693573
"1,39,41",WIN,3,16410465.0,two-stone-69-91-child-proof.csv,split-exact-search shrink=2 load=80,5000000,WIN,5000000,18,4982366,17.8157,0.9964732,280651.3356197062,0,0,0,1,1,20,111,1997,15424,61263,230601,686899,1220951,1429546,997416,317089,37212,1394,75,0,61262,230600,686898,0,1220950,0,1429545,0,997416,0,317089,37212,1394,1048576,4194304,8388608,2097152,16777216,2097152,33554432,8388608,16777216,2097152,8388608,1048576,65536,18.060881853103638
"1,39,42",WIN,3,18824894.0,two-stone-69-91-child-proof.csv,split-exact-search shrink=2 load=80,5000000,WIN,5000000,18,4990054,18.2557,0.9980108,273887.0599319664,0,0,0,1,2,9,86,961,8830,43305,182630,583564,1161784,1450645,1125256,393315,47951,1609,52,0,43304,182629,583563,0,1161783,0,1450644,0,1125256,0,393315,47951,1609,1048576,4194304,8388608,2097152,16777216,2097152,33554432,8388608,16777216,2097152,8388608,1048576,65536,18.66534447669983
"1,39,43",WIN,3,34679456.0,two-stone-69-91-child-proof.csv,split-exact-search shrink=2 load=80,5000000,WIN,5000000,18,4992226,17.3954,0.9984452,287432.3096910678,0,0,0,1,1,12,34,961,6651,43752,179220,615401,1180750,1489264,1090065,351645,40631,1499,113,0,43751,179220,615401,0,1180750,0,1489264,0,1090065,0,351645,40631,1499,1048576,4194304,8388608,2097152,16777216,2097152,33554432,8388608,16777216,2097152,8388608,1048576,65536,17.717769145965576
"1,39,44",WIN,3,21518525.0,two-stone-69-91-child-proof.csv,split-exact-search shrink=2 load=80,5000000,WIN,5000000,18,4986516,17.2944,0.9973032,289110.9260801184,0,0,0,1,1,27,66,1704,11613,56429,215392,672785,1212082,1451552,1016382,322575,37938,1387,66,0,56428,215391,672784,0,1212081,0,1451551,0,1016381,0,322575,37938,1387,1048576,4194304,8388608,2097152,16777216,2097152,33554432,8388608,16777216,2097152,8388608,1048576,65536,17.61477518081665
"1,39,50",WIN,3,45306409.0,two-stone-69-91-child-proof.csv,split-exact-search shrink=2 load=80,5000000,WIN,5000000,18,4991926,18.4126,0.9983852,271553.1755428348,0,0,0,1,2,5,77,634,6818,33099,151060,491313,1064345,1418918,1225242,519018,84412,4524,532,0,33098,151059,491312,0,1064344,0,1418917,0,1225242,0,519018,84412,4524,1048576,4194304,8388608,2097152,16777216,2097152,33554432,8388608,16777216,2097152,8388608,1048576,65536,18.773530960083008
"1,39,51",WIN,3,33837357.0,two-stone-69-91-child-proof.csv,split-exact-search shrink=2 load=80,5000000,WIN,5000000,18,4987000,17.6622,0.9974,283090.4417343253,0,0,0,1,1,12,84,1521,11355,53916,207500,645186,1197315,1446735,1052953,342747,39421,1231,22,0,53915,207499,645185,0,1197314,0,1446735,0,1052953,0,342747,39421,1231,1048576,4194304,8388608,2097152,16777216,2097152,33554432,8388608,16777216,2097152,8388608,1048576,65536,17.908068418502808
"1,39,52",WIN,3,194807387.0,two-stone-69-91-child-proof.csv,split-exact-search shrink=1 load=85,5000000,WIN,5000000,18,4988901,17.3307,0.9977802,288505.36908491864,0,0,0,1,1,13,53,1253,9732,50416,201797,654190,1212808,1480712,1045672,311959,30531,820,42,0,50415,201796,654189,0,1212807,0,1480712,0,1045672,0,311959,30531,820,1048576,4194304,8388608,2097152,16777216,2097152,33554432,8388608,16777216,2097152,8388608,1048576,65536,17.687867879867554
"1,39,53",WIN,3,67527782.0,two-stone-69-91-child-proof.csv,split-exact-search shrink=2 load=80,5000000,WIN,5000000,18,4990116,17.9246,0.9980232,278946.2526360421,0,0,0,1,1,9,56,1119,8655,45861,186936,617243,1186145,1485147,1090174,341706,35828,1081,38,0,45860,186935,617242,0,1186144,0,1485146,0,1090174,0,341706,35828,1081,1048576,4194304,8388608,2097152,16777216,2097152,33554432,8388608,16777216,2097152,8388608,1048576,65536,18.16998314857483
"1,39,54",WIN,3,62732202.0,two-stone-69-91-child-proof.csv,split-exact-search shrink=2 load=80,5000000,WIN,5000000,18,4992875,18.1411,0.998575,275617.2448197739,0,0,0,1,1,6,48,742,6208,32463,145390,510143,1094542,1472671,1217256,457019,61041,2356,113,0,32462,145389,510142,0,1094541,0,1472670,0,1217255,0,457019,61041,2356,1048576,4194304,8388608,2097152,16777216,2097152,33554432,8388608,16777216,2097152,8388608,1048576,65536,18.4268057346344
"1,39,60",WIN,3,32063327.0,two-stone-69-91-child-proof.csv,split-exact-search shrink=2 load=80,5000000,WIN,5000000,18,4990085,18.4188,0.998017,271461.76732468995,0,0,0,1,2,4,87,880,8781,41047,178140,560735,1138166,1431552,1146533,431809,59685,2423,155,0,41046,178139,560734,0,1138165,0,1431551,0,1146533,0,431809,59685,2423,1048576,4194304,8388608,2097152,16777216,2097152,33554432,8388608,16777216,2097152,8388608,1048576,65536,18.7483549118042
"1,39,61",WIN,3,175941959.0,two-stone-69-91-child-proof.csv,split-exact-search shrink=1 load=85,5000000,WIN,5000000,18,4987565,17.0352,0.997513,293509.90889452427,0,0,0,1,1,14,74,1556,10736,56220,214372,670585,1208190,1450726,1021128,326225,38731,1393,48,0,56219,214371,670584,0,1208189,0,1450725,0,1021128,0,326225,38731,1393,1048576,4194304,8388608,2097152,16777216,2097152,33554432,8388608,16777216,2097152,8388608,1048576,65536,17.3574538230896
"1,39,62",WIN,3,18154759.0,two-stone-69-91-child-proof.csv,split-exact-search shrink=2 load=80,5000000,WIN,5000000,18,4981238,16.8819,0.9962476,296175.19355048897,0,0,0,1,1,32,76,2278,16355,77131,279344,802908,1301793,1425213,858570,217265,18602,414,17,0,77130,279343,802908,0,1301793,0,1425213,0,858570,0,217265,18602,414,1048576,4194304,8388608,2097152,16777216,2097152,33554432,8388608,16777216,2097152,8388608,1048576,65536,17.225683212280273
"1,39,63",WIN,3,16854990.0,two-stone-69-91-child-proof.csv,split-exact-search shrink=2 load=80,5000000,WIN,5000000,18,4985901,17.5979,0.9971802,284124.81034668913,0,0,0,1,1,26,67,1831,12143,63678,239008,734992,1267989,1457256,936773,259490,25926,793,26,0,63677,239007,734991,0,1267988,0,1457256,0,936773,0,259490,25926,793,1048576,4194304,8388608,2097152,16777216,2097152,33554432,8388608,16777216,2097152,8388608,1048576,65536,17.83850908279419
"1,39,64",WIN,3,57900962.0,two-stone-69-91-child-proof.csv,split-exact-search shrink=2 load=80,5000000,WIN,5000000,18,4987744,17.3696,0.9975488,287859.24834193074,0,0,0,1,1,17,77,1436,10603,53050,207179,653023,1198148,1446342,1042695,342946,42649,1717,116,0,53049,207178,653022,0,1198147,0,1446341,0,1042695,0,342946,42649,1717,1048576,4194304,8388608,2097152,16777216,2097152,33554432,8388608,16777216,2097152,8388608,1048576,65536,17.864241123199463
"1,39,70",WIN,3,358027581.0,two-stone-69-91-child-proof.csv,split-exact-search shrink=0 load=90,5000000,WIN,5000000,18,4992824,17.6925,0.9985648,282605.62385191466,0,0,0,1,1,4,62,596,6202,33243,152599,516060,1090721,1443480,1204788,477116,71446,3377,304,0,33242,152598,516059,0,1090720,0,1443479,0,1204787,0,477116,71446,3377,1048576,4194304,8388608,2097152,16777216,2097152,33554432,8388608,16777216,2097152,8388608,1048576,65536,17.865771293640137
"1,39,71",WIN,3,32937402.0,two-stone-69-91-child-proof.csv,split-exact-search shrink=2 load=80,5000000,WIN,5000000,18,4989810,18.9713,0.997962,263556.0030150807,0,0,0,1,2,5,92,844,8740,38475,169485,531435,1104098,1423346,1166284,475863,76781,4048,501,0,38474,169484,531434,0,1104097,0,1423345,0,1166284,0,475863,76781,4048,1048576,4194304,8388608,2097152,16777216,2097152,33554432,8388608,16777216,2097152,8388608,1048576,65536,19.354493618011475
"1,39,72",WIN,3,125211843.0,two-stone-69-91-child-proof.csv,split-exact-search shrink=2 load=80,5000000,WIN,5000000,18,4993292,19.2233,0.9986584,260101.02323742543,0,0,0,1,2,3,73,502,5995,26917,133689,445429,1035191,1436394,1287260,544419,80834,3164,127,0,26916,133688,445428,0,1035190,0,1436393,0,1287260,0,544419,80834,3164,1048576,4194304,8388608,2097152,16777216,2097152,33554432,8388608,16777216,2097152,8388608,1048576,65536,19.38531231880188
"1,39,73",WIN,3,40458541.0,two-stone-69-91-child-proof.csv,split-exact-search shrink=2 load=80,5000000,WIN,5000000,18,4988369,17.3148,0.9976738,288770.3005521288,0,0,0,1,1,17,47,1444,10098,54537,211877,688050,1238270,1483305,996143,286686,28644,861,19,0,54536,211876,688049,0,1238269,0,1483305,0,996143,0,286686,28644,861,1048576,4194304,8388608,2097152,16777216,2097152,33554432,8388608,16777216,2097152,8388608,1048576,65536,17.689157962799072
"1,39,74",WIN,3,203045139.0,two-stone-69-91-child-proof.csv,split-exact-search shrink=1 load=85,5000000,WIN,5000000,18,4989718,17.3167,0.9979436,288738.61648004525,0,0,0,1,1,13,53,1237,8861,49772,196587,635500,1191509,1468409,1064984,342785,38864,1313,111,0,49771,196586,635499,0,1191508,0,1468408,0,1064984,0,342785,38864,1313,1048576,4194304,8388608,2097152,16777216,2097152,33554432,8388608,16777216,2097152,8388608,1048576,65536,17.916468620300293
"1,39,81",WIN,3,44252480.0,two-stone-69-91-child-proof.csv,split-exact-search shrink=2 load=80,5000000,WIN,5000000,18,4984273,17.2727,0.9968546,289474.1412749599,0,0,0,1,1,25,79,1970,13611,65291,243766,731014,1251923,1441543,948526,273080,28280,854,36,0,65290,243765,731013,0,1251922,0,1441543,0,948526,0,273080,28280,854,1048576,4194304,8388608,2097152,16777216,2097152,33554432,8388608,16777216,2097152,8388608,1048576,65536,17.607923984527588
"2,8,30",WIN,3,352129890.0,two-stone-69-91-child-proof.csv,split-exact-search shrink=0 load=90,5000000,WIN,5000000,18,4984645,18.5462,0.996929,269597.006394841,0,0,0,1,3,7,147,1320,13752,41403,174876,560374,1139130,1444768,1150817,418773,52694,1816,119,0,41402,174875,560373,0,1139129,0,1444767,0,1150816,0,418773,52694,1816,1048576,4194304,8388608,2097152,16777216,2097152,33554432,8388608,16777216,2097152,8388608,1048576,65536,19.08450937271118
"3,8,30",WIN,3,22455099.0,two-stone-69-91-child-proof.csv,split-exact-search shrink=2 load=80,5000000,WIN,5000000,18,4989296,18.5022,0.9978592,270238.13384354295,0,0,0,1,1,9,81,1216,9223,43559,177005,566430,1129510,1436119,1143047,430068,60907,2655,169,0,43558,177004,566429,0,1129509,0,1436119,0,1143047,0,430068,60907,2655,1048576,4194304,8388608,2097152,16777216,2097152,33554432,8388608,16777216,2097152,8388608,1048576,65536,18.651193141937256
"3,8,80",WIN,3,24740137.0,two-stone-69-91-child-proof.csv,split-exact-search shrink=2 load=80,5000000,WIN,5000000,18,4991351,18.3852,0.9982702,271957.8791636751,0,0,0,1,1,5,64,773,7666,37643,164119,538675,1111223,1439010,1174572,457393,65983,2738,134,0,37642,164118,538674,0,1111222,0,1439009,0,1174572,0,457393,65983,2738,1048576,4194304,8388608,2097152,16777216,2097152,33554432,8388608,16777216,2097152,8388608,1048576,65536,18.7299861907959
"3,9,80",WIN,3,244295234.0,two-stone-69-91-child-proof.csv,split-exact-search shrink=0 load=90,5000000,WIN,5000000,18,4994250,18.682,0.99885,267637.2979338401,0,0,0,1,1,4,61,420,5057,25252,128831,447178,1039817,1447676,1285007,536063,80934,3498,200,0,25251,128830,447177,0,1039816,0,1447675,0,1285006,0,536063,80934,3498,1048576,4194304,8388608,2097152,16777216,2097152,33554432,8388608,16777216,2097152,8388608,1048576,65536,19.019490718841553
"3,18,80",WIN,3,60270544.0,two-stone-69-91-child-proof.csv,split-exact-search shrink=2 load=80,5000000,WIN,5000000,18,4991169,17.7586,0.9982338,281553.72608201095,0,0,0,1,1,9,50,958,7678,38876,164273,550112,1111462,1449717,1163705,444941,65155,2931,131,0,38875,164272,550111,0,1111462,0,1449717,0,1163705,0,444941,65155,2931,1048576,4194304,8388608,2097152,16777216,2097152,33554432,8388608,16777216,2097152,8388608,1048576,65536,18.05988883972168
"3,19,80",WIN,3,52009697.0,two-stone-69-91-child-proof.csv,split-exact-search shrink=2 load=80,5000000,WIN,5000000,18,4991584,17.6619,0.9983168,283095.25022789167,0,0,0,1,1,10,54,930,7315,41291,173544,591457,1168244,1488448,1113588,368931,44346,1742,98,0,41290,173543,591456,0,1168243,0,1488447,0,1113587,0,368930,44346,1742,1048576,4194304,8388608,2097152,16777216,2097152,33554432,8388608,16777216,2097152,8388608,1048576,65536,17.946540117263794
"3,28,80",WIN,3,36803717.0,two-stone-69-91-child-proof.csv,split-exact-search shrink=2 load=80,5000000,WIN,5000000,18,4992956,17.9296,0.9985912,278868.4633232197,0,0,0,1,1,4,57,622,5990,34236,152194,516876,1088437,1449796,1208335,470875,68792,3417,367,0,34235,152193,516876,0,1088437,0,1449796,0,1208335,0,470875,68792,3417,1048576,4194304,8388608,2097152,16777216,2097152,33554432,8388608,16777216,2097152,8388608,1048576,65536,18.177724838256836
"3,29,80",WIN,3,87025966.0,two-stone-69-91-child-proof.csv,split-exact-search shrink=2 load=80,5000000,WIN,5000000,19,4992457,17.9307,0.9984914,278851.35549643904,0,0,0,1,1,6,48,787,6478,37538,161798,548815,1123552,1461998,1164368,431821,59920,2652,203,14,37537,161797,548814,0,1123551,0,1461997,0,1164368,0,431821,59920,2652,1048576,4194304,8388608,2097152,16777216,2097152,33554432,8388608,16777216,2097152,8388608,1048576,65536,18.228466510772705
"3,38,80",WIN,3,39920149.0,two-stone-69-91-child-proof.csv,split-exact-search shrink=2 load=80,5000000,WIN,5000000,18,4988017,17.5795,0.9976034,284422.1963081999,0,0,0,1,1,10,60,1325,10434,51030,201381,641529,1196304,1452329,1051790,348530,43415,1716,145,0,51029,201380,641528,0,1196303,0,1452328,0,1051789,0,348529,43415,1716,1048576,4194304,8388608,2097152,16777216,2097152,33554432,8388608,16777216,2097152,8388608,1048576,65536,17.92676877975464
"3,39,80",WIN,3,72224478.0,two-stone-69-91-child-proof.csv,split-exact-search shrink=2 load=80,5000000,WIN,5000000,19,4993421,18.0141,0.9986842,277560.3554993033,0,0,0,1,1,4,58,577,5672,29054,135940,482642,1069058,1468379,1245302,488381,71352,3318,255,6,29053,135939,482641,0,1069057,0,1468378,0,1245302,0,488381,71352,3318,1048576,4194304,8388608,2097152,16777216,2097152,33554432,8388608,16777216,2097152,8388608,1048576,65536,18.27959418296814
"3,48,80",WIN,3,20466671.0,two-stone-69-91-child-proof.csv,split-exact-search shrink=2 load=80,5000000,WIN,5000000,18,4985155,17.2438,0.997031,289959.2897157239,0,0,0,1,1,26,64,1951,12773,66281,246504,752993,1279898,1462749,916957,239172,20180,428,22,0,66280,246503,752992,0,1279897,0,1462748,0,916956,0,239171,20180,428,1048576,4194304,8388608,2097152,16777216,2097152,33554432,8388608,16777216,2097152,8388608,1048576,65536,17.662585020065308
"3,49,80",WIN,3,54737269.0,two-stone-69-91-child-proof.csv,split-exact-search shrink=2 load=80,5000000,WIN,5000000,18,4995141,18.8098,0.9990282,265818.88164680114,0,0,0,1,1,1,55,251,4111,19405,108384,397976,980580,1427838,1344214,606889,104088,5773,433,0,19404,108383,397975,0,980579,0,1427837,0,1344213,0,606889,104088,5773,1048576,4194304,8388608,2097152,16777216,2097152,33554432,8388608,16777216,2097152,8388608,1048576,65536,19.036778688430786
"3,58,80",WIN,3,42481748.0,two-stone-69-91-child-proof.csv,split-exact-search shrink=2 load=80,5000000,WIN,5000000,18,4988759,17.2755,0.9977518,289427.22352464474,0,0,0,1,1,16,58,1400,9714,52689,209737,679325,1235883,1476898,1005965,296540,30778,951,44,0,52688,209736,679324,0,1235882,0,1476897,0,1005964,0,296539,30778,951,1048576,4194304,8388608,2097152,16777216,2097152,33554432,8388608,16777216,2097152,8388608,1048576,65536,17.641960382461548
"3,59,80",WIN,3,109752351.0,two-stone-69-91-child-proof.csv,split-exact-search shrink=2 load=80,5000000,WIN,5000000,18,4987396,17.3303,0.9974792,288512.0280664501,0,0,0,1,1,14,57,1549,10928,55486,211784,669140,1209149,1456592,1026740,321019,36275,1215,50,0,55485,211783,669139,0,1209148,0,1456592,0,1026740,0,321019,36275,1215,1048576,4194304,8388608,2097152,16777216,2097152,33554432,8388608,16777216,2097152,8388608,1048576,65536,17.652244567871094
"3,68,80",WIN,3,148060593.0,two-stone-69-91-child-proof.csv,split-exact-search shrink=1 load=85,5000000,WIN,5000000,18,4992241,17.2165,0.9984482,290419.07472482795,0,0,0,1,1,5,51,863,6816,40744,170688,583431,1156363,1483409,1134796,378587,42957,1270,18,0,40743,170687,583430,0,1156362,0,1483409,0,1134796,0,378587,42957,1270,1048576,4194304,8388608,2097152,16777216,2097152,33554432,8388608,16777216,2097152,8388608,1048576,65536,17.539314031600952
"3,69,80",WIN,3,126339560.0,two-stone-69-91-child-proof.csv,split-exact-search shrink=2 load=80,5000000,WIN,5000000,18,4990334,18.2535,0.9980668,273920.07012353797,0,0,0,1,2,5,91,743,8370,37908,170666,530927,1106232,1417264,1174998,474090,74251,4004,448,0,37907,170665,530926,0,1106231,0,1417263,0,1174997,0,474090,74251,4004,1048576,4194304,8388608,2097152,16777216,2097152,33554432,8388608,16777216,2097152,8388608,1048576,65536,18.538515090942383
"3,78,80",WIN,3,35343937.0,two-stone-69-91-child-proof.csv,split-exact-search shrink=2 load=80,5000000,WIN,5000000,18,4988078,17.1946,0.9976156,290788.96862968605,0,0,0,1,1,23,58,1606,10193,54743,211095,693788,1239644,1489157,991612,280020,27282,744,33,0,54742,211094,693787,0,1239643,0,1489156,0,991611,0,280019,27282,744,1048576,4194304,8388608,2097152,16777216,2097152,33554432,8388608,16777216,2097152,8388608,1048576,65536,17.4851016998291
"3,79,80",WIN,3,194775124.0,two-stone-69-91-child-proof.csv,split-exact-search shrink=1 load=85,5000000,WIN,5000000,18,4988797,17.2132,0.9977594,290474.7519345618,0,0,0,1,1,17,47,1420,9646,54124,210831,690770,1242246,1491033,992219,279124,27581,875,65,0,54123,210830,690769,0,1242245,0,1491032,0,992218,0,279124,27581,875,1048576,4194304,8388608,2097152,16777216,2097152,33554432,8388608,16777216,2097152,8388608,1048576,65536,17.710957527160645
"3,80,89",WIN,3,19225614.0,two-stone-69-91-child-proof.csv,split-exact-search shrink=2 load=80,5000000,WIN,5000000,18,4986549,17.2082,0.9973098,290559.1520321707,0,0,0,1,1,18,72,1591,11753,62691,240645,735534,1270522,1455924,935513,259103,25811,808,13,0,62690,240644,735534,0,1270522,0,1455924,0,935513,0,259103,25811,808,1048576,4194304,8388608,2097152,16777216,2097152,33554432,8388608,16777216,2097152,8388608,1048576,65536,17.497665882110596
"4,8,30",WIN,3,22193110.0,two-stone-69-91-child-proof.csv,split-exact-search shrink=2 load=80,5000000,WIN,5000000,18,4989296,18.5053,0.9978592,270192.8636660849,0,0,0,1,1,9,81,1216,9223,43559,177005,566430,1129510,1436119,1143047,430068,60907,2655,169,0,43558,177004,566429,0,1129509,0,1436119,0,1143047,0,430068,60907,2655,1048576,4194304,8388608,2097152,16777216,2097152,33554432,8388608,16777216,2097152,8388608,1048576,65536,18.877592086791992
"5,8,30",WIN,3,516334994.0,two-stone-69-91-child-proof.csv,split-exact-search shrink=0 load=90,5000000,WIN,5000000,18,4988423,17.7725,0.9976846,281333.5208890139,0,0,0,1,1,12,83,1286,10114,51015,202111,624694,1176050,1432407,1072272,378035,49951,1892,76,0,51014,202110,624693,0,1176049,0,1432407,0,1072272,0,378035,49951,1892,1048576,4194304,8388608,2097152,16777216,2097152,33554432,8388608,16777216,2097152,8388608,1048576,65536,18.011971950531006
"6,8,30",WIN,3,178086561.0,two-stone-69-91-child-proof.csv,split-exact-search shrink=1 load=85,5000000,WIN,5000000,18,4992072,18.7356,0.9984144,266871.62407395546,0,0,0,1,2,9,85,669,6894,33575,153425,489969,1064457,1415025,1225899,522444,83426,3857,263,0,33574,153424,489968,0,1064456,0,1415024,0,1225899,0,522444,83426,3857,1048576,4194304,8388608,2097152,16777216,2097152,33554432,8388608,16777216,2097152,8388608,1048576,65536,18.928499221801758
"8,9,30",WIN,3,379052148.0,two-stone-69-91-child-proof.csv,split-exact-search shrink=0 load=90,5000000,WIN,5000000,18,4992263,18.4094,0.9984526,271600.37806772627,0,0,0,1,1,3,72,722,6870,33893,152776,519392,1109505,1465465,1204615,447245,57370,2007,63,0,33892,152775,519391,0,1109504,0,1465464,0,1204615,0,447245,57370,2007,1048576,4194304,8388608,2097152,16777216,2097152,33554432,8388608,16777216,2097152,8388608,1048576,65536,18.87657141685486
"8,10,30",WIN,3,389304153.0,two-stone-69-91-child-proof.csv,split-exact-search shrink=0 load=90,5000000,WIN,5000000,18,4991351,18.6468,0.9982702,268142.5231138855,0,0,0,1,1,5,64,773,7666,37643,164119,538675,1111223,1439010,1174572,457393,65983,2738,134,0,37642,164118,538674,0,1111222,0,1439009,0,1174572,0,457393,65983,2738,1048576,4194304,8388608,2097152,16777216,2097152,33554432,8388608,16777216,2097152,8388608,1048576,65536,18.552149295806885
"8,11,30",WIN,3,23344463.0,two-stone-69-91-child-proof.csv,split-exact-search shrink=2 load=80,5000000,WIN,5000000,18,4990685,18.6185,0.998137,268550.0980207858,0,0,0,1,2,11,94,835,8095,37488,162933,510777,1082634,1433238,1209677,481661,69356,2925,273,0,37487,162932,510776,0,1082633,0,1433238,0,1209677,0,481661,69356,2925,1048576,4194304,8388608,2097152,16777216,2097152,33554432,8388608,16777216,2097152,8388608,1048576,65536,18.986111164093018
"8,12,30",WIN,3,58698106.0,two-stone-69-91-child-proof.csv,split-exact-search shrink=2 load=80,5000000,WIN,5000000,18,4984282,17.3909,0.9968564,287506.68453041534,0,0,0,1,1,22,75,1932,13626,65663,244253,730992,1253399,1439934,944817,274925,29332,971,57,0,65662,244252,730991,0,1253398,0,1439934,0,944817,0,274925,29332,971,1048576,4194304,8388608,2097152,16777216,2097152,33554432,8388608,16777216,2097152,8388608,1048576,65536,17.654411554336548
"8,13,30",WIN,3,120505655.0,two-stone-69-91-child-proof.csv,split-exact-search shrink=2 load=80,5000000,WIN,5000000,18,4988094,17.6807,0.9976188,282794.23325999535,0,0,0,1,1,15,80,1380,10295,47455,190061,607259,1161663,1451857,1102349,378615,47027,1811,131,0,47454,190060,607258,0,1161663,0,1451857,0,1102349,0,378615,47027,1811,1048576,4194304,8388608,2097152,16777216,2097152,33554432,8388608,16777216,2097152,8388608,1048576,65536,17.891693353652954
"8,14,30",WIN,3,75068432.0,two-stone-69-91-child-proof.csv,split-exact-search shrink=2 load=80,5000000,WIN,5000000,18,4991264,17.4821,0.9982528,286006.82984309667,0,0,0,1,1,8,51,937,7663,43494,181586,604257,1173236,1473194,1101962,368139,43843,1558,70,0,43493,181585,604256,0,1173235,0,1473193,0,1101962,0,368139,43843,1558,1048576,4194304,8388608,2097152,16777216,2097152,33554432,8388608,16777216,2097152,8388608,1048576,65536,17.701369047164917
"8,15,30",WIN,3,102486523.0,two-stone-69-91-child-proof.csv,split-exact-search shrink=2 load=80,5000000,WIN,5000000,18,4989990,17.6325,0.997998,283567.2763363108,0,0,0,1,1,11,65,1029,8682,40316,170127,561300,1125321,1457452,1152099,423346,57610,2423,217,0,40315,170126,561299,0,1125320,0,1457452,0,1152099,0,423346,57610,2423,1048576,4194304,8388608,2097152,16777216,2097152,33554432,8388608,16777216,2097152,8388608,1048576,65536,17.91075587272644
"8,16,30",WIN,3,16908878.0,two-stone-69-91-child-proof.csv,split-exact-search shrink=2 load=80,5000000,WIN,5000000,18,4986012,17.1502,0.9972024,291541.78960012126,0,0,0,1,1,29,56,1802,12066,66742,247422,750255,1271387,1449067,920396,254732,25295,720,29,0,66741,247421,750254,0,1271386,0,1449067,0,920396,0,254732,25295,720,1048576,4194304,8388608,2097152,16777216,2097152,33554432,8388608,16777216,2097152,8388608,1048576,65536,17.440934896469116
"8,18,30",WIN,3,97498284.0,two-stone-69-91-child-proof.csv,split-exact-search shrink=2 load=80,5000000,WIN,5000000,19,4991288,19.0541,0.9982576,262410.71475430485,0,0,0,1,1,2,68,750,7371,33247,151001,499966,1077662,1429440,1213413,503528,79045,3990,483,32,33246,151000,499965,0,1077661,0,1429440,0,1213413,0,503528,79045,3990,1048576,4194304,8388608,2097152,16777216,2097152,33554432,8388608,16777216,2097152,8388608,1048576,65536,19.256175994873047
"8,19,30",WIN,3,26221342.0,two-stone-69-91-child-proof.csv,split-exact-search shrink=2 load=80,5000000,WIN,5000000,18,4987225,17.5011,0.997445,285696.32765940425,0,0,0,1,1,20,68,1598,11030,55961,211204,658400,1199408,1452573,1036907,332376,39022,1378,53,0,55960,211203,658399,0,1199407,0,1452573,0,1036907,0,332376,39022,1378,1048576,4194304,8388608,2097152,16777216,2097152,33554432,8388608,16777216,2097152,8388608,1048576,65536,17.69243550300598
"8,20,30",WIN,3,127733631.0,two-stone-69-91-child-proof.csv,split-exact-search shrink=2 load=80,5000000,WIN,5000000,18,4989323,18.2855,0.9978646,273440.7043832545,0,0,0,1,1,10,77,1139,9224,42228,174336,560631,1123900,1436120,1151953,436238,61198,2723,221,0,42227,174335,560630,0,1123899,0,1436120,0,1151953,0,436238,61198,2723,1048576,4194304,8388608,2097152,16777216,2097152,33554432,8388608,16777216,2097152,8388608,1048576,65536,18.452024459838867
"8,21,30",WIN,3,31227013.0,two-stone-69-91-child-proof.csv,split-exact-search shrink=2 load=80,5000000,WIN,5000000,18,4990198,17.8324,0.9980396,280388.5063143492,0,0,0,1,1,15,40,1227,8411,50810,200113,659582,1212517,1481068,1033894,316275,34749,1194,103,0,50809,200112,659581,0,1212516,0,1481068,0,1033894,0,316275,34749,1194,1048576,4194304,8388608,2097152,16777216,2097152,33554432,8388608,16777216,2097152,8388608,1048576,65536,17.90518093109131
"8,22,30",WIN,3,16692741.0,two-stone-69-91-child-proof.csv,split-exact-search shrink=2 load=80,5000000,WIN,5000000,18,4985956,17.6117,0.9971912,283902.1786653191,0,0,0,1,1,22,84,1747,12108,59339,218376,681543,1220828,1460358,1011208,301722,31508,1078,77,0,59338,218375,681542,0,1220827,0,1460358,0,1011208,0,301722,31508,1078,1048576,4194304,8388608,2097152,16777216,2097152,33554432,8388608,16777216,2097152,8388608,1048576,65536,17.906349658966064
"8,23,30",WIN,3,95392584.0,two-stone-69-91-child-proof.csv,split-exact-search shrink=2 load=80,5000000,WIN,5000000,18,4989577,17.4634,0.9979154,286313.0890891808,0,0,0,1,1,7,73,956,9164,45492,192296,601898,1158575,1430433,1096207,403945,58013,2722,217,0,45491,192295,601897,0,1158574,0,1430433,0,1096207,0,403945,58013,2722,1048576,4194304,8388608,2097152,16777216,2097152,33554432,8388608,16777216,2097152,8388608,1048576,65536,17.732744932174683
"8,24,30",WIN,3,57537250.0,two-stone-69-91-child-proof.csv,split-exact-search shrink=2 load=80,5000000,WIN,5000000,18,4990552,17.9054,0.9981104,279245.3673193562,0,0,0,1,1,6,73,968,8098,39263,165070,540551,1104347,1437970,1177538,456645,66103,3071,295,0,39262,165069,540550,0,1104346,0,1437969,0,1177537,0,456645,66103,3071,1048576,4194304,8388608,2097152,16777216,2097152,33554432,8388608,16777216,2097152,8388608,1048576,65536,18.132356882095337
"8,25,30",WIN,3,22634338.0,two-stone-69-91-child-proof.csv,split-exact-search shrink=2 load=80,5000000,WIN,5000000,18,4984006,17.2253,0.9968012,290270.70646084537,0,0,0,1,1,24,77,1894,13948,65947,245575,731891,1251920,1439017,951008,271670,26302,683,42,0,65946,245574,731890,0,1251919,0,1439016,0,951007,0,271669,26302,683,1048576,4194304,8388608,2097152,16777216,2097152,33554432,8388608,16777216,2097152,8388608,1048576,65536,17.447654485702515
"8,26,30",WIN,3,19030287.0,two-stone-69-91-child-proof.csv,split-exact-search shrink=2 load=80,5000000,WIN,5000000,18,4992322,19.5726,0.9984644,255459.16229831497,0,0,0,1,2,4,72,425,6097,25911,131920,422897,989980,1375146,1277937,633308,126939,8287,1074,0,25910,131919,422896,0,989980,0,1375146,0,1277937,0,633308,126939,8287,1048576,4194304,8388608,2097152,16777216,2097152,33554432,8388608,16777216,2097152,8388608,1048576,65536,19.747294902801514
"8,27,30",WIN,3,26167315.0,two-stone-69-91-child-proof.csv,split-exact-search shrink=2 load=80,5000000,WIN,5000000,18,4992705,17.9968,0.998541,277827.1692745377,0,0,0,1,1,3,58,687,6349,32967,149635,517438,1099308,1470033,1211196,449491,60056,2584,193,0,32966,149634,517437,0,1099308,0,1470033,0,1211196,0,449491,60056,2584,1048576,4194304,8388608,2097152,16777216,2097152,33554432,8388608,16777216,2097152,8388608,1048576,65536,18.207157135009766
"8,28,30",WIN,3,121981106.0,two-stone-69-91-child-proof.csv,split-exact-search shrink=2 load=80,5000000,WIN,5000000,18,4990942,18.4807,0.9981884,270552.522361166,0,0,0,1,1,10,63,971,7839,40352,168971,557060,1120452,1450886,1160774,431707,58407,2340,166,0,40351,168970,557059,0,1120451,0,1450885,0,1160773,0,431706,58407,2340,1048576,4194304,8388608,2097152,16777216,2097152,33554432,8388608,16777216,2097152,8388608,1048576,65536,18.621432781219482
"8,29,30",WIN,3,129937827.0,two-stone-69-91-child-proof.csv,split-exact-search shrink=1 load=85,5000000,WIN,5000000,19,4989903,18.0585,0.9979806,276877.9245230778,0,0,0,1,1,4,76,1051,8758,41394,175045,560245,1129342,1440847,1150748,429176,60401,2709,174,28,41393,175044,560244,0,1129341,0,1440847,0,1150748,0,429176,60401,2709,1048576,4194304,8388608,2097152,16777216,2097152,33554432,8388608,16777216,2097152,8388608,1048576,65536,18.278380155563354
"8,30,31",WIN,3,11561798.0,two-stone-69-91-child-proof.csv,split-exact-search shrink=2 load=80,5000000,WIN,5000000,18,4983596,17.1705,0.9967192,291197.11132465565,0,0,0,1,1,29,78,2079,14201,68950,255819,752997,1270629,1431626,918970,258195,25722,693,10,0,68949,255818,752996,0,1270628,0,1431625,0,918970,0,258195,25722,693,1048576,4194304,8388608,2097152,16777216,2097152,33554432,8388608,16777216,2097152,8388608,1048576,65536,17.398932695388794
"8,30,32",WIN,3,17796724.0,two-stone-69-91-child-proof.csv,split-exact-search shrink=2 load=80,5000000,WIN,5000000,18,4983422,17.3442,0.9966844,288280.80857001187,0,0,0,1,1,30,86,2198,14219,67381,245182,743057,1262512,1443329,935381,260142,25699,744,38,0,67380,245181,743056,0,1262511,0,1443328,0,935381,0,260142,25699,744,1048576,4194304,8388608,2097152,16777216,2097152,33554432,8388608,16777216,2097152,8388608,1048576,65536,17.604073524475098
"8,30,33",WIN,3,14321990.0,two-stone-69-91-child-proof.csv,split-exact-search shrink=2 load=80,5000000,WIN,5000000,18,4985693,17.2742,0.9971386,289449.0048743212,0,0,0,1,1,22,71,1768,12379,64294,238498,722615,1248736,1447872,957280,277300,28271,833,59,0,64293,238497,722614,0,1248735,0,1447871,0,957279,0,277300,28271,833,1048576,4194304,8388608,2097152,16777216,2097152,33554432,8388608,16777216,2097152,8388608,1048576,65536,17.474729537963867
"8,30,34",WIN,3,15466534.0,two-stone-69-91-child-proof.csv,split-exact-search shrink=2 load=80,5000000,WIN,5000000,18,4983270,17.0462,0.996654,293320.505449895,0,0,0,1,1,28,67,2093,14512,70254,255137,761290,1273086,1440504,911193,247250,23861,702,21,0,70253,255136,761289,0,1273085,0,1440503,0,911192,0,247249,23861,702,1048576,4194304,8388608,2097152,16777216,2097152,33554432,8388608,16777216,2097152,8388608,1048576,65536,17.32164192199707
"8,30,35",WIN,3,15603149.0,two-stone-69-91-child-proof.csv,split-exact-search shrink=2 load=80,5000000,WIN,5000000,18,4981936,17.307,0.9963872,288900.44490668515,0,0,0,1,1,32,88,2186,15745,72065,262026,770427,1281165,1435132,901805,237933,20911,477,6,0,72064,262025,770426,0,1281164,0,1435131,0,901805,0,237933,20911,477,1048576,4194304,8388608,2097152,16777216,2097152,33554432,8388608,16777216,2097152,8388608,1048576,65536,17.520253658294678
"8,30,36",WIN,3,11386731.0,two-stone-69-91-child-proof.csv,split-exact-search shrink=2 load=80,5000000,WIN,5000000,18,4982885,17.339,0.996577,288367.2645481285,0,0,0,1,1,38,71,2305,14659,71925,259898,779688,1292676,1448368,883222,226280,20283,551,34,0,71924,259897,779687,0,1292675,0,1448367,0,883221,0,226280,20283,551,1048576,4194304,8388608,2097152,16777216,2097152,33554432,8388608,16777216,2097152,8388608,1048576,65536,17.550087451934814
"8,30,37",WIN,3,19980229.0,two-stone-69-91-child-proof.csv,split-exact-search shrink=2 load=80,5000000,WIN,5000000,18,4985148,17.4544,0.9970296,286460.72050600423,0,0,0,1,1,25,75,1809,12881,61457,231637,707612,1243292,1450073,973738,286421,29953,971,54,0,61456,231636,707611,0,1243291,0,1450072,0,973737,0,286421,29953,971,1048576,4194304,8388608,2097152,16777216,2097152,33554432,8388608,16777216,2097152,8388608,1048576,65536,17.666699647903442
"8,30,38",WIN,3,16410465.0,two-stone-69-91-child-proof.csv,split-exact-search shrink=2 load=80,5000000,WIN,5000000,18,4982366,17.7156,0.9964732,282237.12434238754,0,0,0,1,1,20,111,1997,15424,61263,230601,686899,1220951,1429546,997416,317089,37212,1394,75,0,61262,230600,686898,0,1220950,0,1429545,0,997416,0,317089,37212,1394,1048576,4194304,8388608,2097152,16777216,2097152,33554432,8388608,16777216,2097152,8388608,1048576,65536,17.910305738449097
"8,30,40",WIN,3,51750201.0,two-stone-69-91-child-proof.csv,split-exact-search shrink=2 load=80,5000000,WIN,5000000,18,4992494,18.6736,0.9984988,267757.6900008568,0,0,0,1,2,6,93,590,6481,30733,143167,463902,1045851,1436229,1269400,523444,76553,3221,327,0,30732,143166,463901,0,1045850,0,1436228,0,1269399,0,523444,76553,3221,1048576,4194304,8388608,2097152,16777216,2097152,33554432,8388608,16777216,2097152,8388608,1048576,65536,18.862406015396118
"8,30,41",WIN,3,40965734.0,two-stone-69-91-child-proof.csv,split-exact-search shrink=2 load=80,5000000,WIN,5000000,18,4992350,19.195,0.99847,260484.50117218026,0,0,0,1,2,3,72,700,6803,32784,149517,509033,1101352,1464142,1217621,456823,59011,2073,63,0,32783,149516,509032,0,1101351,0,1464141,0,1217620,0,456823,59011,2073,1048576,4194304,8388608,2097152,16777216,2097152,33554432,8388608,16777216,2097152,8388608,1048576,65536,19.321953296661377
"8,30,42",WIN,3,239542464.0,two-stone-69-91-child-proof.csv,split-exact-search shrink=1 load=85,5000000,WIN,5000000,18,4993390,19.3179,0.998678,258827.30524539415,0,0,0,1,1,1,60,444,5488,26148,130781,455202,1040430,1435240,1267357,541578,91248,5411,610,0,26147,130780,455201,0,1040429,0,1435239,0,1267357,0,541578,91248,5411,1048576,4194304,8388608,2097152,16777216,2097152,33554432,8388608,16777216,2097152,8388608,1048576,65536,19.471494436264038
"8,30,43",WIN,3,72469009.0,two-stone-69-91-child-proof.csv,split-exact-search shrink=2 load=80,5000000,WIN,5000000,18,4992780,17.7485,0.998556,281713.94765754853,0,0,0,1,1,7,39,831,6224,38584,165040,575920,1151027,1490759,1143561,382491,43871,1532,112,0,38583,165039,575919,0,1151026,0,1490758,0,1143561,0,382491,43871,1532,1048576,4194304,8388608,2097152,16777216,2097152,33554432,8388608,16777216,2097152,8388608,1048576,65536,17.975177764892578
"8,30,44",WIN,3,18901187.0,two-stone-69-91-child-proof.csv,split-exact-search shrink=2 load=80,5000000,WIN,5000000,18,4981134,17.5298,0.9962268,285228.58218576363,0,0,0,1,1,33,80,2324,16393,71865,265795,788574,1298729,1448443,870929,217945,18427,432,29,0,71864,265794,788573,0,1298728,0,1448442,0,870929,0,217945,18427,432,1048576,4194304,8388608,2097152,16777216,2097152,33554432,8388608,16777216,2097152,8388608,1048576,65536,17.63823938369751
"8,30,50",WIN,3,66159663.0,two-stone-69-91-child-proof.csv,split-exact-search shrink=2 load=80,5000000,WIN,5000000,18,4992552,18.3961,0.9985104,271796.7395263126,0,0,0,1,1,3,63,608,6412,31224,146268,499201,1081677,1452074,1223965,484295,70652,3201,355,0,31223,146267,499200,0,1081676,0,1452073,0,1223965,0,484295,70652,3201,1048576,4194304,8388608,2097152,16777216,2097152,33554432,8388608,16777216,2097152,8388608,1048576,65536,18.613032817840576
"8,30,51",WIN,3,48895527.0,two-stone-69-91-child-proof.csv,split-exact-search shrink=2 load=80,5000000,WIN,5000000,18,4989798,19.6278,0.9979596,254740.72489020674,0,0,0,1,1,3,77,966,9077,41018,176302,575231,1164776,1460942,1132732,390571,46635,1594,74,0,41017,176301,575230,0,1164776,0,1460942,0,1132732,0,390571,46635,1594,1048576,4194304,8388608,2097152,16777216,2097152,33554432,8388608,16777216,2097152,8388608,1048576,65536,19.629696130752563
"8,30,52",WIN,3,196569299.0,two-stone-69-91-child-proof.csv,split-exact-search shrink=1 load=85,5000000,WIN,5000000,19,4991113,19.2827,0.9982226,259299.78685557522,0,0,0,1,2,3,78,620,7442,32832,150655,486670,1059371,1405408,1223322,534852,92568,5442,700,34,32831,150654,486669,0,1059370,0,1405407,0,1223321,0,534851,92568,5442,1048576,4194304,8388608,2097152,16777216,2097152,33554432,8388608,16777216,2097152,8388608,1048576,65536,19.643486261367798
"8,30,53",WIN,3,10764998.0,two-stone-69-91-child-proof.csv,split-exact-search shrink=2 load=80,5000000,WIN,5000000,18,4982910,17.7932,0.996582,281006.2270979925,0,0,0,1,1,36,87,2323,14631,72846,262545,781268,1293589,1448792,882197,222132,19068,476,8,0,72845,262544,781267,0,1293589,0,1448792,0,882197,0,222132,19068,476,1048576,4194304,8388608,2097152,16777216,2097152,33554432,8388608,16777216,2097152,8388608,1048576,65536,17.99934482574463
"8,30,54",WIN,3,243843900.0,two-stone-69-91-child-proof.csv,split-exact-search shrink=1 load=85,5000000,WIN,5000000,18,4992237,18.2778,0.9984474,273555.8984122816,0,0,0,1,1,13,30,980,6676,39365,164368,592757,1175495,1517837,1116813,347731,36741,1132,60,0,39364,164367,592757,0,1175495,0,1517837,0,1116813,0,347731,36741,1132,1048576,4194304,8388608,2097152,16777216,2097152,33554432,8388608,16777216,2097152,8388608,1048576,65536,18.478623390197754
"8,30,60",WIN,3,19949818.0,two-stone-69-91-child-proof.csv,split-exact-search shrink=2 load=80,5000000,WIN,5000000,18,4989785,19.1791,0.997957,260700.44996897667,0,0,0,1,2,11,88,973,8960,40210,172476,542082,1114508,1431160,1174425,451485,61116,2326,177,0,40209,172475,542081,0,1114508,0,1431160,0,1174425,0,451485,61116,2326,1048576,4194304,8388608,2097152,16777216,2097152,33554432,8388608,16777216,2097152,8388608,1048576,65536,19.47618293762207
"8,30,61",WIN,3,25667870.0,two-stone-69-91-child-proof.csv,split-exact-search shrink=2 load=80,5000000,WIN,5000000,18,4992100,18.684,0.99842,267608.64911153924,0,0,0,1,1,5,84,659,6813,33040,148451,488574,1058259,1426056,1238407,515943,79697,3679,331,0,33039,148450,488573,0,1058258,0,1426055,0,1238406,0,515943,79697,3679,1048576,4194304,8388608,2097152,16777216,2097152,33554432,8388608,16777216,2097152,8388608,1048576,65536,18.813597917556763
"8,30,62",WIN,3,23527283.0,two-stone-69-91-child-proof.csv,split-exact-search shrink=2 load=80,5000000,WIN,5000000,18,4985983,17.9157,0.9971966,279084.82504172315,0,0,0,1,1,27,67,1809,12070,61138,226021,701563,1236417,1456362,983580,289694,30287,928,35,0,61137,226020,701562,0,1236416,0,1456361,0,983579,0,289693,30287,928,1048576,4194304,8388608,2097152,16777216,2097152,33554432,8388608,16777216,2097152,8388608,1048576,65536,18.13319683074951
"8,30,63",WIN,3,46674013.0,two-stone-69-91-child-proof.csv,split-exact-search shrink=2 load=80,5000000,WIN,5000000,18,4993207,19.1868,0.9986414,260595.826297246,0,0,0,1,1,3,68,514,6032,29277,139776,476469,1064872,1447088,1249046,507160,76181,3344,168,0,29276,139775,476468,0,1064871,0,1447087,0,1249045,0,507160,76181,3344,1048576,4194304,8388608,2097152,16777216,2097152,33554432,8388608,16777216,2097152,8388608,1048576,65536,19.272297382354736
"8,30,64",WIN,3,30590089.0,two-stone-69-91-child-proof.csv,split-exact-search shrink=2 load=80,5000000,WIN,5000000,18,4993456,19.2328,0.9986912,259972.54689904745,0,0,0,1,1,2,60,430,5558,26976,133510,458871,1041503,1434901,1271356,536478,85308,4559,486,0,26975,133509,458870,0,1041502,0,1434900,0,1271355,0,536478,85308,4559,1048576,4194304,8388608,2097152,16777216,2097152,33554432,8388608,16777216,2097152,8388608,1048576,65536,19.389527559280396
"8,30,70",WIN,3,127310522.0,two-stone-69-91-child-proof.csv,split-exact-search shrink=2 load=80,5000000,WIN,5000000,19,4993889,19.0578,0.9987778,262359.7687036279,0,0,0,1,1,2,56,385,5053,22528,117713,411548,989265,1419911,1324303,599759,103148,5721,586,20,22527,117712,411547,0,989264,0,1419910,0,1324302,0,599758,103148,5721,1048576,4194304,8388608,2097152,16777216,2097152,33554432,8388608,16777216,2097152,8388608,1048576,65536,19.24128746986389
"8,30,71",WIN,3,29985541.0,two-stone-69-91-child-proof.csv,split-exact-search shrink=2 load=80,5000000,WIN,5000000,18,4986914,18.625,0.9973828,268456.3758389262,0,0,0,1,1,11,106,1423,11442,48818,196828,603299,1164221,1435862,1100965,386702,48429,1793,99,0,48817,196827,603298,0,1164221,0,1435862,0,1100965,0,386702,48429,1793,1048576,4194304,8388608,2097152,16777216,2097152,33554432,8388608,16777216,2097152,8388608,1048576,65536,18.86708903312683
"8,30,72",WIN,3,518980323.0,two-stone-69-91-child-proof.csv,split-exact-search shrink=0 load=90,5000000,WIN,5000000,18,4986543,17.8785,0.9973086,279665.52003803453,0,0,0,1,1,19,85,1585,11734,61074,232465,709907,1243991,1447236,974673,287057,29308,836,28,0,61073,232464,709906,0,1243990,0,1447236,0,974673,0,287057,29308,836,1048576,4194304,8388608,2097152,16777216,2097152,33554432,8388608,16777216,2097152,8388608,1048576,65536,18.01705527305603
"8,30,73",WIN,3,12873311.0,two-stone-69-91-child-proof.csv,split-exact-search shrink=2 load=80,5000000,WIN,5000000,19,4982333,17.9247,0.9964666,278944.6964244869,0,0,0,1,1,32,86,2196,15217,66930,247052,740816,1267602,1440601,929803,261510,27072,951,96,34,66929,247051,740815,0,1267601,0,1440601,0,929803,0,261510,27072,951,1048576,4194304,8388608,2097152,16777216,2097152,33554432,8388608,16777216,2097152,8388608,1048576,65536,18.056945323944092
"8,30,74",WIN,3,16149821.0,two-stone-69-91-child-proof.csv,split-exact-search shrink=2 load=80,5000000,WIN,5000000,18,4983397,17.4794,0.9966794,286051.0086158564,0,0,0,1,1,28,81,2218,14261,70701,254131,769747,1287903,1453560,897502,229669,19744,446,7,0,70700,254130,769746,0,1287902,0,1453559,0,897501,0,229669,19744,446,1048576,4194304,8388608,2097152,16777216,2097152,33554432,8388608,16777216,2097152,8388608,1048576,65536,17.728774785995483
"23,31,36",WIN,3,5222081.0,two-stone-61-66-child-proof.csv,EXACT_3_STONE_SEARCH,5000000,WIN,5000000,17,4960359,17.4866,0.9920718,285933.2288723937,0,0,0,1,1,67,269,4649,34652,118484,400338,991951,1403891,1317527,612893,108913,6259,105,0,0,118483,400337,991951,0,1403891,0,1317527,0,612893,0,108913,6259,105,1048576,4194304,8388608,2097152,16777216,2097152,33554432,8388608,16777216,2097152,8388608,1048576,65536,17.693750619888306
"24,31,36",WIN,3,5467450.0,two-stone-61-66-child-proof.csv,EXACT_3_STONE_SEARCH,5000000,WIN,5000000,18,4968571,22.3008,0.9937142,224207.20332902856,0,0,0,1,1,63,204,4041,27108,103334,347699,912404,1361054,1364554,718478,150631,10238,183,7,0,103333,347698,912403,0,1361053,0,1364554,0,718478,0,150631,10238,183,1048576,4194304,8388608,2097152,16777216,2097152,33554432,8388608,16777216,2097152,8388608,1048576,65536,22.27068519592285
"31,36,50",WIN,3,7624254.0,two-stone-61-66-child-proof.csv,EXACT_3_STONE_SEARCH,5000000,WIN,5000000,18,4975061,17.7452,0.9950122,281766.33681220835,0,0,0,1,1,43,158,3139,21560,82620,289290,805757,1299107,1405979,850775,221160,19848,528,34,0,82619,289289,805756,0,1299107,0,1405979,0,850775,0,221160,19848,528,1048576,4194304,8388608,2097152,16777216,2097152,33554432,8388608,16777216,2097152,8388608,1048576,65536,18.0935275554657
"33,38,52",WIN,3,11894638.0,two-stone-61-66-child-proof.csv,EXACT_3_STONE_SEARCH,5000000,WIN,5000000,18,4978672,18.379,0.9957344,272049.6218510256,0,0,0,1,1,43,135,2736,18354,76241,265937,756051,1261663,1405789,919558,265433,27175,827,56,0,76240,265936,756051,0,1261663,0,1405789,0,919558,0,265433,27175,827,1048576,4194304,8388608,2097152,16777216,2097152,33554432,8388608,16777216,2097152,8388608,1048576,65536,18.55364680290222
"31,36,60",WIN,3,9966001.0,two-stone-61-66-child-proof.csv,EXACT_3_STONE_SEARCH,5000000,WIN,5000000,18,4974164,18.0589,0.9948328,276871.7917481131,0,0,0,1,1,37,161,3206,22391,84826,295096,813162,1305382,1395374,843149,217205,19407,567,35,0,84825,295095,813161,0,1305381,0,1395374,0,843149,0,217205,19407,567,1048576,4194304,8388608,2097152,16777216,2097152,33554432,8388608,16777216,2097152,8388608,1048576,65536,18.16360330581665
"33,38,62",WIN,3,5096474.0,two-stone-61-66-child-proof.csv,EXACT_3_STONE_SEARCH,5000000,WIN,5000000,18,4968648,18.0866,0.9937296,276447.75690290047,0,0,0,1,1,68,215,4294,26762,100644,327732,878976,1332119,1370782,769549,175437,13144,271,5,0,100643,327731,878975,0,1332118,0,1370781,0,769548,0,175437,13144,271,1048576,4194304,8388608,2097152,16777216,2097152,33554432,8388608,16777216,2097152,8388608,1048576,65536,18.286696434020996
"13,18,63",WIN,3,4274608.0,two-stone-61-66-child-proof.csv,EXACT_3_STONE_SEARCH,5000000,WIN,4274608,18,4235019,15.252,0.99073856596909,280265.40781536844,0,0,0,1,1,70,292,4781,34436,112670,358180,847057,1171394,1094569,536517,107305,7199,128,8,0,112670,358180,847057,0,1171394,0,1094569,0,536517,0,107305,7199,128,1048576,4194304,8388608,2097152,16777216,2097152,33554432,8388608,16777216,2097152,8388608,1048576,65536,15.49598503112793
"13,39,63",WIN,3,5728213.0,two-stone-61-66-child-proof.csv,EXACT_3_STONE_SEARCH,5000000,WIN,5000000,18,4969811,17.5881,0.9939622,284283.1232481052,0,0,0,1,1,56,210,3796,26103,97392,330186,880039,1343457,1374722,757020,172638,13995,367,17,0,97391,330185,880038,0,1343456,0,1374721,0,757020,0,172638,13995,367,1048576,4194304,8388608,2097152,16777216,2097152,33554432,8388608,16777216,2097152,8388608,1048576,65536,17.767439126968384
"13,49,63",WIN,3,6983809.0,two-stone-61-66-child-proof.csv,EXACT_3_STONE_SEARCH,5000000,WIN,5000000,18,4972453,17.6933,0.9944906,282592.8458795137,0,0,0,1,1,44,168,3343,23938,90083,306556,830496,1300385,1379055,825983,217521,21620,759,47,0,90082,306555,830495,0,1300384,0,1379054,0,825983,0,217521,21620,759,1048576,4194304,8388608,2097152,16777216,2097152,33554432,8388608,16777216,2097152,8388608,1048576,65536,17.876166820526123
"16,61,66",WIN,3,4530172.0,two-stone-61-66-child-proof.csv,EXACT_3_STONE_SEARCH,5000000,WIN,4530172,17,4457206,16.0252,0.9838933267875922,282690.51244290237,0,0,0,1,2,72,718,7317,64856,156543,498726,1028568,1289337,1035281,391969,54452,2309,21,0,0,156543,498726,1028568,0,1289337,0,1035281,0,391969,0,54452,2309,21,1048576,4194304,8388608,2097152,16777216,2097152,33554432,8388608,16777216,2097152,8388608,1048576,65536,16.382819414138794
"30,31,36",WIN,3,5071133.0,two-stone-61-66-child-proof.csv,EXACT_3_STONE_SEARCH,5000000,WIN,5000000,17,4972908,17.6561,0.9945816,283188.246555015,0,0,0,1,1,71,152,3828,23037,99667,332760,916381,1375021,1396444,707703,136413,8379,142,0,0,99666,332759,916381,0,1375021,0,1396444,0,707703,0,136413,8379,142,1048576,4194304,8388608,2097152,16777216,2097152,33554432,8388608,16777216,2097152,8388608,1048576,65536,17.94542670249939
"31,32,36",WIN,3,5222081.0,two-stone-61-66-child-proof.csv,EXACT_3_STONE_SEARCH,5000000,WIN,5000000,17,4960359,17.5361,0.9920718,285126.1112790187,0,0,0,1,1,67,269,4649,34652,118484,400338,991951,1403891,1317527,612893,108913,6259,105,0,0,118483,400337,991951,0,1403891,0,1317527,0,612893,0,108913,6259,105,1048576,4194304,8388608,2097152,16777216,2097152,33554432,8388608,16777216,2097152,8388608,1048576,65536,17.674165725708008
"31,33,36",WIN,3,6066250.0,two-stone-61-66-child-proof.csv,EXACT_3_STONE_SEARCH,5000000,WIN,5000000,18,4975499,18.0256,0.9950998,277383.27711698913,0,0,0,1,1,57,126,3418,20851,91916,305471,852124,1317735,1392349,806418,193313,15784,395,41,0,91915,305470,852123,0,1317734,0,1392348,0,806417,0,193313,15784,395,1048576,4194304,8388608,2097152,16777216,2097152,33554432,8388608,16777216,2097152,8388608,1048576,65536,18.17248845100403
"31,34,36",WIN,3,7653828.0,two-stone-61-66-child-proof.csv,EXACT_3_STONE_SEARCH,5000000,WIN,5000000,18,4978286,17.822,0.9956572,280552.1265851195,0,0,0,1,1,47,120,2870,18662,80634,279949,797636,1294124,1410231,866934,227501,20750,532,8,0,80633,279948,797635,0,1294123,0,1410230,0,866934,0,227501,20750,532,1048576,4194304,8388608,2097152,16777216,2097152,33554432,8388608,16777216,2097152,8388608,1048576,65536,18.09747552871704
"31,35,36",WIN,3,5467450.0,two-stone-61-66-child-proof.csv,EXACT_3_STONE_SEARCH,5000000,WIN,5000000,18,4968571,17.726,0.9937142,282071.53334085527,0,0,0,1,1,63,204,4041,27108,103334,347699,912404,1361054,1364554,718478,150631,10238,183,7,0,103333,347698,912403,0,1361053,0,1364554,0,718478,0,150631,10238,183,1048576,4194304,8388608,2097152,16777216,2097152,33554432,8388608,16777216,2097152,8388608,1048576,65536,17.88280439376831
"31,36,37",WIN,3,4268453.0,two-stone-61-66-child-proof.csv,EXACT_3_STONE_SEARCH,5000000,WIN,4268453,17,4200766,14.9052,0.9841424984649005,286373.4133054236,0,0,0,1,1,70,636,6870,60109,145152,462144,964812,1214247,982802,376296,53007,2285,21,0,0,145152,462144,964812,0,1214247,0,982802,0,376296,0,53007,2285,21,1048576,4194304,8388608,2097152,16777216,2097152,33554432,8388608,16777216,2097152,8388608,1048576,65536,15.20534896850586
"30,33,38",WIN,3,5764153.0,two-stone-61-66-child-proof.csv,EXACT_3_STONE_SEARCH,5000000,WIN,5000000,17,4961782,17.7059,0.9923564,282391.74512450653,0,0,0,1,2,64,303,4743,33101,107476,351805,896284,1337003,1349206,739463,167663,12642,244,0,0,107475,351804,896283,0,1337002,0,1349206,0,739463,0,167663,12642,244,1048576,4194304,8388608,2097152,16777216,2097152,33554432,8388608,16777216,2097152,8388608,1048576,65536,17.807470083236694
"31,33,38",WIN,3,4537311.0,two-stone-61-66-child-proof.csv,EXACT_3_STONE_SEARCH,5000000,WIN,4537311,18,4497268,15.7404,0.9911747288206605,288258.9387817336,0,0,0,1,1,71,282,4674,35001,115762,379007,912908,1263549,1171901,546740,100828,6432,141,13,0,115762,379007,912908,0,1263549,0,1171901,0,546740,0,100828,6432,141,1048576,4194304,8388608,2097152,16777216,2097152,33554432,8388608,16777216,2097152,8388608,1048576,65536,15.936494588851929
"0,31,36",WIN,3,10691452.0,two-stone-61-66-child-proof.csv,HAS_EXACT_4_STONE_LOSS_CHILD,5000000,WIN,5000000,18,4985843,17.7806,0.9971686,281205.35864931444,0,0,0,1,1,28,89,1777,12149,58925,219454,677949,1213785,1443667,1013435,320530,36788,1314,108,0,58924,219453,677948,0,1213784,0,1443667,0,1013435,0,320530,36788,1314,1048576,4194304,8388608,2097152,16777216,2097152,33554432,8388608,16777216,2097152,8388608,1048576,65536,17.82865619659424
"3,31,36",WIN,3,9648343.0,two-stone-61-66-child-proof.csv,EXACT_3_STONE_SEARCH,5000000,WIN,5000000,18,4982927,17.2023,0.9965854,290658.80725251854,0,0,0,1,1,40,98,2332,14581,70351,249987,748233,1265555,1442939,922958,255868,26194,845,17,0,70350,249986,748232,0,1265555,0,1442939,0,922958,0,255868,26194,845,1048576,4194304,8388608,2097152,16777216,2097152,33554432,8388608,16777216,2097152,8388608,1048576,65536,17.401952981948853
"4,31,36",WIN,3,7077456.0,two-stone-61-66-child-proof.csv,EXACT_3_STONE_SEARCH,5000000,WIN,5000000,17,4974782,17.4083,0.9949564,287219.31492449006,0,0,0,1,1,49,137,3199,21827,93200,319568,870360,1339235,1392296,772384,174408,13053,282,0,0,93199,319567,870359,0,1339234,0,1392296,0,772384,0,174408,13053,282,1048576,4194304,8388608,2097152,16777216,2097152,33554432,8388608,16777216,2097152,8388608,1048576,65536,17.576286554336548
"7,31,36",WIN,3,11894638.0,two-stone-61-66-child-proof.csv,EXACT_3_STONE_SEARCH,5000000,WIN,5000000,18,4978672,17.6943,0.9957344,282576.87503885437,0,0,0,1,1,43,135,2736,18354,76241,265937,756051,1261663,1405789,919558,265433,27175,827,56,0,76240,265936,756051,0,1261663,0,1405789,0,919558,0,265433,27175,827,1048576,4194304,8388608,2097152,16777216,2097152,33554432,8388608,16777216,2097152,8388608,1048576,65536,17.861141681671143
"10,31,36",WIN,3,8348401.0,two-stone-61-66-child-proof.csv,EXACT_3_STONE_SEARCH,5000000,WIN,5000000,18,4982413,17.8664,0.9964826,279854.9232078091,0,0,0,1,1,39,80,2377,15073,71539,252724,766745,1287061,1450627,900021,232877,20340,483,12,0,71538,252723,766744,0,1287060,0,1450627,0,900021,0,232877,20340,483,1048576,4194304,8388608,2097152,16777216,2097152,33554432,8388608,16777216,2097152,8388608,1048576,65536,18.016244411468506
"13,31,36",WIN,3,6927525.0,two-stone-61-66-child-proof.csv,EXACT_3_STONE_SEARCH,5000000,WIN,5000000,18,4974800,17.8204,0.99496,280577.3158851653,0,0,0,1,1,51,141,3374,21593,90717,304574,831874,1303542,1380618,825398,216680,20778,620,38,0,90716,304574,831874,0,1303542,0,1380618,0,825398,0,216680,20778,620,1048576,4194304,8388608,2097152,16777216,2097152,33554432,8388608,16777216,2097152,8388608,1048576,65536,17.95580506324768
"14,31,36",WIN,3,6884755.0,two-stone-61-66-child-proof.csv,EXACT_3_STONE_SEARCH,5000000,WIN,5000000,18,4973961,17.6611,0.9947922,283108.07367604505,0,0,0,1,1,48,155,3369,22435,87458,297188,809727,1291478,1389338,847854,228427,21901,595,25,0,87457,297187,809726,0,1291477,0,1389337,0,847854,0,228427,21901,595,1048576,4194304,8388608,2097152,16777216,2097152,33554432,8388608,16777216,2097152,8388608,1048576,65536,17.786011695861816
"17,31,36",WIN,3,5096474.0,two-stone-61-66-child-proof.csv,EXACT_3_STONE_SEARCH,5000000,WIN,5000000,18,4968648,17.941,0.9937296,278691.26581572933,0,0,0,1,1,68,215,4294,26762,100644,327732,878976,1332119,1370782,769549,175437,13144,271,5,0,100643,327731,878975,0,1332118,0,1370781,0,769548,0,175437,13144,271,1048576,4194304,8388608,2097152,16777216,2097152,33554432,8388608,16777216,2097152,8388608,1048576,65536,18.06727170944214
"21,31,36",WIN,3,4274608.0,two-stone-61-66-child-proof.csv,EXACT_3_STONE_SEARCH,5000000,WIN,4274608,18,4235019,15.0454,0.99073856596909,284113.9484493599,0,0,0,1,1,70,292,4781,34436,112670,358180,847057,1171394,1094569,536517,107305,7199,128,8,0,112670,358180,847057,0,1171394,0,1094569,0,536517,0,107305,7199,128,1048576,4194304,8388608,2097152,16777216,2097152,33554432,8388608,16777216,2097152,8388608,1048576,65536,15.303303956985474
"22,31,36",WIN,3,7222035.0,two-stone-61-66-child-proof.csv,EXACT_3_STONE_SEARCH,5000000,WIN,5000000,18,4966384,17.273,0.9932768,289469.113645574,0,0,0,1,1,47,213,3834,29483,98593,338341,876142,1329899,1359164,762367,184821,16572,490,32,0,98592,338340,876141,0,1329898,0,1359163,0,762367,0,184821,16572,490,1048576,4194304,8388608,2097152,16777216,2097152,33554432,8388608,16777216,2097152,8388608,1048576,65536,17.43912959098816
"25,31,36",WIN,3,8824924.0,two-stone-61-66-child-proof.csv,EXACT_3_STONE_SEARCH,5000000,WIN,5000000,18,4977822,17.6138,0.9955644,283868.3305135746,0,0,0,1,1,43,124,2743,19201,80885,285266,797354,1287958,1396777,860136,242086,26428,937,60,0,80884,285265,797353,0,1287957,0,1396776,0,860136,0,242086,26428,937,1048576,4194304,8388608,2097152,16777216,2097152,33554432,8388608,16777216,2097152,8388608,1048576,65536,17.758666515350342
"26,31,36",WIN,3,4268453.0,two-stone-61-66-child-proof.csv,EXACT_3_STONE_SEARCH,5000000,WIN,4268453,17,4200766,14.9845,0.9841424984649005,284857.8864826988,0,0,0,1,1,70,636,6870,60109,145152,462144,964812,1214247,982802,376296,53007,2285,21,0,0,145152,462144,964812,0,1214247,0,982802,0,376296,0,53007,2285,21,1048576,4194304,8388608,2097152,16777216,2097152,33554432,8388608,16777216,2097152,8388608,1048576,65536,15.247514963150024
"31,36,41",WIN,3,5547810.0,two-stone-61-66-child-proof.csv,EXACT_3_STONE_SEARCH,5000000,WIN,5000000,18,4960508,18.106,0.9921016,276151.55197172204,0,0,0,1,1,64,317,4703,34395,111012,361855,910751,1344402,1330627,721916,165595,13958,397,6,0,111011,361854,910750,0,1344401,0,1330626,0,721916,0,165595,13958,397,1048576,4194304,8388608,2097152,16777216,2097152,33554432,8388608,16777216,2097152,8388608,1048576,65536,18.22037363052368
"31,36,43",WIN,3,10860519.0,two-stone-61-66-child-proof.csv,EXACT_3_STONE_SEARCH,5000000,WIN,5000000,18,4981284,17.6369,0.9962568,283496.5328374034,0,0,0,1,1,28,106,2352,16192,65100,234911,699927,1224753,1432746,988227,302209,32430,986,31,0,65099,234910,699926,0,1224752,0,1432745,0,988227,0,302209,32430,986,1048576,4194304,8388608,2097152,16777216,2097152,33554432,8388608,16777216,2097152,8388608,1048576,65536,17.718637943267822
"33,38,43",WIN,3,6242853.0,two-stone-61-66-child-proof.csv,EXACT_3_STONE_SEARCH,5000000,WIN,5000000,18,4961891,17.5612,0.9923782,284718.58415142476,0,0,0,1,2,56,339,4396,33298,111476,367272,907893,1332897,1332314,728506,167841,13374,321,14,0,111475,367271,907892,0,1332897,0,1332314,0,728506,0,167841,13374,321,1048576,4194304,8388608,2097152,16777216,2097152,33554432,8388608,16777216,2097152,8388608,1048576,65536,17.71207046508789
"31,36,44",WIN,3,10278182.0,two-stone-61-66-child-proof.csv,EXACT_3_STONE_SEARCH,5000000,WIN,5000000,18,4979845,17.5163,0.995969,285448.4109086965,0,0,0,1,1,39,116,2561,17394,74367,268703,781619,1287411,1431020,881288,232818,21935,687,40,0,74366,268702,781618,0,1287411,0,1431020,0,881288,0,232818,21935,687,1048576,4194304,8388608,2097152,16777216,2097152,33554432,8388608,16777216,2097152,8388608,1048576,65536,17.664899826049805
"31,36,53",WIN,3,4785034.0,two-stone-61-66-child-proof.csv,EXACT_3_STONE_SEARCH,5000000,WIN,4785034,17,4729025,17.0955,0.9882949630033977,279900.20765698573,0,0,0,1,1,72,499,6299,49137,133958,423839,971209,1321600,1200493,560965,108833,7939,189,0,0,133958,423839,971209,0,1321600,0,1200493,0,560965,0,108833,7939,189,1048576,4194304,8388608,2097152,16777216,2097152,33554432,8388608,16777216,2097152,8388608,1048576,65536,17.260465145111084
"31,36,54",WIN,3,7707798.0,two-stone-61-66-child-proof.csv,EXACT_3_STONE_SEARCH,5000000,WIN,5000000,18,4970151,17.4145,0.9940302,287117.05762439343,0,0,0,1,2,55,224,3749,25790,93566,313925,833643,1302424,1375876,820555,211089,18636,441,24,0,93565,313924,833642,0,1302423,0,1375876,0,820555,0,211089,18636,441,1048576,4194304,8388608,2097152,16777216,2097152,33554432,8388608,16777216,2097152,8388608,1048576,65536,17.72000527381897
"31,36,61",WIN,3,5325067.0,two-stone-61-66-child-proof.csv,EXACT_3_STONE_SEARCH,5000000,WIN,5000000,18,4962671,18.4859,0.9925342,270476.4171611877,0,0,0,1,1,66,239,4514,32489,110901,366738,935658,1361994,1329896,695474,150369,11354,288,18,0,110900,366738,935658,0,1361994,0,1329896,0,695474,0,150369,11354,288,1048576,4194304,8388608,2097152,16777216,2097152,33554432,8388608,16777216,2097152,8388608,1048576,65536,18.515248775482178
"13,27,63",WIN,3,4489170.0,two-stone-61-66-child-proof.csv,EXACT_3_STONE_SEARCH,5000000,WIN,4489170,17,4452289,15.6588,0.9917844501322071,286686.7192888344,0,0,0,1,1,74,241,4565,31999,111029,359877,889135,1248873,1187458,552169,97882,5777,89,0,0,111029,359877,889135,0,1248873,0,1187458,0,552169,0,97882,5777,89,1048576,4194304,8388608,2097152,16777216,2097152,33554432,8388608,16777216,2097152,8388608,1048576,65536,15.917223691940308
"13,36,63",WIN,3,5760682.0,two-stone-61-66-child-proof.csv,EXACT_3_STONE_SEARCH,5000000,WIN,5000000,18,4955450,17.8437,0.99109,280210.9427977382,0,0,0,1,1,62,330,5003,39135,122582,404425,971391,1373944,1292638,646371,134059,9834,211,13,0,122581,404424,971390,0,1373943,0,1292637,0,646371,0,134059,9834,211,1048576,4194304,8388608,2097152,16777216,2097152,33554432,8388608,16777216,2097152,8388608,1048576,65536,17.889959573745728
"33,38,63",WIN,3,4803336.0,two-stone-61-66-child-proof.csv,EXACT_3_STONE_SEARCH,5000000,WIN,4803336,17,4758974,16.9188,0.9907643354535265,283905.2415064898,0,0,0,1,1,74,296,5165,38825,125141,402827,955891,1322782,1224446,596257,122151,9243,236,0,0,125141,402827,955891,0,1322782,0,1224446,0,596257,0,122151,9243,236,1048576,4194304,8388608,2097152,16777216,2097152,33554432,8388608,16777216,2097152,8388608,1048576,65536,17.110703229904175
"13,46,63",WIN,3,4785034.0,two-stone-61-66-child-proof.csv,EXACT_3_STONE_SEARCH,5000000,WIN,4785034,17,4729025,16.8211,0.9882949630033977,284466.1764093906,0,0,0,1,1,72,499,6299,49137,133958,423839,971209,1321600,1200493,560965,108833,7939,189,0,0,133958,423839,971209,0,1321600,0,1200493,0,560965,0,108833,7939,189,1048576,4194304,8388608,2097152,16777216,2097152,33554432,8388608,16777216,2097152,8388608,1048576,65536,17.00701880455017
"13,57,63",WIN,3,8389492.0,two-stone-61-66-child-proof.csv,EXACT_3_STONE_SEARCH,5000000,WIN,5000000,18,4979654,17.9294,0.9959308,278871.5740627126,0,0,0,1,1,42,110,2720,17392,78257,270240,781753,1283126,1413905,883561,243616,24413,785,78,0,78256,270239,781753,0,1283126,0,1413905,0,883561,0,243616,24413,785,1048576,4194304,8388608,2097152,16777216,2097152,33554432,8388608,16777216,2097152,8388608,1048576,65536,18.151731252670288
"1,31,36",WIN,3,5307499.0,two-stone-61-66-child-proof.csv,EXACT_3_STONE_SEARCH,5000000,WIN,5000000,17,4955617,17.6634,0.9911234,283071.20939343504,0,0,0,1,1,70,283,4874,39149,125296,428718,1030518,1433579,1296821,550632,85713,4270,75,0,0,125295,428717,1030517,0,1433578,0,1296820,0,550632,0,85713,4270,75,1048576,4194304,8388608,2097152,16777216,2097152,33554432,8388608,16777216,2097152,8388608,1048576,65536,17.776199340820312
"6,31,36",WIN,3,8424552.0,two-stone-61-66-child-proof.csv,HAS_EXACT_4_STONE_LOSS_CHILD,5000000,WIN,5000000,18,4981060,17.7946,0.996212,280984.1187776067,0,0,0,1,2,25,144,2312,16340,66485,239706,695568,1215311,1417098,993072,315628,36844,1352,112,0,66484,239705,695567,0,1215310,0,1417098,0,993072,0,315628,36844,1352,1048576,4194304,8388608,2097152,16777216,2097152,33554432,8388608,16777216,2097152,8388608,1048576,65536,17.888060808181763
"12,31,36",WIN,3,7112400.0,two-stone-61-66-child-proof.csv,EXACT_3_STONE_SEARCH,5000000,WIN,5000000,18,4978412,17.9515,0.9956824,278528.25669164135,0,0,0,1,1,50,118,2863,18468,82189,282177,804813,1301429,1412854,854174,219910,20221,648,84,0,82188,282176,804812,0,1301429,0,1412854,0,854174,0,219910,20221,648,1048576,4194304,8388608,2097152,16777216,2097152,33554432,8388608,16777216,2097152,8388608,1048576,65536,18.070558786392212
"15,31,36",WIN,3,9966001.0,two-stone-61-66-child-proof.csv,EXACT_3_STONE_SEARCH,5000000,WIN,5000000,18,4974164,17.6549,0.9948328,283207.49480314244,0,0,0,1,1,37,161,3206,22391,84826,295096,813162,1305382,1395374,843149,217205,19407,567,35,0,84825,295095,813161,0,1305381,0,1395374,0,843149,0,217205,19407,567,1048576,4194304,8388608,2097152,16777216,2097152,33554432,8388608,16777216,2097152,8388608,1048576,65536,17.774783611297607
"31,36,40",WIN,3,9076416.0,two-stone-61-66-child-proof.csv,EXACT_3_STONE_SEARCH,5000000,WIN,5000000,18,4975669,17.1883,0.9951338,290895.55104344233,0,0,0,1,1,40,157,3026,21038,80959,283706,795695,1292537,1411120,862893,226219,21811,733,64,0,80958,283705,795694,0,1292536,0,1411120,0,862893,0,226219,21811,733,1048576,4194304,8388608,2097152,16777216,2097152,33554432,8388608,16777216,2097152,8388608,1048576,65536,17.330328702926636
"31,36,42",WIN,3,15648482.0,two-stone-61-66-child-proof.csv,HAS_EXACT_4_STONE_LOSS_CHILD,5000000,WIN,5000000,18,4978478,17.3654,0.9956956,287928.87005194236,0,0,0,1,2,30,183,2453,18806,76465,275684,760005,1265486,1402667,909286,261931,26220,740,41,0,76464,275683,760004,0,1265485,0,1402666,0,909285,0,261931,26220,740,1048576,4194304,8388608,2097152,16777216,2097152,33554432,8388608,16777216,2097152,8388608,1048576,65536,17.524117946624756
"33,38,42",WIN,3,6507420.0,two-stone-61-66-child-proof.csv,EXACT_3_STONE_SEARCH,5000000,WIN,5000000,18,4969867,17.7363,0.9939734,281907.72596313775,0,0,0,1,1,60,183,3875,25961,100837,335863,885096,1336550,1365246,755089,175998,14756,436,48,0,100836,335862,885095,0,1336549,0,1365246,0,755089,0,175998,14756,436,1048576,4194304,8388608,2097152,16777216,2097152,33554432,8388608,16777216,2097152,8388608,1048576,65536,17.820091247558594
"33,38,44",WIN,3,7791803.0,two-stone-61-66-child-proof.csv,EXACT_3_STONE_SEARCH,5000000,WIN,5000000,18,4966805,17.1197,0.993361,292061.19266108633,0,0,0,1,2,54,273,3921,28901,103942,352606,888096,1337985,1345267,740433,180803,17119,557,40,0,103941,352605,888095,0,1337985,0,1345267,0,740433,0,180803,17119,557,1048576,4194304,8388608,2097152,16777216,2097152,33554432,8388608,16777216,2097152,8388608,1048576,65536,17.278496980667114
"31,36,52",WIN,3,7677090.0,two-stone-61-66-child-proof.csv,HAS_EXACT_4_STONE_LOSS_CHILD,5000000,WIN,5000000,18,4984769,18.1277,0.9969538,275820.98115039413,0,0,0,1,1,21,89,1874,13112,58904,218408,679358,1216003,1451389,1012539,311353,35383,1438,127,0,58903,218407,679357,0,1216002,0,1451388,0,1012538,0,311353,35383,1438,1048576,4194304,8388608,2097152,16777216,2097152,33554432,8388608,16777216,2097152,8388608,1048576,65536,18.14395809173584
"33,38,54",WIN,3,6075507.0,two-stone-61-66-child-proof.csv,HAS_EXACT_4_STONE_LOSS_CHILD,5000000,WIN,5000000,18,4985008,18.3043,0.9970016,273159.8586124572,0,0,0,1,2,25,125,1807,12993,59649,223146,670768,1214477,1437497,1021083,322129,35162,1101,35,0,59648,223145,670767,0,1214476,0,1437497,0,1021083,0,322129,35162,1101,1048576,4194304,8388608,2097152,16777216,2097152,33554432,8388608,16777216,2097152,8388608,1048576,65536,18.43085527420044
"9,13,63",WIN,3,6874695.0,two-stone-61-66-child-proof.csv,EXACT_3_STONE_SEARCH,5000000,WIN,5000000,18,4978386,17.7026,0.9956772,282444.3867002587,0,0,0,1,1,58,101,3053,18379,86855,294465,848143,1329918,1430018,802370,174281,12067,272,18,0,86854,294464,848142,0,1329918,0,1430018,0,802370,0,174281,12067,272,1048576,4194304,8388608,2097152,16777216,2097152,33554432,8388608,16777216,2097152,8388608,1048576,65536,17.842588186264038
"7,61,66",WIN,3,13564840.0,two-stone-61-66-child-proof.csv,HAS_EXACT_4_STONE_LOSS_CHILD,5000000,WIN,5000000,18,4981419,17.6403,0.9962838,283441.89157780766,0,0,0,1,1,31,102,2273,16136,72344,259477,760550,1274680,1428338,911786,250102,23498,649,32,0,72343,259476,760549,0,1274679,0,1428337,0,911786,0,250102,23498,649,1048576,4194304,8388608,2097152,16777216,2097152,33554432,8388608,16777216,2097152,8388608,1048576,65536,17.776273727416992
"2,31,36",WIN,3,14329582.0,two-stone-61-66-child-proof.csv,HAS_EXACT_4_STONE_LOSS_CHILD,5000000,WIN,5000000,18,4984977,17.6885,0.9969954,282669.53105124796,0,0,0,1,1,30,67,1966,12850,63359,238226,732480,1263700,1458821,935925,263456,27956,1058,104,0,63358,238225,732479,0,1263699,0,1458821,0,935925,0,263456,27956,1058,1048576,4194304,8388608,2097152,16777216,2097152,33554432,8388608,16777216,2097152,8388608,1048576,65536,17.82628345489502
"5,31,36",WIN,3,14481474.0,two-stone-61-66-child-proof.csv,HAS_EXACT_4_STONE_LOSS_CHILD,5000000,WIN,5000000,18,4983688,17.3912,0.9967376,287501.72501035006,0,0,0,1,1,34,89,2237,13879,69773,249447,752663,1263426,1446279,923830,252820,24675,780,66,0,69772,249446,752662,0,1263425,0,1446278,0,923830,0,252820,24675,780,1048576,4194304,8388608,2097152,16777216,2097152,33554432,8388608,16777216,2097152,8388608,1048576,65536,17.532599449157715
"11,31,36",WIN,3,15246599.0,two-stone-61-66-child-proof.csv,HAS_EXACT_4_STONE_LOSS_CHILD,5000000,WIN,5000000,18,4980380,17.3208,0.996076,288670.2692716272,0,0,0,1,2,30,149,2328,17075,73157,266619,752231,1263512,1419655,911967,264023,28283,938,30,0,73156,266618,752230,0,1263511,0,1419654,0,911967,0,264023,28283,938,1048576,4194304,8388608,2097152,16777216,2097152,33554432,8388608,16777216,2097152,8388608,1048576,65536,17.549493551254272
"16,31,36",WIN,3,9834450.0,two-stone-61-66-child-proof.csv,EXACT_3_STONE_SEARCH,5000000,WIN,5000000,18,4974078,17.1092,0.9948156,292240.4320482547,0,0,0,1,2,42,183,3178,22478,86404,304346,830627,1310882,1398295,818623,205606,18720,579,34,0,86403,304345,830626,0,1310881,0,1398295,0,818623,0,205606,18720,579,1048576,4194304,8388608,2097152,16777216,2097152,33554432,8388608,16777216,2097152,8388608,1048576,65536,17.218000173568726
"20,31,36",WIN,3,7638822.0,two-stone-61-66-child-proof.csv,EXACT_3_STONE_SEARCH,5000000,WIN,5000000,18,4954991,17.0502,0.9909982,293251.6920622632,0,0,0,1,1,44,331,4485,40114,117872,413966,980529,1397583,1293889,618762,123392,8794,209,28,0,117871,413965,980528,0,1397582,0,1293888,0,618762,0,123392,8794,209,1048576,4194304,8388608,2097152,16777216,2097152,33554432,8388608,16777216,2097152,8388608,1048576,65536,17.231536149978638
"27,31,36",WIN,3,6222826.0,two-stone-61-66-child-proof.csv,EXACT_3_STONE_SEARCH,5000000,WIN,5000000,17,4964646,17.5104,0.9929292,285544.59064327483,0,0,0,1,1,62,208,4121,30956,108917,372905,947765,1387653,1344503,666325,128796,7675,112,0,0,108916,372904,947764,0,1387652,0,1344502,0,666325,0,128796,7675,112,1048576,4194304,8388608,2097152,16777216,2097152,33554432,8388608,16777216,2097152,8388608,1048576,65536,17.64710283279419
"31,36,51",WIN,3,6336688.0,two-stone-61-66-child-proof.csv,EXACT_3_STONE_SEARCH,5000000,WIN,5000000,17,4967422,17.2264,0.9934844,290252.1710862397,0,0,0,1,1,61,192,4017,28302,108015,361933,933410,1364149,1351144,693454,144821,10313,187,0,0,108014,361932,933409,0,1364148,0,1351144,0,693454,0,144821,10313,187,1048576,4194304,8388608,2097152,16777216,2097152,33554432,8388608,16777216,2097152,8388608,1048576,65536,17.367707014083862
"33,38,53",WIN,3,11678598.0,two-stone-61-66-child-proof.csv,HAS_EXACT_4_STONE_LOSS_CHILD,5000000,WIN,5000000,17,4974306,17.2463,0.9948612,289917.2576146767,0,0,0,1,2,41,216,2976,22455,94032,327347,860542,1327786,1374975,782548,190500,16205,374,0,0,94031,327346,860541,0,1327786,0,1374975,0,782548,0,190500,16205,374,1048576,4194304,8388608,2097152,16777216,2097152,33554432,8388608,16777216,2097152,8388608,1048576,65536,17.377197980880737
"31,36,62",WIN,3,5755839.0,two-stone-61-66-child-proof.csv,EXACT_3_STONE_SEARCH,5000000,WIN,5000000,18,4967002,17.7231,0.9934004,282117.6882148157,0,0,0,1,1,63,204,4150,28564,105056,345792,896628,1342738,1356445,740000,167126,12912,311,9,0,105055,345791,896627,0,1342737,0,1356444,0,739999,0,167126,12912,311,1048576,4194304,8388608,2097152,16777216,2097152,33554432,8388608,16777216,2097152,8388608,1048576,65536,17.83815884590149
"7,13,63",WIN,3,13996712.0,two-stone-61-66-child-proof.csv,HAS_EXACT_4_STONE_LOSS_CHILD,5000000,WIN,5000000,18,4978921,17.5833,0.9957842,284360.72864593106,0,0,0,1,2,30,178,2448,18366,72056,262269,736173,1250763,1413133,936003,278797,28942,788,51,0,72055,262268,736172,0,1250763,0,1413133,0,936003,0,278797,28942,788,1048576,4194304,8388608,2097152,16777216,2097152,33554432,8388608,16777216,2097152,8388608,1048576,65536,17.68405032157898
"8,13,63",WIN,3,8777000.0,two-stone-61-66-child-proof.csv,EXACT_3_STONE_SEARCH,5000000,WIN,5000000,17,4964678,16.7172,0.9929356,299093.1495705023,0,0,0,1,1,47,236,3823,31207,109698,383795,952826,1386369,1333113,655676,133236,9757,215,0,0,109697,383794,952825,0,1386368,0,1333112,0,655675,0,133235,9757,215,1048576,4194304,8388608,2097152,16777216,2097152,33554432,8388608,16777216,2097152,8388608,1048576,65536,16.878551721572876
"13,17,63",WIN,3,6454141.0,two-stone-61-66-child-proof.csv,EXACT_3_STONE_SEARCH,5000000,WIN,5000000,18,4969593,17.3686,0.9939186,287875.82188547147,0,0,0,1,1,60,152,3730,26452,101418,346466,920973,1371961,1375362,701981,141708,9550,178,7,0,101417,346465,920972,0,1371960,0,1375362,0,701981,0,141708,9550,178,1048576,4194304,8388608,2097152,16777216,2097152,33554432,8388608,16777216,2097152,8388608,1048576,65536,17.53888964653015
"13,19,63",WIN,3,8355101.0,two-stone-61-66-child-proof.csv,EXACT_3_STONE_SEARCH,5000000,WIN,5000000,18,4977662,17.899,0.9955324,279345.21481647016,0,0,0,1,1,45,109,2821,19336,84428,296764,838720,1327997,1418694,809639,187344,13822,259,20,0,84427,296763,838719,0,1327996,0,1418693,0,809639,0,187344,13822,259,1048576,4194304,8388608,2097152,16777216,2097152,33554432,8388608,16777216,2097152,8388608,1048576,65536,17.99499821662903
"13,28,63",WIN,3,9762456.0,two-stone-61-66-child-proof.csv,EXACT_3_STONE_SEARCH,5000000,WIN,5000000,18,4955251,17.1138,0.9910502,292161.88105505495,0,0,0,1,1,43,355,4380,39957,117432,407109,965946,1380401,1298030,642292,133864,9942,238,9,0,117431,407108,965945,0,1380401,0,1298030,0,642292,0,133864,9942,238,1048576,4194304,8388608,2097152,16777216,2097152,33554432,8388608,16777216,2097152,8388608,1048576,65536,17.247055530548096
"13,29,63",WIN,3,6667531.0,two-stone-61-66-child-proof.csv,EXACT_3_STONE_SEARCH,5000000,WIN,5000000,17,4964778,17.2444,0.9929556,289949.2009000023,0,0,0,1,1,58,202,4001,30954,110748,384009,962030,1393860,1337676,645432,123186,7714,128,0,0,110747,384008,962029,0,1393859,0,1337675,0,645432,0,123186,7714,128,1048576,4194304,8388608,2097152,16777216,2097152,33554432,8388608,16777216,2097152,8388608,1048576,65536,17.364847421646118
"13,37,63",WIN,3,11777065.0,two-stone-61-66-child-proof.csv,EXACT_3_STONE_SEARCH,5000000,WIN,5000000,18,4985089,17.7543,0.9970178,281621.91694406426,0,0,0,1,1,35,61,2004,12738,61477,229002,719424,1256579,1465766,961026,265908,25152,761,65,0,61476,229001,719423,0,1256578,0,1465765,0,961025,0,265908,25152,761,1048576,4194304,8388608,2097152,16777216,2097152,33554432,8388608,16777216,2097152,8388608,1048576,65536,17.85630774497986
"13,38,63",WIN,3,5862955.0,two-stone-61-66-child-proof.csv,EXACT_3_STONE_SEARCH,5000000,WIN,5000000,18,4958598,17.2976,0.9917196,289057.44149477384,0,0,0,1,1,66,286,4799,36227,117974,391292,970012,1374023,1320690,647667,127696,9012,234,20,0,117973,391291,970012,0,1374023,0,1320690,0,647667,0,127696,9012,234,1048576,4194304,8388608,2097152,16777216,2097152,33554432,8388608,16777216,2097152,8388608,1048576,65536,17.420824766159058
"13,47,63",WIN,3,7265332.0,two-stone-61-66-child-proof.csv,HAS_EXACT_4_STONE_LOSS_CHILD,5000000,WIN,5000000,18,4989641,19.4642,0.9979282,256881.86516784658,0,0,0,1,1,9,75,1176,9014,42672,173694,578072,1166169,1479047,1133133,373490,41889,1481,77,0,42671,173693,578071,0,1166168,0,1479046,0,1133132,0,373490,41889,1481,1048576,4194304,8388608,2097152,16777216,2097152,33554432,8388608,16777216,2097152,8388608,1048576,65536,19.484864711761475
"13,48,63",WIN,3,7370867.0,two-stone-61-66-child-proof.csv,EXACT_3_STONE_SEARCH,5000000,WIN,5000000,18,4971736,17.2945,0.9943472,289109.25438723294,0,0,0,1,1,54,151,3493,24543,99354,342982,907327,1360303,1374458,723574,152292,11149,302,16,0,99353,342981,907326,0,1360302,0,1374457,0,723574,0,152292,11149,302,1048576,4194304,8388608,2097152,16777216,2097152,33554432,8388608,16777216,2097152,8388608,1048576,65536,17.420750617980957
"13,56,63",WIN,3,8285550.0,two-stone-61-66-child-proof.csv,HAS_EXACT_4_STONE_LOSS_CHILD,5000000,WIN,5000000,18,4987177,17.8314,0.9974354,280404.23073903343,0,0,0,1,1,19,91,1585,10994,55643,211344,660421,1200826,1446614,1033766,336262,40720,1585,128,0,55642,211343,660420,0,1200825,0,1446614,0,1033766,0,336262,40720,1585,1048576,4194304,8388608,2097152,16777216,2097152,33554432,8388608,16777216,2097152,8388608,1048576,65536,17.928767442703247
"13,58,63",WIN,3,9054802.0,two-stone-61-66-child-proof.csv,EXACT_3_STONE_SEARCH,5000000,WIN,5000000,17,4974024,17.5938,0.9948048,284191.0218372381,0,0,0,1,1,45,154,3289,22483,90535,314202,864488,1341672,1404122,777741,169298,11744,225,0,0,90534,314201,864487,0,1341672,0,1404122,0,777741,0,169298,11744,225,1048576,4194304,8388608,2097152,16777216,2097152,33554432,8388608,16777216,2097152,8388608,1048576,65536,17.712650060653687
"13,59,63",WIN,3,12009891.0,two-stone-61-66-child-proof.csv,HAS_EXACT_4_STONE_LOSS_CHILD,5000000,WIN,5000000,17,4940913,16.7071,0.9881826,299273.9613697171,0,0,0,1,1,46,502,5706,52826,134223,466888,1039195,1424037,1243826,535024,92238,5409,78,0,0,134222,466887,1039194,0,1424036,0,1243825,0,535024,0,92238,5409,78,1048576,4194304,8388608,2097152,16777216,2097152,33554432,8388608,16777216,2097152,8388608,1048576,65536,16.837762355804443
"16,60,66",WIN,3,7056475.0,two-stone-61-66-child-proof.csv,EXACT_3_STONE_SEARCH,5000000,WIN,5000000,18,4965807,17.004,0.9931614,294048.45918607386,0,0,0,1,1,56,197,3822,30091,107367,373239,951449,1390002,1346533,659288,128710,8964,260,20,0,107366,373238,951448,0,1390001,0,1346532,0,659288,0,128710,8964,260,1048576,4194304,8388608,2097152,16777216,2097152,33554432,8388608,16777216,2097152,8388608,1048576,65536,17.153650760650635
"9,61,66",WIN,3,15082498.0,two-stone-61-66-child-proof.csv,HAS_EXACT_4_STONE_LOSS_CHILD,5000000,WIN,5000000,18,4985889,17.4635,0.9971778,286311.4495948693,0,0,0,1,1,29,73,1891,12079,61895,228070,720677,1255401,1475897,955877,262134,25211,731,33,0,61894,228069,720676,0,1255400,0,1475897,0,955877,0,262134,25211,731,1048576,4194304,8388608,2097152,16777216,2097152,33554432,8388608,16777216,2097152,8388608,1048576,65536,17.587680101394653
"17,61,66",WIN,3,7725566.0,two-stone-61-66-child-proof.csv,EXACT_3_STONE_SEARCH,5000000,WIN,5000000,17,4967115,16.9976,0.993423,294159.1754129995,0,0,0,1,1,54,183,3655,28985,104563,366986,934770,1381977,1355187,678697,135914,8881,146,0,0,104562,366985,934769,0,1381976,0,1355186,0,678696,0,135914,8881,146,1048576,4194304,8388608,2097152,16777216,2097152,33554432,8388608,16777216,2097152,8388608,1048576,65536,17.139811992645264
"26,61,66",WIN,3,7912792.0,two-stone-61-66-child-proof.csv,EXACT_3_STONE_SEARCH,5000000,WIN,5000000,18,4954048,16.9867,0.9908096,294347.9310283928,0,0,0,1,1,46,350,4709,40816,123561,429852,1007263,1408778,1280871,586623,109344,7571,189,25,0,123560,429851,1007262,0,1408777,0,1280871,0,586623,0,109344,7571,189,1048576,4194304,8388608,2097152,16777216,2097152,33554432,8388608,16777216,2097152,8388608,1048576,65536,17.1270694732666
"27,61,66",WIN,3,15251431.0,two-stone-61-66-child-proof.csv,HAS_EXACT_4_STONE_LOSS_CHILD,5000000,WIN,5000000,18,4960456,16.8629,0.9920912,296508.904162392,0,0,0,1,2,50,354,4476,34607,113728,379144,915527,1342649,1314950,708266,170211,15515,471,49,0,113727,379143,915526,0,1342648,0,1314949,0,708266,0,170211,15515,471,1048576,4194304,8388608,2097152,16777216,2097152,33554432,8388608,16777216,2097152,8388608,1048576,65536,16.96041250228882
"29,61,66",WIN,3,12789022.0,two-stone-61-66-child-proof.csv,EXACT_3_STONE_SEARCH,5000000,WIN,5000000,18,4984009,17.602,0.9968018,284058.6297011703,0,0,0,1,1,25,65,1992,13810,64256,237624,724921,1251336,1447101,954398,274713,28647,1015,95,0,64255,237623,724921,0,1251336,0,1447101,0,954398,0,274713,28647,1015,1048576,4194304,8388608,2097152,16777216,2097152,33554432,8388608,16777216,2097152,8388608,1048576,65536,17.751566171646118
"8,31,36",WIN,3,9251704.0,two-stone-61-66-child-proof.csv,EXACT_3_STONE_SEARCH,5000000,WIN,5000000,18,4968720,16.8402,0.993744,296908.58778399305,0,0,0,1,1,50,178,3555,27448,100182,355606,915710,1368931,1364222,704351,148340,11064,320,41,0,100181,355605,915709,0,1368930,0,1364221,0,704350,0,148340,11064,320,1048576,4194304,8388608,2097152,16777216,2097152,33554432,8388608,16777216,2097152,8388608,1048576,65536,16.9083194732666
"9,31,36",WIN,3,10549777.0,two-stone-61-66-child-proof.csv,EXACT_3_STONE_SEARCH,5000000,WIN,5000000,18,4975750,17.3814,0.99515,287663.82454808016,0,0,0,1,1,44,133,2979,21073,87047,307852,854592,1333515,1401391,791323,184886,14783,365,15,0,87046,307851,854591,0,1333514,0,1401391,0,791323,0,184886,14783,365,1048576,4194304,8388608,2097152,16777216,2097152,33554432,8388608,16777216,2097152,8388608,1048576,65536,17.508779048919678
"18,31,36",WIN,3,6601458.0,two-stone-61-66-child-proof.csv,EXACT_3_STONE_SEARCH,5000000,WIN,5000000,17,4961049,16.9873,0.9922098,294337.5345110759,0,0,0,1,1,55,263,4148,34479,118308,410326,989955,1407086,1311453,607510,109834,6475,106,0,0,118307,410325,989954,0,1407085,0,1311453,0,607510,0,109834,6475,106,1048576,4194304,8388608,2097152,16777216,2097152,33554432,8388608,16777216,2097152,8388608,1048576,65536,17.134746551513672
"19,31,36",WIN,3,15079594.0,two-stone-61-66-child-proof.csv,HAS_EXACT_4_STONE_LOSS_CHILD,5000000,WIN,5000000,18,4984238,17.3269,0.9968476,288568.6418228304,0,0,0,1,1,27,78,1969,13565,66969,244476,733711,1251205,1441443,948134,270134,27269,902,116,0,66968,244475,733710,0,1251204,0,1441442,0,948134,0,270134,27269,902,1048576,4194304,8388608,2097152,16777216,2097152,33554432,8388608,16777216,2097152,8388608,1048576,65536,17.45228338241577
"28,31,36",WIN,3,12802281.0,two-stone-61-66-child-proof.csv,HAS_EXACT_4_STONE_LOSS_CHILD,5000000,WIN,5000000,18,4988341,18.4845,0.9976682,270496.9028104628,0,0,0,1,1,9,80,1263,10211,49915,195405,618356,1174246,1450267,1087251,367220,44120,1563,92,0,49914,195404,618356,0,1174246,0,1450267,0,1087251,0,367220,44120,1563,1048576,4194304,8388608,2097152,16777216,2097152,33554432,8388608,16777216,2097152,8388608,1048576,65536,18.552800178527832
"29,31,36",WIN,3,10179036.0,two-stone-61-66-child-proof.csv,EXACT_3_STONE_SEARCH,5000000,WIN,5000000,18,4963902,17.0429,0.9927804,293377.3008114816,0,0,0,1,2,49,294,4010,31706,108210,364207,908131,1344674,1339473,720997,164462,13398,356,30,0,108209,364206,908130,0,1344673,0,1339472,0,720996,0,164462,13398,356,1048576,4194304,8388608,2097152,16777216,2097152,33554432,8388608,16777216,2097152,8388608,1048576,65536,17.17866349220276
"33,38,40",WIN,3,6570676.0,two-stone-61-66-child-proof.csv,EXACT_3_STONE_SEARCH,5000000,WIN,5000000,17,4969413,17.1584,0.9938826,291402.461767997,0,0,0,1,1,62,179,3854,26486,103317,345716,910120,1352258,1372552,722112,152459,10665,218,0,0,103316,345715,910119,0,1352257,0,1372552,0,722112,0,152459,10665,218,1048576,4194304,8388608,2097152,16777216,2097152,33554432,8388608,16777216,2097152,8388608,1048576,65536,17.28140664100647
"33,38,41",WIN,3,15858699.0,two-stone-61-66-child-proof.csv,HAS_EXACT_4_STONE_LOSS_CHILD,5000000,WIN,5000000,18,4984836,17.9462,0.9969672,278610.51364634297,0,0,0,1,1,26,92,1851,13154,60126,225177,699781,1234412,1450730,987197,294525,31830,1061,36,0,60125,225176,699780,0,1234412,0,1450730,0,987197,0,294525,31830,1061,1048576,4194304,8388608,2097152,16777216,2097152,33554432,8388608,16777216,2097152,8388608,1048576,65536,18.026309728622437
"33,38,50",WIN,3,7014882.0,two-stone-61-66-child-proof.csv,EXACT_3_STONE_SEARCH,5000000,WIN,5000000,17,4935270,17.0261,0.987054,293666.782175601,0,0,0,1,1,55,553,6593,57521,140096,474188,1049254,1418687,1229629,528594,89626,5112,90,0,0,140095,474187,1049253,0,1418686,0,1229628,0,528593,0,89626,5112,90,1048576,4194304,8388608,2097152,16777216,2097152,33554432,8388608,16777216,2097152,8388608,1048576,65536,17.155234575271606
"33,38,51",WIN,3,11221502.0,two-stone-61-66-child-proof.csv,EXACT_3_STONE_SEARCH,5000000,WIN,5000000,18,4975828,17.3364,0.9951656,288410.51198634086,0,0,0,1,1,39,133,2913,21040,87972,308453,843243,1322291,1398360,804603,194314,16193,404,40,0,87971,308452,843242,0,1322290,0,1398359,0,804603,0,194314,16193,404,1048576,4194304,8388608,2097152,16777216,2097152,33554432,8388608,16777216,2097152,8388608,1048576,65536,17.459484100341797
"33,38,60",WIN,3,12562627.0,two-stone-61-66-child-proof.csv,HAS_EXACT_4_STONE_LOSS_CHILD,5000000,WIN,5000000,18,4980970,17.498,0.996194,285746.94250771514,0,0,0,1,1,33,85,2455,16442,74739,266337,780049,1286931,1433398,888639,230303,20082,497,8,0,74738,266336,780048,0,1286930,0,1433397,0,888639,0,230303,20082,497,1048576,4194304,8388608,2097152,16777216,2097152,33554432,8388608,16777216,2097152,8388608,1048576,65536,17.61301589012146
"33,38,61",WIN,3,5696205.0,two-stone-61-66-child-proof.csv,EXACT_3_STONE_SEARCH,5000000,WIN,5000000,17,4958271,17.3737,0.9916542,287791.3167603907,0,0,0,1,1,68,271,4682,36703,122078,411407,998791,1397370,1301003,609655,111286,6580,104,0,0,122077,411406,998790,0,1397370,0,1301003,0,609655,0,111286,6580,104,1048576,4194304,8388608,2097152,16777216,2097152,33554432,8388608,16777216,2097152,8388608,1048576,65536,17.481876373291016
"8,61,66",WIN,3,11074905.0,two-stone-61-66-child-proof.csv,EXACT_3_STONE_SEARCH,5000000,WIN,5000000,18,4976820,17.2468,0.995364,289908.85265672475,0,0,0,1,1,43,118,2945,20052,85798,298850,837980,1317132,1408220,817021,195721,15736,364,18,0,85797,298849,837980,0,1317132,0,1408220,0,817021,0,195721,15736,364,1048576,4194304,8388608,2097152,16777216,2097152,33554432,8388608,16777216,2097152,8388608,1048576,65536,17.370662927627563
"18,61,66",WIN,3,7562710.0,two-stone-61-66-child-proof.csv,EXACT_3_STONE_SEARCH,5000000,WIN,5000000,17,4963419,16.7575,0.9926838,298373.86244964943,0,0,0,1,1,49,263,3975,32289,113441,395987,973349,1401162,1328828,627663,115848,7025,119,0,0,113440,395986,973348,0,1401162,0,1328828,0,627663,0,115848,7025,119,1048576,4194304,8388608,2097152,16777216,2097152,33554432,8388608,16777216,2097152,8388608,1048576,65536,16.890214204788208
"19,61,66",WIN,3,7484087.0,two-stone-61-66-child-proof.csv,EXACT_3_STONE_SEARCH,5000000,WIN,5000000,17,4973620,17.4476,0.994724,286572.3652536738,0,0,0,1,1,55,120,3207,22990,97451,342613,918651,1380368,1389633,699598,136687,8496,129,0,0,97450,342612,918650,0,1380367,0,1389632,0,699597,0,136687,8496,129,1048576,4194304,8388608,2097152,16777216,2097152,33554432,8388608,16777216,2097152,8388608,1048576,65536,17.55797839164734
"28,61,66",WIN,3,8626503.0,two-stone-61-66-child-proof.csv,HAS_EXACT_4_STONE_LOSS_CHILD,5000000,WIN,5000000,18,4983043,17.7328,0.9966086,281963.3673193179,0,0,0,1,1,26,95,2048,14692,63190,236041,713010,1246836,1444584,965234,283663,29533,957,89,0,63189,236040,713009,0,1246835,0,1444583,0,965234,0,283663,29533,957,1048576,4194304,8388608,2097152,16777216,2097152,33554432,8388608,16777216,2097152,8388608,1048576,65536,17.838324069976807
"0,9,10,30",WIN,4,4001299.0,three-stone-9-10-30-child-proof.csv,EXACT_DIRECT,5000000,WIN,4001299,18,3994897,15.9215,0.998400019593637,251314.19778287222,0,0,0,0,1,2,67,454,5325,23013,111244,362700,827458,1125626,1001605,455051,83058,5142,553,0,23013,111244,362700,0,827458,0,1125626,0,1001605,0,455051,83058,5142,1048576,4194304,8388608,2097152,16777216,2097152,33554432,8388608,16777216,2097152,8388608,1048576,65536,16.09356665611267
"9,10,30,60",WIN,4,2997030.0,three-stone-9-10-30-child-proof.csv,EXACT_DIRECT,5000000,WIN,2997030,18,2991312,11.7097,0.9980921111900781,255944.21718746,0,0,0,0,1,1,61,481,5142,21704,98489,317026,680971,873324,714721,255244,29028,805,32,0,21704,98489,317026,0,680971,0,873324,0,714721,0,255244,29028,805,1048576,4194304,8388608,2097152,16777216,2097152,33554432,8388608,16777216,2097152,8388608,1048576,65536,12.122058391571045
